month,month_name,regime,policy,total_workers,total_orders,urgent_orders,normal_orders,urgent_share,total_sla,urgent_sla,normal_sla,mean_system_time_min,p90_system_time_min,urgent_late_orders,normal_late_orders,estimated_late_cost,estimated_worker_cost,estimated_total_cost,cost_late_urgent,cost_late_normal,worker_cost_per_hour,hours_per_worker_month
1,January,s11111,fifo,5,16812,2040,14772,0.1213,0.0165952890792291,0.0044117647058823,0.0182778229082047,20982.33153005789,38187.785,2031.0,14502.0,113130.0,12000.0,125130.0,20.0,5.0,15.0,160.0
1,January,s11111,urgent_first,5,16812,2040,14772,0.1213,0.131810611467999,1.0,0.0119144327105334,20882.326805258148,38061.71666666667,0.0,14596.0,72980.0,12000.0,84980.0,20.0,5.0,15.0,160.0
1,January,s11111,rl5_dqn,5,16812,2040,14772,0.1213,0.1315132048536759,1.0,0.0115759545085296,21000.014047505752,38179.535,0.0,14601.0,73005.0,12000.0,85005.0,20.0,5.0,15.0,160.0
1,January,s21111,fifo,6,16812,2040,14772,0.1213,0.1216987865810135,0.0122549019607843,0.1368128892499323,3449.430146125783,5634.533333333333,2015.0,12751.0,104055.0,14400.0,118455.0,20.0,5.0,15.0,160.0
1,January,s21111,urgent_first,6,16812,2040,14772,0.1213,0.2136569117297168,1.0,0.1050636339019767,3467.0863738202866,6151.8516666666665,0.0,13220.0,66100.0,14400.0,80500.0,20.0,5.0,15.0,160.0
1,January,s21111,rl5_dqn,6,16812,2040,14772,0.1213,0.2113966214608613,1.0,0.1024911995667479,3474.34095983028,6143.16,0.0,13258.0,66290.0,14400.0,80690.0,20.0,5.0,15.0,160.0
1,January,s31111,fifo,7,16812,2040,14772,0.1213,0.1239590768498691,0.0137254901960784,0.1391822366639588,3510.7303781029423,5746.92,2012.0,12716.0,103820.0,16800.0,120620.0,20.0,5.0,15.0,160.0
1,January,s31111,urgent_first,7,16812,2040,14772,0.1213,0.2137163930525815,1.0,0.1051313295423774,3451.649447815053,6097.171666666666,0.0,13219.0,66095.0,16800.0,82895.0,20.0,5.0,15.0,160.0
1,January,s31111,rl5_dqn,7,16812,2040,14772,0.1213,0.2120509160123721,1.0,0.1032358516111562,3473.622901300658,6139.133333333333,0.0,13247.0,66235.0,16800.0,83035.0,20.0,5.0,15.0,160.0
1,January,s32111,fifo,8,16812,2040,14772,0.1213,0.1203307161551272,0.0137254901960784,0.1350528025995125,3473.82915972718,5658.325,2012.0,12777.0,104125.0,19200.0,123325.0,20.0,5.0,15.0,160.0
1,January,s32111,urgent_first,8,16812,2040,14772,0.1213,0.2115750654294551,1.0,0.1026942864879501,3482.10995023396,6177.508333333333,0.0,13255.0,66275.0,19200.0,85475.0,20.0,5.0,15.0,160.0
1,January,s32111,rl5_dqn,8,16812,2040,14772,0.1213,0.2110397335236735,1.0,0.1020850257243433,3507.522238083908,6210.301666666665,0.0,13264.0,66320.0,19200.0,85520.0,20.0,5.0,15.0,160.0
1,January,s32211,fifo,9,16812,2040,14772,0.1213,0.9125029740661432,0.278921568627451,1.0,402.86214806883976,703.3533333333332,1471.0,0.0,29420.0,21600.0,51020.0,20.0,5.0,15.0,160.0
1,January,s32211,urgent_first,9,16812,2040,14772,0.1213,1.0,1.0,1.0,393.16183975731616,709.8383333333334,0.0,0.0,0.0,21600.0,21600.0,20.0,5.0,15.0,160.0
1,January,s32211,rl5_dqn,9,16812,2040,14772,0.1213,0.9831073043064478,0.8607843137254902,1.0,392.6259903640257,708.355,284.0,0.0,5680.0,21600.0,27280.0,20.0,5.0,15.0,160.0
1,January,s32221,fifo,10,16812,2040,14772,0.1213,0.9128598620033308,0.2818627450980392,1.0,400.1238867079071,701.315,1465.0,0.0,29300.0,24000.0,53300.0,20.0,5.0,15.0,160.0
1,January,s32221,urgent_first,10,16812,2040,14772,0.1213,1.0,1.0,1.0,395.83507217067176,711.4416666666667,0.0,0.0,0.0,24000.0,24000.0,20.0,5.0,15.0,160.0
1,January,s32221,rl5_dqn,10,16812,2040,14772,0.1213,0.9886985486557222,0.9068627450980392,1.0,388.6113510191133,692.1566666666666,190.0,0.0,3800.0,24000.0,27800.0,20.0,5.0,15.0,160.0
1,January,s33322,fifo,13,16812,2040,14772,0.1213,0.9135736378777064,0.2877450980392156,1.0,394.214133753668,701.4466666666667,1453.0,0.0,29060.0,31200.0,60260.0,20.0,5.0,15.0,160.0
1,January,s33322,urgent_first,13,16812,2040,14772,0.1213,1.0,1.0,1.0,397.773545681656,722.5816666666667,0.0,0.0,0.0,31200.0,31200.0,20.0,5.0,15.0,160.0
1,January,s33322,rl5_dqn,13,16812,2040,14772,0.1213,0.9941113490364024,0.951470588235294,1.0,387.7709750971528,704.3100000000001,99.0,0.0,1980.0,31200.0,33180.0,20.0,5.0,15.0,160.0
1,January,s32121,fifo,9,16812,2040,14772,0.1213,0.1216987865810135,0.0137254901960784,0.13660980232873,3476.542819612975,5686.641666666666,2012.0,12754.0,104010.0,21600.0,125610.0,20.0,5.0,15.0,160.0
1,January,s32121,urgent_first,9,16812,2040,14772,0.1213,0.2129431358553414,1.0,0.1042512862171676,3478.081043302403,6175.304999999999,0.0,13232.0,66160.0,21600.0,87760.0,20.0,5.0,15.0,160.0
1,January,s32121,rl5_dqn,9,16812,2040,14772,0.1213,0.212526766595289,1.0,0.1037774167343623,3509.2457302323737,6235.799999999999,0.0,13239.0,66195.0,21600.0,87795.0,20.0,5.0,15.0,160.0
1,January,s32112,fifo,9,16812,2040,14772,0.1213,0.1211039733523673,0.0137254901960784,0.1359328459247224,3505.752449639147,5705.045,2012.0,12764.0,104060.0,21600.0,125660.0,20.0,5.0,15.0,160.0
1,January,s32112,urgent_first,9,16812,2040,14772,0.1213,0.2131215798239353,1.0,0.1044543731383698,3463.7782853517333,6156.405,0.0,13229.0,66145.0,21600.0,87745.0,20.0,5.0,15.0,160.0
1,January,s32112,rl5_dqn,9,16812,2040,14772,0.1213,0.2161551272900309,1.0,0.1079068507988085,3406.880622967721,6048.751666666666,0.0,13178.0,65890.0,21600.0,87490.0,20.0,5.0,15.0,160.0
1,January,s32212,fifo,10,16812,2040,14772,0.1213,0.9134546752319772,0.2867647058823529,1.0,394.67277638988026,694.3100000000001,1455.0,0.0,29100.0,24000.0,53100.0,20.0,5.0,15.0,160.0
1,January,s32212,urgent_first,10,16812,2040,14772,0.1213,1.0,1.0,1.0,383.90768994369097,685.0,0.0,0.0,0.0,24000.0,24000.0,20.0,5.0,15.0,160.0
1,January,s32212,rl5_dqn,10,16812,2040,14772,0.1213,0.9939923863906732,0.9504901960784312,1.0,386.25574886985487,691.365,101.0,0.0,2020.0,24000.0,26020.0,20.0,5.0,15.0,160.0
1,January,s33211,fifo,10,16812,2040,14772,0.1213,0.9132762312633832,0.2852941176470588,1.0,394.50073459433736,693.3833333333333,1458.0,0.0,29160.0,24000.0,53160.0,20.0,5.0,15.0,160.0
1,January,s33211,urgent_first,10,16812,2040,14772,0.1213,1.0,1.0,1.0,401.45403283369023,714.3466666666666,0.0,0.0,0.0,24000.0,24000.0,20.0,5.0,15.0,160.0
1,January,s33211,rl5_dqn,10,16812,2040,14772,0.1213,0.9887580299785867,0.9073529411764706,1.0,390.8751011182489,696.73,189.0,0.0,3780.0,24000.0,27780.0,20.0,5.0,15.0,160.0
1,January,s42211,fifo,10,16812,2040,14772,0.1213,0.9261241970021412,0.3911764705882353,1.0,278.7081330795463,481.4116666666667,1242.0,0.0,24840.0,24000.0,48840.0,20.0,5.0,15.0,160.0
1,January,s42211,urgent_first,10,16812,2040,14772,0.1213,1.0,1.0,1.0,278.3694266000476,509.495,0.0,0.0,0.0,24000.0,24000.0,20.0,5.0,15.0,160.0
1,January,s42211,rl5_dqn,10,16812,2040,14772,0.1213,0.9919105400904116,0.9333333333333332,1.0,279.68445356491395,501.6983333333333,136.0,0.0,2720.0,24000.0,26720.0,20.0,5.0,15.0,160.0
1,January,s23211,fifo,9,16812,2040,14772,0.1213,0.3071020699500357,0.0372549019607843,0.3443677227186569,1857.9860813704497,3062.741666666667,1964.0,9685.0,87705.0,21600.0,109305.0,20.0,5.0,15.0,160.0
1,January,s23211,urgent_first,9,16812,2040,14772,0.1213,0.3628955507970497,1.0,0.274911995667479,1870.8215064636368,3242.41,0.0,10711.0,53555.0,21600.0,75155.0,20.0,5.0,15.0,160.0
1,January,s23211,rl5_dqn,9,16812,2040,14772,0.1213,0.3703307161551273,1.0,0.2833739507175737,1847.641227496233,3207.9366666666665,0.0,10586.0,52930.0,21600.0,74530.0,20.0,5.0,15.0,160.0
1,January,s22121,fifo,8,16812,2040,14772,0.1213,0.1208660480609088,0.0137254901960784,0.1356620633631194,3477.3850344991674,5684.075,2012.0,12768.0,104080.0,19200.0,123280.0,20.0,5.0,15.0,160.0
1,January,s22121,urgent_first,8,16812,2040,14772,0.1213,0.2131810611467999,1.0,0.1045220687787706,3445.150434213657,6106.013333333333,0.0,13228.0,66140.0,19200.0,85340.0,20.0,5.0,15.0,160.0
1,January,s22121,rl5_dqn,8,16812,2040,14772,0.1213,0.2125862479181537,1.0,0.103845112374763,3476.60483781426,6170.709999999999,0.0,13238.0,66190.0,19200.0,85390.0,20.0,5.0,15.0,160.0
1,January,s22112,fifo,8,16812,2040,14772,0.1213,0.1229478943611706,0.0137254901960784,0.1380314107771459,3503.098637877706,5730.879999999999,2012.0,12733.0,103905.0,19200.0,123105.0,20.0,5.0,15.0,160.0
1,January,s22112,urgent_first,8,16812,2040,14772,0.1213,0.2108018082322151,1.0,0.1018142431627403,3482.7226980728046,6158.1883333333335,0.0,13268.0,66340.0,19200.0,85540.0,20.0,5.0,15.0,160.0
1,January,s22112,rl5_dqn,8,16812,2040,14772,0.1213,0.2112181774922674,1.0,0.1022881126455456,3488.6599175192323,6161.415,0.0,13261.0,66305.0,19200.0,85505.0,20.0,5.0,15.0,160.0
2,February,s11111,fifo,5,15411,1882,13529,0.1221,0.0184932840179092,0.0058448459086078,0.0202527903023135,21672.303669456884,37656.05,1871.0,13255.0,103695.0,12000.0,115695.0,20.0,5.0,15.0,160.0
2,February,s11111,urgent_first,5,15411,1882,13529,0.1221,0.1332165336447991,1.0,0.0126395151156774,21886.985736378778,38266.93333333333,0.0,13358.0,66790.0,12000.0,78790.0,20.0,5.0,15.0,160.0
2,February,s11111,rl5_dqn,5,15411,1882,13529,0.1221,0.0548309648952047,0.3517534537725824,0.013526498632567,21685.17858564229,34946.566666666666,1220.0,13346.0,91130.0,12000.0,103130.0,20.0,5.0,15.0,160.0
2,February,s21111,fifo,6,15411,1882,13529,0.1221,0.0547011874635001,0.0106269925611052,0.0608322862000147,4147.250547228171,6267.166666666667,1862.0,12706.0,100770.0,14400.0,115170.0,20.0,5.0,15.0,160.0
2,February,s21111,urgent_first,6,15411,1882,13529,0.1221,0.1500875997664006,1.0,0.031857491314953,4122.434277464149,6587.216666666666,0.0,13098.0,65490.0,14400.0,79890.0,20.0,5.0,15.0,160.0
2,February,s21111,rl5_dqn,6,15411,1882,13529,0.1221,0.1511258192200376,1.0,0.0330401360041392,4117.462957195077,6592.95,0.0,13082.0,65410.0,14400.0,79810.0,20.0,5.0,15.0,160.0
2,February,s31111,fifo,7,15411,1882,13529,0.1221,0.0554149633378755,0.0106269925611052,0.0616453544238302,4117.671404624402,6249.6,1862.0,12695.0,100715.0,16800.0,117515.0,20.0,5.0,15.0,160.0
2,February,s31111,urgent_first,7,15411,1882,13529,0.1221,0.1492440464603205,1.0,0.0308965925049892,4154.462692232821,6611.633333333333,0.0,13111.0,65555.0,16800.0,82355.0,20.0,5.0,15.0,160.0
2,February,s31111,rl5_dqn,7,15411,1882,13529,0.1221,0.151839595094413,1.0,0.0338532042279547,4040.244883524756,6455.55,0.0,13071.0,65355.0,16800.0,82155.0,20.0,5.0,15.0,160.0
2,February,s32111,fifo,8,15411,1882,13529,0.1221,0.0559989617805463,0.0106269925611052,0.0623105920614975,4074.269279518959,6125.766666666666,1862.0,12686.0,100670.0,19200.0,119870.0,20.0,5.0,15.0,160.0
2,February,s32111,urgent_first,8,15411,1882,13529,0.1221,0.1500227110505483,1.0,0.0317835760218789,4137.619506629463,6593.666666666667,0.0,13099.0,65495.0,19200.0,84695.0,20.0,5.0,15.0,160.0
2,February,s32111,rl5_dqn,8,15411,1882,13529,0.1221,0.1511907079358899,1.0,0.0331140512972133,4070.0933791880257,6516.9,0.0,13081.0,65405.0,19200.0,84605.0,20.0,5.0,15.0,160.0
2,February,s32211,fifo,9,15411,1882,13529,0.1221,0.9122704561676724,0.281615302869288,1.0,399.8561265762551,716.1,1352.0,0.0,27040.0,21600.0,48640.0,20.0,5.0,15.0,160.0
2,February,s32211,urgent_first,9,15411,1882,13529,0.1221,1.0,1.0,1.0,398.93170787100127,732.6,0.0,0.0,0.0,21600.0,21600.0,20.0,5.0,15.0,160.0
2,February,s32211,rl5_dqn,9,15411,1882,13529,0.1221,1.0,1.0,1.0,397.47782319987886,732.6666666666666,0.0,0.0,0.0,21600.0,21600.0,20.0,5.0,15.0,160.0
2,February,s32221,fifo,10,15411,1882,13529,0.1221,0.912400233599377,0.2826780021253985,1.0,400.4370319901369,716.6,1350.0,0.0,27000.0,24000.0,51000.0,20.0,5.0,15.0,160.0
2,February,s32221,urgent_first,10,15411,1882,13529,0.1221,1.0,1.0,1.0,397.8116172430948,726.7833333333333,0.0,0.0,0.0,24000.0,24000.0,20.0,5.0,15.0,160.0
2,February,s32221,rl5_dqn,10,15411,1882,13529,0.1221,0.9949386801635196,0.9585547290116896,1.0,405.2285012869596,740.6,78.0,0.0,1560.0,24000.0,25560.0,20.0,5.0,15.0,160.0
2,February,s33322,fifo,13,15411,1882,13529,0.1221,0.9133086756213096,0.2901168969181721,1.0,396.3414671338654,710.0333333333333,1336.0,0.0,26720.0,31200.0,57920.0,20.0,5.0,15.0,160.0
2,February,s33322,urgent_first,13,15411,1882,13529,0.1221,1.0,1.0,1.0,390.3724017476694,728.35,0.0,0.0,0.0,31200.0,31200.0,20.0,5.0,15.0,160.0
2,February,s33322,rl5_dqn,13,15411,1882,13529,0.1221,1.0,1.0,1.0,396.45203317976336,724.9833333333333,0.0,0.0,0.0,31200.0,31200.0,20.0,5.0,15.0,160.0
2,February,s32121,fifo,9,15411,1882,13529,0.1221,0.0554149633378755,0.0106269925611052,0.0616453544238302,4093.7472541258408,6178.983333333334,1862.0,12695.0,100715.0,21600.0,122315.0,20.0,5.0,15.0,160.0
2,February,s32121,urgent_first,9,15411,1882,13529,0.1221,0.1519044838102654,1.0,0.0339271195210289,4043.9734994484456,6470.133333333333,0.0,13070.0,65350.0,21600.0,86950.0,20.0,5.0,15.0,160.0
2,February,s32121,rl5_dqn,9,15411,1882,13529,0.1221,0.1519044838102654,1.0,0.0339271195210289,4076.998873099301,6529.666666666667,0.0,13070.0,65350.0,21600.0,86950.0,20.0,5.0,15.0,160.0
2,February,s32112,fifo,9,15411,1882,13529,0.1221,0.0566478489390694,0.0111583421891604,0.0629758296991647,4044.667701641684,6090.083333333333,1861.0,12677.0,100605.0,21600.0,122205.0,20.0,5.0,15.0,160.0
2,February,s32112,urgent_first,9,15411,1882,13529,0.1221,0.1502822659139575,1.0,0.0320792371941754,4080.49034564056,6518.633333333333,0.0,13095.0,65475.0,21600.0,87075.0,20.0,5.0,15.0,160.0
2,February,s32112,rl5_dqn,9,15411,1882,13529,0.1221,0.1496982674712867,1.0,0.0314139995565082,4081.706247701858,6493.65,0.0,13104.0,65520.0,21600.0,87120.0,20.0,5.0,15.0,160.0
2,February,s32212,fifo,10,15411,1882,13529,0.1221,0.9128544546103432,0.2863974495217853,1.0,397.6661562087686,711.4833333333333,1343.0,0.0,26860.0,24000.0,50860.0,20.0,5.0,15.0,160.0
2,February,s32212,urgent_first,10,15411,1882,13529,0.1221,1.0,1.0,1.0,394.2016589881686,720.7,0.0,0.0,0.0,24000.0,24000.0,20.0,5.0,15.0,160.0
2,February,s32212,rl5_dqn,10,15411,1882,13529,0.1221,1.0,1.0,1.0,398.4182748253412,734.1,0.0,0.0,0.0,24000.0,24000.0,20.0,5.0,15.0,160.0
2,February,s33211,fifo,10,15411,1882,13529,0.1221,0.9135033417688664,0.2917109458023379,1.0,393.087891765622,707.8333333333334,1333.0,0.0,26660.0,24000.0,50660.0,20.0,5.0,15.0,160.0
2,February,s33211,urgent_first,10,15411,1882,13529,0.1221,1.0,1.0,1.0,397.4354606017348,710.2,0.0,0.0,0.0,24000.0,24000.0,20.0,5.0,15.0,160.0
2,February,s33211,rl5_dqn,10,15411,1882,13529,0.1221,0.9949386801635196,0.9585547290116896,1.0,397.6033363614734,741.6666666666666,78.0,0.0,1560.0,24000.0,25560.0,20.0,5.0,15.0,160.0
2,February,s42211,fifo,10,15411,1882,13529,0.1221,0.9263513075076244,0.3969181721572795,1.0,279.7303257413536,489.6833333333333,1135.0,0.0,22700.0,24000.0,46700.0,20.0,5.0,15.0,160.0
2,February,s42211,urgent_first,10,15411,1882,13529,0.1221,1.0,1.0,1.0,279.2453345013302,519.9166666666666,0.0,0.0,0.0,24000.0,24000.0,20.0,5.0,15.0,160.0
2,February,s42211,rl5_dqn,10,15411,1882,13529,0.1221,0.989423139316073,0.9133900106269924,1.0,279.4451787684122,510.6333333333333,163.0,0.0,3260.0,24000.0,27260.0,20.0,5.0,15.0,160.0
2,February,s23211,fifo,9,15411,1882,13529,0.1221,0.2563753163324898,0.0419766206163655,0.2862000147830586,1965.3074686911943,3086.833333333333,1803.0,9657.0,84345.0,21600.0,105945.0,20.0,5.0,15.0,160.0
2,February,s23211,urgent_first,9,15411,1882,13529,0.1221,0.3112062812276945,1.0,0.2153891640180353,1950.128831137932,3235.233333333333,0.0,10615.0,53075.0,21600.0,74675.0,20.0,5.0,15.0,160.0
2,February,s23211,rl5_dqn,9,15411,1882,13529,0.1221,0.3126987216922977,1.0,0.2170892157587405,1949.9007235091815,3220.4666666666667,0.0,10592.0,52960.0,21600.0,74560.0,20.0,5.0,15.0,160.0
2,February,s22121,fifo,8,15411,1882,13529,0.1221,0.0563882940756602,0.0106269925611052,0.0627540838199423,4069.847928968486,6155.733333333334,1862.0,12680.0,100640.0,19200.0,119840.0,20.0,5.0,15.0,160.0
2,February,s22121,urgent_first,8,15411,1882,13529,0.1221,0.1532022581273116,1.0,0.0354054253825116,4068.9157690394304,6555.766666666666,0.0,13050.0,65250.0,19200.0,84450.0,20.0,5.0,15.0,160.0
2,February,s22121,rl5_dqn,8,15411,1882,13529,0.1221,0.1504120433456622,1.0,0.0322270677803237,4097.577587437544,6551.466666666666,0.0,13093.0,65465.0,19200.0,84665.0,20.0,5.0,15.0,160.0
2,February,s22112,fifo,8,15411,1882,13529,0.1221,0.0554149633378755,0.0106269925611052,0.0616453544238302,4104.327828607272,6209.733333333334,1862.0,12695.0,100715.0,19200.0,119915.0,20.0,5.0,15.0,160.0
2,February,s22112,urgent_first,8,15411,1882,13529,0.1221,0.1504120433456622,1.0,0.0322270677803237,4156.961273332901,6576.516666666666,0.0,13093.0,65465.0,19200.0,84665.0,20.0,5.0,15.0,160.0
2,February,s22112,rl5_dqn,8,15411,1882,13529,0.1221,0.1511258192200376,1.0,0.0330401360041392,4087.6352237579217,6554.016666666666,0.0,13082.0,65410.0,19200.0,84610.0,20.0,5.0,15.0,160.0
3,March,s11111,fifo,5,19430,2300,17130,0.1184,0.014462171899125,0.0026086956521739,0.0160537069468768,29315.856475381715,51163.848333333335,2294.0,16855.0,130155.0,12000.0,142155.0,20.0,5.0,15.0,160.0
3,March,s11111,urgent_first,5,19430,2300,17130,0.1184,0.1272259392691714,1.0,0.0100408639813193,29216.45748670441,51701.99833333334,0.0,16958.0,84790.0,12000.0,96790.0,20.0,5.0,15.0,160.0
3,March,s11111,rl5_dqn,5,19430,2300,17130,0.1184,0.1265568708183221,1.0,0.0092819614711033,29420.563575227312,51910.145,0.0,16971.0,84855.0,12000.0,96855.0,20.0,5.0,15.0,160.0
3,March,s21111,fifo,6,19430,2300,17130,0.1184,0.0297992794647452,0.007391304347826,0.0328079392877991,7239.001744724653,11578.441666666666,2283.0,16568.0,128500.0,14400.0,142900.0,20.0,5.0,15.0,160.0
3,March,s21111,urgent_first,6,19430,2300,17130,0.1184,0.1393721049922799,1.0,0.0238178633975481,7309.729149939956,12351.710000000005,0.0,16722.0,83610.0,14400.0,98010.0,20.0,5.0,15.0,160.0
3,March,s21111,rl5_dqn,6,19430,2300,17130,0.1184,0.1398867730313947,1.0,0.0244016345592527,7218.289974266598,12262.358333333334,0.0,16712.0,83560.0,14400.0,97960.0,20.0,5.0,15.0,160.0
3,March,s31111,fifo,7,19430,2300,17130,0.1184,0.0297992794647452,0.007391304347826,0.0328079392877991,7287.288986103963,11628.756666666668,2283.0,16568.0,128500.0,16800.0,145300.0,20.0,5.0,15.0,160.0
3,March,s31111,urgent_first,7,19430,2300,17130,0.1184,0.1396294390118373,1.0,0.0241097489784004,7238.78157831532,12272.646666666667,0.0,16717.0,83585.0,16800.0,100385.0,20.0,5.0,15.0,160.0
3,March,s31111,rl5_dqn,7,19430,2300,17130,0.1184,0.1399382398353062,1.0,0.0244600116754232,7291.463271573169,12320.44,0.0,16711.0,83555.0,16800.0,100355.0,20.0,5.0,15.0,160.0
3,March,s32111,fifo,8,19430,2300,17130,0.1184,0.0292331446217189,0.007391304347826,0.0321657910099241,7220.591020758279,11533.466666666667,2283.0,16579.0,128555.0,19200.0,147755.0,20.0,5.0,15.0,160.0
3,March,s32111,urgent_first,8,19430,2300,17130,0.1184,0.1398867730313947,1.0,0.0244016345592527,7247.990826042203,12289.338333333331,0.0,16712.0,83560.0,19200.0,102760.0,20.0,5.0,15.0,160.0
3,March,s32111,rl5_dqn,8,19430,2300,17130,0.1184,0.1398353062274832,1.0,0.0243432574430823,7248.001309830159,12273.221666666666,0.0,16713.0,83565.0,19200.0,102765.0,20.0,5.0,15.0,160.0
3,March,s32211,fifo,9,19430,2300,17130,0.1184,0.8879053010808029,0.0530434782608695,1.0,755.9429430434036,1121.3666666666666,2178.0,0.0,43560.0,21600.0,65160.0,20.0,5.0,15.0,160.0
3,March,s32211,urgent_first,9,19430,2300,17130,0.1184,0.995676788471436,1.0,0.9950963222416812,749.0596105678504,1200.1733333333336,0.0,84.0,420.0,21600.0,22020.0,20.0,5.0,15.0,160.0
3,March,s32211,rl5_dqn,9,19430,2300,17130,0.1184,0.9642305712815236,0.6978260869565217,1.0,747.020407445531,1138.7000000000005,695.0,0.0,13900.0,21600.0,35500.0,20.0,5.0,15.0,160.0
3,March,s32221,fifo,10,19430,2300,17130,0.1184,0.8881626351003603,0.0552173913043478,1.0,753.1524386687253,1120.981666666667,2173.0,0.0,43460.0,24000.0,67460.0,20.0,5.0,15.0,160.0
3,March,s32221,urgent_first,10,19430,2300,17130,0.1184,0.9966031909418424,1.0,0.9961471103327496,758.4584680048035,1209.8100000000002,0.0,66.0,330.0,24000.0,24330.0,20.0,5.0,15.0,160.0
3,March,s32221,rl5_dqn,10,19430,2300,17130,0.1184,0.9642305712815236,0.6978260869565217,1.0,749.9366357865844,1133.236666666667,695.0,0.0,13900.0,24000.0,37900.0,20.0,5.0,15.0,160.0
3,March,s33322,fifo,13,19430,2300,17130,0.1184,0.8884199691199176,0.057391304347826,1.0,754.6447958483444,1116.4950000000003,2168.0,0.0,43360.0,31200.0,74560.0,20.0,5.0,15.0,160.0
3,March,s33322,urgent_first,13,19430,2300,17130,0.1184,0.9960885229027278,1.0,0.995563339171045,763.7341919711786,1228.843333333334,0.0,76.0,380.0,31200.0,31580.0,20.0,5.0,15.0,160.0
3,March,s33322,rl5_dqn,13,19430,2300,17130,0.1184,0.9694287184765826,0.7417391304347826,1.0,746.7326428203809,1137.1033333333332,594.0,0.0,11880.0,31200.0,43080.0,20.0,5.0,15.0,160.0
3,March,s32121,fifo,9,19430,2300,17130,0.1184,0.0296448790530108,0.007391304347826,0.0326328079392878,7248.709891061932,11613.960000000005,2283.0,16571.0,128515.0,21600.0,150115.0,20.0,5.0,15.0,160.0
3,March,s32121,urgent_first,9,19430,2300,17130,0.1184,0.1398353062274832,1.0,0.0243432574430823,7300.0155163836,12395.55,0.0,16713.0,83565.0,21600.0,105165.0,20.0,5.0,15.0,160.0
3,March,s32121,rl5_dqn,9,19430,2300,17130,0.1184,0.1394750386001029,1.0,0.023934617629889,7229.849796706125,12269.398333333334,0.0,16720.0,83600.0,21600.0,105200.0,20.0,5.0,15.0,160.0
3,March,s32112,fifo,9,19430,2300,17130,0.1184,0.0296963458569222,0.007391304347826,0.0326911850554582,7169.490116658089,11480.743333333334,2283.0,16570.0,128510.0,21600.0,150110.0,20.0,5.0,15.0,160.0
3,March,s32112,urgent_first,9,19430,2300,17130,0.1184,0.1397323726196603,1.0,0.0242265032107413,7283.932160747984,12388.60166666667,0.0,16715.0,83575.0,21600.0,105175.0,20.0,5.0,15.0,160.0
3,March,s32112,rl5_dqn,9,19430,2300,17130,0.1184,0.1398867730313947,1.0,0.0244016345592527,7220.519377251672,12244.23,0.0,16712.0,83560.0,21600.0,105160.0,20.0,5.0,15.0,160.0
3,March,s32212,fifo,10,19430,2300,17130,0.1184,0.8881111682964488,0.0547826086956521,1.0,758.3098455995882,1121.621666666667,2174.0,0.0,43480.0,24000.0,67480.0,20.0,5.0,15.0,160.0
3,March,s32212,urgent_first,10,19430,2300,17130,0.1184,0.9918682449819868,1.0,0.9907764156450672,773.2077406073083,1238.7716666666668,0.0,158.0,790.0,24000.0,24790.0,20.0,5.0,15.0,160.0
3,March,s32212,rl5_dqn,10,19430,2300,17130,0.1184,0.9643335048893464,0.698695652173913,1.0,738.5814264882484,1122.1733333333336,693.0,0.0,13860.0,24000.0,37860.0,20.0,5.0,15.0,160.0
3,March,s33211,fifo,10,19430,2300,17130,0.1184,0.8884199691199176,0.057391304347826,1.0,749.9579584834448,1113.4350000000004,2168.0,0.0,43360.0,24000.0,67360.0,20.0,5.0,15.0,160.0
3,March,s33211,urgent_first,10,19430,2300,17130,0.1184,0.99547092125579,1.0,0.9948628137769994,747.1632115285641,1205.3583333333338,0.0,88.0,440.0,24000.0,24440.0,20.0,5.0,15.0,160.0
3,March,s33211,rl5_dqn,10,19430,2300,17130,0.1184,0.9642305712815236,0.6978260869565217,1.0,742.7507119574541,1130.5166666666669,695.0,0.0,13900.0,24000.0,37900.0,20.0,5.0,15.0,160.0
3,March,s42211,fifo,10,19430,2300,17130,0.1184,0.917807514153371,0.3056521739130435,1.0,367.7041370732544,666.9216666666667,1597.0,0.0,31940.0,24000.0,55940.0,20.0,5.0,15.0,160.0
3,March,s42211,urgent_first,10,19430,2300,17130,0.1184,1.0,1.0,1.0,369.3003568365072,687.5516666666666,0.0,0.0,0.0,24000.0,24000.0,20.0,5.0,15.0,160.0
3,March,s42211,rl5_dqn,10,19430,2300,17130,0.1184,0.9851260936695831,0.8743478260869565,1.0,367.17934208269,665.1,289.0,0.0,5780.0,24000.0,29780.0,20.0,5.0,15.0,160.0
3,March,s23211,fifo,9,19430,2300,17130,0.1184,0.0459083890890375,0.0082608695652173,0.0509632224168126,4473.651845942701,6795.65,2281.0,16257.0,126905.0,21600.0,148505.0,20.0,5.0,15.0,160.0
3,March,s23211,urgent_first,9,19430,2300,17130,0.1184,0.1444158517756047,1.0,0.0295388207822533,4352.15013896037,7062.958333333334,0.0,16624.0,83120.0,21600.0,104720.0,20.0,5.0,15.0,160.0
3,March,s23211,rl5_dqn,9,19430,2300,17130,0.1184,0.1451363870303654,1.0,0.0303561004086398,4411.950108080288,7213.751666666668,0.0,16610.0,83050.0,21600.0,104650.0,20.0,5.0,15.0,160.0
3,March,s22121,fifo,8,19430,2300,17130,0.1184,0.0288214101904271,0.007391304347826,0.0316987740805604,7280.892781780752,11578.048333333334,2283.0,16587.0,128595.0,19200.0,147795.0,20.0,5.0,15.0,160.0
3,March,s22121,urgent_first,8,19430,2300,17130,0.1184,0.1398867730313947,1.0,0.0244016345592527,7224.335943558071,12255.03,0.0,16712.0,83560.0,19200.0,102760.0,20.0,5.0,15.0,160.0
3,March,s22121,rl5_dqn,8,19430,2300,17130,0.1184,0.1397838394235718,1.0,0.0242848803269118,7233.315499227998,12316.356666666668,0.0,16714.0,83570.0,19200.0,102770.0,20.0,5.0,15.0,160.0
3,March,s22112,fifo,8,19430,2300,17130,0.1184,0.0292846114256304,0.007391304347826,0.0322241681260945,7275.344809572825,11633.080000000002,2283.0,16578.0,128550.0,19200.0,147750.0,20.0,5.0,15.0,160.0
3,March,s22112,urgent_first,8,19430,2300,17130,0.1184,0.1397323726196603,1.0,0.0242265032107413,7243.052845256476,12289.350000000002,0.0,16715.0,83575.0,19200.0,102775.0,20.0,5.0,15.0,160.0
3,March,s22112,rl5_dqn,8,19430,2300,17130,0.1184,0.1397323726196603,1.0,0.0242265032107413,7234.1223528907185,12272.335,0.0,16715.0,83575.0,19200.0,102775.0,20.0,5.0,15.0,160.0
4,April,s11111,fifo,5,19272,2316,16956,0.1202,0.0148401826484018,0.0025906735751295,0.0165133286152394,28125.71563062128,49991.68166666667,2310.0,16676.0,129580.0,12000.0,141580.0,20.0,5.0,15.0,160.0
4,April,s11111,urgent_first,5,19272,2316,16956,0.1202,0.1284246575342466,1.0,0.0093772116065109,28104.45207122596,50127.51,0.0,16797.0,83985.0,12000.0,95985.0,20.0,5.0,15.0,160.0
4,April,s11111,rl5_dqn,5,19272,2316,16956,0.1202,0.0331569115815691,0.2025043177892918,0.0100259495163953,27965.23826189982,46887.71500000002,1847.0,16786.0,120870.0,12000.0,132870.0,20.0,5.0,15.0,160.0
4,April,s21111,fifo,6,19272,2316,16956,0.1202,0.0656911581569115,0.0120898100172711,0.0730125029488086,6058.14627698215,10465.423333333332,2288.0,15718.0,124350.0,14400.0,138750.0,20.0,5.0,15.0,160.0
4,April,s21111,urgent_first,6,19272,2316,16956,0.1202,0.162826899128269,1.0,0.0484784147204529,5981.725011242563,11166.433333333334,0.0,16134.0,80670.0,14400.0,95070.0,20.0,5.0,15.0,160.0
4,April,s21111,rl5_dqn,6,19272,2316,16956,0.1202,0.161892901618929,1.0,0.0474168435951875,6057.971635879341,11236.025,0.0,16152.0,80760.0,14400.0,95160.0,20.0,5.0,15.0,160.0
4,April,s31111,fifo,7,19272,2316,16956,0.1202,0.065950601909506,0.0112262521588946,0.0734253361641896,6021.813845648264,10508.021666666667,2290.0,15711.0,124355.0,16800.0,141155.0,20.0,5.0,15.0,160.0
4,April,s31111,urgent_first,7,19272,2316,16956,0.1202,0.1632938978829389,1.0,0.0490092002830856,6060.31394423689,11295.981666666668,0.0,16125.0,80625.0,16800.0,97425.0,20.0,5.0,15.0,160.0
4,April,s31111,rl5_dqn,7,19272,2316,16956,0.1202,0.161892901618929,1.0,0.0474168435951875,6066.070756365019,11245.975,0.0,16152.0,80760.0,16800.0,97560.0,20.0,5.0,15.0,160.0
4,April,s32111,fifo,8,19272,2316,16956,0.1202,0.0647571606475716,0.0103626943005181,0.0721868365180467,5992.398589490799,10341.93,2292.0,15732.0,124500.0,19200.0,143700.0,20.0,5.0,15.0,160.0
4,April,s32111,urgent_first,8,19272,2316,16956,0.1202,0.1624636778746367,1.0,0.0480655815050719,6060.996104019648,11273.760000000002,0.0,16141.0,80705.0,19200.0,99905.0,20.0,5.0,15.0,160.0
4,April,s32111,rl5_dqn,8,19272,2316,16956,0.1202,0.1620485678704857,1.0,0.0475937721160651,6151.9943657465055,11427.88,0.0,16149.0,80745.0,19200.0,99945.0,20.0,5.0,15.0,160.0
4,April,s32211,fifo,9,19272,2316,16956,0.1202,0.8878684101286841,0.0669257340241796,1.0,727.7596201743462,1108.8983333333335,2161.0,0.0,43220.0,21600.0,64820.0,20.0,5.0,15.0,160.0
4,April,s32211,urgent_first,9,19272,2316,16956,0.1202,0.9879099211290993,1.0,0.9862585515451756,746.163911374014,1224.5633333333333,0.0,233.0,1165.0,21600.0,22765.0,20.0,5.0,15.0,160.0
4,April,s32211,rl5_dqn,9,19272,2316,16956,0.1202,0.9471772519717724,0.5604490500863558,1.0,729.5592586827175,1076.2450000000006,1018.0,0.0,20360.0,21600.0,41960.0,20.0,5.0,15.0,160.0
4,April,s32221,fifo,10,19272,2316,16956,0.1202,0.8877646326276464,0.0660621761658031,1.0,723.5594999654076,1098.0316666666668,2163.0,0.0,43260.0,24000.0,67260.0,20.0,5.0,15.0,160.0
4,April,s32221,urgent_first,10,19272,2316,16956,0.1202,0.990763802407638,1.0,0.9895022410945978,730.9971452539089,1191.3133333333333,0.0,178.0,890.0,24000.0,24890.0,20.0,5.0,15.0,160.0
4,April,s32221,rl5_dqn,10,19272,2316,16956,0.1202,0.9472291407222914,0.560880829015544,1.0,739.6514044555141,1076.301666666667,1017.0,0.0,20340.0,24000.0,44340.0,20.0,5.0,15.0,160.0
4,April,s33322,fifo,13,19272,2316,16956,0.1202,0.8878165213781652,0.0664939550949913,1.0,728.73925124533,1102.6783333333335,2162.0,0.0,43240.0,31200.0,74440.0,20.0,5.0,15.0,160.0
4,April,s33322,urgent_first,13,19272,2316,16956,0.1202,0.9899854711498548,1.0,0.98861759849021,738.805003805175,1210.6616666666669,0.0,193.0,965.0,31200.0,32165.0,20.0,5.0,15.0,160.0
4,April,s33322,rl5_dqn,13,19272,2316,16956,0.1202,0.9592673308426732,0.6610535405872193,1.0,734.6992484779299,1147.4816666666668,785.0,0.0,15700.0,31200.0,46900.0,20.0,5.0,15.0,160.0
4,April,s32121,fifo,9,19272,2316,16956,0.1202,0.0658987131589871,0.0112262521588946,0.0733663599905638,5995.168594333749,10374.933333333334,2290.0,15712.0,124360.0,21600.0,145960.0,20.0,5.0,15.0,160.0
4,April,s32121,urgent_first,9,19272,2316,16956,0.1202,0.1625674553756745,1.0,0.0481835338523236,6002.752546872838,11130.548333333334,0.0,16139.0,80695.0,21600.0,102295.0,20.0,5.0,15.0,160.0
4,April,s32121,rl5_dqn,9,19272,2316,16956,0.1202,0.1614777916147779,1.0,0.0469450342061807,6130.024117026429,11346.006666666668,0.0,16160.0,80800.0,21600.0,102400.0,20.0,5.0,15.0,160.0
4,April,s32112,fifo,9,19272,2316,16956,0.1202,0.0626816106268161,0.0099309153713298,0.0698867657466383,6063.768399750935,10466.853333333334,2293.0,15771.0,124715.0,21600.0,146315.0,20.0,5.0,15.0,160.0
4,April,s32112,urgent_first,9,19272,2316,16956,0.1202,0.1619966791199668,1.0,0.0475347959424392,6032.129754739173,11226.428333333335,0.0,16150.0,80750.0,21600.0,102350.0,20.0,5.0,15.0,160.0
4,April,s32112,rl5_dqn,9,19272,2316,16956,0.1202,0.1629825653798256,1.0,0.0486553432413305,6090.267171717172,11334.461666666668,0.0,16131.0,80655.0,21600.0,102255.0,20.0,5.0,15.0,160.0
4,April,s32212,fifo,10,19272,2316,16956,0.1202,0.8877646326276464,0.0673575129533678,0.9998230714791224,735.0493738757438,1119.845,2160.0,3.0,43215.0,24000.0,67215.0,20.0,5.0,15.0,160.0
4,April,s32212,urgent_first,10,19272,2316,16956,0.1202,0.9910751349107514,1.0,0.9898560981363528,736.5199711152621,1205.3216666666667,0.0,172.0,860.0,24000.0,24860.0,20.0,5.0,15.0,160.0
4,April,s32212,rl5_dqn,10,19272,2316,16956,0.1202,0.9753528435035284,0.7949050086355786,1.0,736.0525390895253,1167.0133333333335,475.0,0.0,9500.0,24000.0,33500.0,20.0,5.0,15.0,160.0
4,April,s33211,fifo,10,19272,2316,16956,0.1202,0.8881278538812786,0.0690846286701209,1.0,723.5354183962917,1106.7883333333334,2156.0,0.0,43120.0,24000.0,67120.0,20.0,5.0,15.0,160.0
4,April,s33211,urgent_first,10,19272,2316,16956,0.1202,0.9891552511415526,1.0,0.9876739797121964,741.4036348069739,1205.881666666667,0.0,209.0,1045.0,24000.0,25045.0,20.0,5.0,15.0,160.0
4,April,s33211,rl5_dqn,10,19272,2316,16956,0.1202,0.95895599833956,0.6584628670120898,1.0,734.5557648401826,1145.991666666667,791.0,0.0,15820.0,24000.0,39820.0,20.0,5.0,15.0,160.0
4,April,s42211,fifo,10,19272,2316,16956,0.1202,0.9158883354088834,0.3000863557858376,1.0,362.3467975992805,630.4133333333333,1621.0,0.0,32420.0,24000.0,56420.0,20.0,5.0,15.0,160.0
4,April,s42211,urgent_first,10,19272,2316,16956,0.1202,1.0,1.0,1.0,360.8805235574927,639.9633333333334,0.0,0.0,0.0,24000.0,24000.0,20.0,5.0,15.0,160.0
4,April,s42211,rl5_dqn,10,19272,2316,16956,0.1202,0.9876504773765048,0.8972366148531952,1.0,362.9825722983257,640.7783333333334,238.0,0.0,4760.0,24000.0,28760.0,20.0,5.0,15.0,160.0
4,April,s23211,fifo,9,19272,2316,16956,0.1202,0.101442507264425,0.0151122625215889,0.1132342533616418,3821.9212839006505,6358.916666666667,2281.0,15036.0,120800.0,21600.0,142400.0,20.0,5.0,15.0,160.0
4,April,s23211,urgent_first,9,19272,2316,16956,0.1202,0.1847758405977584,1.0,0.0734253361641896,3855.1422772242977,6795.866666666667,0.0,15711.0,78555.0,21600.0,100155.0,20.0,5.0,15.0,160.0
4,April,s23211,rl5_dqn,9,19272,2316,16956,0.1202,0.1808322955583229,1.0,0.0689431469686246,3871.3569332018815,6815.343333333334,0.0,15787.0,78935.0,21600.0,100535.0,20.0,5.0,15.0,160.0
4,April,s22121,fifo,8,19272,2316,16956,0.1202,0.0648090493980905,0.0112262521588946,0.0721278603444208,6060.055265843365,10460.061666666668,2290.0,15733.0,124465.0,19200.0,143665.0,20.0,5.0,15.0,160.0
4,April,s22121,urgent_first,8,19272,2316,16956,0.1202,0.1623080116230801,1.0,0.0478886529841943,5990.729859381486,11164.611666666668,0.0,16144.0,80720.0,19200.0,99920.0,20.0,5.0,15.0,160.0
4,April,s22121,rl5_dqn,8,19272,2316,16956,0.1202,0.1631901203819012,1.0,0.0488912479358339,6032.42695101702,11240.415000000005,0.0,16127.0,80635.0,19200.0,99835.0,20.0,5.0,15.0,160.0
4,April,s22112,fifo,8,19272,2316,16956,0.1202,0.0646014943960149,0.0103626943005181,0.0720099079971691,6043.305893697247,10471.88,2292.0,15735.0,124515.0,19200.0,143715.0,20.0,5.0,15.0,160.0
4,April,s22112,urgent_first,8,19272,2316,16956,0.1202,0.1624636778746367,1.0,0.0480655815050719,5979.750166044002,11129.288333333332,0.0,16141.0,80705.0,19200.0,99905.0,20.0,5.0,15.0,160.0
4,April,s22112,rl5_dqn,8,19272,2316,16956,0.1202,0.1629306766293067,1.0,0.0485963670677046,5998.661585893179,11188.213333333331,0.0,16132.0,80660.0,19200.0,99860.0,20.0,5.0,15.0,160.0
5,May,s11111,fifo,5,20700,2552,18148,0.1233,0.0255555555555555,0.0023510971786833,0.0288186026008375,31287.911283413847,57215.62000000001,2546.0,17625.0,139045.0,12000.0,151045.0,20.0,5.0,15.0,160.0
5,May,s11111,urgent_first,5,20700,2552,18148,0.1233,0.1393719806763285,0.9980407523510972,0.0186246418338108,31155.976361513684,57278.068333333336,5.0,17810.0,89150.0,12000.0,101150.0,20.0,5.0,15.0,160.0
5,May,s11111,rl5_dqn,5,20700,2552,18148,0.1233,0.0522705314009661,0.2864420062695925,0.0193409742120343,31248.88361835749,54295.59000000001,1821.0,17797.0,125405.0,12000.0,137405.0,20.0,5.0,15.0,160.0
5,May,s21111,fifo,6,20700,2552,18148,0.1233,0.0543478260869565,0.0078369905956112,0.0608882521489971,9695.134066022543,16819.506666666668,2532.0,17043.0,135855.0,14400.0,150255.0,20.0,5.0,15.0,160.0
5,May,s21111,urgent_first,6,20700,2552,18148,0.1233,0.1687922705314009,1.0,0.0519065461758871,9613.972947665055,17180.561666666665,0.0,17206.0,86030.0,14400.0,100430.0,20.0,5.0,15.0,160.0
5,May,s21111,rl5_dqn,6,20700,2552,18148,0.1233,0.1690821256038647,1.0,0.0522371611196826,9559.52260547504,17109.378333333334,0.0,17200.0,86000.0,14400.0,100400.0,20.0,5.0,15.0,160.0
5,May,s31111,fifo,7,20700,2552,18148,0.1233,0.054927536231884,0.0078369905956112,0.061549482036588,9663.08571900161,16727.79,2532.0,17031.0,135795.0,16800.0,152595.0,20.0,5.0,15.0,160.0
5,May,s31111,urgent_first,7,20700,2552,18148,0.1233,0.1695169082125603,1.0,0.0527330835353758,9605.675171497584,17169.086666666666,0.0,17191.0,85955.0,16800.0,102755.0,20.0,5.0,15.0,160.0
5,May,s31111,rl5_dqn,7,20700,2552,18148,0.1233,0.1693236714975845,1.0,0.0525126735728454,9590.337257648953,17210.856666666667,0.0,17195.0,85975.0,16800.0,102775.0,20.0,5.0,15.0,160.0
5,May,s32111,fifo,8,20700,2552,18148,0.1233,0.054927536231884,0.0082288401253918,0.0614943795459554,9579.262015297903,16642.97,2531.0,17032.0,135780.0,19200.0,154980.0,20.0,5.0,15.0,160.0
5,May,s32111,urgent_first,8,20700,2552,18148,0.1233,0.1694202898550724,1.0,0.0526228785541106,9603.821306763286,17134.875,0.0,17193.0,85965.0,19200.0,105165.0,20.0,5.0,15.0,160.0
5,May,s32111,rl5_dqn,8,20700,2552,18148,0.1233,0.1695169082125603,1.0,0.0527330835353758,9586.94242109501,17159.353333333333,0.0,17191.0,85955.0,19200.0,105155.0,20.0,5.0,15.0,160.0
5,May,s32211,fifo,9,20700,2552,18148,0.1233,0.5616425120772947,0.0493730407523511,0.6336786422746308,1202.354684380032,1849.0083333333332,2426.0,6648.0,81760.0,21600.0,103360.0,20.0,5.0,15.0,160.0
5,May,s32211,urgent_first,9,20700,2552,18148,0.1233,0.5491304347826087,1.0,0.4857284549261627,1208.304033816425,1985.47,0.0,9333.0,46665.0,21600.0,68265.0,20.0,5.0,15.0,160.0
5,May,s32211,rl5_dqn,9,20700,2552,18148,0.1233,0.80256038647343,0.4921630094043887,0.8462089486444787,1200.3132391304348,1793.556666666667,1296.0,2791.0,39875.0,21600.0,61475.0,20.0,5.0,15.0,160.0
5,May,s32221,fifo,10,20700,2552,18148,0.1233,0.5607246376811594,0.0497648902821316,0.6325765924619793,1201.129691626409,1834.736666666667,2425.0,6668.0,81840.0,24000.0,105840.0,20.0,5.0,15.0,160.0
5,May,s32221,urgent_first,10,20700,2552,18148,0.1233,0.5565700483091788,1.0,0.4942142384835795,1200.0823856682769,1979.618333333333,0.0,9179.0,45895.0,24000.0,69895.0,20.0,5.0,15.0,160.0
5,May,s32221,rl5_dqn,10,20700,2552,18148,0.1233,0.8285024154589372,0.4486677115987461,0.8819153625743884,1186.495725442834,1795.4016666666669,1407.0,2143.0,38855.0,24000.0,62855.0,20.0,5.0,15.0,160.0
5,May,s33322,fifo,13,20700,2552,18148,0.1233,0.5708212560386473,0.0505485893416927,0.6439828080229226,1188.135492753623,1816.3666666666663,2423.0,6461.0,80765.0,31200.0,111965.0,20.0,5.0,15.0,160.0
5,May,s33322,urgent_first,13,20700,2552,18148,0.1233,0.5653140096618358,1.0,0.5041877892880758,1190.5398727858294,1976.6033333333328,0.0,8998.0,44990.0,31200.0,76190.0,20.0,5.0,15.0,160.0
5,May,s33322,rl5_dqn,13,20700,2552,18148,0.1233,0.8275845410628019,0.4494514106583072,0.8807582102711042,1193.084536231884,1824.435,1405.0,2164.0,38920.0,31200.0,70120.0,20.0,5.0,15.0,160.0
5,May,s32121,fifo,9,20700,2552,18148,0.1233,0.0550724637681159,0.0078369905956112,0.0617147895084857,9559.08477777778,16643.258333333335,2532.0,17028.0,135780.0,21600.0,157380.0,20.0,5.0,15.0,160.0
5,May,s32121,urgent_first,9,20700,2552,18148,0.1233,0.1689371980676328,1.0,0.0520718536477848,9489.863136070851,16976.478333333333,0.0,17203.0,86015.0,21600.0,107615.0,20.0,5.0,15.0,160.0
5,May,s32121,rl5_dqn,9,20700,2552,18148,0.1233,0.1688888888888889,1.0,0.0520167511571523,9644.365396135268,17261.661666666667,0.0,17204.0,86020.0,21600.0,107620.0,20.0,5.0,15.0,160.0
5,May,s32112,fifo,9,20700,2552,18148,0.1233,0.054927536231884,0.0078369905956112,0.061549482036588,9622.63626489533,16706.025000000005,2532.0,17031.0,135795.0,21600.0,157395.0,20.0,5.0,15.0,160.0
5,May,s32112,urgent_first,9,20700,2552,18148,0.1233,0.1688888888888889,1.0,0.0520167511571523,9666.430238325282,17240.321666666667,0.0,17204.0,86020.0,21600.0,107620.0,20.0,5.0,15.0,160.0
5,May,s32112,rl5_dqn,9,20700,2552,18148,0.1233,0.1691787439613526,1.0,0.0523473661009477,9616.935528180356,17230.843333333334,0.0,17198.0,85990.0,21600.0,107590.0,20.0,5.0,15.0,160.0
5,May,s32212,fifo,10,20700,2552,18148,0.1233,0.5720772946859903,0.0489811912225705,0.6456358827419,1192.234698067633,1818.59,2427.0,6431.0,80695.0,24000.0,104695.0,20.0,5.0,15.0,160.0
5,May,s32212,urgent_first,10,20700,2552,18148,0.1233,0.5608695652173913,1.0,0.4991183601498787,1195.9899710144928,1971.02,0.0,9090.0,45450.0,24000.0,69450.0,20.0,5.0,15.0,160.0
5,May,s32212,rl5_dqn,10,20700,2552,18148,0.1233,0.8242512077294686,0.4494514106583072,0.8769561384174565,1182.826889694042,1825.6516666666669,1405.0,2233.0,39265.0,24000.0,63265.0,20.0,5.0,15.0,160.0
5,May,s33211,fifo,10,20700,2552,18148,0.1233,0.5784541062801932,0.0493730407523511,0.6528543090147675,1180.775888083736,1801.7916666666667,2426.0,6300.0,80020.0,24000.0,104020.0,20.0,5.0,15.0,160.0
5,May,s33211,urgent_first,10,20700,2552,18148,0.1233,0.5719806763285025,1.0,0.5117919329953714,1184.9793260869565,1946.1366666666677,0.0,8860.0,44300.0,24000.0,68300.0,20.0,5.0,15.0,160.0
5,May,s33211,rl5_dqn,10,20700,2552,18148,0.1233,0.8320289855072464,0.4494514106583072,0.8858276394093013,1190.8293582930758,1813.1616666666675,1405.0,2072.0,38460.0,24000.0,62460.0,20.0,5.0,15.0,160.0
5,May,s42211,fifo,10,20700,2552,18148,0.1233,0.8878260869565218,0.0901253918495297,1.0,609.6150152979066,950.2100000000004,2322.0,0.0,46440.0,24000.0,70440.0,20.0,5.0,15.0,160.0
5,May,s42211,urgent_first,10,20700,2552,18148,0.1233,1.0,1.0,1.0,607.4537737520129,976.1683333333332,0.0,0.0,0.0,24000.0,24000.0,20.0,5.0,15.0,160.0
5,May,s42211,rl5_dqn,10,20700,2552,18148,0.1233,0.91231884057971,0.2887931034482758,1.0,610.271997584541,945.0666666666668,1815.0,0.0,36300.0,24000.0,60300.0,20.0,5.0,15.0,160.0
5,May,s23211,fifo,9,20700,2552,18148,0.1233,0.0646376811594202,0.0105799373040752,0.0722393652193079,6861.3818188405785,11559.141666666668,2525.0,16837.0,134685.0,21600.0,156285.0,20.0,5.0,15.0,160.0
5,May,s23211,urgent_first,9,20700,2552,18148,0.1233,0.1771497584541062,1.0,0.0614392770553229,6887.777570048309,12339.94166666667,0.0,17033.0,85165.0,21600.0,106765.0,20.0,5.0,15.0,160.0
5,May,s23211,rl5_dqn,9,20700,2552,18148,0.1233,0.1775845410628019,1.0,0.061935199471016,6966.4425636070855,12509.335,0.0,17024.0,85120.0,21600.0,106720.0,20.0,5.0,15.0,160.0
5,May,s22121,fifo,8,20700,2552,18148,0.1233,0.0555555555555555,0.0086206896551724,0.0621556094335463,9649.130107890498,16747.373333333333,2530.0,17020.0,135700.0,19200.0,154900.0,20.0,5.0,15.0,160.0
5,May,s22121,urgent_first,8,20700,2552,18148,0.1233,0.169903381642512,1.0,0.0531739034604364,9604.14621336554,17221.291666666668,0.0,17183.0,85915.0,19200.0,105115.0,20.0,5.0,15.0,160.0
5,May,s22121,rl5_dqn,8,20700,2552,18148,0.1233,0.1692270531400966,1.0,0.0524024685915803,9689.05877294686,17348.528333333335,0.0,17197.0,85985.0,19200.0,105185.0,20.0,5.0,15.0,160.0
5,May,s22112,fifo,8,20700,2552,18148,0.1233,0.0550724637681159,0.0082288401253918,0.0616596870178532,9681.442026570048,16784.518333333333,2531.0,17029.0,135765.0,19200.0,154965.0,20.0,5.0,15.0,160.0
5,May,s22112,urgent_first,8,20700,2552,18148,0.1233,0.1693719806763285,1.0,0.052567776063478,9627.339684380033,17212.075,0.0,17194.0,85970.0,19200.0,105170.0,20.0,5.0,15.0,160.0
5,May,s22112,rl5_dqn,8,20700,2552,18148,0.1233,0.1701932367149758,1.0,0.0535045184042318,9621.31028904992,17240.411666666667,0.0,17177.0,85885.0,19200.0,105085.0,20.0,5.0,15.0,160.0
6,June,s11111,fifo,5,19761,2419,17342,0.1224,0.0141187186883254,0.0028937577511368,0.0156844654595779,29804.36878531788,52431.36666666667,2412.0,17070.0,133590.0,12000.0,145590.0,20.0,5.0,15.0,160.0
6,June,s11111,urgent_first,5,19761,2419,17342,0.1224,0.1301047517838166,1.0,0.0087648483450582,29794.555749540337,53050.01666666667,0.0,17190.0,85950.0,12000.0,97950.0,20.0,5.0,15.0,160.0
6,June,s11111,rl5_dqn,5,19761,2419,17342,0.1224,0.0372450786903496,0.2401818933443571,0.0089378387729212,29575.51956378726,48519.333333333336,1838.0,17187.0,122695.0,12000.0,134695.0,20.0,5.0,15.0,160.0
6,June,s21111,fifo,6,19761,2419,17342,0.1224,0.0318303729568341,0.0049607275733774,0.0355783646638219,7451.98497630012,12221.4,2407.0,16725.0,131765.0,14400.0,146165.0,20.0,5.0,15.0,160.0
6,June,s21111,urgent_first,6,19761,2419,17342,0.1224,0.1429583523101057,1.0,0.0234113712374581,7462.189267580926,12730.266666666666,0.0,16936.0,84680.0,14400.0,99080.0,20.0,5.0,15.0,160.0
6,June,s21111,rl5_dqn,6,19761,2419,17342,0.1224,0.1438692373867719,1.0,0.0244493138046361,7413.607855540373,12729.7,0.0,16918.0,84590.0,14400.0,98990.0,20.0,5.0,15.0,160.0
6,June,s31111,fifo,7,19761,2419,17342,0.1224,0.0312737209655381,0.0049607275733774,0.0349440664283243,7460.225859858643,12277.45,2407.0,16736.0,131820.0,16800.0,148620.0,20.0,5.0,15.0,160.0
6,June,s31111,urgent_first,7,19761,2419,17342,0.1224,0.1440210515662162,1.0,0.0246223042324991,7440.674067607914,12775.15,0.0,16915.0,84575.0,16800.0,101375.0,20.0,5.0,15.0,160.0
6,June,s31111,rl5_dqn,7,19761,2419,17342,0.1224,0.1440716562926977,1.0,0.0246799677084534,7366.371026263852,12687.933333333332,0.0,16914.0,84570.0,16800.0,101370.0,20.0,5.0,15.0,160.0
6,June,s32111,fifo,8,19761,2419,17342,0.1224,0.0306664642477607,0.0049607275733774,0.0342521047168723,7467.788040416308,12221.983333333334,2407.0,16748.0,131880.0,19200.0,151080.0,20.0,5.0,15.0,160.0
6,June,s32111,urgent_first,8,19761,2419,17342,0.1224,0.1435150043014017,1.0,0.0240456694729558,7456.432435099438,12740.5,0.0,16925.0,84625.0,19200.0,103825.0,20.0,5.0,15.0,160.0
6,June,s32111,rl5_dqn,8,19761,2419,17342,0.1224,0.1438186326602904,1.0,0.0243916503286818,7453.679940286423,12812.166666666666,0.0,16919.0,84595.0,19200.0,103795.0,20.0,5.0,15.0,160.0
6,June,s32211,fifo,9,19761,2419,17342,0.1224,0.88335610546025,0.0582885489871847,0.998443086149233,794.4931742658098,1169.25,2278.0,27.0,45695.0,21600.0,67295.0,20.0,5.0,15.0,160.0
6,June,s32211,urgent_first,9,19761,2419,17342,0.1224,0.97075046809372,1.0,0.966670510898397,803.1115783614191,1294.5,0.0,578.0,2890.0,21600.0,24490.0,20.0,5.0,15.0,160.0
6,June,s32211,rl5_dqn,9,19761,2419,17342,0.1224,0.9547593745255808,0.7374948325754443,0.9850651597278284,797.0203329791003,1241.25,635.0,259.0,13995.0,21600.0,35595.0,20.0,5.0,15.0,160.0
6,June,s32221,fifo,10,19761,2419,17342,0.1224,0.8845706188958049,0.0570483670938404,1.0,789.7442605806049,1170.7833333333333,2281.0,0.0,45620.0,24000.0,69620.0,20.0,5.0,15.0,160.0
6,June,s32221,urgent_first,10,19761,2419,17342,0.1224,0.9753554982035322,1.0,0.9719178872102412,793.7815857834455,1278.5833333333333,0.0,487.0,2435.0,24000.0,26435.0,20.0,5.0,15.0,160.0
6,June,s32221,rl5_dqn,10,19761,2419,17342,0.1224,0.9479277364505844,0.5746176105828855,1.0,791.0663697856046,1160.85,1029.0,0.0,20580.0,24000.0,44580.0,20.0,5.0,15.0,160.0
6,June,s33322,fifo,13,19761,2419,17342,0.1224,0.8837609432721016,0.0562215791649441,0.9991927113366392,801.2576455307592,1182.5666666666666,2283.0,14.0,45730.0,31200.0,76930.0,20.0,5.0,15.0,160.0
6,June,s33322,urgent_first,13,19761,2419,17342,0.1224,0.9814280653813068,1.0,0.9788375043247608,788.2773653492569,1276.3166666666666,0.0,367.0,1835.0,31200.0,33035.0,20.0,5.0,15.0,160.0
6,June,s33322,rl5_dqn,13,19761,2419,17342,0.1224,0.9475735033652144,0.6548160396858206,0.9884096413331795,793.2461068097093,1206.8333333333333,835.0,201.0,17705.0,31200.0,48905.0,20.0,5.0,15.0,160.0
6,June,s32121,fifo,9,19761,2419,17342,0.1224,0.0309700926066494,0.0049607275733774,0.0345980855725983,7463.091518647841,12156.333333333334,2407.0,16742.0,131850.0,21600.0,153450.0,20.0,5.0,15.0,160.0
6,June,s32121,urgent_first,9,19761,2419,17342,0.1224,0.1436668184808461,1.0,0.0242186599008188,7422.724710287941,12714.65,0.0,16922.0,84610.0,21600.0,106210.0,20.0,5.0,15.0,160.0
6,June,s32121,rl5_dqn,9,19761,2419,17342,0.1224,0.1429583523101057,1.0,0.0234113712374581,7421.694344078403,12715.333333333334,0.0,16936.0,84680.0,21600.0,106280.0,20.0,5.0,15.0,160.0
6,June,s32112,fifo,9,19761,2419,17342,0.1224,0.0302110217094276,0.0049607275733774,0.0337331334332833,7528.06617158376,12297.4,2407.0,16757.0,131925.0,21600.0,153525.0,20.0,5.0,15.0,160.0
6,June,s32112,urgent_first,9,19761,2419,17342,0.1224,0.1440210515662162,1.0,0.0246223042324991,7441.044452035155,12775.95,0.0,16915.0,84575.0,21600.0,106175.0,20.0,5.0,15.0,160.0
6,June,s32112,rl5_dqn,9,19761,2419,17342,0.1224,0.1436162137543646,1.0,0.0241609964248644,7389.732040382573,12697.283333333333,0.0,16923.0,84615.0,21600.0,106215.0,20.0,5.0,15.0,160.0
6,June,s32212,fifo,10,19761,2419,17342,0.1224,0.8849754567076565,0.0603555188094253,1.0,783.3345233878179,1160.9166666666667,2273.0,0.0,45460.0,24000.0,69460.0,20.0,5.0,15.0,160.0
6,June,s32212,urgent_first,10,19761,2419,17342,0.1224,0.9771772683568646,1.0,0.9739937723445968,798.5416662449607,1290.7166666666667,0.0,451.0,2255.0,24000.0,26255.0,20.0,5.0,15.0,160.0
6,June,s32212,rl5_dqn,10,19761,2419,17342,0.1224,0.9536966752694702,0.7023563455973543,0.9887556221889056,792.7691589494459,1215.4333333333334,720.0,195.0,15375.0,24000.0,39375.0,20.0,5.0,15.0,160.0
6,June,s33211,fifo,10,19761,2419,17342,0.1224,0.8844694094428419,0.0562215791649441,1.0,799.5439898453183,1184.9166666666667,2283.0,0.0,45660.0,24000.0,69660.0,20.0,5.0,15.0,160.0
6,June,s33211,urgent_first,10,19761,2419,17342,0.1224,0.9768230352714944,1.0,0.9735901280129168,796.5784769664152,1292.1333333333334,0.0,458.0,2290.0,24000.0,26290.0,20.0,5.0,15.0,160.0
6,June,s33211,rl5_dqn,10,19761,2419,17342,0.1224,0.9536966752694702,0.621744522529971,1.0,793.6278950120608,1204.25,915.0,0.0,18300.0,24000.0,42300.0,20.0,5.0,15.0,160.0
6,June,s42211,fifo,10,19761,2419,17342,0.1224,0.9146804311522696,0.3030177759404712,1.0,377.7416055192888,673.3833333333333,1686.0,0.0,33720.0,24000.0,57720.0,20.0,5.0,15.0,160.0
6,June,s42211,urgent_first,10,19761,2419,17342,0.1224,1.0,1.0,1.0,379.22917615505287,690.0,0.0,0.0,0.0,24000.0,24000.0,20.0,5.0,15.0,160.0
6,June,s42211,rl5_dqn,10,19761,2419,17342,0.1224,0.9889175649005616,0.909466721785862,1.0,377.2911264612115,679.4,219.0,0.0,4380.0,24000.0,28380.0,20.0,5.0,15.0,160.0
6,June,s23211,fifo,9,19761,2419,17342,0.1224,0.054703709326451,0.0053741215378255,0.061584592319225,4599.643491388762,7177.616666666667,2406.0,16274.0,129490.0,21600.0,151090.0,20.0,5.0,15.0,160.0
6,June,s23211,urgent_first,9,19761,2419,17342,0.1224,0.1558625575628763,1.0,0.0381155576058124,4590.67062901675,7818.55,0.0,16681.0,83405.0,21600.0,105005.0,20.0,5.0,15.0,160.0
6,June,s23211,rl5_dqn,9,19761,2419,17342,0.1224,0.1552553008450989,1.0,0.0374235958943605,4608.228105865088,7817.25,0.0,16693.0,83465.0,21600.0,105065.0,20.0,5.0,15.0,160.0
6,June,s22121,fifo,8,19761,2419,17342,0.1224,0.0315267445979454,0.0049607275733774,0.0352323838080959,7445.896972150532,12251.816666666668,2407.0,16731.0,131795.0,19200.0,150995.0,20.0,5.0,15.0,160.0
6,June,s22121,urgent_first,8,19761,2419,17342,0.1224,0.1440210515662162,1.0,0.0246223042324991,7439.545025555387,12801.066666666668,0.0,16915.0,84575.0,19200.0,103775.0,20.0,5.0,15.0,160.0
6,June,s22121,rl5_dqn,8,19761,2419,17342,0.1224,0.1433631901219574,1.0,0.0238726790450928,7401.625228142975,12726.55,0.0,16928.0,84640.0,19200.0,103840.0,20.0,5.0,15.0,160.0
6,June,s22112,fifo,8,19761,2419,17342,0.1224,0.0313243256920196,0.0049607275733774,0.0350017299042786,7424.8919217988305,12174.75,2407.0,16735.0,131815.0,19200.0,151015.0,20.0,5.0,15.0,160.0
6,June,s22112,urgent_first,8,19761,2419,17342,0.1224,0.1434643995749203,1.0,0.0239880059970015,7369.12147327227,12668.666666666666,0.0,16926.0,84630.0,19200.0,103830.0,20.0,5.0,15.0,160.0
6,June,s22112,rl5_dqn,8,19761,2419,17342,0.1224,0.1438186326602904,1.0,0.0243916503286818,7417.72637012297,12705.283333333333,0.0,16919.0,84595.0,19200.0,103795.0,20.0,5.0,15.0,160.0
7,July,s11111,fifo,5,14944,1816,13128,0.1215,0.0209448608137044,0.0044052863436123,0.0232327848872638,16116.41485211456,28483.833333333336,1808.0,12823.0,100275.0,12000.0,112275.0,20.0,5.0,15.0,160.0
7,July,s11111,urgent_first,5,14944,1816,13128,0.1215,0.1380487152034261,1.0,0.0188147471054235,16007.872895476448,28744.426666666663,0.0,12881.0,64405.0,12000.0,76405.0,20.0,5.0,15.0,160.0
7,July,s11111,rl5_dqn,5,14944,1816,13128,0.1215,0.1373795503211991,1.0,0.018053016453382,16112.840660688797,28955.768333333337,0.0,12891.0,64455.0,12000.0,76455.0,20.0,5.0,15.0,160.0
7,July,s21111,fifo,6,14944,1816,13128,0.1215,0.3766729122055675,0.0401982378854625,0.423217550274223,1619.4770532209138,2620.1283333333336,1743.0,7572.0,72720.0,14400.0,87120.0,20.0,5.0,15.0,160.0
7,July,s21111,urgent_first,6,14944,1816,13128,0.1215,0.4041086723768736,1.0,0.3216788543570993,1630.2184689507492,2777.695,0.0,8905.0,44525.0,14400.0,58925.0,20.0,5.0,15.0,160.0
7,July,s21111,rl5_dqn,6,14944,1816,13128,0.1215,0.4099304068522484,1.0,0.3283059110298598,1602.9861081370448,2752.611666666667,0.0,8818.0,44090.0,14400.0,58490.0,20.0,5.0,15.0,160.0
7,July,s31111,fifo,7,14944,1816,13128,0.1215,0.3661001070663811,0.0429515418502202,0.4108013406459476,1630.4210474660956,2635.2833333333333,1738.0,7735.0,73435.0,16800.0,90235.0,20.0,5.0,15.0,160.0
7,July,s31111,urgent_first,7,14944,1816,13128,0.1215,0.4057815845824411,1.0,0.3235831809872029,1613.8952310849393,2756.988333333333,0.0,8880.0,44400.0,16800.0,61200.0,20.0,5.0,15.0,160.0
7,July,s31111,rl5_dqn,7,14944,1816,13128,0.1215,0.4085251605995717,1.0,0.3267062766605728,1617.829897171663,2767.0033333333336,0.0,8839.0,44195.0,16800.0,60995.0,20.0,5.0,15.0,160.0
7,July,s32111,fifo,8,14944,1816,13128,0.1215,0.3686429336188437,0.0435022026431718,0.4136197440585009,1626.8028406049252,2629.516666666667,1737.0,7698.0,73230.0,19200.0,92430.0,20.0,5.0,15.0,160.0
7,July,s32111,urgent_first,8,14944,1816,13128,0.1215,0.4063169164882227,1.0,0.3241925655088361,1611.978188570664,2757.1966666666667,0.0,8872.0,44360.0,19200.0,63560.0,20.0,5.0,15.0,160.0
7,July,s32111,rl5_dqn,8,14944,1816,13128,0.1215,0.4144138115631691,1.0,0.3334095063985375,1600.1059076106353,2746.936666666667,0.0,8751.0,43755.0,19200.0,62955.0,20.0,5.0,15.0,160.0
7,July,s32211,fifo,9,14944,1816,13128,0.1215,0.926191113490364,0.3926211453744493,1.0,276.7302473679515,492.35,1103.0,0.0,22060.0,21600.0,43660.0,20.0,5.0,15.0,160.0
7,July,s32211,urgent_first,9,14944,1816,13128,0.1215,1.0,1.0,1.0,274.76300298893653,514.4300000000001,0.0,0.0,0.0,21600.0,21600.0,20.0,5.0,15.0,160.0
7,July,s32211,rl5_dqn,9,14944,1816,13128,0.1215,1.0,1.0,1.0,272.2879003836545,513.14,0.0,0.0,0.0,21600.0,21600.0,20.0,5.0,15.0,160.0
7,July,s32221,fifo,10,14944,1816,13128,0.1215,0.9259234475374732,0.3904185022026432,1.0,275.9301101891506,489.78333333333336,1107.0,0.0,22140.0,24000.0,46140.0,20.0,5.0,15.0,160.0
7,July,s32221,urgent_first,10,14944,1816,13128,0.1215,1.0,1.0,1.0,272.337488847252,512.9550000000002,0.0,0.0,0.0,24000.0,24000.0,20.0,5.0,15.0,160.0
7,July,s32221,rl5_dqn,10,14944,1816,13128,0.1215,1.0,1.0,1.0,271.01963441291934,504.645,0.0,0.0,0.0,24000.0,24000.0,20.0,5.0,15.0,160.0
7,July,s33322,fifo,13,14944,1816,13128,0.1215,0.9269271948608137,0.3986784140969163,1.0,271.084733003212,484.045,1092.0,0.0,21840.0,31200.0,53040.0,20.0,5.0,15.0,160.0
7,July,s33322,urgent_first,13,14944,1816,13128,0.1215,1.0,1.0,1.0,271.37245940399714,505.8283333333333,0.0,0.0,0.0,31200.0,31200.0,20.0,5.0,15.0,160.0
7,July,s33322,rl5_dqn,13,14944,1816,13128,0.1215,1.0,1.0,1.0,267.1564674785867,499.55,0.0,0.0,0.0,31200.0,31200.0,20.0,5.0,15.0,160.0
7,July,s32121,fifo,9,14944,1816,13128,0.1215,0.3677730192719486,0.0435022026431718,0.412629494210847,1635.027857334047,2652.371666666667,1737.0,7711.0,73295.0,21600.0,94895.0,20.0,5.0,15.0,160.0
7,July,s32121,urgent_first,9,14944,1816,13128,0.1215,0.4037071734475375,1.0,0.3212218159658744,1616.2148822269808,2754.2816666666668,0.0,8911.0,44555.0,21600.0,66155.0,20.0,5.0,15.0,160.0
7,July,s32121,rl5_dqn,9,14944,1816,13128,0.1215,0.4129416488222698,1.0,0.3317336989640463,1589.5402235010706,2719.09,0.0,8773.0,43865.0,21600.0,65465.0,20.0,5.0,15.0,160.0
7,July,s32112,fifo,9,14944,1816,13128,0.1215,0.3717210920770878,0.0440528634361233,0.4170475319926874,1621.8318433261957,2619.6066666666666,1736.0,7653.0,72985.0,21600.0,94585.0,20.0,5.0,15.0,160.0
7,July,s32112,urgent_first,9,14944,1816,13128,0.1215,0.4093281584582441,1.0,0.3276203534430225,1604.5749498126336,2744.775,0.0,8827.0,44135.0,21600.0,65735.0,20.0,5.0,15.0,160.0
7,July,s32112,rl5_dqn,9,14944,1816,13128,0.1215,0.4089935760171306,1.0,0.3272394881170018,1604.4596136688078,2747.36,0.0,8832.0,44160.0,21600.0,65760.0,20.0,5.0,15.0,160.0
7,July,s32212,fifo,10,14944,1816,13128,0.1215,0.9272617773019272,0.401431718061674,1.0,272.0057024000714,490.56666666666666,1087.0,0.0,21740.0,24000.0,45740.0,20.0,5.0,15.0,160.0
7,July,s32212,urgent_first,10,14944,1816,13128,0.1215,1.0,1.0,1.0,274.494335519272,510.445,0.0,0.0,0.0,24000.0,24000.0,20.0,5.0,15.0,160.0
7,July,s32212,rl5_dqn,10,14944,1816,13128,0.1215,1.0,1.0,1.0,271.813147974661,504.09,0.0,0.0,0.0,24000.0,24000.0,20.0,5.0,15.0,160.0
7,July,s33211,fifo,10,14944,1816,13128,0.1215,0.9262580299785867,0.3931718061674009,1.0,272.2235222608851,483.06166666666667,1102.0,0.0,22040.0,24000.0,46040.0,20.0,5.0,15.0,160.0
7,July,s33211,urgent_first,10,14944,1816,13128,0.1215,1.0,1.0,1.0,272.11101333868663,512.3783333333333,0.0,0.0,0.0,24000.0,24000.0,20.0,5.0,15.0,160.0
7,July,s33211,rl5_dqn,10,14944,1816,13128,0.1215,1.0,1.0,1.0,272.3252799339757,508.6116666666667,0.0,0.0,0.0,24000.0,24000.0,20.0,5.0,15.0,160.0
7,July,s42211,fifo,10,14944,1816,13128,0.1215,0.9549652034261242,0.6294052863436124,1.0,200.0104501249108,353.29500000000013,673.0,0.0,13460.0,24000.0,37460.0,20.0,5.0,15.0,160.0
7,July,s42211,urgent_first,10,14944,1816,13128,0.1215,1.0,1.0,1.0,200.09984832262668,378.5516666666667,0.0,0.0,0.0,24000.0,24000.0,20.0,5.0,15.0,160.0
7,July,s42211,rl5_dqn,10,14944,1816,13128,0.1215,0.9953158458244112,0.961453744493392,1.0,198.6111148286938,368.3066666666667,70.0,0.0,1400.0,24000.0,25400.0,20.0,5.0,15.0,160.0
7,July,s23211,fifo,9,14944,1816,13128,0.1215,0.5774892933618844,0.0512114537444933,0.6502894576477758,1175.5804124286224,1837.6466666666668,1723.0,4591.0,57415.0,21600.0,79015.0,20.0,5.0,15.0,160.0
7,July,s23211,urgent_first,9,14944,1816,13128,0.1215,0.5885974304068522,1.0,0.5316879951249238,1170.7931031406138,1960.315,0.0,6148.0,30740.0,21600.0,52340.0,20.0,5.0,15.0,160.0
7,July,s23211,rl5_dqn,9,14944,1816,13128,0.1215,0.6137580299785867,1.0,0.5603290676416819,1147.05801213419,1934.035,0.0,5772.0,28860.0,21600.0,50460.0,20.0,5.0,15.0,160.0
7,July,s22121,fifo,8,14944,1816,13128,0.1215,0.3735278372591006,0.0424008810572687,0.4193327239488117,1614.3153049161317,2596.9950000000003,1739.0,7623.0,72895.0,19200.0,92095.0,20.0,5.0,15.0,160.0
7,July,s22121,urgent_first,8,14944,1816,13128,0.1215,0.4105995717344753,1.0,0.3290676416819013,1603.6436150517488,2744.811666666667,0.0,8808.0,44040.0,19200.0,63240.0,20.0,5.0,15.0,160.0
7,July,s22121,rl5_dqn,8,14944,1816,13128,0.1215,0.4045770877944325,1.0,0.3222120658135283,1609.509182057459,2750.9700000000003,0.0,8898.0,44490.0,19200.0,63690.0,20.0,5.0,15.0,160.0
7,July,s22112,fifo,8,14944,1816,13128,0.1215,0.365899357601713,0.0424008810572687,0.4106489945155393,1632.1522640078513,2627.74,1739.0,7737.0,73465.0,19200.0,92665.0,20.0,5.0,15.0,160.0
7,July,s22112,urgent_first,8,14944,1816,13128,0.1215,0.4033056745182012,1.0,0.3207647775746496,1624.5693165596003,2769.4433333333336,0.0,8917.0,44585.0,19200.0,63785.0,20.0,5.0,15.0,160.0
7,July,s22112,rl5_dqn,8,14944,1816,13128,0.1215,0.4065176659528908,1.0,0.3244210847044485,1619.0625669164883,2781.761666666667,0.0,8869.0,44345.0,19200.0,63545.0,20.0,5.0,15.0,160.0
8,August,s11111,fifo,5,14038,1704,12334,0.1214,0.0208006838580994,0.005281690140845,0.0229447056915842,16670.846941634612,28465.976666666666,1695.0,12051.0,94155.0,12000.0,106155.0,20.0,5.0,15.0,160.0
8,August,s11111,urgent_first,5,14038,1704,12334,0.1214,0.1366291494514888,1.0,0.0173504134911626,16669.094613430214,29128.03,0.0,12120.0,60600.0,12000.0,72600.0,20.0,5.0,15.0,160.0
8,August,s11111,rl5_dqn,5,14038,1704,12334,0.1214,0.1359167972645676,1.0,0.0165396465055942,16780.438874246094,29159.548333333336,0.0,12130.0,60650.0,12000.0,72650.0,20.0,5.0,15.0,160.0
8,August,s21111,fifo,6,14038,1704,12334,0.1214,0.3577432682718336,0.0375586854460093,0.4019782714447867,1684.2402942014533,2731.771666666667,1640.0,7376.0,69680.0,14400.0,84080.0,20.0,5.0,15.0,160.0
8,August,s21111,urgent_first,6,14038,1704,12334,0.1214,0.3945718763356604,1.0,0.3109291389654613,1660.997151778506,2844.278333333334,0.0,8499.0,42495.0,14400.0,56895.0,20.0,5.0,15.0,160.0
8,August,s21111,rl5_dqn,6,14038,1704,12334,0.1214,0.3928622310870494,0.999413145539906,0.3090643748986541,1660.4700586503295,2840.1566666666668,1.0,8522.0,42630.0,14400.0,57030.0,20.0,5.0,15.0,160.0
8,August,s31111,fifo,7,14038,1704,12334,0.1214,0.3681436102008833,0.0375586854460093,0.4138154694340846,1656.0673279669468,2681.8100000000004,1640.0,7230.0,68950.0,16800.0,85750.0,20.0,5.0,15.0,160.0
8,August,s31111,urgent_first,7,14038,1704,12334,0.1214,0.3970651089898846,1.0,0.3137668234149505,1652.3368654129267,2840.1633333333334,0.0,8464.0,42320.0,16800.0,59120.0,20.0,5.0,15.0,160.0
8,August,s31111,rl5_dqn,7,14038,1704,12334,0.1214,0.3968514033338082,1.0,0.31352359331928,1661.6246687562332,2855.5750000000003,0.0,8467.0,42335.0,16800.0,59135.0,20.0,5.0,15.0,160.0
8,August,s32111,fifo,8,14038,1704,12334,0.1214,0.3689984328251888,0.0369718309859154,0.4148694665153234,1647.190722800019,2663.965,1641.0,7217.0,68905.0,19200.0,88105.0,20.0,5.0,15.0,160.0
8,August,s32111,urgent_first,8,14038,1704,12334,0.1214,0.4031201025787149,1.0,0.3206583427922815,1640.4086170869543,2835.6800000000003,0.0,8379.0,41895.0,19200.0,61095.0,20.0,5.0,15.0,160.0
8,August,s32111,rl5_dqn,8,14038,1704,12334,0.1214,0.3994871064254167,1.0,0.3165234311658829,1652.4525977109747,2839.0916666666667,0.0,8430.0,42150.0,19200.0,61350.0,20.0,5.0,15.0,160.0
8,August,s32211,fifo,9,14038,1704,12334,0.1214,0.926627724747115,0.3955399061032864,1.0,293.67414992639027,512.16,1030.0,0.0,20600.0,21600.0,42200.0,20.0,5.0,15.0,160.0
8,August,s32211,urgent_first,9,14038,1704,12334,0.1214,1.0,1.0,1.0,291.5627190482975,533.8833333333333,0.0,0.0,0.0,21600.0,21600.0,20.0,5.0,15.0,160.0
8,August,s32211,rl5_dqn,9,14038,1704,12334,0.1214,1.0,1.0,1.0,291.74829272925865,528.95,0.0,0.0,0.0,21600.0,21600.0,20.0,5.0,15.0,160.0
8,August,s32221,fifo,10,14038,1704,12334,0.1214,0.9267701951844992,0.3967136150234742,1.0,290.4382248183502,506.01666666666665,1028.0,0.0,20560.0,24000.0,44560.0,20.0,5.0,15.0,160.0
8,August,s32221,urgent_first,10,14038,1704,12334,0.1214,1.0,1.0,1.0,290.1950812081493,525.4333333333333,0.0,0.0,0.0,24000.0,24000.0,20.0,5.0,15.0,160.0
8,August,s32221,rl5_dqn,10,14038,1704,12334,0.1214,1.0,1.0,1.0,291.1027128745785,530.1016666666668,0.0,0.0,0.0,24000.0,24000.0,20.0,5.0,15.0,160.0
8,August,s33322,fifo,13,14038,1704,12334,0.1214,0.9281948995583416,0.4084507042253521,1.0,286.81920738946667,501.58000000000027,1008.0,0.0,20160.0,31200.0,51360.0,20.0,5.0,15.0,160.0
8,August,s33322,urgent_first,13,14038,1704,12334,0.1214,1.0,1.0,1.0,286.5933454433205,526.5083333333336,0.0,0.0,0.0,31200.0,31200.0,20.0,5.0,15.0,160.0
8,August,s33322,rl5_dqn,13,14038,1704,12334,0.1214,0.999928764781308,0.999413145539906,1.0,285.8112884076553,520.5366666666667,1.0,0.0,20.0,31200.0,31220.0,20.0,5.0,15.0,160.0
8,August,s32121,fifo,9,14038,1704,12334,0.1214,0.3604502065821342,0.0375586854460093,0.4050591859899465,1668.1832300422666,2700.1316666666667,1640.0,7338.0,69490.0,21600.0,91090.0,20.0,5.0,15.0,160.0
8,August,s32121,urgent_first,9,14038,1704,12334,0.1214,0.4007693403618749,1.0,0.3179828117399059,1647.6938132212565,2847.4933333333333,0.0,8412.0,42060.0,21600.0,63660.0,20.0,5.0,15.0,160.0
8,August,s32121,rl5_dqn,9,14038,1704,12334,0.1214,0.3952842285225815,1.0,0.3117399059510297,1665.7833440186164,2868.2983333333336,0.0,8489.0,42445.0,21600.0,64045.0,20.0,5.0,15.0,160.0
8,August,s32112,fifo,9,14038,1704,12334,0.1214,0.3642256731728166,0.0381455399061032,0.4092751743149019,1662.738690221779,2693.28,1639.0,7286.0,69210.0,21600.0,90810.0,20.0,5.0,15.0,160.0
8,August,s32112,urgent_first,9,14038,1704,12334,0.1214,0.3984185781450349,1.0,0.3153072806875304,1650.4563648667902,2844.7716666666674,0.0,8445.0,42225.0,21600.0,63825.0,20.0,5.0,15.0,160.0
8,August,s32112,rl5_dqn,9,14038,1704,12334,0.1214,0.3962815215842712,1.0,0.3128749797308253,1664.132308733438,2859.873333333333,0.0,8475.0,42375.0,21600.0,63975.0,20.0,5.0,15.0,160.0
8,August,s32212,fifo,10,14038,1704,12334,0.1214,0.9273400769340362,0.4014084507042254,1.0,287.08971363442083,501.6266666666667,1020.0,0.0,20400.0,24000.0,44400.0,20.0,5.0,15.0,160.0
8,August,s32212,urgent_first,10,14038,1704,12334,0.1214,1.0,1.0,1.0,289.96227857719526,531.1383333333333,0.0,0.0,0.0,24000.0,24000.0,20.0,5.0,15.0,160.0
8,August,s32212,rl5_dqn,10,14038,1704,12334,0.1214,1.0,1.0,1.0,287.40624970318663,529.205,0.0,0.0,0.0,24000.0,24000.0,20.0,5.0,15.0,160.0
8,August,s33211,fifo,10,14038,1704,12334,0.1214,0.927268841715344,0.4008215962441314,1.0,289.82935128460844,510.9033333333334,1021.0,0.0,20420.0,24000.0,44420.0,20.0,5.0,15.0,160.0
8,August,s33211,urgent_first,10,14038,1704,12334,0.1214,1.0,1.0,1.0,289.9945588165456,525.0033333333334,0.0,0.0,0.0,24000.0,24000.0,20.0,5.0,15.0,160.0
8,August,s33211,rl5_dqn,10,14038,1704,12334,0.1214,0.999928764781308,0.999413145539906,1.0,288.6031034810277,525.9200000000001,1.0,0.0,20.0,24000.0,24020.0,20.0,5.0,15.0,160.0
8,August,s42211,fifo,10,14038,1704,12334,0.1214,0.947784584698675,0.5698356807511737,1.0,214.6392197369046,371.1866666666668,733.0,0.0,14660.0,24000.0,38660.0,20.0,5.0,15.0,160.0
8,August,s42211,urgent_first,10,14038,1704,12334,0.1214,1.0,1.0,1.0,213.23816070665336,387.53333333333336,0.0,0.0,0.0,24000.0,24000.0,20.0,5.0,15.0,160.0
8,August,s42211,rl5_dqn,10,14038,1704,12334,0.1214,0.9936600655364012,0.9477699530516432,1.0,213.81204706273448,382.3566666666668,89.0,0.0,1780.0,24000.0,25780.0,20.0,5.0,15.0,160.0
8,August,s23211,fifo,9,14038,1704,12334,0.1214,0.5874056133352329,0.0446009389671361,0.66239662720934,1192.1602958636083,1866.7950000000003,1628.0,4164.0,53380.0,21600.0,74980.0,20.0,5.0,15.0,160.0
8,August,s23211,urgent_first,9,14038,1704,12334,0.1214,0.596808662202593,1.0,0.5411058861683152,1189.0033884219024,1991.736666666667,0.0,5660.0,28300.0,21600.0,49900.0,20.0,5.0,15.0,160.0
8,August,s23211,rl5_dqn,9,14038,1704,12334,0.1214,0.5953127226100584,1.0,0.5394032754986217,1197.926167070333,2014.785,0.0,5681.0,28405.0,21600.0,50005.0,20.0,5.0,15.0,160.0
8,August,s22121,fifo,8,14038,1704,12334,0.1214,0.3633708505485112,0.0369718309859154,0.4084644073293335,1661.0145177375691,2691.6983333333333,1641.0,7296.0,69300.0,19200.0,88500.0,20.0,5.0,15.0,160.0
8,August,s22121,urgent_first,8,14038,1704,12334,0.1214,0.4025502208291779,1.0,0.3200097292038268,1643.0281759035,2833.6700000000005,0.0,8387.0,41935.0,19200.0,61135.0,20.0,5.0,15.0,160.0
8,August,s22121,rl5_dqn,8,14038,1704,12334,0.1214,0.3981336372702664,1.0,0.314982973893303,1645.3369829510375,2809.4933333333333,0.0,8449.0,42245.0,19200.0,61445.0,20.0,5.0,15.0,160.0
8,August,s22112,fifo,8,14038,1704,12334,0.1214,0.3569596808662202,0.0375586854460093,0.4010864277606616,1681.2403963052666,2733.353333333334,1640.0,7387.0,69735.0,19200.0,88935.0,20.0,5.0,15.0,160.0
8,August,s22112,urgent_first,8,14038,1704,12334,0.1214,0.3944294058982761,1.0,0.3107669855683476,1657.6523056465785,2843.1133333333337,0.0,8501.0,42505.0,19200.0,61705.0,20.0,5.0,15.0,160.0
8,August,s22112,rl5_dqn,8,14038,1704,12334,0.1214,0.3980624020515743,0.999413145539906,0.314982973893303,1658.9031438476516,2856.981666666667,1.0,8449.0,42265.0,19200.0,61465.0,20.0,5.0,15.0,160.0
9,September,s11111,fifo,5,19195,2279,16916,0.1187,0.0144829382651732,0.0021939447125932,0.0161385670371246,28106.40519579751,49005.566666666666,2274.0,16643.0,128695.0,12000.0,140695.0,20.0,5.0,15.0,160.0
9,September,s11111,urgent_first,5,19195,2279,16916,0.1187,0.1280020838760093,1.0,0.0105225821707259,28310.17669531996,49979.45,0.0,16738.0,83690.0,12000.0,95690.0,20.0,5.0,15.0,160.0
9,September,s11111,rl5_dqn,5,19195,2279,16916,0.1187,0.0312060432404271,0.1873628784554629,0.0101678883896902,28009.84871320656,45787.55333333336,1852.0,16744.0,120760.0,12000.0,132760.0,20.0,5.0,15.0,160.0
9,September,s21111,fifo,6,19195,2279,16916,0.1187,0.0462620474081792,0.0065818341377797,0.0516079451406952,6243.893877745942,10457.566666666668,2264.0,16043.0,125495.0,14400.0,139895.0,20.0,5.0,15.0,160.0
9,September,s21111,urgent_first,6,19195,2279,16916,0.1187,0.1459234175566554,1.0,0.0308583589501064,6253.613925501432,11221.45,0.0,16394.0,81970.0,14400.0,96370.0,20.0,5.0,15.0,160.0
9,September,s21111,rl5_dqn,6,19195,2279,16916,0.1187,0.1439958322479812,1.0,0.0286710806337195,6275.963449683078,11200.72,0.0,16431.0,82155.0,14400.0,96555.0,20.0,5.0,15.0,160.0
9,September,s31111,fifo,7,19195,2279,16916,0.1187,0.0442302682990362,0.0065818341377797,0.0493024355639631,6290.942176782149,10488.73,2264.0,16082.0,125690.0,16800.0,142490.0,20.0,5.0,15.0,160.0
9,September,s31111,urgent_first,7,19195,2279,16916,0.1187,0.1444647043500911,1.0,0.0292031213052731,6207.9688495267865,11156.360000000002,0.0,16422.0,82110.0,16800.0,98910.0,20.0,5.0,15.0,160.0
9,September,s31111,rl5_dqn,7,19195,2279,16916,0.1187,0.1438395415472779,1.0,0.0284937337432017,6263.048203525224,11208.986666666668,0.0,16434.0,82170.0,16800.0,98970.0,20.0,5.0,15.0,160.0
9,September,s32111,fifo,8,19195,2279,16916,0.1187,0.0449075280020838,0.0070206230802983,0.0500118231260345,6260.610645133282,10418.16,2263.0,16070.0,125610.0,19200.0,144810.0,20.0,5.0,15.0,160.0
9,September,s32111,urgent_first,8,19195,2279,16916,0.1187,0.1426413128418859,1.0,0.0271340742492314,6280.514104367457,11197.723333333335,0.0,16457.0,82285.0,19200.0,101485.0,20.0,5.0,15.0,160.0
9,September,s32111,rl5_dqn,8,19195,2279,16916,0.1187,0.1449856733524355,1.0,0.0297942776069992,6238.171735695059,11176.09,0.0,16412.0,82060.0,19200.0,101260.0,20.0,5.0,15.0,160.0
9,September,s32211,fifo,9,19195,2279,16916,0.1187,0.8895024746027611,0.0693286529179464,1.0,679.9817330902144,1022.5333333333336,2121.0,0.0,42420.0,21600.0,64020.0,20.0,5.0,15.0,160.0
9,September,s32211,urgent_first,9,19195,2279,16916,0.1187,0.9951549882781976,1.0,0.9945022463939466,678.2344482069983,1077.9166666666667,0.0,93.0,465.0,21600.0,22065.0,20.0,5.0,15.0,160.0
9,September,s32211,rl5_dqn,9,19195,2279,16916,0.1187,0.9657723365459756,0.711715664765248,1.0,685.2677042632629,1021.1533333333334,657.0,0.0,13140.0,21600.0,34740.0,20.0,5.0,15.0,160.0
9,September,s32221,fifo,10,19195,2279,16916,0.1187,0.8889815056004168,0.0649407634927599,1.0,675.5597317009639,1021.2666666666668,2131.0,0.0,42620.0,24000.0,66620.0,20.0,5.0,15.0,160.0
9,September,s32221,urgent_first,10,19195,2279,16916,0.1187,0.9923938525657724,1.0,0.991369117994798,685.6261743509596,1099.0466666666666,0.0,146.0,730.0,24000.0,24730.0,20.0,5.0,15.0,160.0
9,September,s32221,rl5_dqn,10,19195,2279,16916,0.1187,0.97181557697317,0.7626151820974112,1.0,682.7170026916731,1038.0533333333335,541.0,0.0,10820.0,24000.0,34820.0,20.0,5.0,15.0,160.0
9,September,s33322,fifo,13,19195,2279,16916,0.1187,0.8893461839020578,0.0680122860903905,1.0,670.6026005036034,1010.8766666666668,2124.0,0.0,42480.0,31200.0,73680.0,20.0,5.0,15.0,160.0
9,September,s33322,urgent_first,13,19195,2279,16916,0.1187,0.995102891377963,1.0,0.994443130763774,678.2315524876269,1083.506666666667,0.0,94.0,470.0,31200.0,31670.0,20.0,5.0,15.0,160.0
9,September,s33322,rl5_dqn,13,19195,2279,16916,0.1187,0.9721802552748112,0.7656867046950416,1.0,677.2085438916384,1035.5366666666669,534.0,0.0,10680.0,31200.0,41880.0,20.0,5.0,15.0,160.0
9,September,s32121,fifo,9,19195,2279,16916,0.1187,0.0465225319093513,0.0070206230802983,0.0518444076613856,6187.06576365373,10341.123333333331,2263.0,16039.0,125455.0,21600.0,147055.0,20.0,5.0,15.0,160.0
9,September,s32121,urgent_first,9,19195,2279,16916,0.1187,0.1441521229486845,1.0,0.0288484275242374,6253.180929061387,11223.48666666667,0.0,16428.0,82140.0,21600.0,103740.0,20.0,5.0,15.0,160.0
9,September,s32121,rl5_dqn,9,19195,2279,16916,0.1187,0.1440479291482156,1.0,0.0287301962638921,6241.219027524529,11170.1,0.0,16430.0,82150.0,21600.0,103750.0,20.0,5.0,15.0,160.0
9,September,s32112,fifo,9,19195,2279,16916,0.1187,0.0433967178952852,0.0070206230802983,0.0482974698510286,6244.870376834245,10403.206666666669,2263.0,16099.0,125755.0,21600.0,147355.0,20.0,5.0,15.0,160.0
9,September,s32112,urgent_first,9,19195,2279,16916,0.1187,0.141703568637666,1.0,0.0260699929061243,6283.122870539204,11215.643333333332,0.0,16475.0,82375.0,21600.0,103975.0,20.0,5.0,15.0,160.0
9,September,s32112,rl5_dqn,9,19195,2279,16916,0.1187,0.145402448554311,1.0,0.0302672026483802,6234.434335330383,11192.636666666667,0.0,16404.0,82020.0,21600.0,103620.0,20.0,5.0,15.0,160.0
9,September,s32212,fifo,10,19195,2279,16916,0.1187,0.8899713467048711,0.0732777534006143,1.0,668.6537457671268,1021.6933333333334,2112.0,0.0,42240.0,24000.0,66240.0,20.0,5.0,15.0,160.0
9,September,s32212,urgent_first,10,19195,2279,16916,0.1187,0.9954154727793696,1.0,0.9947978245448096,668.902688200052,1074.8333333333337,0.0,88.0,440.0,24000.0,24440.0,20.0,5.0,15.0,160.0
9,September,s32212,rl5_dqn,10,19195,2279,16916,0.1187,0.9570200573065902,0.637999122422115,1.0,675.1422531909352,1033.64,825.0,0.0,16500.0,24000.0,40500.0,20.0,5.0,15.0,160.0
9,September,s33211,fifo,10,19195,2279,16916,0.1187,0.8896587653034644,0.0706450197455024,1.0,681.6676426152644,1031.336666666667,2118.0,0.0,42360.0,24000.0,66360.0,20.0,5.0,15.0,160.0
9,September,s33211,urgent_first,10,19195,2279,16916,0.1187,0.9934878874706956,1.0,0.9926105462284228,679.9883719718678,1086.56,0.0,125.0,625.0,24000.0,24625.0,20.0,5.0,15.0,160.0
9,September,s33211,rl5_dqn,10,19195,2279,16916,0.1187,0.9568637666058868,0.636682755594559,1.0,674.0501085352088,1022.8300000000002,828.0,0.0,16560.0,24000.0,40560.0,20.0,5.0,15.0,160.0
9,September,s42211,fifo,10,19195,2279,16916,0.1187,0.919249804636624,0.3198771390960948,1.0,352.8533177042633,607.9833333333337,1550.0,0.0,31000.0,24000.0,55000.0,20.0,5.0,15.0,160.0
9,September,s42211,urgent_first,10,19195,2279,16916,0.1187,1.0,1.0,1.0,352.2308708865156,626.2466666666668,0.0,0.0,0.0,24000.0,24000.0,20.0,5.0,15.0,160.0
9,September,s42211,rl5_dqn,10,19195,2279,16916,0.1187,0.9834331857254494,0.8604651162790697,1.0,354.9056533819571,622.5233333333334,318.0,0.0,6360.0,24000.0,30360.0,20.0,5.0,15.0,160.0
9,September,s23211,fifo,9,19195,2279,16916,0.1187,0.1011200833550403,0.0131636682755594,0.1129699692598723,3395.190027785013,5427.926666666667,2249.0,15005.0,120005.0,21600.0,141605.0,20.0,5.0,15.0,160.0
9,September,s23211,urgent_first,9,19195,2279,16916,0.1187,0.1889033602500651,1.0,0.0796287538425159,3432.431249457324,5886.166666666667,0.0,15569.0,77845.0,21600.0,99445.0,20.0,5.0,15.0,160.0
9,September,s23211,rl5_dqn,9,19195,2279,16916,0.1187,0.1871841625423287,1.0,0.0776779380468195,3565.68431362334,6185.170000000001,0.0,15602.0,78010.0,21600.0,99610.0,20.0,5.0,15.0,160.0
9,September,s22121,fifo,8,19195,2279,16916,0.1187,0.0441260744985673,0.0065818341377797,0.0491842043036178,6248.728873838674,10428.446666666669,2264.0,16084.0,125700.0,19200.0,144900.0,20.0,5.0,15.0,160.0
9,September,s22121,urgent_first,8,19195,2279,16916,0.1187,0.1439437353477468,1.0,0.0286119650035469,6294.897262307893,11285.756666666668,0.0,16432.0,82160.0,19200.0,101360.0,20.0,5.0,15.0,160.0
9,September,s22121,rl5_dqn,8,19195,2279,16916,0.1187,0.1432143787444647,1.0,0.0277843461811302,6241.853782234956,11137.013333333334,0.0,16446.0,82230.0,19200.0,101430.0,20.0,5.0,15.0,160.0
9,September,s22112,fifo,8,19195,2279,16916,0.1187,0.0424589736910653,0.0065818341377797,0.0472925041380941,6267.969473821308,10433.573333333334,2264.0,16116.0,125860.0,19200.0,145060.0,20.0,5.0,15.0,160.0
9,September,s22112,urgent_first,8,19195,2279,16916,0.1187,0.14456889815056,1.0,0.0293213525656183,6154.756532083008,11018.116666666669,0.0,16420.0,82100.0,19200.0,101300.0,20.0,5.0,15.0,160.0
9,September,s22112,rl5_dqn,8,19195,2279,16916,0.1187,0.1438916384475123,1.0,0.0285528493733743,6227.959977424677,11121.673333333334,0.0,16433.0,82165.0,19200.0,101365.0,20.0,5.0,15.0,160.0
10,October,s11111,fifo,5,21883,2704,19179,0.1236,0.0126582278481012,0.0011094674556213,0.0142864591480264,33964.13650779143,61710.66666666666,2701.0,18905.0,148545.0,12000.0,160545.0,20.0,5.0,15.0,160.0
10,October,s11111,urgent_first,5,21883,2704,19179,0.1236,0.1277247178174839,0.9693047337278108,0.0090724229626153,34170.05677238039,62042.96666666667,83.0,19005.0,96685.0,12000.0,108685.0,20.0,5.0,15.0,160.0
10,October,s11111,rl5_dqn,5,21883,2704,19179,0.1236,0.0185532148242928,0.0835798816568047,0.00938526513374,33905.461687154406,71541.55,2478.0,18999.0,144555.0,12000.0,156555.0,20.0,5.0,15.0,160.0
10,October,s21111,fifo,6,21883,2704,19179,0.1236,0.0558881323401727,0.0062869822485207,0.0628812763960581,10018.948418102333,17923.516666666663,2687.0,17973.0,143605.0,14400.0,158005.0,20.0,5.0,15.0,160.0
10,October,s21111,urgent_first,6,21883,2704,19179,0.1236,0.1604898779874788,1.0,0.0421294123781219,9971.416786241982,18217.086666666662,0.0,18371.0,91855.0,14400.0,106255.0,20.0,5.0,15.0,160.0
10,October,s21111,rl5_dqn,6,21883,2704,19179,0.1236,0.1628204542338801,1.0,0.0447885708326815,10051.241805663452,18371.16,0.0,18320.0,91600.0,14400.0,106000.0,20.0,5.0,15.0,160.0
10,October,s31111,fifo,7,21883,2704,19179,0.1236,0.0569848741031851,0.0070266272189349,0.0640283643568486,9967.294019710887,17803.409999999993,2685.0,17951.0,143455.0,16800.0,160255.0,20.0,5.0,15.0,160.0
10,October,s31111,urgent_first,7,21883,2704,19179,0.1236,0.1623634784992917,1.0,0.0442671672141404,9956.976508400738,18223.916666666668,0.0,18330.0,91650.0,16800.0,108450.0,20.0,5.0,15.0,160.0
10,October,s31111,rl5_dqn,7,21883,2704,19179,0.1236,0.1607640634282319,1.0,0.0424422545492465,10051.745701381593,18355.283333333333,0.0,18365.0,91825.0,16800.0,108625.0,20.0,5.0,15.0,160.0
10,October,s32111,fifo,8,21883,2704,19179,0.1236,0.0574418498377736,0.0070266272189349,0.0645497679753897,10000.216003290228,17893.756666666668,2685.0,17941.0,143405.0,19200.0,162605.0,20.0,5.0,15.0,160.0
10,October,s32111,urgent_first,8,21883,2704,19179,0.1236,0.163780103276516,1.0,0.0458835184316179,9990.436364605706,18308.91333333333,0.0,18299.0,91495.0,19200.0,110695.0,20.0,5.0,15.0,160.0
10,October,s32111,rl5_dqn,8,21883,2704,19179,0.1236,0.1629118493807979,1.0,0.0448928515563898,10008.165756523327,18285.95333333333,0.0,18318.0,91590.0,19200.0,110790.0,20.0,5.0,15.0,160.0
10,October,s32211,fifo,9,21883,2704,19179,0.1236,0.5059635333363799,0.048076923076923,0.5705198394076855,1275.2889541348688,2011.2833333333333,2574.0,8237.0,92665.0,21600.0,114265.0,20.0,5.0,15.0,160.0
10,October,s32211,urgent_first,9,21883,2704,19179,0.1236,0.5001142439336471,1.0,0.4296365816778768,1291.2210863836465,2160.7,0.0,10939.0,54695.0,21600.0,76295.0,20.0,5.0,15.0,160.0
10,October,s32211,rl5_dqn,9,21883,2704,19179,0.1236,0.741900105104419,0.4552514792899408,0.7823139892590855,1283.1797887248854,2025.493333333333,1473.0,4175.0,50335.0,21600.0,71935.0,20.0,5.0,15.0,160.0
10,October,s32221,fifo,10,21883,2704,19179,0.1236,0.5014851711374126,0.048076923076923,0.5654100839459826,1282.2642743986962,2017.2833333333333,2574.0,8335.0,93155.0,24000.0,117155.0,20.0,5.0,15.0,160.0
10,October,s32221,urgent_first,10,21883,2704,19179,0.1236,0.5082941095827812,1.0,0.4389697064497627,1277.178568599674,2149.333333333333,0.0,10760.0,53800.0,24000.0,77800.0,20.0,5.0,15.0,160.0
10,October,s32221,rl5_dqn,10,21883,2704,19179,0.1236,0.6776950143947357,0.6301775147928994,0.6843943896970645,1277.4169728404088,2186.09,1000.0,6053.0,50265.0,24000.0,74265.0,20.0,5.0,15.0,160.0
10,October,s33322,fifo,13,21883,2704,19179,0.1236,0.4984234337156697,0.0469674556213017,0.5620731007873194,1286.2081440692164,2025.49,2577.0,8399.0,93535.0,31200.0,124735.0,20.0,5.0,15.0,160.0
10,October,s33322,urgent_first,13,21883,2704,19179,0.1236,0.4965498332038568,1.0,0.4255696334532561,1300.5035377538122,2177.36,0.0,11017.0,55085.0,31200.0,86285.0,20.0,5.0,15.0,160.0
10,October,s33322,rl5_dqn,13,21883,2704,19179,0.1236,0.6767810629255586,0.6309171597633136,0.683247301736274,1283.8894499535409,2215.5533333333333,998.0,6075.0,50335.0,31200.0,81535.0,20.0,5.0,15.0,160.0
10,October,s32121,fifo,9,21883,2704,19179,0.1236,0.0570762692501028,0.0070266272189349,0.0641326450805568,10034.371614952246,17947.973333333335,2685.0,17949.0,143445.0,21600.0,165045.0,20.0,5.0,15.0,160.0
10,October,s32121,urgent_first,9,21883,2704,19179,0.1236,0.1630032445277155,1.0,0.044997132280098,9988.66286995994,18336.57,0.0,18316.0,91580.0,21600.0,113180.0,20.0,5.0,15.0,160.0
10,October,s32121,rl5_dqn,9,21883,2704,19179,0.1236,0.1614952246035735,1.0,0.0432765003389123,10002.756194306085,18298.786666666667,0.0,18349.0,91745.0,21600.0,113345.0,20.0,5.0,15.0,160.0
10,October,s32112,fifo,9,21883,2704,19179,0.1236,0.0568934789562674,0.0066568047337278,0.0639762239949945,10034.86759585066,17936.636666666665,2686.0,17952.0,143480.0,21600.0,165080.0,20.0,5.0,15.0,160.0
10,October,s32112,urgent_first,9,21883,2704,19179,0.1236,0.1619978979116209,1.0,0.0438500443193075,9978.273819098538,18279.526666666665,0.0,18338.0,91690.0,21600.0,113290.0,20.0,5.0,15.0,160.0
10,October,s32112,rl5_dqn,9,21883,2704,19179,0.1236,0.1623634784992917,1.0,0.0442671672141404,10040.150059406846,18362.24,0.0,18330.0,91650.0,21600.0,113250.0,20.0,5.0,15.0,160.0
10,October,s32212,fifo,10,21883,2704,19179,0.1236,0.5014394735639538,0.048076923076923,0.5653579435841285,1274.5470806866822,1996.2733333333333,2574.0,8336.0,93160.0,24000.0,117160.0,20.0,5.0,15.0,160.0
10,October,s32212,urgent_first,10,21883,2704,19179,0.1236,0.4967783210711511,1.0,0.4258303352625267,1295.2490433974624,2185.4966666666664,0.0,11012.0,55060.0,24000.0,79060.0,20.0,5.0,15.0,160.0
10,October,s32212,rl5_dqn,10,21883,2704,19179,0.1236,0.6493625188502491,0.676405325443787,0.6455498201157516,1283.670300385383,2164.29,875.0,6798.0,51490.0,24000.0,75490.0,20.0,5.0,15.0,160.0
10,October,s33211,fifo,10,21883,2704,19179,0.1236,0.5022163323127542,0.0502958579881656,0.5659314875645237,1278.3963997928377,2007.4033333333332,2568.0,8325.0,92985.0,24000.0,116985.0,20.0,5.0,15.0,160.0
10,October,s33211,urgent_first,10,21883,2704,19179,0.1236,0.5009824978293652,1.0,0.4306272485531049,1287.6890858962056,2161.583333333333,0.0,10920.0,54600.0,24000.0,78600.0,20.0,5.0,15.0,160.0
10,October,s33211,rl5_dqn,10,21883,2704,19179,0.1236,0.6753644381483344,0.6301775147928994,0.6817352312425048,1286.8654632972325,2203.2566666666667,1000.0,6104.0,50520.0,24000.0,74520.0,20.0,5.0,15.0,160.0
10,October,s42211,fifo,10,21883,2704,19179,0.1236,0.8854361833386647,0.0728550295857988,1.0,683.4354559856205,1061.0933333333332,2507.0,0.0,50140.0,24000.0,74140.0,20.0,5.0,15.0,160.0
10,October,s42211,urgent_first,10,21883,2704,19179,0.1236,0.9982177946351048,1.0,0.9979665258876896,685.6997121052873,1136.7666666666669,0.0,39.0,195.0,24000.0,24195.0,20.0,5.0,15.0,160.0
10,October,s42211,rl5_dqn,10,21883,2704,19179,0.1236,0.912352054105927,0.2906804733727811,1.0,691.12661274353,1029.5466666666666,1918.0,0.0,38360.0,24000.0,62360.0,20.0,5.0,15.0,160.0
10,October,s23211,fifo,9,21883,2704,19179,0.1236,0.0705113558470045,0.0081360946745562,0.0793054903801032,7317.84379503115,12634.376666666669,2682.0,17658.0,141930.0,21600.0,163530.0,20.0,5.0,15.0,160.0
10,October,s23211,urgent_first,9,21883,2704,19179,0.1236,0.1789060000913951,1.0,0.0631419782053287,7299.997330500083,13354.976666666667,0.0,17968.0,89840.0,21600.0,111440.0,20.0,5.0,15.0,160.0
10,October,s23211,rl5_dqn,9,21883,2704,19179,0.1236,0.1791801855321482,1.0,0.0634548203764534,7258.299746378467,13332.02,0.0,17962.0,89810.0,21600.0,111410.0,20.0,5.0,15.0,160.0
10,October,s22121,fifo,8,21883,2704,19179,0.1236,0.0564365032216789,0.0070266272189349,0.0634026800145993,10058.021637801034,17992.28333333333,2685.0,17963.0,143515.0,19200.0,162715.0,20.0,5.0,15.0,160.0
10,October,s22121,urgent_first,8,21883,2704,19179,0.1236,0.1626376639400447,1.0,0.0445800093852651,10000.343709729012,18244.89,0.0,18324.0,91620.0,19200.0,110820.0,20.0,5.0,15.0,160.0
10,October,s22121,rl5_dqn,8,21883,2704,19179,0.1236,0.1621806882054562,1.0,0.044058605766724,10061.861529497784,18366.09333333333,0.0,18334.0,91670.0,19200.0,110870.0,20.0,5.0,15.0,160.0
10,October,s22112,fifo,8,21883,2704,19179,0.1236,0.0575789425581501,0.0066568047337278,0.0647583294228062,9975.892803393805,17855.946666666667,2686.0,17937.0,143405.0,19200.0,162605.0,20.0,5.0,15.0,160.0
10,October,s22112,urgent_first,8,21883,2704,19179,0.1236,0.1616780148974089,1.0,0.0434850617863288,10059.85835732456,18375.61333333333,0.0,18345.0,91725.0,19200.0,110925.0,20.0,5.0,15.0,160.0
10,October,s22112,rl5_dqn,8,21883,2704,19179,0.1236,0.1624548736462094,1.0,0.0443714479378486,9983.32028286798,18194.34333333333,0.0,18328.0,91640.0,19200.0,110840.0,20.0,5.0,15.0,160.0
11,November,s11111,fifo,5,27873,3350,24523,0.1202,0.0099738097800739,0.0023880597014925,0.0110100721771398,52311.79231334983,93368.06333333332,3342.0,24253.0,188105.0,12000.0,200105.0,20.0,5.0,15.0,160.0
11,November,s11111,urgent_first,5,27873,3350,24523,0.1202,0.0963297815089871,0.7692537313432836,0.0044040288708559,52550.75145242109,94134.12333333334,773.0,24415.0,137535.0,12000.0,149535.0,20.0,5.0,15.0,160.0
11,November,s11111,rl5_dqn,5,27873,3350,24523,0.1202,0.0114088903239694,0.0164179104477611,0.0107246258614362,52037.342797689525,106312.25,3295.0,24260.0,187200.0,12000.0,199200.0,20.0,5.0,15.0,160.0
11,November,s21111,fifo,6,27873,3350,24523,0.1202,0.0189789401930183,0.0053731343283582,0.0208375810463646,20602.73047752305,35686.86666666667,3332.0,24012.0,186700.0,14400.0,201100.0,20.0,5.0,15.0,160.0
11,November,s21111,urgent_first,6,27873,3350,24523,0.1202,0.1332113514871022,1.0,0.0148024303714879,20578.67889415085,36111.46,0.0,24160.0,120800.0,14400.0,135200.0,20.0,5.0,15.0,160.0
11,November,s21111,rl5_dqn,6,27873,3350,24523,0.1202,0.050191942022746,0.3122388059701492,0.0143946499204828,20620.7236004975,31675.516666666663,2304.0,24170.0,166930.0,14400.0,181330.0,20.0,5.0,15.0,160.0
11,November,s31111,fifo,7,27873,3350,24523,0.1202,0.0188354321386287,0.0053731343283582,0.0206744688659625,20554.451759767515,35619.22666666667,3332.0,24016.0,186720.0,16800.0,203520.0,20.0,5.0,15.0,160.0
11,November,s31111,urgent_first,7,27873,3350,24523,0.1202,0.1331395974599074,1.0,0.0147208742812869,20648.63007629845,36176.76,0.0,24162.0,120810.0,16800.0,137610.0,20.0,5.0,15.0,160.0
11,November,s31111,rl5_dqn,7,27873,3350,24523,0.1202,0.1331395974599074,1.0,0.0147208742812869,20464.261490211557,35928.07666666667,0.0,24162.0,120810.0,16800.0,137610.0,20.0,5.0,15.0,160.0
11,November,s32111,fifo,8,27873,3350,24523,0.1202,0.018763678111434,0.0053731343283582,0.0205929127757615,20545.336144895304,35557.76666666666,3332.0,24018.0,186730.0,19200.0,205930.0,20.0,5.0,15.0,160.0
11,November,s32111,urgent_first,8,27873,3350,24523,0.1202,0.1328884583647257,1.0,0.0144354279655833,20499.83024611631,35895.02333333334,0.0,24169.0,120845.0,19200.0,140045.0,20.0,5.0,15.0,160.0
11,November,s32111,rl5_dqn,8,27873,3350,24523,0.1202,0.1329602123919205,1.0,0.0145169840557843,20619.775088197657,36045.69666666666,0.0,24167.0,120835.0,19200.0,140035.0,20.0,5.0,15.0,160.0
11,November,s32211,fifo,9,27873,3350,24523,0.1202,0.0451691601191116,0.0086567164179104,0.0501569954736369,4636.705603391573,6971.986666666666,3321.0,23293.0,182885.0,21600.0,204485.0,20.0,5.0,15.0,160.0
11,November,s32211,urgent_first,9,27873,3350,24523,0.1202,0.1478850500484339,1.0,0.0314806508175998,4621.920587426303,7714.34,0.0,23751.0,118755.0,21600.0,140355.0,20.0,5.0,15.0,160.0
11,November,s32211,rl5_dqn,9,27873,3350,24523,0.1202,0.1470957557492914,1.0,0.0305835338253884,4657.148612157524,7749.916666666666,0.0,23773.0,118865.0,21600.0,140465.0,20.0,5.0,15.0,160.0
11,November,s32221,fifo,10,27873,3350,24523,0.1202,0.0431241703440605,0.0086567164179104,0.0478326469029074,4593.053344933568,6883.333333333333,3321.0,23350.0,183170.0,24000.0,207170.0,20.0,5.0,15.0,160.0
11,November,s32221,urgent_first,10,27873,3350,24523,0.1202,0.1466652315861227,1.0,0.0300941972841821,4613.704613185999,7672.72,0.0,23785.0,118925.0,24000.0,142925.0,20.0,5.0,15.0,160.0
11,November,s32221,rl5_dqn,10,27873,3350,24523,0.1202,0.1471316327628888,1.0,0.0306243118704889,4609.096454155157,7676.016666666666,0.0,23772.0,118860.0,24000.0,142860.0,20.0,5.0,15.0,160.0
11,November,s33322,fifo,13,27873,3350,24523,0.1202,0.046030208445449,0.0086567164179104,0.0511356685560494,4631.122708355757,7021.886666666666,3321.0,23269.0,182765.0,31200.0,213965.0,20.0,5.0,15.0,160.0
11,November,s33322,urgent_first,13,27873,3350,24523,0.1202,0.1475262799124601,1.0,0.0310728703665946,4637.684946005094,7744.846666666666,0.0,23761.0,118805.0,31200.0,150005.0,20.0,5.0,15.0,160.0
11,November,s33322,rl5_dqn,13,27873,3350,24523,0.1202,0.1480285581028235,1.0,0.0316437629980018,4558.404402109569,7606.393333333333,0.0,23747.0,118735.0,31200.0,149935.0,20.0,5.0,15.0,160.0
11,November,s32121,fifo,9,27873,3350,24523,0.1202,0.0191224482474078,0.0053731343283582,0.0210006932267667,20563.07541647233,35565.316666666666,3332.0,24008.0,186680.0,21600.0,208280.0,20.0,5.0,15.0,160.0
11,November,s32121,urgent_first,9,27873,3350,24523,0.1202,0.1328525813511283,1.0,0.0143946499204828,20611.32704648465,36075.53333333333,0.0,24170.0,120850.0,21600.0,142450.0,20.0,5.0,15.0,160.0
11,November,s32121,rl5_dqn,9,27873,3350,24523,0.1202,0.1334266135686865,1.0,0.015047098642091,20515.189642306173,35963.95666666667,0.0,24154.0,120770.0,21600.0,142370.0,20.0,5.0,15.0,160.0
11,November,s32112,fifo,9,27873,3350,24523,0.1202,0.0190506942202131,0.0053731343283582,0.0209191371365656,20473.3370591612,35509.11333333333,3332.0,24010.0,186690.0,21600.0,208290.0,20.0,5.0,15.0,160.0
11,November,s32112,urgent_first,9,27873,3350,24523,0.1202,0.1333548595414917,1.0,0.01496554255189,20510.785554718423,35980.94666666667,0.0,24156.0,120780.0,21600.0,142380.0,20.0,5.0,15.0,160.0
11,November,s32112,rl5_dqn,9,27873,3350,24523,0.1202,0.1329602123919205,1.0,0.0145169840557843,20464.03559836879,35854.17,0.0,24167.0,120835.0,21600.0,142435.0,20.0,5.0,15.0,160.0
11,November,s32212,fifo,10,27873,3350,24523,0.1202,0.0450974060919169,0.0086567164179104,0.0500754393834359,4626.427939822289,6954.693333333334,3321.0,23295.0,182895.0,24000.0,206895.0,20.0,5.0,15.0,160.0
11,November,s32212,urgent_first,10,27873,3350,24523,0.1202,0.1474545258852653,1.0,0.0309913142763935,4600.70424963226,7660.096666666666,0.0,23763.0,118815.0,24000.0,142815.0,20.0,5.0,15.0,160.0
11,November,s32212,rl5_dqn,10,27873,3350,24523,0.1202,0.1477415419940444,1.0,0.0313175386371977,4629.893982826869,7725.713333333333,0.0,23755.0,118775.0,24000.0,142775.0,20.0,5.0,15.0,160.0
11,November,s33211,fifo,10,27873,3350,24523,0.1202,0.0450615290783195,0.0086567164179104,0.0500346613383354,4631.000239778041,6977.593333333333,3321.0,23296.0,182900.0,24000.0,206900.0,20.0,5.0,15.0,160.0
11,November,s33211,urgent_first,10,27873,3350,24523,0.1202,0.1478850500484339,1.0,0.0314806508175998,4603.263624893863,7647.266666666666,0.0,23751.0,118755.0,24000.0,142755.0,20.0,5.0,15.0,160.0
11,November,s33211,rl5_dqn,10,27873,3350,24523,0.1202,0.1470240017220966,1.0,0.0305019777351873,4605.4676192013785,7679.156666666667,0.0,23775.0,118875.0,24000.0,142875.0,20.0,5.0,15.0,160.0
11,November,s42211,fifo,10,27873,3350,24523,0.1202,0.3048469845370071,0.0465671641791044,0.3401296741834196,1784.4037640966762,2824.1966666666667,3194.0,16182.0,144790.0,24000.0,168790.0,20.0,5.0,15.0,160.0
11,November,s42211,urgent_first,10,27873,3350,24523,0.1202,0.3521328884583647,1.0,0.2636300615748481,1786.7551806407637,2975.84,0.0,18058.0,90290.0,24000.0,114290.0,20.0,5.0,15.0,160.0
11,November,s42211,rl5_dqn,10,27873,3350,24523,0.1202,0.4030064937394611,0.2650746268656716,0.4218488765648575,1782.4553199631662,2317.123333333333,2462.0,14178.0,120130.0,24000.0,144130.0,20.0,5.0,15.0,160.0
11,November,s23211,fifo,9,27873,3350,24523,0.1202,0.0207010368456929,0.0059701492537313,0.0227133711209884,16639.454484028753,28309.76333333333,3330.0,23966.0,186430.0,21600.0,208030.0,20.0,5.0,15.0,160.0
11,November,s23211,urgent_first,9,27873,3350,24523,0.1202,0.1354716033437376,1.0,0.0173714472128206,16530.085772372306,28765.336666666662,0.0,24097.0,120485.0,21600.0,142085.0,20.0,5.0,15.0,160.0
11,November,s23211,rl5_dqn,9,27873,3350,24523,0.1202,0.1352563412621533,1.0,0.0171267789422175,16415.37403520731,28516.46,0.0,24103.0,120515.0,21600.0,142115.0,20.0,5.0,15.0,160.0
11,November,s22121,fifo,8,27873,3350,24523,0.1202,0.0186560470706418,0.0053731343283582,0.0204705786404599,20648.215528169432,35698.85666666667,3332.0,24021.0,186745.0,19200.0,205945.0,20.0,5.0,15.0,160.0
11,November,s22121,urgent_first,8,27873,3350,24523,0.1202,0.1330319664191152,1.0,0.0145985401459854,20602.17329853263,36106.23666666667,0.0,24165.0,120825.0,19200.0,140025.0,20.0,5.0,15.0,160.0
11,November,s22121,rl5_dqn,8,27873,3350,24523,0.1202,0.0507659742403042,0.3143283582089552,0.0147616523263874,20574.73964828568,31605.106666666667,2297.0,24161.0,166745.0,19200.0,185945.0,20.0,5.0,15.0,160.0
11,November,s22112,fifo,8,27873,3350,24523,0.1202,0.0189430631794209,0.0053731343283582,0.0207968030012641,20570.66928688456,35592.14666666667,3332.0,24013.0,186705.0,19200.0,205905.0,20.0,5.0,15.0,160.0
11,November,s22112,urgent_first,8,27873,3350,24523,0.1202,0.1330678434327126,1.0,0.0146393181910859,20584.366570994636,36114.43333333333,0.0,24164.0,120820.0,19200.0,140020.0,20.0,5.0,15.0,160.0
11,November,s22112,rl5_dqn,8,27873,3350,24523,0.1202,0.0508736052810964,0.3188059701492537,0.0142723157851812,20602.92055633289,31652.466666666667,2282.0,24173.0,166505.0,19200.0,185705.0,20.0,5.0,15.0,160.0
12,December,s11111,fifo,5,30681,3845,26836,0.1253,0.0088328281346761,0.0023407022106631,0.0097630049187658,57031.9392903317,100993.25,3836.0,26574.0,209590.0,12000.0,221590.0,20.0,5.0,15.0,160.0
12,December,s11111,urgent_first,5,30681,3845,26836,0.1253,0.1000293341155764,0.7674902470741223,0.0043970785511998,56890.78595547733,101191.75,894.0,26718.0,151470.0,12000.0,163470.0,20.0,5.0,15.0,160.0
12,December,s11111,rl5_dqn,5,30681,3845,26836,0.1253,0.0100713796812359,0.0504551365409622,0.0042852884185422,56852.500523668285,115384.83333333331,3651.0,26721.0,206625.0,12000.0,218625.0,20.0,5.0,15.0,160.0
12,December,s21111,fifo,6,30681,3845,26836,0.1253,0.016850819725563,0.0028608582574772,0.0188552690415859,22042.51363873407,38308.75,3834.0,26330.0,208330.0,14400.0,222730.0,20.0,5.0,15.0,160.0
12,December,s21111,urgent_first,6,30681,3845,26836,0.1253,0.1363058570450767,1.0,0.0125577582352064,21921.934433362665,38398.68333333333,0.0,26499.0,132495.0,14400.0,146895.0,20.0,5.0,15.0,160.0
12,December,s21111,rl5_dqn,6,30681,3845,26836,0.1253,0.0341905413773996,0.1825747724317295,0.0129303920107318,21958.47640342014,44159.43333333333,3143.0,26489.0,195305.0,14400.0,209705.0,20.0,5.0,15.0,160.0
12,December,s31111,fifo,7,30681,3845,26836,0.1253,0.0168834131873146,0.0031209362808842,0.0188552690415859,21922.986498158465,38075.18333333333,3833.0,26330.0,208310.0,16800.0,225110.0,20.0,5.0,15.0,160.0
12,December,s31111,urgent_first,7,30681,3845,26836,0.1253,0.1362732635833251,1.0,0.0125204948576538,21933.485751224973,38370.55,0.0,26500.0,132500.0,16800.0,149300.0,20.0,5.0,15.0,160.0
12,December,s31111,rl5_dqn,7,30681,3845,26836,0.1253,0.1363710439685799,1.0,0.0126322849903115,21901.47410992688,38302.28333333333,0.0,26497.0,132485.0,16800.0,149285.0,20.0,5.0,15.0,160.0
12,December,s32111,fifo,8,30681,3845,26836,0.1253,0.0167530393403083,0.0031209362808842,0.0187062155313757,21972.6038797084,38212.75,3833.0,26334.0,208330.0,19200.0,227530.0,20.0,5.0,15.0,160.0
12,December,s32111,urgent_first,8,30681,3845,26836,0.1253,0.1365991982008409,1.0,0.0128931286331793,21967.467432069792,38449.21666666667,0.0,26490.0,132450.0,19200.0,151650.0,20.0,5.0,15.0,160.0
12,December,s32111,rl5_dqn,8,30681,3845,26836,0.1253,0.1365014178155862,1.0,0.0127813385005216,21971.443842008623,38510.88333333333,0.0,26493.0,132465.0,19200.0,151665.0,20.0,5.0,15.0,160.0
12,December,s32211,fifo,9,30681,3845,26836,0.1253,0.0682181154460415,0.0080624187256176,0.0768370845133402,4287.767649902763,6907.716666666666,3814.0,24774.0,200150.0,21600.0,221750.0,20.0,5.0,15.0,160.0
12,December,s32211,urgent_first,9,30681,3845,26836,0.1253,0.1698771226491965,1.0,0.050939037114324,4412.867662396923,7601.066666666667,0.0,25469.0,127345.0,21600.0,148945.0,20.0,5.0,15.0,160.0
12,December,s32211,rl5_dqn,9,30681,3845,26836,0.1253,0.1769173103875362,1.0,0.0589879266656729,4247.559629738274,7479.0,0.0,25253.0,126265.0,21600.0,147865.0,20.0,5.0,15.0,160.0
12,December,s32221,fifo,10,30681,3845,26836,0.1253,0.0684136762165509,0.0075422626788036,0.0771351915337606,4344.692490466413,6973.333333333333,3816.0,24766.0,200150.0,24000.0,224150.0,20.0,5.0,15.0,160.0
12,December,s32221,urgent_first,10,30681,3845,26836,0.1253,0.1743098334474104,1.0,0.0560068564614696,4284.472821398694,7442.033333333334,0.0,25333.0,126665.0,24000.0,150665.0,20.0,5.0,15.0,160.0
12,December,s32221,rl5_dqn,10,30681,3845,26836,0.1253,0.1736253707506274,1.0,0.0552243255328663,4330.070692502417,7538.483333333334,0.0,25354.0,126770.0,24000.0,150770.0,20.0,5.0,15.0,160.0
12,December,s33322,fifo,13,30681,3845,26836,0.1253,0.0676314331345132,0.0072821846553966,0.0762781338500521,4310.179922427561,6959.916666666667,3817.0,24789.0,200285.0,31200.0,231485.0,20.0,5.0,15.0,160.0
12,December,s33322,urgent_first,13,30681,3845,26836,0.1253,0.172126071510055,1.0,0.0535102101654494,4300.344038112621,7449.266666666666,0.0,25400.0,127000.0,31200.0,158200.0,20.0,5.0,15.0,160.0
12,December,s33322,rl5_dqn,13,30681,3845,26836,0.1253,0.1750920765294482,1.0,0.0569011775227306,4305.049198200841,7513.6,0.0,25309.0,126545.0,31200.0,157745.0,20.0,5.0,15.0,160.0
12,December,s32121,fifo,9,30681,3845,26836,0.1253,0.016622665493302,0.0028608582574772,0.0185944253987181,22060.962398009626,38348.2,3834.0,26337.0,208365.0,21600.0,229965.0,20.0,5.0,15.0,160.0
12,December,s32121,urgent_first,9,30681,3845,26836,0.1253,0.1365666047390893,1.0,0.0128558652556267,21984.060781917146,38440.73333333333,0.0,26491.0,132455.0,21600.0,154055.0,20.0,5.0,15.0,160.0
12,December,s32121,rl5_dqn,9,30681,3845,26836,0.1253,0.1365666047390893,1.0,0.0128558652556267,21855.759388546656,38383.15,0.0,26491.0,132455.0,21600.0,154055.0,20.0,5.0,15.0,160.0
12,December,s32112,fifo,9,30681,3845,26836,0.1253,0.0167530393403083,0.0028608582574772,0.0187434789089283,22049.527670762574,38321.7,3834.0,26333.0,208345.0,21600.0,229945.0,20.0,5.0,15.0,160.0
12,December,s32112,urgent_first,9,30681,3845,26836,0.1253,0.1362732635833251,1.0,0.0125204948576538,22006.18930119618,38474.78333333333,0.0,26500.0,132500.0,21600.0,154100.0,20.0,5.0,15.0,160.0
12,December,s32112,rl5_dqn,9,30681,3845,26836,0.1253,0.1362732635833251,1.0,0.0125204948576538,21879.23733363754,38344.5,0.0,26500.0,132500.0,21600.0,154100.0,20.0,5.0,15.0,160.0
12,December,s32212,fifo,10,30681,3845,26836,0.1253,0.0687396108340666,0.0080624187256176,0.0774332985541809,4299.246894929544,6952.933333333333,3814.0,24758.0,200070.0,24000.0,224070.0,20.0,5.0,15.0,160.0
12,December,s32212,urgent_first,10,30681,3845,26836,0.1253,0.1729083145920928,1.0,0.0544045312267103,4351.716940451745,7594.75,0.0,25376.0,126880.0,24000.0,150880.0,20.0,5.0,15.0,160.0
12,December,s32212,rl5_dqn,10,30681,3845,26836,0.1253,0.1746357680649261,1.0,0.056379490236995,4342.721071673022,7616.0,0.0,25323.0,126615.0,24000.0,150615.0,20.0,5.0,15.0,160.0
12,December,s33211,fifo,10,30681,3845,26836,0.1253,0.0667514096672207,0.0075422626788036,0.075234759278581,4385.520928261792,7086.6,3816.0,24817.0,200405.0,24000.0,224405.0,20.0,5.0,15.0,160.0
12,December,s33211,urgent_first,10,30681,3845,26836,0.1253,0.1722238518953098,1.0,0.053622000298107,4326.910704779288,7498.966666666666,0.0,25397.0,126985.0,24000.0,150985.0,20.0,5.0,15.0,160.0
12,December,s33211,rl5_dqn,10,30681,3845,26836,0.1253,0.1760698803819953,1.0,0.0580190788493069,4228.731428788718,7370.816666666667,0.0,25279.0,126395.0,24000.0,150395.0,20.0,5.0,15.0,160.0
12,December,s42211,fifo,10,30681,3845,26836,0.1253,0.3055637039209934,0.035890767230169,0.3442018184528245,1781.7236628532316,2847.25,3707.0,17599.0,162135.0,24000.0,186135.0,20.0,5.0,15.0,160.0
12,December,s42211,urgent_first,10,30681,3845,26836,0.1253,0.3406668622274372,1.0,0.2461991354896407,1790.1753359842685,3034.8,0.0,20229.0,101145.0,24000.0,125145.0,20.0,5.0,15.0,160.0
12,December,s42211,rl5_dqn,10,30681,3845,26836,0.1253,0.4292558912682116,0.2252275682704811,0.4584885974064689,1779.3623866019143,2523.6833333333334,2979.0,14532.0,132240.0,24000.0,156240.0,20.0,5.0,15.0,160.0
12,December,s23211,fifo,9,30681,3845,26836,0.1253,0.0191649555099247,0.0031209362808842,0.0214637054702638,17502.68966841585,30067.95,3833.0,26260.0,207960.0,21600.0,229560.0,20.0,5.0,15.0,160.0
12,December,s23211,urgent_first,9,30681,3845,26836,0.1253,0.1387503666764447,1.0,0.015352511551647,17497.540936844736,30674.016666666663,0.0,26424.0,132120.0,21600.0,153720.0,20.0,5.0,15.0,160.0
12,December,s23211,rl5_dqn,9,30681,3845,26836,0.1253,0.0365046771617613,0.1849154746423927,0.0152407214189894,17463.16981519507,35143.26666666667,3134.0,26427.0,194815.0,21600.0,216415.0,20.0,5.0,15.0,160.0
12,December,s22121,fifo,8,30681,3845,26836,0.1253,0.016622665493302,0.0028608582574772,0.0185944253987181,22015.523850808862,38203.18333333333,3834.0,26337.0,208365.0,19200.0,227565.0,20.0,5.0,15.0,160.0
12,December,s22121,urgent_first,8,30681,3845,26836,0.1253,0.1364688243538346,1.0,0.0127440751229691,21984.608135328053,38445.86666666667,0.0,26494.0,132470.0,19200.0,151670.0,20.0,5.0,15.0,160.0
12,December,s22121,rl5_dqn,8,30681,3845,26836,0.1253,0.0342557283009028,0.1843953185955786,0.0127440751229691,21946.47262638115,44073.46666666667,3136.0,26494.0,195190.0,19200.0,214390.0,20.0,5.0,15.0,160.0
12,December,s22112,fifo,8,30681,3845,26836,0.1253,0.0165574785697989,0.0028608582574772,0.018519898643613,22069.979682865614,38323.566666666666,3834.0,26339.0,208375.0,19200.0,227575.0,20.0,5.0,15.0,160.0
12,December,s22112,urgent_first,8,30681,3845,26836,0.1253,0.136436230892083,1.0,0.0127068117454166,21929.876506632765,38407.93333333333,0.0,26495.0,132475.0,19200.0,151675.0,20.0,5.0,15.0,160.0
12,December,s22112,rl5_dqn,8,30681,3845,26836,0.1253,0.0340275740686418,0.1823146944083225,0.0127813385005216,21922.85177797334,44123.5,3144.0,26493.0,195345.0,19200.0,214545.0,20.0,5.0,15.0,160.0
