month,month_name,regime,policy,picking_workers,packing_workers,dispatch_workers,total_workers,total_orders,urgent_orders,normal_orders,urgent_share,total_sla,urgent_sla,normal_sla,mean_system_time_min,p90_system_time_min,urgent_late_orders,normal_late_orders,completed_orders,unfinished_orders,unfinished_urgent_orders,unfinished_normal_orders,backlog_share,estimated_late_cost,estimated_worker_cost,estimated_total_cost,p_urgent_overall,p_urgent_pick,p_urgent_pack,p_urgent_dispatch,decisions_total,decisions_pick,decisions_pack,decisions_dispatch,cost_late_urgent,cost_late_normal,worker_cost_per_hour,hours_per_worker_month,feasible,urgent_sla_target,normal_sla_target,sla_violation
1,January,s16_10_5,fifo,16,10,5,31,31200,6250,24950,0.2003,0.9049679487179487,0.70688,0.9545891783567134,136.55129254872767,330.93417561833326,1832.0,1133.0,29788,1412,279,1133,0.0453,42305.0,74400.0,116705.0,,,,,,,,,20.0,5.0,15.0,160.0,False,0.95,0.8,0.2431
1,January,s16_10_5,urgent_first,16,10,5,31,31200,6250,24950,0.2003,0.9491666666666667,0.99984,0.9364729458917835,137.62821566720027,528.2980286666666,1.0,1585.0,29736,1464,1,1463,0.0469,7945.0,74400.0,82345.0,,,,,,,,,20.0,5.0,15.0,160.0,True,0.95,0.8,0.0
1,January,s16_10_5,rl3_dqn,16,10,5,31,31200,6250,24950,0.2003,0.00233974358974359,0.00944,0.0005611222444889779,3188.4848932545397,5382.324372759894,6191.0,24936.0,2087,29113,4177,24936,0.9331,248500.0,74400.0,322900.0,0.9966346153846154,0.9966346153846154,0.0,0.0,2080.0,2080.0,0.0,0.0,20.0,5.0,15.0,160.0,False,0.95,0.8,1.74
1,January,s15_10_5,fifo,15,10,5,30,31200,6250,24950,0.2003,0.8878525641025641,0.62768,0.9530260521042084,176.21869999564697,381.68492831000003,2327.0,1172.0,29738,1462,290,1172,0.0469,52400.0,72000.0,124400.0,,,,,,,,,20.0,5.0,15.0,160.0,False,0.95,0.8,0.3223
1,January,s15_10_5,urgent_first,15,10,5,30,31200,6250,24950,0.2003,0.9368269230769231,0.99984,0.9210420841683367,176.62790395004484,730.746344080003,1.0,1970.0,29725,1475,1,1474,0.0473,9870.0,72000.0,81870.0,,,,,,,,,20.0,5.0,15.0,160.0,True,0.95,0.8,0.0
1,January,s15_10_5,rl3_dqn,15,10,5,30,31200,6250,24950,0.2003,0.00233974358974359,0.00944,0.0005611222444889779,3188.4848932545397,5382.324372759894,6191.0,24936.0,2087,29113,4177,24936,0.9331,248500.0,72000.0,320500.0,0.9966346153846154,0.9966346153846154,0.0,0.0,2080.0,2080.0,0.0,0.0,20.0,5.0,15.0,160.0,False,0.95,0.8,1.74
1,January,s17_10_5,fifo,17,10,5,32,31200,6250,24950,0.2003,0.9129166666666667,0.74336,0.9553907815631263,121.67358675259855,309.3959139666665,1604.0,1113.0,29818,1382,269,1113,0.0443,37645.0,76800.0,114445.0,,,,,,,,,20.0,5.0,15.0,160.0,False,0.95,0.8,0.2066
1,January,s17_10_5,urgent_first,17,10,5,32,31200,6250,24950,0.2003,0.9528846153846153,0.99984,0.941122244488978,125.57995501050239,514.5449641516667,1.0,1469.0,29744,1456,1,1455,0.0467,7365.0,76800.0,84165.0,,,,,,,,,20.0,5.0,15.0,160.0,True,0.95,0.8,0.0
1,January,s17_10_5,rl3_dqn,17,10,5,32,31200,6250,24950,0.2003,0.00233974358974359,0.00944,0.0005611222444889779,3188.4848932545397,5382.324372759894,6191.0,24936.0,2087,29113,4177,24936,0.9331,248500.0,76800.0,325300.0,0.9966346153846154,0.9966346153846154,0.0,0.0,2080.0,2080.0,0.0,0.0,20.0,5.0,15.0,160.0,False,0.95,0.8,1.74
1,January,s16_9_5,fifo,16,9,5,30,31200,6250,24950,0.2003,0.9032051282051282,0.69968,0.954188376753507,143.65325160789615,339.3154300983334,1877.0,1143.0,29774,1426,283,1143,0.0457,43255.0,72000.0,115255.0,,,,,,,,,20.0,5.0,15.0,160.0,False,0.95,0.8,0.2503
1,January,s16_9_5,urgent_first,16,9,5,30,31200,6250,24950,0.2003,0.9481410256410256,0.99984,0.935190380761523,146.79850906156838,546.9756272333334,1.0,1617.0,29716,1484,1,1483,0.0476,8105.0,72000.0,80105.0,,,,,,,,,20.0,5.0,15.0,160.0,True,0.95,0.8,0.0
1,January,s16_9_5,rl3_dqn,16,9,5,30,31200,6250,24950,0.2003,0.00233974358974359,0.00944,0.0005611222444889779,3188.4848932545397,5382.324372759894,6191.0,24936.0,2087,29113,4177,24936,0.9331,248500.0,72000.0,320500.0,0.9966346153846154,0.9966346153846154,0.0,0.0,2080.0,2080.0,0.0,0.0,20.0,5.0,15.0,160.0,False,0.95,0.8,1.74
1,January,s16_11_5,fifo,16,11,5,32,31200,6250,24950,0.2003,0.9049679487179487,0.70688,0.9545891783567134,136.43539941887784,330.88218637666665,1832.0,1133.0,29788,1412,279,1133,0.0453,42305.0,76800.0,119105.0,,,,,,,,,20.0,5.0,15.0,160.0,False,0.95,0.8,0.2431
1,January,s16_11_5,urgent_first,16,11,5,32,31200,6250,24950,0.2003,0.9492307692307692,0.99984,0.9365531062124248,137.50130910082777,527.4807168416665,1.0,1583.0,29738,1462,1,1461,0.0469,7935.0,76800.0,84735.0,,,,,,,,,20.0,5.0,15.0,160.0,True,0.95,0.8,0.0
1,January,s16_11_5,rl3_dqn,16,11,5,32,31200,6250,24950,0.2003,0.00233974358974359,0.00944,0.0005611222444889779,3188.4848932545397,5382.324372759894,6191.0,24936.0,2087,29113,4177,24936,0.9331,248500.0,76800.0,325300.0,0.9966346153846154,0.9966346153846154,0.0,0.0,2080.0,2080.0,0.0,0.0,20.0,5.0,15.0,160.0,False,0.95,0.8,1.74
1,January,s16_10_4,fifo,16,10,4,30,31200,6250,24950,0.2003,0.7973076923076923,0.31456,0.9182364729458918,371.3756349064486,733.1082437216668,4284.0,2040.0,28652,2548,508,2040,0.0817,95880.0,72000.0,167880.0,,,,,,,,,20.0,5.0,15.0,160.0,False,0.95,0.8,0.6354
1,January,s16_10_4,urgent_first,16,10,4,30,31200,6250,24950,0.2003,0.8606410256410256,0.99984,0.8257715430861724,303.7105432782306,912.3962365499999,1.0,4347.0,28511,2689,1,2688,0.0862,21755.0,72000.0,93755.0,,,,,,,,,20.0,5.0,15.0,160.0,True,0.95,0.8,0.0
1,January,s16_10_4,rl3_dqn,16,10,4,30,31200,6250,24950,0.2003,0.00233974358974359,0.00944,0.0005611222444889779,3188.4848932545397,5382.324372759894,6191.0,24936.0,2087,29113,4177,24936,0.9331,248500.0,72000.0,320500.0,0.9966346153846154,0.9966346153846154,0.0,0.0,2080.0,2080.0,0.0,0.0,20.0,5.0,15.0,160.0,False,0.95,0.8,1.74
1,January,s16_10_6,fifo,16,10,6,32,31200,6250,24950,0.2003,0.9055128205128206,0.70944,0.9546292585170341,135.3849372042359,328.9602867266667,1816.0,1132.0,29789,1411,279,1132,0.0452,41980.0,76800.0,118780.0,,,,,,,,,20.0,5.0,15.0,160.0,False,0.95,0.8,0.2406
1,January,s16_10_6,urgent_first,16,10,6,32,31200,6250,24950,0.2003,0.9503205128205128,0.99984,0.9379158316633267,135.64618383062376,525.9413978333333,1.0,1549.0,29771,1429,1,1428,0.0458,7765.0,76800.0,84565.0,,,,,,,,,20.0,5.0,15.0,160.0,True,0.95,0.8,0.0
1,January,s16_10_6,rl3_dqn,16,10,6,32,31200,6250,24950,0.2003,0.00233974358974359,0.00944,0.0005611222444889779,3188.4848932545397,5382.324372759894,6191.0,24936.0,2087,29113,4177,24936,0.9331,248500.0,76800.0,325300.0,0.9966346153846154,0.9966346153846154,0.0,0.0,2080.0,2080.0,0.0,0.0,20.0,5.0,15.0,160.0,False,0.95,0.8,1.74
1,January,s13_8_4,fifo,13,8,4,25,31200,6250,24950,0.2003,0.7890705128205128,0.29136,0.91374749498998,392.468258624273,771.0695161250001,4429.0,2152.0,28520,2680,528,2152,0.0859,99340.0,60000.0,159340.0,,,,,,,,,20.0,5.0,15.0,160.0,False,0.95,0.8,0.6586
1,January,s13_8_4,urgent_first,13,8,4,25,31200,6250,24950,0.2003,0.8401282051282051,0.99984,0.800120240480962,315.89871378566824,1135.8181720283337,1.0,4987.0,28402,2798,1,2797,0.0897,24955.0,60000.0,84955.0,,,,,,,,,20.0,5.0,15.0,160.0,True,0.95,0.8,0.0
1,January,s13_8_4,rl3_dqn,13,8,4,25,31200,6250,24950,0.2003,0.00233974358974359,0.00944,0.0005611222444889779,3188.4848932545397,5382.324372759894,6191.0,24936.0,2087,29113,4177,24936,0.9331,248500.0,60000.0,308500.0,0.9966346153846154,0.9966346153846154,0.0,0.0,2080.0,2080.0,0.0,0.0,20.0,5.0,15.0,160.0,False,0.95,0.8,1.74
1,January,s19_12_6,fifo,19,12,6,37,31200,6250,24950,0.2003,0.9444230769230769,0.88608,0.9590380761523046,79.70105542730994,220.03315411666668,712.0,1022.0,29936,1264,242,1022,0.0405,19350.0,88800.0,108150.0,,,,,,,,,20.0,5.0,15.0,160.0,False,0.95,0.8,0.0639
1,January,s19_12_6,urgent_first,19,12,6,37,31200,6250,24950,0.2003,0.9586538461538462,0.99984,0.9483366733466934,79.41231933924774,391.78415770166794,1.0,1289.0,29910,1290,1,1289,0.0413,6465.0,88800.0,95265.0,,,,,,,,,20.0,5.0,15.0,160.0,True,0.95,0.8,0.0
1,January,s19_12_6,rl3_dqn,19,12,6,37,31200,6250,24950,0.2003,0.00233974358974359,0.00944,0.0005611222444889779,3188.4848932545397,5382.324372759894,6191.0,24936.0,2087,29113,4177,24936,0.9331,248500.0,88800.0,337300.0,0.9966346153846154,0.9966346153846154,0.0,0.0,2080.0,2080.0,0.0,0.0,20.0,5.0,15.0,160.0,False,0.95,0.8,1.74
1,January,s17_11_5,fifo,17,11,5,33,31200,6250,24950,0.2003,0.9129807692307692,0.74352,0.9554308617234469,121.5076677172256,309.3256630766667,1603.0,1112.0,29819,1381,269,1112,0.0443,37620.0,79200.0,116820.0,,,,,,,,,20.0,5.0,15.0,160.0,False,0.95,0.8,0.2065
1,January,s17_11_5,urgent_first,17,11,5,33,31200,6250,24950,0.2003,0.9529807692307692,0.99984,0.9412424849699399,125.22903144252052,515.1224551883332,1.0,1466.0,29748,1452,1,1451,0.0465,7350.0,79200.0,86550.0,,,,,,,,,20.0,5.0,15.0,160.0,True,0.95,0.8,0.0
1,January,s17_11_5,rl3_dqn,17,11,5,33,31200,6250,24950,0.2003,0.00233974358974359,0.00944,0.0005611222444889779,3188.4848932545397,5382.324372759894,6191.0,24936.0,2087,29113,4177,24936,0.9331,248500.0,79200.0,327700.0,0.9966346153846154,0.9966346153846154,0.0,0.0,2080.0,2080.0,0.0,0.0,20.0,5.0,15.0,160.0,False,0.95,0.8,1.74
1,January,s17_10_6,fifo,17,10,6,33,31200,6250,24950,0.2003,0.9176602564102564,0.7648,0.9559519038076152,106.5774099165907,270.83154121,1470.0,1099.0,29837,1363,264,1099,0.0437,34895.0,79200.0,114095.0,,,,,,,,,20.0,5.0,15.0,160.0,False,0.95,0.8,0.1852
1,January,s17_10_6,urgent_first,17,10,6,33,31200,6250,24950,0.2003,0.9556410256410256,0.99984,0.9445691382765531,107.18764668594379,469.90224014166665,1.0,1383.0,29816,1384,1,1383,0.0444,6935.0,79200.0,86135.0,,,,,,,,,20.0,5.0,15.0,160.0,True,0.95,0.8,0.0
1,January,s17_10_6,rl3_dqn,17,10,6,33,31200,6250,24950,0.2003,0.00233974358974359,0.00944,0.0005611222444889779,3188.4848932545397,5382.324372759894,6191.0,24936.0,2087,29113,4177,24936,0.9331,248500.0,79200.0,327700.0,0.9966346153846154,0.9966346153846154,0.0,0.0,2080.0,2080.0,0.0,0.0,20.0,5.0,15.0,160.0,False,0.95,0.8,1.74
1,January,s16_11_6,fifo,16,11,6,33,31200,6250,24950,0.2003,0.9056089743589744,0.70992,0.9546292585170341,135.21729758334675,328.84279569333336,1813.0,1132.0,29789,1411,279,1132,0.0452,41920.0,79200.0,121120.0,,,,,,,,,20.0,5.0,15.0,160.0,False,0.95,0.8,0.2401
1,January,s16_11_6,urgent_first,16,11,6,33,31200,6250,24950,0.2003,0.9503205128205128,0.99984,0.9379158316633267,135.45632177246873,525.81505375,1.0,1549.0,29771,1429,1,1428,0.0458,7765.0,79200.0,86965.0,,,,,,,,,20.0,5.0,15.0,160.0,True,0.95,0.8,0.0
1,January,s16_11_6,rl3_dqn,16,11,6,33,31200,6250,24950,0.2003,0.00233974358974359,0.00944,0.0005611222444889779,3188.4848932545397,5382.324372759894,6191.0,24936.0,2087,29113,4177,24936,0.9331,248500.0,79200.0,327700.0,0.9966346153846154,0.9966346153846154,0.0,0.0,2080.0,2080.0,0.0,0.0,20.0,5.0,15.0,160.0,False,0.95,0.8,1.74
1,January,s15_9_5,fifo,15,9,5,29,31200,6250,24950,0.2003,0.8876282051282052,0.62656,0.9530260521042084,176.53242205720684,382.0583691683333,2334.0,1172.0,29738,1462,290,1172,0.0469,52540.0,69600.0,122140.0,,,,,,,,,20.0,5.0,15.0,160.0,False,0.95,0.8,0.3234
1,January,s15_9_5,urgent_first,15,9,5,29,31200,6250,24950,0.2003,0.9364743589743589,0.99984,0.9206012024048096,177.12165793362948,731.1744444366675,1.0,1981.0,29714,1486,1,1485,0.0476,9925.0,69600.0,79525.0,,,,,,,,,20.0,5.0,15.0,160.0,True,0.95,0.8,0.0
1,January,s15_9_5,rl3_dqn,15,9,5,29,31200,6250,24950,0.2003,0.00233974358974359,0.00944,0.0005611222444889779,3188.4848932545397,5382.324372759894,6191.0,24936.0,2087,29113,4177,24936,0.9331,248500.0,69600.0,318100.0,0.9966346153846154,0.9966346153846154,0.0,0.0,2080.0,2080.0,0.0,0.0,20.0,5.0,15.0,160.0,False,0.95,0.8,1.74
1,January,s15_10_4,fifo,15,10,4,29,31200,6250,24950,0.2003,0.7972756410256411,0.31456,0.9181963927855712,371.5204352721074,733.2827956833333,4284.0,2041.0,28651,2549,508,2041,0.0817,95885.0,69600.0,165485.0,,,,,,,,,20.0,5.0,15.0,160.0,False,0.95,0.8,0.6354
1,January,s15_10_4,urgent_first,15,10,4,29,31200,6250,24950,0.2003,0.8632051282051282,0.99984,0.8289779559118237,297.406471887965,1013.9255196999998,1.0,4267.0,28503,2697,1,2696,0.0864,21355.0,69600.0,90955.0,,,,,,,,,20.0,5.0,15.0,160.0,True,0.95,0.8,0.0
1,January,s15_10_4,rl3_dqn,15,10,4,29,31200,6250,24950,0.2003,0.00233974358974359,0.00944,0.0005611222444889779,3188.4848932545397,5382.324372759894,6191.0,24936.0,2087,29113,4177,24936,0.9331,248500.0,69600.0,318100.0,0.9966346153846154,0.9966346153846154,0.0,0.0,2080.0,2080.0,0.0,0.0,20.0,5.0,15.0,160.0,False,0.95,0.8,1.74
1,January,s16_9_4,fifo,16,9,4,29,31200,6250,24950,0.2003,0.7973076923076923,0.31472,0.9181963927855712,371.38505139952593,733.1897849333333,4283.0,2041.0,28651,2549,508,2041,0.0817,95865.0,69600.0,165465.0,,,,,,,,,20.0,5.0,15.0,160.0,False,0.95,0.8,0.6353
1,January,s16_9_4,urgent_first,16,9,4,29,31200,6250,24950,0.2003,0.8625641025641025,0.99984,0.8281763527054108,298.35487018049815,903.9198924700003,1.0,4287.0,28505,2695,1,2694,0.0864,21455.0,69600.0,91055.0,,,,,,,,,20.0,5.0,15.0,160.0,True,0.95,0.8,0.0
1,January,s16_9_4,rl3_dqn,16,9,4,29,31200,6250,24950,0.2003,0.00233974358974359,0.00944,0.0005611222444889779,3188.4848932545397,5382.324372759894,6191.0,24936.0,2087,29113,4177,24936,0.9331,248500.0,69600.0,318100.0,0.9966346153846154,0.9966346153846154,0.0,0.0,2080.0,2080.0,0.0,0.0,20.0,5.0,15.0,160.0,False,0.95,0.8,1.74
1,January,s14_10_5,fifo,14,10,5,29,31200,6250,24950,0.2003,0.8599679487179487,0.4944,0.9515430861723447,246.215922691448,478.0583154033333,3160.0,1209.0,29689,1511,302,1209,0.0484,69245.0,69600.0,138845.0,,,,,,,,,20.0,5.0,15.0,160.0,False,0.95,0.8,0.4556
1,January,s14_10_5,urgent_first,14,10,5,29,31200,6250,24950,0.2003,0.9099679487179487,0.99984,0.8874549098196393,248.33023181149466,857.6755197,1.0,2808.0,29679,1521,1,1520,0.0488,14060.0,69600.0,83660.0,,,,,,,,,20.0,5.0,15.0,160.0,True,0.95,0.8,0.0
1,January,s14_10_5,rl3_dqn,14,10,5,29,31200,6250,24950,0.2003,0.00233974358974359,0.00944,0.0005611222444889779,3188.4848932545397,5382.324372759894,6191.0,24936.0,2087,29113,4177,24936,0.9331,248500.0,69600.0,318100.0,0.9966346153846154,0.9966346153846154,0.0,0.0,2080.0,2080.0,0.0,0.0,20.0,5.0,15.0,160.0,False,0.95,0.8,1.74
2,February,s14_8_5,fifo,14,8,5,27,26400,4742,21658,0.1796,0.9091287878787879,0.5993251792492619,0.9769600147751408,203.44817582867776,547.3571428466666,1900.0,499.0,25797,603,104,499,0.0228,40495.0,64800.0,105295.0,,,,,,,,,20.0,5.0,15.0,160.0,False,0.95,0.8,0.3507
2,February,s14_8_5,urgent_first,14,8,5,27,26400,4742,21658,0.1796,0.939469696969697,1.0,0.9262166405023547,190.58084337457083,643.8880952300017,0.0,1598.0,25805,595,0,595,0.0225,7990.0,64800.0,72790.0,,,,,,,,,20.0,5.0,15.0,160.0,True,0.95,0.8,0.0
2,February,s14_8_5,rl3_dqn,14,8,5,27,26400,4742,21658,0.1796,0.0035606060606060605,0.017503163222269084,0.0005078954658786592,2194.38825089992,4334.026984127033,4659.0,21647.0,2121,24279,2632,21647,0.9197,201415.0,64800.0,266215.0,0.9985802176999526,0.9985802176999526,0.0,0.0,2113.0,2113.0,0.0,0.0,20.0,5.0,15.0,160.0,False,0.95,0.8,1.732
2,February,s13_8_5,fifo,13,8,5,26,26400,4742,21658,0.1796,0.8662878787878788,0.4894559257697174,0.9487949025764152,257.154334029605,663.5166666583333,2421.0,1109.0,25056,1344,235,1109,0.0509,53965.0,62400.0,116365.0,,,,,,,,,20.0,5.0,15.0,160.0,False,0.95,0.8,0.4605
2,February,s13_8_5,urgent_first,13,8,5,26,26400,4742,21658,0.1796,0.9142045454545454,1.0,0.8954197063440761,194.6924175786197,685.1788888766669,0.0,2265.0,25009,1391,0,1391,0.0527,11325.0,62400.0,73725.0,,,,,,,,,20.0,5.0,15.0,160.0,True,0.95,0.8,0.0
2,February,s13_8_5,rl3_dqn,13,8,5,26,26400,4742,21658,0.1796,0.0035606060606060605,0.017503163222269084,0.0005078954658786592,2194.38825089992,4334.026984127033,4659.0,21647.0,2121,24279,2632,21647,0.9197,201415.0,62400.0,263815.0,0.9985802176999526,0.9985802176999526,0.0,0.0,2113.0,2113.0,0.0,0.0,20.0,5.0,15.0,160.0,False,0.95,0.8,1.732
2,February,s15_8_5,fifo,15,8,5,28,26400,4742,21658,0.1796,0.9108333333333334,0.6035428089413749,0.9781143226521378,198.57095870919127,539.2782539633334,1880.0,474.0,25827,573,99,474,0.0217,39970.0,67200.0,107170.0,,,,,,,,,20.0,5.0,15.0,160.0,False,0.95,0.8,0.3465
2,February,s15_8_5,urgent_first,15,8,5,28,26400,4742,21658,0.1796,0.9411363636363637,1.0,0.9282482223658695,192.3319075900558,732.35301587,0.0,1554.0,25799,601,0,601,0.0228,7770.0,67200.0,74970.0,,,,,,,,,20.0,5.0,15.0,160.0,True,0.95,0.8,0.0
2,February,s15_8_5,rl3_dqn,15,8,5,28,26400,4742,21658,0.1796,0.0035606060606060605,0.017503163222269084,0.0005078954658786592,2194.38825089992,4334.026984127033,4659.0,21647.0,2121,24279,2632,21647,0.9197,201415.0,67200.0,268615.0,0.9985802176999526,0.9985802176999526,0.0,0.0,2113.0,2113.0,0.0,0.0,20.0,5.0,15.0,160.0,False,0.95,0.8,1.732
2,February,s14_7_5,fifo,14,7,5,26,26400,4742,21658,0.1796,0.8429166666666666,0.4658371994938844,0.9254778834610767,298.0639940488633,757.7007142833331,2533.0,1614.0,24428,1972,358,1614,0.0747,58730.0,62400.0,121130.0,,,,,,,,,20.0,5.0,15.0,160.0,False,0.95,0.8,0.4842
2,February,s14_7_5,urgent_first,14,7,5,26,26400,4742,21658,0.1796,0.8778409090909091,1.0,0.8510942838673932,229.50023487592182,878.4517460233336,0.0,3225.0,24345,2055,0,2055,0.0778,16125.0,62400.0,78525.0,,,,,,,,,20.0,5.0,15.0,160.0,True,0.95,0.8,0.0
2,February,s14_7_5,rl3_dqn,14,7,5,26,26400,4742,21658,0.1796,0.0035606060606060605,0.017503163222269084,0.0005078954658786592,2194.38825089992,4334.026984127033,4659.0,21647.0,2121,24279,2632,21647,0.9197,201415.0,62400.0,263815.0,0.9985802176999526,0.9985802176999526,0.0,0.0,2113.0,2113.0,0.0,0.0,20.0,5.0,15.0,160.0,False,0.95,0.8,1.732
2,February,s14_9_5,fifo,14,9,5,28,26400,4742,21658,0.1796,0.911780303030303,0.6039645719105863,0.979176285898975,198.55471904465412,536.9468253933334,1878.0,451.0,25855,545,94,451,0.0206,39815.0,67200.0,107015.0,,,,,,,,,20.0,5.0,15.0,160.0,False,0.95,0.8,0.346
2,February,s14_9_5,urgent_first,14,9,5,28,26400,4742,21658,0.1796,0.9413257575757575,1.0,0.9284790839412688,184.79481157266795,632.164206343334,0.0,1549.0,25850,550,0,550,0.0208,7745.0,67200.0,74945.0,,,,,,,,,20.0,5.0,15.0,160.0,True,0.95,0.8,0.0
2,February,s14_9_5,rl3_dqn,14,9,5,28,26400,4742,21658,0.1796,0.0035606060606060605,0.017503163222269084,0.0005078954658786592,2194.38825089992,4334.026984127033,4659.0,21647.0,2121,24279,2632,21647,0.9197,201415.0,67200.0,268615.0,0.9985802176999526,0.9985802176999526,0.0,0.0,2113.0,2113.0,0.0,0.0,20.0,5.0,15.0,160.0,False,0.95,0.8,1.732
2,February,s14_8_4,fifo,14,8,4,26,26400,4742,21658,0.1796,0.8704166666666666,0.5050611556305357,0.9504109336042109,248.91321616371434,648.2282539566667,2347.0,1074.0,25099,1301,227,1074,0.0493,52310.0,62400.0,114710.0,,,,,,,,,20.0,5.0,15.0,160.0,False,0.95,0.8,0.4449
2,February,s14_8_4,urgent_first,14,8,4,26,26400,4742,21658,0.1796,0.9092424242424243,1.0,0.889371133068612,213.69862776074828,814.2822222133339,0.0,2396.0,25049,1351,0,1351,0.0512,11980.0,62400.0,74380.0,,,,,,,,,20.0,5.0,15.0,160.0,True,0.95,0.8,0.0
2,February,s14_8_4,rl3_dqn,14,8,4,26,26400,4742,21658,0.1796,0.0035606060606060605,0.017503163222269084,0.0005078954658786592,2194.38825089992,4334.026984127033,4659.0,21647.0,2121,24279,2632,21647,0.9197,201415.0,62400.0,263815.0,0.9985802176999526,0.9985802176999526,0.0,0.0,2113.0,2113.0,0.0,0.0,20.0,5.0,15.0,160.0,False,0.95,0.8,1.732
2,February,s14_8_6,fifo,14,8,6,28,26400,4742,21658,0.1796,0.9091287878787879,0.5993251792492619,0.9769600147751408,203.35276034108873,547.25428571,1900.0,499.0,25797,603,104,499,0.0228,40495.0,67200.0,107695.0,,,,,,,,,20.0,5.0,15.0,160.0,False,0.95,0.8,0.3507
2,February,s14_8_6,urgent_first,14,8,6,28,26400,4742,21658,0.1796,0.939469696969697,1.0,0.9262166405023547,190.48147309749274,643.7480952300011,0.0,1598.0,25805,595,0,595,0.0225,7990.0,67200.0,75190.0,,,,,,,,,20.0,5.0,15.0,160.0,True,0.95,0.8,0.0
2,February,s14_8_6,rl3_dqn,14,8,6,28,26400,4742,21658,0.1796,0.0035606060606060605,0.017503163222269084,0.0005078954658786592,2194.38825089992,4334.026984127033,4659.0,21647.0,2121,24279,2632,21647,0.9197,201415.0,67200.0,268615.0,0.9985802176999526,0.9985802176999526,0.0,0.0,2113.0,2113.0,0.0,0.0,20.0,5.0,15.0,160.0,False,0.95,0.8,1.732
2,February,s11_6_4,fifo,11,6,4,21,26400,4742,21658,0.1796,0.7620454545454546,0.32496836777730914,0.8577430972388955,475.6979831673563,1202.1609523766667,3201.0,3081.0,22622,3778,697,3081,0.1431,79425.0,50400.0,129825.0,,,,,,,,,20.0,5.0,15.0,160.0,False,0.95,0.8,0.625
2,February,s11_6_4,urgent_first,11,6,4,21,26400,4742,21658,0.1796,0.7941666666666667,1.0,0.7490996398559424,265.81840866369606,959.5730158650003,0.0,5434.0,22470,3930,0,3930,0.1489,27170.0,50400.0,77570.0,,,,,,,,,20.0,5.0,15.0,160.0,False,0.95,0.8,0.0509
2,February,s11_6_4,rl3_dqn,11,6,4,21,26400,4742,21658,0.1796,0.0035606060606060605,0.017503163222269084,0.0005078954658786592,2194.38825089992,4334.026984127033,4659.0,21647.0,2121,24279,2632,21647,0.9197,201415.0,50400.0,251815.0,0.9985802176999526,0.9985802176999526,0.0,0.0,2113.0,2113.0,0.0,0.0,20.0,5.0,15.0,160.0,False,0.95,0.8,1.732
2,February,s17_10_6,fifo,17,10,6,33,26400,4742,21658,0.1796,0.9659090909090909,0.8102066638549136,1.0,108.2386698150442,307.0528571300001,900.0,0.0,26400,0,0,0,0.0,18000.0,79200.0,97200.0,,,,,,,,,20.0,5.0,15.0,160.0,False,0.95,0.8,0.1398
2,February,s17_10_6,urgent_first,17,10,6,33,26400,4742,21658,0.1796,0.9984848484848485,1.0,0.9981531073968049,108.8633333251452,468.57055554833363,0.0,40.0,26400,0,0,0,0.0,200.0,79200.0,79400.0,,,,,,,,,20.0,5.0,15.0,160.0,True,0.95,0.8,0.0
2,February,s17_10_6,rl3_dqn,17,10,6,33,26400,4742,21658,0.1796,0.0035606060606060605,0.017503163222269084,0.0005078954658786592,2194.38825089992,4334.026984127033,4659.0,21647.0,2121,24279,2632,21647,0.9197,201415.0,79200.0,280615.0,0.9985802176999526,0.9985802176999526,0.0,0.0,2113.0,2113.0,0.0,0.0,20.0,5.0,15.0,160.0,False,0.95,0.8,1.732
2,February,s15_9_5,fifo,15,9,5,29,26400,4742,21658,0.1796,0.9353030303030303,0.6741881062842683,0.9924739126419798,156.8765723908709,432.10484126000006,1545.0,163.0,26202,198,35,163,0.0075,31715.0,69600.0,101315.0,,,,,,,,,20.0,5.0,15.0,160.0,False,0.95,0.8,0.2758
2,February,s15_9_5,urgent_first,15,9,5,29,26400,4742,21658,0.1796,0.9650757575757576,1.0,0.9574291254963524,153.42040883873347,574.8914285599998,0.0,922.0,26203,197,0,197,0.0075,4610.0,69600.0,74210.0,,,,,,,,,20.0,5.0,15.0,160.0,True,0.95,0.8,0.0
2,February,s15_9_5,rl3_dqn,15,9,5,29,26400,4742,21658,0.1796,0.0035606060606060605,0.017503163222269084,0.0005078954658786592,2194.38825089992,4334.026984127033,4659.0,21647.0,2121,24279,2632,21647,0.9197,201415.0,69600.0,271015.0,0.9985802176999526,0.9985802176999526,0.0,0.0,2113.0,2113.0,0.0,0.0,20.0,5.0,15.0,160.0,False,0.95,0.8,1.732
2,February,s15_8_6,fifo,15,8,6,29,26400,4742,21658,0.1796,0.9108712121212121,0.6035428089413749,0.9781604949672177,198.47534279684388,539.1698412666667,1880.0,473.0,25828,572,99,473,0.0217,39965.0,69600.0,109565.0,,,,,,,,,20.0,5.0,15.0,160.0,False,0.95,0.8,0.3465
2,February,s15_8_6,urgent_first,15,8,6,29,26400,4742,21658,0.1796,0.9411363636363637,1.0,0.9282482223658695,192.23448004118444,732.185396816667,0.0,1554.0,25799,601,0,601,0.0228,7770.0,69600.0,77370.0,,,,,,,,,20.0,5.0,15.0,160.0,True,0.95,0.8,0.0
2,February,s15_8_6,rl3_dqn,15,8,6,29,26400,4742,21658,0.1796,0.0035606060606060605,0.017503163222269084,0.0005078954658786592,2194.38825089992,4334.026984127033,4659.0,21647.0,2121,24279,2632,21647,0.9197,201415.0,69600.0,271015.0,0.9985802176999526,0.9985802176999526,0.0,0.0,2113.0,2113.0,0.0,0.0,20.0,5.0,15.0,160.0,False,0.95,0.8,1.732
2,February,s14_9_6,fifo,14,9,6,29,26400,4742,21658,0.1796,0.911780303030303,0.6039645719105863,0.979176285898975,198.39341433247728,536.7579365,1878.0,451.0,25855,545,94,451,0.0206,39815.0,69600.0,109415.0,,,,,,,,,20.0,5.0,15.0,160.0,False,0.95,0.8,0.346
2,February,s14_9_6,urgent_first,14,9,6,29,26400,4742,21658,0.1796,0.9413257575757575,1.0,0.9284790839412688,184.6196284649955,631.7392063433348,0.0,1549.0,25850,550,0,550,0.0208,7745.0,69600.0,77345.0,,,,,,,,,20.0,5.0,15.0,160.0,True,0.95,0.8,0.0
2,February,s14_9_6,rl3_dqn,14,9,6,29,26400,4742,21658,0.1796,0.0035606060606060605,0.017503163222269084,0.0005078954658786592,2194.38825089992,4334.026984127033,4659.0,21647.0,2121,24279,2632,21647,0.9197,201415.0,69600.0,271015.0,0.9985802176999526,0.9985802176999526,0.0,0.0,2113.0,2113.0,0.0,0.0,20.0,5.0,15.0,160.0,False,0.95,0.8,1.732
2,February,s13_7_5,fifo,13,7,5,25,26400,4742,21658,0.1796,0.8427651515151515,0.46541543652467315,0.925385538830917,298.5336410898462,758.23690475,2535.0,1616.0,24426,1974,358,1616,0.0748,58780.0,60000.0,118780.0,,,,,,,,,20.0,5.0,15.0,160.0,False,0.95,0.8,0.4846
2,February,s13_7_5,urgent_first,13,7,5,25,26400,4742,21658,0.1796,0.8835227272727273,1.0,0.8580201311293748,224.10547866142622,864.7016666616673,0.0,3075.0,24330,2070,0,2070,0.0784,15375.0,60000.0,75375.0,,,,,,,,,20.0,5.0,15.0,160.0,True,0.95,0.8,0.0
2,February,s13_7_5,rl3_dqn,13,7,5,25,26400,4742,21658,0.1796,0.0035606060606060605,0.017503163222269084,0.0005078954658786592,2194.38825089992,4334.026984127033,4659.0,21647.0,2121,24279,2632,21647,0.9197,201415.0,60000.0,261415.0,0.9985802176999526,0.9985802176999526,0.0,0.0,2113.0,2113.0,0.0,0.0,20.0,5.0,15.0,160.0,False,0.95,0.8,1.732
2,February,s13_8_4,fifo,13,8,4,25,26400,4742,21658,0.1796,0.8641666666666666,0.4841838886545761,0.9473635608089389,260.76003788862664,672.8361111083335,2446.0,1140.0,25022,1378,238,1140,0.0522,54620.0,60000.0,114620.0,,,,,,,,,20.0,5.0,15.0,160.0,False,0.95,0.8,0.4658
2,February,s13_8_4,urgent_first,13,8,4,25,26400,4742,21658,0.1796,0.91375,1.0,0.8948656385631175,199.41358758675227,707.522142853332,0.0,2277.0,24998,1402,0,1402,0.0531,11385.0,60000.0,71385.0,,,,,,,,,20.0,5.0,15.0,160.0,True,0.95,0.8,0.0
2,February,s13_8_4,rl3_dqn,13,8,4,25,26400,4742,21658,0.1796,0.0035606060606060605,0.017503163222269084,0.0005078954658786592,2194.38825089992,4334.026984127033,4659.0,21647.0,2121,24279,2632,21647,0.9197,201415.0,60000.0,261415.0,0.9985802176999526,0.9985802176999526,0.0,0.0,2113.0,2113.0,0.0,0.0,20.0,5.0,15.0,160.0,False,0.95,0.8,1.732
2,February,s14_7_4,fifo,14,7,4,25,26400,4742,21658,0.1796,0.8426136363636364,0.46478279207085615,0.9253393665158371,298.32139106589153,757.8660317433336,2538.0,1617.0,24425,1975,358,1617,0.0748,58845.0,60000.0,118845.0,,,,,,,,,20.0,5.0,15.0,160.0,False,0.95,0.8,0.4852
2,February,s14_7_4,urgent_first,14,7,4,25,26400,4742,21658,0.1796,0.8778030303030303,1.0,0.8510481115523132,229.8053866390089,878.694365071667,0.0,3226.0,24344,2056,0,2056,0.0779,16130.0,60000.0,76130.0,,,,,,,,,20.0,5.0,15.0,160.0,True,0.95,0.8,0.0
2,February,s14_7_4,rl3_dqn,14,7,4,25,26400,4742,21658,0.1796,0.0035606060606060605,0.017503163222269084,0.0005078954658786592,2194.38825089992,4334.026984127033,4659.0,21647.0,2121,24279,2632,21647,0.9197,201415.0,60000.0,261415.0,0.9985802176999526,0.9985802176999526,0.0,0.0,2113.0,2113.0,0.0,0.0,20.0,5.0,15.0,160.0,False,0.95,0.8,1.732
2,February,s12_8_5,fifo,12,8,5,25,26400,4742,21658,0.1796,0.834469696969697,0.44917756221003796,0.9188290700895743,315.2436309908253,783.9750793600001,2612.0,1758.0,24257,2143,385,1758,0.0812,61030.0,60000.0,121030.0,,,,,,,,,20.0,5.0,15.0,160.0,False,0.95,0.8,0.5008
2,February,s12_8_5,urgent_first,12,8,5,25,26400,4742,21658,0.1796,0.874280303030303,1.0,0.8467540862498846,208.88672084540892,813.6806349066674,0.0,3319.0,24199,2201,0,2201,0.0834,16595.0,60000.0,76595.0,,,,,,,,,20.0,5.0,15.0,160.0,True,0.95,0.8,0.0
2,February,s12_8_5,rl3_dqn,12,8,5,25,26400,4742,21658,0.1796,0.0035606060606060605,0.017503163222269084,0.0005078954658786592,2194.38825089992,4334.026984127033,4659.0,21647.0,2121,24279,2632,21647,0.9197,201415.0,60000.0,261415.0,0.9985802176999526,0.9985802176999526,0.0,0.0,2113.0,2113.0,0.0,0.0,20.0,5.0,15.0,160.0,False,0.95,0.8,1.732
3,March,s753,fifo,7,5,3,15,16800,2024,14776,0.1205,0.9948214285714285,0.9935770750988142,0.9949918787222523,43.76110279257863,75.83204300666667,13.0,74.0,16713,87,13,74,0.0052,630.0,36000.0,36630.0,,,,,,,,,20.0,5.0,15.0,160.0,True,0.95,0.8,0.0
3,March,s753,urgent_first,7,5,3,15,16800,2024,14776,0.1205,0.994702380952381,1.0,0.9939767190037899,43.47487857809826,149.01344085,0.0,89.0,16711,89,0,89,0.0053,445.0,36000.0,36445.0,,,,,,,,,20.0,5.0,15.0,160.0,True,0.95,0.8,0.0
3,March,s753,rl3_dqn,7,5,3,15,16800,2024,14776,0.1205,0.1255952380952381,0.9797430830039525,0.008595018949648078,1241.3149156671545,5670.78559139786,41.0,14649.0,2685,14115,41,14074,0.8402,74065.0,36000.0,110065.0,0.7433035714285714,0.7422371866816311,0.9333333333333333,0.0,2688.0,2673.0,15.0,0.0,20.0,5.0,15.0,160.0,False,0.95,0.8,0.7914
3,March,s653,fifo,6,5,3,14,16800,2024,14776,0.1205,0.9910714285714286,0.9906126482213439,0.9911342717920953,68.72437142764964,116.93195340000001,19.0,131.0,16650,150,19,131,0.0089,1035.0,33600.0,34635.0,,,,,,,,,20.0,5.0,15.0,160.0,True,0.95,0.8,0.0
3,March,s653,urgent_first,6,5,3,14,16800,2024,14776,0.1205,0.9913690476190476,1.0,0.990186789388197,69.0368046474292,212.1739426466667,0.0,145.0,16655,145,0,145,0.0086,725.0,33600.0,34325.0,,,,,,,,,20.0,5.0,15.0,160.0,True,0.95,0.8,0.0
3,March,s653,rl3_dqn,6,5,3,14,16800,2024,14776,0.1205,0.1255952380952381,0.9797430830039525,0.008595018949648078,1241.3774110116613,5671.012258064527,41.0,14649.0,2685,14115,41,14074,0.8402,74065.0,33600.0,107665.0,0.7438661710037174,0.7422371866816311,1.0,0.0,2690.0,2673.0,17.0,0.0,20.0,5.0,15.0,160.0,False,0.95,0.8,0.7914
3,March,s853,fifo,8,5,3,16,16800,2024,14776,0.1205,0.9976190476190476,0.9960474308300395,0.9978343259339469,33.797126983767896,57.086559131666675,8.0,32.0,16760,40,8,32,0.0024,320.0,38400.0,38720.0,,,,,,,,,20.0,5.0,15.0,160.0,True,0.95,0.8,0.0
3,March,s853,urgent_first,8,5,3,16,16800,2024,14776,0.1205,0.9975595238095238,1.0,0.9972252301028696,34.349989095074285,107.68648745,0.0,41.0,16759,41,0,41,0.0024,205.0,38400.0,38605.0,,,,,,,,,20.0,5.0,15.0,160.0,True,0.95,0.8,0.0
3,March,s853,rl3_dqn,8,5,3,16,16800,2024,14776,0.1205,0.1255952380952381,0.9797430830039525,0.008595018949648078,1241.3411416137717,5670.78559139786,41.0,14649.0,2685,14115,41,14074,0.8402,74065.0,38400.0,112465.0,0.7425705794947994,0.7422371866816311,0.7894736842105263,0.0,2692.0,2673.0,19.0,0.0,20.0,5.0,15.0,160.0,False,0.95,0.8,0.7914
3,March,s743,fifo,7,4,3,14,16800,2024,14776,0.1205,0.9923809523809524,0.991600790513834,0.9924878180833785,58.991969507688545,103.65756271166666,17.0,111.0,16672,128,17,111,0.0076,895.0,33600.0,34495.0,,,,,,,,,20.0,5.0,15.0,160.0,True,0.95,0.8,0.0
3,March,s743,urgent_first,7,4,3,14,16800,2024,14776,0.1205,0.992202380952381,1.0,0.9911342717920953,59.72868003025776,177.18752687333333,0.0,131.0,16669,131,0,131,0.0078,655.0,33600.0,34255.0,,,,,,,,,20.0,5.0,15.0,160.0,True,0.95,0.8,0.0
3,March,s743,rl3_dqn,7,4,3,14,16800,2024,14776,0.1205,0.1255952380952381,0.9797430830039525,0.008595018949648078,1241.2647294474152,5670.78559139786,41.0,14649.0,2685,14115,41,14074,0.8402,74065.0,33600.0,107665.0,0.7434944237918215,0.7422371866816311,0.9411764705882353,0.0,2690.0,2673.0,17.0,0.0,20.0,5.0,15.0,160.0,False,0.95,0.8,0.7914
3,March,s763,fifo,7,6,3,16,16800,2024,14776,0.1205,0.9948214285714285,0.9935770750988142,0.9949918787222523,43.52347938564989,75.45978493333334,13.0,74.0,16713,87,13,74,0.0052,630.0,38400.0,39030.0,,,,,,,,,20.0,5.0,15.0,160.0,True,0.95,0.8,0.0
3,March,s763,urgent_first,7,6,3,16,16800,2024,14776,0.1205,0.9946428571428572,1.0,0.9939090416892258,43.218383238266505,148.59148744166666,0.0,90.0,16710,90,0,90,0.0054,450.0,38400.0,38850.0,,,,,,,,,20.0,5.0,15.0,160.0,True,0.95,0.8,0.0
3,March,s763,rl3_dqn,7,6,3,16,16800,2024,14776,0.1205,0.1255952380952381,0.9797430830039525,0.008595018949648078,1241.3952322407115,5670.78559139786,41.0,14649.0,2685,14115,41,14074,0.8402,74065.0,38400.0,112465.0,0.7433035714285714,0.7422371866816311,0.9333333333333333,0.0,2688.0,2673.0,15.0,0.0,20.0,5.0,15.0,160.0,False,0.95,0.8,0.7914
3,March,s752,fifo,7,5,2,14,16800,2024,14776,0.1205,0.815595238095238,0.18675889328063242,0.9017325392528425,514.4930142344402,876.6183512516667,1646.0,1452.0,15148,1652,200,1452,0.0983,40180.0,33600.0,73780.0,,,,,,,,,20.0,5.0,15.0,160.0,False,0.95,0.8,0.7632
3,March,s752,urgent_first,7,5,2,14,16800,2024,14776,0.1205,0.8614285714285714,1.0,0.84244721169464,229.92261032370718,231.15159497666667,0.0,2328.0,15122,1678,0,1678,0.0999,11640.0,33600.0,45240.0,,,,,,,,,20.0,5.0,15.0,160.0,True,0.95,0.8,0.0
3,March,s752,rl3_dqn,7,5,2,14,16800,2024,14776,0.1205,0.1255952380952381,0.9797430830039525,0.008595018949648078,1241.3319982245723,5671.012258064527,41.0,14649.0,2685,14115,41,14074,0.8402,74065.0,33600.0,107665.0,0.7438661710037174,0.7422371866816311,1.0,0.0,2690.0,2673.0,17.0,0.0,20.0,5.0,15.0,160.0,False,0.95,0.8,0.7914
3,March,s754,fifo,7,5,4,16,16800,2024,14776,0.1205,0.9948214285714285,0.9935770750988142,0.9949918787222523,43.44800719833064,75.46534049,13.0,74.0,16713,87,13,74,0.0052,630.0,38400.0,39030.0,,,,,,,,,20.0,5.0,15.0,160.0,True,0.95,0.8,0.0
3,March,s754,urgent_first,7,5,4,16,16800,2024,14776,0.1205,0.994702380952381,1.0,0.9939767190037899,43.14092688958969,148.43960573333334,0.0,89.0,16711,89,0,89,0.0053,445.0,38400.0,38845.0,,,,,,,,,20.0,5.0,15.0,160.0,True,0.95,0.8,0.0
3,March,s754,rl3_dqn,7,5,4,16,16800,2024,14776,0.1205,0.1255952380952381,0.9797430830039525,0.008595018949648078,1241.3952136187377,5670.78559139786,41.0,14649.0,2685,14115,41,14074,0.8402,74065.0,38400.0,112465.0,0.7425705794947994,0.7422371866816311,0.7894736842105263,0.0,2692.0,2673.0,19.0,0.0,20.0,5.0,15.0,160.0,False,0.95,0.8,0.7914
3,March,s542,fifo,5,4,2,11,16800,2024,14776,0.1205,0.7427976190476191,0.11363636363636363,0.8289794260963725,764.6366763454803,1329.9177777666666,1794.0,2527.0,14245,2555,315,2240,0.1521,48515.0,26400.0,74915.0,,,,,,,,,20.0,5.0,15.0,160.0,False,0.95,0.8,0.8364
3,March,s542,urgent_first,5,4,2,11,16800,2024,14776,0.1205,0.7931547619047619,1.0,0.7648213318895506,286.90920656824665,264.9599641533333,0.0,3475.0,14167,2633,0,2633,0.1567,17375.0,26400.0,43775.0,,,,,,,,,20.0,5.0,15.0,160.0,False,0.95,0.8,0.0352
3,March,s542,rl3_dqn,5,4,2,11,16800,2024,14776,0.1205,0.1255952380952381,0.9797430830039525,0.008595018949648078,1241.1451701674653,5671.012258064527,41.0,14649.0,2685,14115,41,14074,0.8402,74065.0,26400.0,100465.0,0.7440564635958395,0.7422371866816311,1.0,0.0,2692.0,2673.0,19.0,0.0,20.0,5.0,15.0,160.0,False,0.95,0.8,0.7914
3,March,s964,fifo,9,6,4,19,16800,2024,14776,0.1205,0.9998809523809524,1.0,0.9998646453708717,19.565978372377664,32.232724008333335,0.0,2.0,16798,2,0,2,0.0001,10.0,45600.0,45610.0,,,,,,,,,20.0,5.0,15.0,160.0,True,0.95,0.8,0.0
3,March,s964,urgent_first,9,6,4,19,16800,2024,14776,0.1205,0.9998809523809524,1.0,0.9998646453708717,19.733190738929235,49.85293906166671,0.0,2.0,16798,2,0,2,0.0001,10.0,45600.0,45610.0,,,,,,,,,20.0,5.0,15.0,160.0,True,0.95,0.8,0.0
3,March,s964,rl3_dqn,9,6,4,19,16800,2024,14776,0.1205,0.1257738095238095,0.9817193675889329,0.00852734163508392,1231.0310760427767,5665.2634408601825,37.0,14650.0,2686,14114,37,14077,0.8401,73990.0,45600.0,119590.0,0.7435040831477358,0.7435514018691589,0.7368421052631579,0.0,2694.0,2675.0,19.0,0.0,20.0,5.0,15.0,160.0,False,0.95,0.8,0.7915
3,March,s863,fifo,8,6,3,17,16800,2024,14776,0.1205,0.9979166666666667,0.9960474308300395,0.9981727125067678,31.674584769465156,52.89028673666667,8.0,27.0,16765,35,8,27,0.0021,295.0,40800.0,41095.0,,,,,,,,,20.0,5.0,15.0,160.0,True,0.95,0.8,0.0
3,March,s863,urgent_first,8,6,3,17,16800,2024,14776,0.1205,0.9977380952380952,1.0,0.997428262046562,32.008672823954974,101.98295697499998,0.0,38.0,16762,38,0,38,0.0023,190.0,40800.0,40990.0,,,,,,,,,20.0,5.0,15.0,160.0,True,0.95,0.8,0.0
3,March,s863,rl3_dqn,8,6,3,17,16800,2024,14776,0.1205,0.1255952380952381,0.9797430830039525,0.008595018949648078,1241.4001546491536,5670.78559139786,41.0,14649.0,2685,14115,41,14074,0.8402,74065.0,40800.0,114865.0,0.7425705794947994,0.7422371866816311,0.7894736842105263,0.0,2692.0,2673.0,19.0,0.0,20.0,5.0,15.0,160.0,False,0.95,0.8,0.7914
3,March,s854,fifo,8,5,4,17,16800,2024,14776,0.1205,0.9976190476190476,0.9960474308300395,0.9978343259339469,33.15324273555788,56.37003582666667,8.0,32.0,16760,40,8,32,0.0024,320.0,40800.0,41120.0,,,,,,,,,20.0,5.0,15.0,160.0,True,0.95,0.8,0.0
3,March,s854,urgent_first,8,5,4,17,16800,2024,14776,0.1205,0.9976785714285714,1.0,0.9973605847319978,33.75625810838952,106.85376343333334,0.0,39.0,16761,39,0,39,0.0023,195.0,40800.0,40995.0,,,,,,,,,20.0,5.0,15.0,160.0,True,0.95,0.8,0.0
3,March,s854,rl3_dqn,8,5,4,17,16800,2024,14776,0.1205,0.12583333333333332,0.9817193675889329,0.008595018949648078,1233.8399755626795,5666.42322580642,37.0,14649.0,2687,14113,37,14076,0.8401,73985.0,40800.0,114785.0,0.7436943620178041,0.743177570093458,0.8095238095238095,0.0,2696.0,2675.0,21.0,0.0,20.0,5.0,15.0,160.0,False,0.95,0.8,0.7914
3,March,s764,fifo,7,6,4,17,16800,2024,14776,0.1205,0.9948214285714285,0.9935770750988142,0.9949918787222523,43.13538927615429,75.08211469000001,13.0,74.0,16713,87,13,74,0.0052,630.0,40800.0,41430.0,,,,,,,,,20.0,5.0,15.0,160.0,True,0.95,0.8,0.0
3,March,s764,urgent_first,7,6,4,17,16800,2024,14776,0.1205,0.994702380952381,1.0,0.9939767190037899,42.804194597486685,148.26523296666667,0.0,89.0,16711,89,0,89,0.0053,445.0,40800.0,41245.0,,,,,,,,,20.0,5.0,15.0,160.0,True,0.95,0.8,0.0
3,March,s764,rl3_dqn,7,6,4,17,16800,2024,14776,0.1205,0.1255952380952381,0.9797430830039525,0.008595018949648078,1241.4014457726794,5670.78559139786,41.0,14649.0,2685,14115,41,14074,0.8402,74065.0,40800.0,114865.0,0.7426661715558857,0.7422371866816311,0.8,0.0,2693.0,2673.0,20.0,0.0,20.0,5.0,15.0,160.0,False,0.95,0.8,0.7914
3,March,s643,fifo,6,4,3,13,16800,2024,14776,0.1205,0.9908928571428571,0.9901185770750988,0.990998917162967,69.81239490802146,118.19010752333334,20.0,133.0,16647,153,20,133,0.0091,1065.0,31200.0,32265.0,,,,,,,,,20.0,5.0,15.0,160.0,True,0.95,0.8,0.0
3,March,s643,urgent_first,6,4,3,13,16800,2024,14776,0.1205,0.9910119047619048,1.0,0.9897807255008121,70.31411243475685,213.26584228333337,0.0,151.0,16649,151,0,151,0.009,755.0,31200.0,31955.0,,,,,,,,,20.0,5.0,15.0,160.0,True,0.95,0.8,0.0
3,March,s643,rl3_dqn,6,4,3,13,16800,2024,14776,0.1205,0.1255952380952381,0.9797430830039525,0.008595018949648078,1241.359900148843,5671.012258064527,41.0,14649.0,2685,14115,41,14074,0.8402,74065.0,31200.0,105265.0,0.7439613526570048,0.7422371866816311,1.0,0.0,2691.0,2673.0,18.0,0.0,20.0,5.0,15.0,160.0,False,0.95,0.8,0.7914
3,March,s652,fifo,6,5,2,13,16800,2024,14776,0.1205,0.8154166666666667,0.1857707509881423,0.9016648619382783,514.6485258244361,876.52501791,1648.0,1453.0,15147,1653,200,1453,0.0984,40225.0,31200.0,71425.0,,,,,,,,,20.0,5.0,15.0,160.0,False,0.95,0.8,0.7642
3,March,s652,urgent_first,6,5,2,13,16800,2024,14776,0.1205,0.8663690476190476,1.0,0.8480644288034651,214.09228302608113,254.34465949000003,0.0,2245.0,15115,1685,0,1685,0.1003,11225.0,31200.0,42425.0,,,,,,,,,20.0,5.0,15.0,160.0,True,0.95,0.8,0.0
3,March,s652,rl3_dqn,6,5,2,13,16800,2024,14776,0.1205,0.1255952380952381,0.9797430830039525,0.008595018949648078,1241.2208498695136,5671.012258064527,41.0,14649.0,2685,14115,41,14074,0.8402,74065.0,31200.0,105265.0,0.7435040831477358,0.7422371866816311,0.9047619047619048,0.0,2694.0,2673.0,21.0,0.0,20.0,5.0,15.0,160.0,False,0.95,0.8,0.7914
3,March,s742,fifo,7,4,2,13,16800,2024,14776,0.1205,0.8153571428571429,0.18527667984189725,0.9016648619382783,514.6170630485288,876.3780286699999,1649.0,1453.0,15147,1653,200,1453,0.0984,40245.0,31200.0,71445.0,,,,,,,,,20.0,5.0,15.0,160.0,False,0.95,0.8,0.7647
3,March,s742,urgent_first,7,4,2,13,16800,2024,14776,0.1205,0.8651785714285715,1.0,0.846710882512182,215.01637045173752,227.29948028166672,0.0,2265.0,15108,1692,0,1692,0.1007,11325.0,31200.0,42525.0,,,,,,,,,20.0,5.0,15.0,160.0,True,0.95,0.8,0.0
3,March,s742,rl3_dqn,7,4,2,13,16800,2024,14776,0.1205,0.1255952380952381,0.9797430830039525,0.008595018949648078,1241.377199962623,5671.012258064527,41.0,14649.0,2685,14115,41,14074,0.8402,74065.0,31200.0,105265.0,0.7439613526570048,0.7422371866816311,1.0,0.0,2691.0,2673.0,18.0,0.0,20.0,5.0,15.0,160.0,False,0.95,0.8,0.7914
3,March,s553,fifo,5,5,3,13,16800,2024,14776,0.1205,0.7435714285714285,0.11363636363636363,0.8298592311857066,763.1478806852681,1328.89591397,1794.0,2514.0,14248,2552,314,2238,0.1519,48450.0,31200.0,79650.0,,,,,,,,,20.0,5.0,15.0,160.0,False,0.95,0.8,0.8364
3,March,s553,urgent_first,5,5,3,13,16800,2024,14776,0.1205,0.7932738095238095,1.0,0.764956686518679,285.18599760474746,263.24089604666665,0.0,3473.0,14169,2631,0,2631,0.1566,17365.0,31200.0,48565.0,,,,,,,,,20.0,5.0,15.0,160.0,False,0.95,0.8,0.035
3,March,s553,rl3_dqn,5,5,3,13,16800,2024,14776,0.1205,0.1255952380952381,0.9797430830039525,0.008595018949648078,1241.221973395274,5671.012258064527,41.0,14649.0,2685,14115,41,14074,0.8402,74065.0,31200.0,105265.0,0.7437801708132195,0.7422371866816311,0.95,0.0,2693.0,2673.0,20.0,0.0,20.0,5.0,15.0,160.0,False,0.95,0.8,0.7914
4,April,s753,fifo,7,5,3,15,16800,2081,14719,0.1239,0.9888095238095238,0.9918308505526189,0.9883823629322644,45.73744269289469,78.90925925,17.0,171.0,16612,188,17,171,0.0112,1195.0,36000.0,37195.0,,,,,,,,,20.0,5.0,15.0,160.0,True,0.95,0.8,0.0
4,April,s753,urgent_first,7,5,3,15,16800,2081,14719,0.1239,0.9882738095238095,1.0,0.9866159385827842,45.76117769075367,156.84444443666675,0.0,197.0,16603,197,0,197,0.0117,985.0,36000.0,36985.0,,,,,,,,,20.0,5.0,15.0,160.0,True,0.95,0.8,0.0
4,April,s753,rl3_dqn,7,5,3,15,16800,2081,14719,0.1239,0.1269047619047619,0.9851033157135992,0.005571030640668524,1036.717570353427,4627.879629629648,31.0,14637.0,2623,14177,31,14146,0.8439,73805.0,36000.0,109805.0,0.7847619047619048,0.7843212237093691,0.9,0.0,2625.0,2615.0,10.0,0.0,20.0,5.0,15.0,160.0,False,0.95,0.8,0.7944
4,April,s653,fifo,6,5,3,14,16800,2081,14719,0.1239,0.9854761904761905,0.9913503123498318,0.9846456960391331,71.68438430377506,124.01759259166667,18.0,226.0,16556,244,18,226,0.0145,1490.0,33600.0,35090.0,,,,,,,,,20.0,5.0,15.0,160.0,True,0.95,0.8,0.0
4,April,s653,urgent_first,6,5,3,14,16800,2081,14719,0.1239,0.9852380952380952,1.0,0.9831510292818806,71.6723088099434,219.3757407316667,0.0,248.0,16552,248,0,248,0.0148,1240.0,33600.0,34840.0,,,,,,,,,20.0,5.0,15.0,160.0,True,0.95,0.8,0.0
4,April,s653,rl3_dqn,6,5,3,14,16800,2081,14719,0.1239,0.1269047619047619,0.9851033157135992,0.005571030640668524,1036.8283912963675,4627.879629629648,31.0,14637.0,2623,14177,31,14146,0.8439,73805.0,33600.0,107405.0,0.7844334223578787,0.7843212237093691,0.8333333333333334,0.0,2621.0,2615.0,6.0,0.0,20.0,5.0,15.0,160.0,False,0.95,0.8,0.7944
4,April,s853,fifo,8,5,3,16,16800,2081,14719,0.1239,0.9923214285714286,0.9937530033637674,0.9921190298253958,35.986790759681476,60.3537037,13.0,116.0,16671,129,13,116,0.0077,840.0,38400.0,39240.0,,,,,,,,,20.0,5.0,15.0,160.0,True,0.95,0.8,0.0
4,April,s853,urgent_first,8,5,3,16,16800,2081,14719,0.1239,0.991904761904762,1.0,0.990760241864257,36.04441809884181,115.03962962333333,0.0,136.0,16664,136,0,136,0.0081,680.0,38400.0,39080.0,,,,,,,,,20.0,5.0,15.0,160.0,True,0.95,0.8,0.0
4,April,s853,rl3_dqn,8,5,3,16,16800,2081,14719,0.1239,0.12696428571428572,0.9855838539163864,0.005571030640668524,1033.562855650161,4627.903333333368,30.0,14637.0,2623,14177,30,14147,0.8439,73785.0,38400.0,112185.0,0.7847328244274809,0.7846212700841622,0.8333333333333334,0.0,2620.0,2614.0,6.0,0.0,20.0,5.0,15.0,160.0,False,0.95,0.8,0.7944
4,April,s743,fifo,7,4,3,14,16800,2081,14719,0.1239,0.987202380952381,0.9918308505526189,0.9865479991847272,61.86467043266004,107.65296295333334,17.0,198.0,16585,215,17,198,0.0128,1330.0,33600.0,34930.0,,,,,,,,,20.0,5.0,15.0,160.0,True,0.95,0.8,0.0
4,April,s743,urgent_first,7,4,3,14,16800,2081,14719,0.1239,0.9864880952380952,1.0,0.9845777566410762,62.42247016319415,185.7874073966667,0.0,227.0,16573,227,0,227,0.0135,1135.0,33600.0,34735.0,,,,,,,,,20.0,5.0,15.0,160.0,True,0.95,0.8,0.0
4,April,s743,rl3_dqn,7,4,3,14,16800,2081,14719,0.1239,0.1269047619047619,0.9851033157135992,0.005571030640668524,1036.721439968372,4627.879629629648,31.0,14637.0,2623,14177,31,14146,0.8439,73805.0,33600.0,107405.0,0.7852246763137852,0.7843212237093691,1.0,0.0,2626.0,2615.0,11.0,0.0,20.0,5.0,15.0,160.0,False,0.95,0.8,0.7944
4,April,s763,fifo,7,6,3,16,16800,2081,14719,0.1239,0.9888095238095238,0.9918308505526189,0.9883823629322644,45.51636355331688,78.711666655,17.0,171.0,16612,188,17,171,0.0112,1195.0,38400.0,39595.0,,,,,,,,,20.0,5.0,15.0,160.0,True,0.95,0.8,0.0
4,April,s763,urgent_first,7,6,3,16,16800,2081,14719,0.1239,0.9882738095238095,1.0,0.9866159385827842,45.502443325478325,156.67148147333336,0.0,197.0,16603,197,0,197,0.0117,985.0,38400.0,39385.0,,,,,,,,,20.0,5.0,15.0,160.0,True,0.95,0.8,0.0
4,April,s763,rl3_dqn,7,6,3,16,16800,2081,14719,0.1239,0.1269047619047619,0.9851033157135992,0.005571030640668524,1036.7356158484074,4627.879629629648,31.0,14637.0,2623,14177,31,14146,0.8439,73805.0,38400.0,112205.0,0.7847619047619048,0.7843212237093691,0.9,0.0,2625.0,2615.0,10.0,0.0,20.0,5.0,15.0,160.0,False,0.95,0.8,0.7944
4,April,s752,fifo,7,5,2,14,16800,2081,14719,0.1239,0.8091666666666667,0.16674675636713118,0.8999932060601943,508.20776360000656,830.1437036933334,1734.0,1472.0,15134,1666,194,1472,0.0992,42040.0,33600.0,75640.0,,,,,,,,,20.0,5.0,15.0,160.0,False,0.95,0.8,0.7833
4,April,s752,urgent_first,7,5,2,14,16800,2081,14719,0.1239,0.8614285714285714,1.0,0.8418370813234595,234.61987211282698,237.34592591333333,0.0,2328.0,15075,1725,0,1725,0.1027,11640.0,33600.0,45240.0,,,,,,,,,20.0,5.0,15.0,160.0,True,0.95,0.8,0.0
4,April,s752,rl3_dqn,7,5,2,14,16800,2081,14719,0.1239,0.1269047619047619,0.9851033157135992,0.005571030640668524,1036.8397078550156,4627.879629629648,31.0,14637.0,2623,14177,31,14146,0.8439,73805.0,33600.0,107405.0,0.7844334223578787,0.7843212237093691,0.8333333333333334,0.0,2621.0,2615.0,6.0,0.0,20.0,5.0,15.0,160.0,False,0.95,0.8,0.7944
4,April,s754,fifo,7,5,4,16,16800,2081,14719,0.1239,0.9888690476190476,0.9918308505526189,0.9884503023303214,45.41846377867333,78.58111109666667,17.0,170.0,16613,187,17,170,0.0111,1190.0,38400.0,39590.0,,,,,,,,,20.0,5.0,15.0,160.0,True,0.95,0.8,0.0
4,April,s754,urgent_first,7,5,4,16,16800,2081,14719,0.1239,0.9882738095238095,1.0,0.9866159385827842,45.428407508658076,156.59074073,0.0,197.0,16603,197,0,197,0.0117,985.0,38400.0,39385.0,,,,,,,,,20.0,5.0,15.0,160.0,True,0.95,0.8,0.0
4,April,s754,rl3_dqn,7,5,4,16,16800,2081,14719,0.1239,0.12696428571428572,0.9855838539163864,0.005571030640668524,1033.5494549639238,4627.903333333368,30.0,14637.0,2623,14177,30,14147,0.8439,73785.0,38400.0,112185.0,0.7851964898893552,0.7846212700841622,1.0,0.0,2621.0,2614.0,7.0,0.0,20.0,5.0,15.0,160.0,False,0.95,0.8,0.7944
4,April,s542,fifo,5,4,2,11,16800,2081,14719,0.1239,0.7499404761904762,0.09851033157135992,0.8420408995176303,788.4488015278635,1304.588518506667,1876.0,2325.0,14208,2592,306,2286,0.1543,49145.0,26400.0,75545.0,,,,,,,,,20.0,5.0,15.0,160.0,False,0.95,0.8,0.8515
4,April,s542,urgent_first,5,4,2,11,16800,2081,14719,0.1239,0.7914285714285715,1.0,0.7619403492085061,306.95057969413216,274.56888888333333,0.0,3504.0,14142,2658,0,2658,0.1582,17520.0,26400.0,43920.0,,,,,,,,,20.0,5.0,15.0,160.0,False,0.95,0.8,0.0381
4,April,s542,rl3_dqn,5,4,2,11,16800,2081,14719,0.1239,0.12696428571428572,0.9851033157135992,0.005638970038725457,1036.870194575056,4627.879629629648,31.0,14636.0,2623,14177,31,14146,0.8439,73800.0,26400.0,100200.0,0.7850609756097561,0.7843212237093691,1.0,0.0,2624.0,2615.0,9.0,0.0,20.0,5.0,15.0,160.0,False,0.95,0.8,0.7944
4,April,s964,fifo,9,6,4,19,16800,2081,14719,0.1239,0.9960119047619047,0.9966362325804902,0.995923636116584,21.000128369891833,35.04222221333333,7.0,60.0,16733,67,7,60,0.004,440.0,45600.0,46040.0,,,,,,,,,20.0,5.0,15.0,160.0,True,0.95,0.8,0.0
4,April,s964,urgent_first,9,6,4,19,16800,2081,14719,0.1239,0.9958333333333333,1.0,0.9952442421360147,20.838225291367802,54.59851850833335,0.0,70.0,16730,70,0,70,0.0042,350.0,45600.0,45950.0,,,,,,,,,20.0,5.0,15.0,160.0,True,0.95,0.8,0.0
4,April,s964,rl3_dqn,9,6,4,19,16800,2081,14719,0.1239,0.12696428571428572,0.9855838539163864,0.005571030640668524,1030.430448201826,4623.458703703707,30.0,14637.0,2622,14178,30,14148,0.8439,73785.0,45600.0,119385.0,0.7851964898893552,0.784921546115576,0.875,0.0,2621.0,2613.0,8.0,0.0,20.0,5.0,15.0,160.0,False,0.95,0.8,0.7944
4,April,s863,fifo,8,6,3,17,16800,2081,14719,0.1239,0.9925,0.9942335415665545,0.9922549086215097,33.42368035036684,56.18222220666667,12.0,114.0,16674,126,12,114,0.0075,810.0,40800.0,41610.0,,,,,,,,,20.0,5.0,15.0,160.0,True,0.95,0.8,0.0
4,April,s863,urgent_first,8,6,3,17,16800,2081,14719,0.1239,0.9920833333333333,1.0,0.9909640600584279,33.24268191608468,108.7970370233333,0.0,133.0,16667,133,0,133,0.0079,665.0,40800.0,41465.0,,,,,,,,,20.0,5.0,15.0,160.0,True,0.95,0.8,0.0
4,April,s863,rl3_dqn,8,6,3,17,16800,2081,14719,0.1239,0.12696428571428572,0.9855838539163864,0.005571030640668524,1033.5499378715363,4627.903333333368,30.0,14637.0,2623,14177,30,14147,0.8439,73785.0,40800.0,114585.0,0.7851964898893552,0.7846212700841622,1.0,0.0,2621.0,2614.0,7.0,0.0,20.0,5.0,15.0,160.0,False,0.95,0.8,0.7944
4,April,s854,fifo,8,5,4,17,16800,2081,14719,0.1239,0.9923809523809524,0.9942335415665545,0.9921190298253958,35.33659150488544,59.58444444166667,12.0,116.0,16672,128,12,116,0.0076,820.0,40800.0,41620.0,,,,,,,,,20.0,5.0,15.0,160.0,True,0.95,0.8,0.0
4,April,s854,urgent_first,8,5,4,17,16800,2081,14719,0.1239,0.9919642857142857,1.0,0.990828181262314,35.34394872015101,114.50259258333334,0.0,135.0,16665,135,0,135,0.008,675.0,40800.0,41475.0,,,,,,,,,20.0,5.0,15.0,160.0,True,0.95,0.8,0.0
4,April,s854,rl3_dqn,8,5,4,17,16800,2081,14719,0.1239,0.12696428571428572,0.9855838539163864,0.005571030640668524,1030.4454431166491,4623.458703703707,30.0,14637.0,2622,14178,30,14148,0.8439,73785.0,40800.0,114585.0,0.784814956123617,0.784921546115576,0.75,0.0,2621.0,2613.0,8.0,0.0,20.0,5.0,15.0,160.0,False,0.95,0.8,0.7944
4,April,s764,fifo,7,6,4,17,16800,2081,14719,0.1239,0.9888690476190476,0.9918308505526189,0.9884503023303214,45.10233283704127,78.26148147,17.0,170.0,16613,187,17,170,0.0111,1190.0,40800.0,41990.0,,,,,,,,,20.0,5.0,15.0,160.0,True,0.95,0.8,0.0
4,April,s764,urgent_first,7,6,4,17,16800,2081,14719,0.1239,0.9882738095238095,1.0,0.9866159385827842,45.07739865483648,156.33333332666672,0.0,197.0,16603,197,0,197,0.0117,985.0,40800.0,41785.0,,,,,,,,,20.0,5.0,15.0,160.0,True,0.95,0.8,0.0
4,April,s764,rl3_dqn,7,6,4,17,16800,2081,14719,0.1239,0.12696428571428572,0.9855838539163864,0.005571030640668524,1033.491925417603,4627.903333333368,30.0,14637.0,2623,14177,30,14147,0.8439,73785.0,40800.0,114585.0,0.7851964898893552,0.7846212700841622,1.0,0.0,2621.0,2614.0,7.0,0.0,20.0,5.0,15.0,160.0,False,0.95,0.8,0.7944
4,April,s643,fifo,6,4,3,13,16800,2081,14719,0.1239,0.9853571428571428,0.9913503123498318,0.9845098172430192,73.03199684623453,125.37537036166667,18.0,228.0,16554,246,18,228,0.0146,1500.0,31200.0,32700.0,,,,,,,,,20.0,5.0,15.0,160.0,True,0.95,0.8,0.0
4,April,s643,urgent_first,6,4,3,13,16800,2081,14719,0.1239,0.9852380952380952,1.0,0.9831510292818806,73.09498683475411,220.47425924666663,0.0,248.0,16552,248,0,248,0.0148,1240.0,31200.0,32440.0,,,,,,,,,20.0,5.0,15.0,160.0,True,0.95,0.8,0.0
4,April,s643,rl3_dqn,6,4,3,13,16800,2081,14719,0.1239,0.1269047619047619,0.9851033157135992,0.005571030640668524,1036.7951087954148,4627.879629629648,31.0,14637.0,2623,14177,31,14146,0.8439,73805.0,31200.0,105005.0,0.7844334223578787,0.7843212237093691,0.8333333333333334,0.0,2621.0,2615.0,6.0,0.0,20.0,5.0,15.0,160.0,False,0.95,0.8,0.7944
4,April,s652,fifo,6,5,2,13,16800,2081,14719,0.1239,0.8091666666666667,0.16674675636713118,0.8999932060601943,508.7665473540262,830.7292592466666,1734.0,1472.0,15134,1666,194,1472,0.0992,42040.0,31200.0,73240.0,,,,,,,,,20.0,5.0,15.0,160.0,False,0.95,0.8,0.7833
4,April,s652,urgent_first,6,5,2,13,16800,2081,14719,0.1239,0.867202380952381,1.0,0.848427202934982,213.39497122029098,260.4057407316667,0.0,2231.0,15074,1726,0,1726,0.1027,11155.0,31200.0,42355.0,,,,,,,,,20.0,5.0,15.0,160.0,True,0.95,0.8,0.0
4,April,s652,rl3_dqn,6,5,2,13,16800,2081,14719,0.1239,0.12696428571428572,0.9851033157135992,0.005638970038725457,1036.8411120995193,4627.879629629648,31.0,14636.0,2623,14177,31,14146,0.8439,73800.0,31200.0,105000.0,0.7847328244274809,0.7843212237093691,1.0,0.0,2620.0,2615.0,5.0,0.0,20.0,5.0,15.0,160.0,False,0.95,0.8,0.7944
4,April,s742,fifo,7,4,2,13,16800,2081,14719,0.1239,0.809047619047619,0.16626621816434406,0.8999252666621373,508.56493656665896,830.38592592,1735.0,1473.0,15133,1667,194,1473,0.0992,42065.0,31200.0,73265.0,,,,,,,,,20.0,5.0,15.0,160.0,False,0.95,0.8,0.7837
4,April,s742,urgent_first,7,4,2,13,16800,2081,14719,0.1239,0.8658928571428571,1.0,0.8469325361777295,210.39844936712572,233.26037036000002,0.0,2253.0,15068,1732,0,1732,0.1031,11265.0,31200.0,42465.0,,,,,,,,,20.0,5.0,15.0,160.0,True,0.95,0.8,0.0
4,April,s742,rl3_dqn,7,4,2,13,16800,2081,14719,0.1239,0.1269047619047619,0.9851033157135992,0.005571030640668524,1036.7929928975877,4627.879629629648,31.0,14637.0,2623,14177,31,14146,0.8439,73805.0,31200.0,105005.0,0.7844334223578787,0.7843212237093691,0.8333333333333334,0.0,2621.0,2615.0,6.0,0.0,20.0,5.0,15.0,160.0,False,0.95,0.8,0.7944
4,April,s553,fifo,5,5,3,13,16800,2081,14719,0.1239,0.7513690476190477,0.09899086977414705,0.8436035056729397,786.9384344858361,1303.1907407333333,1875.0,2302.0,14211,2589,306,2283,0.1541,49010.0,31200.0,80210.0,,,,,,,,,20.0,5.0,15.0,160.0,False,0.95,0.8,0.851
4,April,s553,urgent_first,5,5,3,13,16800,2081,14719,0.1239,0.791547619047619,1.0,0.7620762280046198,305.2277638903403,272.39370370000023,0.0,3502.0,14143,2657,0,2657,0.1582,17510.0,31200.0,48710.0,,,,,,,,,20.0,5.0,15.0,160.0,False,0.95,0.8,0.0379
4,April,s553,rl3_dqn,5,5,3,13,16800,2081,14719,0.1239,0.12696428571428572,0.9851033157135992,0.005638970038725457,1036.808858954266,4627.879629629648,31.0,14636.0,2623,14177,31,14146,0.8439,73800.0,31200.0,105000.0,0.7847328244274809,0.7843212237093691,1.0,0.0,2620.0,2615.0,5.0,0.0,20.0,5.0,15.0,160.0,False,0.95,0.8,0.7944
5,May,s432,fifo,4,3,2,9,10800,967,9833,0.0895,0.9946296296296296,0.9927611168562565,0.9948133835045255,35.711022114410724,61.16082437166667,7.0,51.0,10742,58,7,51,0.0054,395.0,21600.0,21995.0,,,,,,,,,20.0,5.0,15.0,160.0,True,0.95,0.8,0.0
5,May,s432,urgent_first,4,3,2,9,10800,967,9833,0.0895,0.9950925925925926,1.0,0.9946099867792129,35.36554366435595,119.74648744333331,0.0,53.0,10747,53,0,53,0.0049,265.0,21600.0,21865.0,,,,,,,,,20.0,5.0,15.0,160.0,True,0.95,0.8,0.0
5,May,s432,rl3_dqn,4,3,2,9,10800,967,9833,0.0895,0.12898148148148147,0.9089968976215098,0.05227295840536968,2565.6784320285155,6119.910179211513,88.0,9319.0,3407,7393,18,7375,0.6845,48355.0,21600.0,69955.0,0.28868360277136257,0.2789535567313345,0.8225806451612904,0.0,3464.0,3402.0,62.0,0.0,20.0,5.0,15.0,160.0,False,0.95,0.8,0.7887
5,May,s332,fifo,3,3,2,8,10800,967,9833,0.0895,0.9703703703703703,0.9431230610134437,0.9730499338960643,136.22755363580444,212.91686378833333,55.0,265.0,10508,292,27,265,0.027,2425.0,19200.0,21625.0,,,,,,,,,20.0,5.0,15.0,160.0,False,0.95,0.8,0.0069
5,May,s332,urgent_first,3,3,2,8,10800,967,9833,0.0895,0.9602777777777778,1.0,0.9563714024204211,121.37684280364071,255.39071683999998,0.0,429.0,10497,303,0,303,0.0281,2145.0,19200.0,21345.0,,,,,,,,,20.0,5.0,15.0,160.0,True,0.95,0.8,0.0
5,May,s332,rl3_dqn,3,3,2,8,10800,967,9833,0.0895,0.12898148148148147,0.9089968976215098,0.05227295840536968,2565.683969647144,6119.910179211513,88.0,9319.0,3407,7393,18,7375,0.6845,48355.0,19200.0,67555.0,0.28897888342493494,0.2789535567313345,0.9090909090909091,0.0,3457.0,3402.0,55.0,0.0,20.0,5.0,15.0,160.0,False,0.95,0.8,0.7887
5,May,s532,fifo,5,3,2,10,10800,967,9833,0.0895,0.9956481481481482,0.9937952430196484,0.9958303671310892,32.70038713052481,56.36444443666669,6.0,41.0,10753,47,6,41,0.0044,325.0,24000.0,24325.0,,,,,,,,,20.0,5.0,15.0,160.0,True,0.95,0.8,0.0
5,May,s532,urgent_first,5,3,2,10,10800,967,9833,0.0895,0.9951851851851852,1.0,0.9947116851418693,32.8601692422094,101.7262186266668,0.0,52.0,10748,52,0,52,0.0048,260.0,24000.0,24260.0,,,,,,,,,20.0,5.0,15.0,160.0,True,0.95,0.8,0.0
5,May,s532,rl3_dqn,5,3,2,10,10800,967,9833,0.0895,0.13,0.9203722854188211,0.05227295840536968,2565.765903900152,6119.910179211513,77.0,9319.0,3407,7393,18,7375,0.6845,48135.0,24000.0,72135.0,0.28877314814814814,0.2789535567313345,0.9074074074074074,0.0,3456.0,3402.0,54.0,0.0,20.0,5.0,15.0,160.0,False,0.95,0.8,0.7774
5,May,s422,fifo,4,2,2,8,10800,967,9833,0.0895,0.8162037037037037,0.17166494312306102,0.8795891386148683,561.836044391229,967.3690322533334,801.0,1184.0,9503,1297,113,1184,0.1201,21940.0,19200.0,41140.0,,,,,,,,,20.0,5.0,15.0,160.0,False,0.95,0.8,0.7783
5,May,s422,urgent_first,4,2,2,8,10800,967,9833,0.0895,0.8396296296296296,1.0,0.8238584358791824,217.94270430550984,224.88222221333328,0.0,1732.0,9477,1323,0,1323,0.1225,8660.0,19200.0,27860.0,,,,,,,,,20.0,5.0,15.0,160.0,True,0.95,0.8,0.0
5,May,s422,rl3_dqn,4,2,2,8,10800,967,9833,0.0895,0.12907407407407406,0.9100310237849017,0.05227295840536968,2565.673104761125,6119.910179211513,87.0,9319.0,3407,7393,18,7375,0.6845,48335.0,19200.0,67535.0,0.28897888342493494,0.2789535567313345,0.9090909090909091,0.0,3457.0,3402.0,55.0,0.0,20.0,5.0,15.0,160.0,False,0.95,0.8,0.7877
5,May,s442,fifo,4,4,2,10,10800,967,9833,0.0895,0.9949074074074075,0.9927611168562565,0.9951184785924947,34.43008348478362,59.80888888333334,7.0,48.0,10745,55,7,48,0.0051,380.0,24000.0,24380.0,,,,,,,,,20.0,5.0,15.0,160.0,True,0.95,0.8,0.0
5,May,s442,urgent_first,4,4,2,10,10800,967,9833,0.0895,0.9951851851851852,1.0,0.9947116851418693,33.9544968190361,117.44874551166673,0.0,52.0,10748,52,0,52,0.0048,260.0,24000.0,24260.0,,,,,,,,,20.0,5.0,15.0,160.0,True,0.95,0.8,0.0
5,May,s442,rl3_dqn,4,4,2,10,10800,967,9833,0.0895,0.1288888888888889,0.9079627714581179,0.05227295840536968,2565.6775906235653,6119.910179211513,89.0,9319.0,3407,7393,18,7375,0.6845,48375.0,24000.0,72375.0,0.2881062355658199,0.2789535567313345,0.7903225806451613,0.0,3464.0,3402.0,62.0,0.0,20.0,5.0,15.0,160.0,False,0.95,0.8,0.7898
5,May,s431,fifo,4,3,1,8,10800,967,9833,0.0895,0.3521296296296296,0.05377456049638056,0.381470558324011,1375.4477686717994,2457.8050179133334,915.0,6082.0,7647,3153,283,2870,0.2919,48710.0,19200.0,67910.0,,,,,,,,,20.0,5.0,15.0,160.0,False,0.95,0.8,1.3148
5,May,s431,urgent_first,4,3,1,8,10800,967,9833,0.0895,0.6710185185185186,1.0,0.6386657174819486,221.91054201702343,213.3824372666667,0.0,3553.0,7567,3233,0,3233,0.2994,17765.0,19200.0,36965.0,,,,,,,,,20.0,5.0,15.0,160.0,False,0.95,0.8,0.1613
5,May,s431,rl3_dqn,4,3,1,8,10800,967,9833,0.0895,0.1287962962962963,0.9069286452947259,0.05227295840536968,2565.703087150324,6119.910179211513,90.0,9319.0,3407,7393,18,7375,0.6845,48395.0,19200.0,67595.0,0.2895193977996526,0.2789535567313345,0.9807692307692307,0.0,3454.0,3402.0,52.0,0.0,20.0,5.0,15.0,160.0,False,0.95,0.8,0.7908
5,May,s433,fifo,4,3,3,10,10800,967,9833,0.0895,0.9948148148148148,0.9927611168562565,0.9950167802298383,35.28688130852414,60.73673833833334,7.0,49.0,10744,56,7,49,0.0052,385.0,24000.0,24385.0,,,,,,,,,20.0,5.0,15.0,160.0,True,0.95,0.8,0.0
5,May,s433,urgent_first,4,3,3,10,10800,967,9833,0.0895,0.9950925925925926,1.0,0.9946099867792129,34.913696637278626,119.41383511666665,0.0,53.0,10747,53,0,53,0.0049,265.0,24000.0,24265.0,,,,,,,,,20.0,5.0,15.0,160.0,True,0.95,0.8,0.0
5,May,s433,rl3_dqn,4,3,3,10,10800,967,9833,0.0895,0.1300925925925926,0.921406411582213,0.05227295840536968,2565.748796963453,6119.910179211513,76.0,9319.0,3407,7393,18,7375,0.6845,48115.0,24000.0,72115.0,0.2885226944203527,0.2789535567313345,0.8596491228070176,0.0,3459.0,3402.0,57.0,0.0,20.0,5.0,15.0,160.0,False,0.95,0.8,0.7763
5,May,s321,fifo,3,2,1,6,10800,967,9833,0.0895,0.35185185185185186,0.052740434332988625,0.3812671615986983,1375.9928299158603,2457.938853036667,916.0,6084.0,7647,3153,283,2870,0.2919,48740.0,14400.0,63140.0,,,,,,,,,20.0,5.0,15.0,160.0,False,0.95,0.8,1.316
5,May,s321,urgent_first,3,2,1,6,10800,967,9833,0.0895,0.6398148148148148,1.0,0.6043933692667548,411.5244505964651,1055.4697490966678,0.0,3890.0,7558,3242,0,3242,0.3002,19450.0,14400.0,33850.0,,,,,,,,,20.0,5.0,15.0,160.0,False,0.95,0.8,0.1956
5,May,s321,rl3_dqn,3,2,1,6,10800,967,9833,0.0895,0.12907407407407406,0.9100310237849017,0.05227295840536968,2565.6374575641776,6119.910179211513,87.0,9319.0,3407,7393,18,7375,0.6845,48335.0,14400.0,62735.0,0.2900144717800289,0.2789535567313345,1.0,0.0,3455.0,3402.0,53.0,0.0,20.0,5.0,15.0,160.0,False,0.95,0.8,0.7877
5,May,s543,fifo,5,4,3,12,10800,967,9833,0.0895,0.9999074074074074,1.0,0.9998983016373436,14.953673353913945,25.980179196666665,0.0,1.0,10799,1,0,1,0.0001,5.0,28800.0,28805.0,,,,,,,,,20.0,5.0,15.0,160.0,True,0.95,0.8,0.0
5,May,s543,urgent_first,5,4,3,12,10800,967,9833,0.0895,0.9999074074074074,1.0,0.9998983016373436,14.968256494328179,26.387956986666683,0.0,1.0,10799,1,0,1,0.0001,5.0,28800.0,28805.0,,,,,,,,,20.0,5.0,15.0,160.0,True,0.95,0.8,0.0
5,May,s543,rl3_dqn,5,4,3,12,10800,967,9833,0.0895,0.13018518518518518,0.9245087900723888,0.05206956168005695,2565.772351410181,6119.910179211513,73.0,9321.0,3407,7393,18,7375,0.6845,48065.0,28800.0,76865.0,0.2904062229904927,0.2789535567313345,0.855072463768116,0.0,3471.0,3402.0,69.0,0.0,20.0,5.0,15.0,160.0,False,0.95,0.8,0.7734
5,May,s542,fifo,5,4,2,11,10800,967,9833,0.0895,0.9978703703703704,0.9968976215098242,0.9979660327468728,26.084222364967065,44.102473106666665,3.0,20.0,10777,23,3,20,0.0021,160.0,26400.0,26560.0,,,,,,,,,20.0,5.0,15.0,160.0,True,0.95,0.8,0.0
5,May,s542,urgent_first,5,4,2,11,10800,967,9833,0.0895,0.9977777777777778,1.0,0.9975592392962473,26.392725695754454,75.422043,0.0,24.0,10776,24,0,24,0.0022,120.0,26400.0,26520.0,,,,,,,,,20.0,5.0,15.0,160.0,True,0.95,0.8,0.0
5,May,s542,rl3_dqn,5,4,2,11,10800,967,9833,0.0895,0.13,0.9203722854188211,0.05227295840536968,2565.7463461269413,6119.910179211513,77.0,9319.0,3407,7393,18,7375,0.6845,48135.0,26400.0,74535.0,0.2891774891774892,0.2789535567313345,0.8412698412698413,0.0,3465.0,3402.0,63.0,0.0,20.0,5.0,15.0,160.0,False,0.95,0.8,0.7774
5,May,s533,fifo,5,3,3,11,10800,967,9833,0.0895,0.9958333333333333,0.9937952430196484,0.996033763856402,32.226530654325124,55.92347669666667,6.0,39.0,10755,45,6,39,0.0042,315.0,26400.0,26715.0,,,,,,,,,20.0,5.0,15.0,160.0,True,0.95,0.8,0.0
5,May,s533,urgent_first,5,3,3,11,10800,967,9833,0.0895,0.9952777777777778,1.0,0.9948133835045255,32.35308665047291,101.1401791966667,0.0,51.0,10749,51,0,51,0.0047,255.0,26400.0,26655.0,,,,,,,,,20.0,5.0,15.0,160.0,True,0.95,0.8,0.0
5,May,s533,rl3_dqn,5,3,3,11,10800,967,9833,0.0895,0.13027777777777777,0.9255429162357808,0.05206956168005695,2565.758257877258,6119.910179211513,72.0,9321.0,3407,7393,18,7375,0.6845,48045.0,26400.0,74445.0,0.29041570438799075,0.2789535567313345,0.9193548387096774,0.0,3464.0,3402.0,62.0,0.0,20.0,5.0,15.0,160.0,False,0.95,0.8,0.7724
5,May,s443,fifo,4,4,3,11,10800,967,9833,0.0895,0.9950925925925926,0.9927611168562565,0.9953218753178074,33.5668615615226,58.950537626666666,7.0,46.0,10747,53,7,46,0.0049,370.0,26400.0,26770.0,,,,,,,,,20.0,5.0,15.0,160.0,True,0.95,0.8,0.0
5,May,s443,urgent_first,4,4,3,11,10800,967,9833,0.0895,0.9951851851851852,1.0,0.9947116851418693,33.01692858928793,116.69684587500012,0.0,52.0,10748,52,0,52,0.0048,260.0,26400.0,26660.0,,,,,,,,,20.0,5.0,15.0,160.0,True,0.95,0.8,0.0
5,May,s443,rl3_dqn,4,4,3,11,10800,967,9833,0.0895,0.12990740740740742,0.9193381592554292,0.05227295840536968,2565.7163148188497,6119.910179211513,78.0,9319.0,3407,7393,18,7375,0.6845,48155.0,26400.0,74555.0,0.28942807625649913,0.2789535567313345,0.8833333333333333,0.0,3462.0,3402.0,60.0,0.0,20.0,5.0,15.0,160.0,False,0.95,0.8,0.7784
5,May,s322,fifo,3,2,2,7,10800,967,9833,0.0895,0.8161111111111111,0.17063081695966908,0.8795891386148683,562.2459770968782,967.61347669,802.0,1184.0,9503,1297,113,1184,0.1201,21960.0,16800.0,38760.0,,,,,,,,,20.0,5.0,15.0,160.0,False,0.95,0.8,0.7794
5,May,s322,urgent_first,3,2,2,7,10800,967,9833,0.0895,0.8382407407407407,1.0,0.8223329604393369,246.1854806277121,347.92684587000133,0.0,1747.0,9473,1327,0,1327,0.1229,8735.0,16800.0,25535.0,,,,,,,,,20.0,5.0,15.0,160.0,True,0.95,0.8,0.0
5,May,s322,rl3_dqn,3,2,2,7,10800,967,9833,0.0895,0.1288888888888889,0.9079627714581179,0.05227295840536968,2565.682003107666,6119.910179211513,89.0,9319.0,3407,7393,18,7375,0.6845,48375.0,16800.0,65175.0,0.2896032435563278,0.2789535567313345,1.0,0.0,3453.0,3402.0,51.0,0.0,20.0,5.0,15.0,160.0,False,0.95,0.8,0.7898
5,May,s331,fifo,3,3,1,7,10800,967,9833,0.0895,0.35194444444444445,0.052740434332988625,0.3813688599613546,1375.967203308476,2457.8364874433337,916.0,6083.0,7647,3153,283,2870,0.2919,48735.0,16800.0,65535.0,,,,,,,,,20.0,5.0,15.0,160.0,False,0.95,0.8,1.3159
5,May,s331,urgent_first,3,3,1,7,10800,967,9833,0.0895,0.663425925925926,1.0,0.6303264517441269,288.63277565472544,494.1186379833333,0.0,3635.0,7576,3224,0,3224,0.2985,18175.0,16800.0,34975.0,,,,,,,,,20.0,5.0,15.0,160.0,False,0.95,0.8,0.1697
5,May,s331,rl3_dqn,3,3,1,7,10800,967,9833,0.0895,0.12861111111111112,0.9048603929679421,0.05227295840536968,2565.639365400984,6119.910179211513,92.0,9319.0,3407,7393,18,7375,0.6845,48435.0,16800.0,65235.0,0.2900144717800289,0.2789535567313345,1.0,0.0,3455.0,3402.0,53.0,0.0,20.0,5.0,15.0,160.0,False,0.95,0.8,0.7929
5,May,s421,fifo,4,2,1,7,10800,967,9833,0.0895,0.35203703703703704,0.05377456049638056,0.3813688599613546,1375.9832684320538,2458.2892114633337,915.0,6083.0,7647,3153,283,2870,0.2919,48715.0,16800.0,65515.0,,,,,,,,,20.0,5.0,15.0,160.0,False,0.95,0.8,1.3149
5,May,s421,urgent_first,4,2,1,7,10800,967,9833,0.0895,0.6420370370370371,1.0,0.6068341299705075,381.1458415701172,570.1466487366662,0.0,3866.0,7564,3236,0,3236,0.2996,19330.0,16800.0,36130.0,,,,,,,,,20.0,5.0,15.0,160.0,False,0.95,0.8,0.1932
5,May,s421,rl3_dqn,4,2,1,7,10800,967,9833,0.0895,0.1288888888888889,0.9079627714581179,0.05227295840536968,2565.6850067276637,6119.910179211513,89.0,9319.0,3407,7393,18,7375,0.6845,48375.0,16800.0,65175.0,0.2896032435563278,0.2789535567313345,1.0,0.0,3453.0,3402.0,51.0,0.0,20.0,5.0,15.0,160.0,False,0.95,0.8,0.7898
5,May,s232,fifo,2,3,2,7,10800,967,9833,0.0895,0.2524074074074074,0.04033092037228542,0.27326350045764264,1675.1868967462392,2993.414032255001,928.0,7146.0,7002,3798,339,3459,0.3517,54290.0,16800.0,71090.0,,,,,,,,,20.0,5.0,15.0,160.0,False,0.95,0.8,1.4364
5,May,s232,urgent_first,2,3,2,7,10800,967,9833,0.0895,0.6118518518518519,1.0,0.5736804637445337,253.38370989214215,201.55193548000005,0.0,4192.0,6993,3807,0,3807,0.3525,20960.0,16800.0,37760.0,,,,,,,,,20.0,5.0,15.0,160.0,False,0.95,0.8,0.2263
5,May,s232,rl3_dqn,2,3,2,7,10800,967,9833,0.0895,0.12898148148148147,0.9089968976215098,0.05227295840536968,2565.642574480331,6119.910179211513,88.0,9319.0,3407,7393,18,7375,0.6845,48355.0,16800.0,65155.0,0.2902199074074074,0.2789535567313345,1.0,0.0,3456.0,3402.0,54.0,0.0,20.0,5.0,15.0,160.0,False,0.95,0.8,0.7887
6,June,s432,fifo,4,3,2,9,9600,830,8770,0.0865,0.9997916666666666,1.0,0.9997719498289623,25.00584920443669,44.300555555,0.0,2.0,9598,2,0,2,0.0002,10.0,21600.0,21610.0,,,,,,,,,20.0,5.0,15.0,160.0,True,0.95,0.8,0.0
6,June,s432,urgent_first,4,3,2,9,9600,830,8770,0.0865,0.9997916666666666,1.0,0.9997719498289623,25.117243939450926,71.97407406833345,0.0,2.0,9598,2,0,2,0.0002,10.0,21600.0,21610.0,,,,,,,,,20.0,5.0,15.0,160.0,True,0.95,0.8,0.0
6,June,s432,rl3_dqn,4,3,2,9,9600,830,8770,0.0865,0.12885416666666666,0.8240963855421687,0.06305587229190422,2607.3969752550115,5837.065925925914,146.0,8217.0,3453,6147,17,6130,0.6403,44005.0,21600.0,65605.0,0.24440619621342513,0.2359257109692397,0.975,0.0,3486.0,3446.0,40.0,0.0,20.0,5.0,15.0,160.0,False,0.95,0.8,0.8628
6,June,s332,fifo,3,3,2,8,9600,830,8770,0.0865,0.9925,0.9939759036144579,0.9923603192702395,54.54004978678282,98.54148146666671,5.0,67.0,9528,72,5,67,0.0075,435.0,19200.0,19635.0,,,,,,,,,20.0,5.0,15.0,160.0,True,0.95,0.8,0.0
6,June,s332,urgent_first,3,3,2,8,9600,830,8770,0.0865,0.9927083333333333,1.0,0.992018244013683,54.95788833682232,189.31888888666668,0.0,70.0,9530,70,0,70,0.0073,350.0,19200.0,19550.0,,,,,,,,,20.0,5.0,15.0,160.0,True,0.95,0.8,0.0
6,June,s332,rl3_dqn,3,3,2,8,9600,830,8770,0.0865,0.12802083333333333,0.8144578313253013,0.06305587229190422,2607.3572561701576,5837.065925925914,154.0,8217.0,3453,6147,17,6130,0.6403,44165.0,19200.0,63365.0,0.2449096644680241,0.2359257109692397,1.0,0.0,3487.0,3446.0,41.0,0.0,20.0,5.0,15.0,160.0,False,0.95,0.8,0.8725
6,June,s532,fifo,5,3,2,10,9600,830,8770,0.0865,0.9997916666666666,1.0,0.9997719498289623,21.82490699425401,39.237592588333335,0.0,2.0,9598,2,0,2,0.0002,10.0,24000.0,24010.0,,,,,,,,,20.0,5.0,15.0,160.0,True,0.95,0.8,0.0
6,June,s532,urgent_first,5,3,2,10,9600,830,8770,0.0865,0.9997916666666666,1.0,0.9997719498289623,21.950377578403486,55.08944443833334,0.0,2.0,9598,2,0,2,0.0002,10.0,24000.0,24010.0,,,,,,,,,20.0,5.0,15.0,160.0,True,0.95,0.8,0.0
6,June,s532,rl3_dqn,5,3,2,10,9600,830,8770,0.0865,0.13020833333333334,0.8397590361445784,0.06305587229190422,2607.3863564694147,5837.101481481461,133.0,8217.0,3453,6147,17,6130,0.6403,43745.0,24000.0,67745.0,0.24476927486385783,0.2359257109692397,0.9534883720930233,0.0,3489.0,3446.0,43.0,0.0,20.0,5.0,15.0,160.0,False,0.95,0.8,0.8472
6,June,s422,fifo,4,2,2,8,9600,830,8770,0.0865,0.9865625,0.9855421686746988,0.9866590649942988,84.21636065635624,140.50555555,12.0,117.0,9471,129,12,117,0.0134,825.0,19200.0,20025.0,,,,,,,,,20.0,5.0,15.0,160.0,True,0.95,0.8,0.0
6,June,s422,urgent_first,4,2,2,8,9600,830,8770,0.0865,0.9860416666666667,1.0,0.9847206385404789,82.39399877962161,216.38629629166672,0.0,134.0,9470,130,0,130,0.0135,670.0,19200.0,19870.0,,,,,,,,,20.0,5.0,15.0,160.0,True,0.95,0.8,0.0
6,June,s422,rl3_dqn,4,2,2,8,9600,830,8770,0.0865,0.1296875,0.8337349397590361,0.06305587229190422,2607.3994272291407,5837.101481481461,138.0,8217.0,3453,6147,17,6130,0.6403,43845.0,19200.0,63045.0,0.24425947187141217,0.2359257109692397,1.0,0.0,3484.0,3446.0,38.0,0.0,20.0,5.0,15.0,160.0,False,0.95,0.8,0.8532
6,June,s442,fifo,4,4,2,10,9600,830,8770,0.0865,0.9997916666666666,1.0,0.9997719498289623,23.980826630289297,42.772777771666675,0.0,2.0,9598,2,0,2,0.0002,10.0,24000.0,24010.0,,,,,,,,,20.0,5.0,15.0,160.0,True,0.95,0.8,0.0
6,June,s442,urgent_first,4,4,2,10,9600,830,8770,0.0865,0.9997916666666666,1.0,0.9997719498289623,24.10865013518615,69.75833332166675,0.0,2.0,9598,2,0,2,0.0002,10.0,24000.0,24010.0,,,,,,,,,20.0,5.0,15.0,160.0,True,0.95,0.8,0.0
6,June,s442,rl3_dqn,4,4,2,10,9600,830,8770,0.0865,0.12854166666666667,0.8204819277108434,0.06305587229190422,2607.405373749075,5837.065925925914,149.0,8217.0,3453,6147,17,6130,0.6403,44065.0,24000.0,68065.0,0.2441893830703013,0.2359257109692397,0.9743589743589743,0.0,3485.0,3446.0,39.0,0.0,20.0,5.0,15.0,160.0,False,0.95,0.8,0.8665
6,June,s431,fifo,4,3,1,8,9600,830,8770,0.0865,0.5653125,0.10120481927710843,0.6092360319270239,951.6843326684533,1670.1033333333332,746.0,3427.0,7668,1932,157,1775,0.2013,32055.0,19200.0,51255.0,,,,,,,,,20.0,5.0,15.0,160.0,False,0.95,0.8,1.0396
6,June,s431,urgent_first,4,3,1,8,9600,830,8770,0.0865,0.7594791666666667,1.0,0.7367160775370581,233.158071563655,212.8666666633334,0.0,2309.0,7637,1963,0,1963,0.2045,11545.0,19200.0,30745.0,,,,,,,,,20.0,5.0,15.0,160.0,False,0.95,0.8,0.0633
6,June,s431,rl3_dqn,4,3,1,8,9600,830,8770,0.0865,0.12791666666666668,0.8132530120481928,0.06305587229190422,2607.3560687968597,5837.065925925914,155.0,8217.0,3453,6147,17,6130,0.6403,44185.0,19200.0,63385.0,0.2464224384659416,0.2359257109692397,1.0,0.0,3494.0,3446.0,48.0,0.0,20.0,5.0,15.0,160.0,False,0.95,0.8,0.8737
6,June,s433,fifo,4,3,3,10,9600,830,8770,0.0865,0.9997916666666666,1.0,0.9997719498289623,24.552169618411824,43.70703703000001,0.0,2.0,9598,2,0,2,0.0002,10.0,24000.0,24010.0,,,,,,,,,20.0,5.0,15.0,160.0,True,0.95,0.8,0.0
6,June,s433,urgent_first,4,3,3,10,9600,830,8770,0.0865,0.9997916666666666,1.0,0.9997719498289623,24.63466597181878,71.2544444400002,0.0,2.0,9598,2,0,2,0.0002,10.0,24000.0,24010.0,,,,,,,,,20.0,5.0,15.0,160.0,True,0.95,0.8,0.0
6,June,s433,rl3_dqn,4,3,3,10,9600,830,8770,0.0865,0.13020833333333334,0.8397590361445784,0.06305587229190422,2607.3904253949863,5837.101481481461,133.0,8217.0,3453,6147,17,6130,0.6403,43745.0,24000.0,67745.0,0.2443361055348437,0.2359257109692397,0.9512195121951219,0.0,3487.0,3446.0,41.0,0.0,20.0,5.0,15.0,160.0,False,0.95,0.8,0.8472
6,June,s321,fifo,3,2,1,6,9600,830,8770,0.0865,0.5630208333333333,0.1,0.6068415051311289,955.3709286963189,1673.8707407333332,747.0,3448.0,7665,1935,158,1777,0.2016,32180.0,14400.0,46580.0,,,,,,,,,20.0,5.0,15.0,160.0,False,0.95,0.8,1.0432
6,June,s321,urgent_first,3,2,1,6,9600,830,8770,0.0865,0.7610416666666666,1.0,0.7384264538198404,249.30651547917984,270.75462962166665,0.0,2294.0,7624,1976,0,1976,0.2058,11470.0,14400.0,25870.0,,,,,,,,,20.0,5.0,15.0,160.0,False,0.95,0.8,0.0616
6,June,s321,rl3_dqn,3,2,1,6,9600,830,8770,0.0865,0.12729166666666666,0.8060240963855422,0.06305587229190422,2607.3483556971396,5837.065925925914,161.0,8217.0,3453,6147,17,6130,0.6403,44305.0,14400.0,58705.0,0.24570446735395188,0.23563551944283226,1.0,0.0,3492.0,3446.0,46.0,0.0,20.0,5.0,15.0,160.0,False,0.95,0.8,0.8809
6,June,s543,fifo,5,4,3,12,9600,830,8770,0.0865,0.9997916666666666,1.0,0.9997719498289623,9.699136000296935,15.906666660000004,0.0,2.0,9598,2,0,2,0.0002,10.0,28800.0,28810.0,,,,,,,,,20.0,5.0,15.0,160.0,True,0.95,0.8,0.0
6,June,s543,urgent_first,5,4,3,12,9600,830,8770,0.0865,0.9997916666666666,1.0,0.9997719498289623,9.773246926184274,13.938888883333334,0.0,2.0,9598,2,0,2,0.0002,10.0,28800.0,28810.0,,,,,,,,,20.0,5.0,15.0,160.0,True,0.95,0.8,0.0
6,June,s543,rl3_dqn,5,4,3,12,9600,830,8770,0.0865,0.1303125,0.8433734939759037,0.06282782212086659,2607.396333301155,5838.699259259247,130.0,8219.0,3453,6147,17,6130,0.6403,43695.0,28800.0,72495.0,0.24577484961329132,0.2359257109692397,1.0,0.0,3491.0,3446.0,45.0,0.0,20.0,5.0,15.0,160.0,False,0.95,0.8,0.8438
6,June,s542,fifo,5,4,2,11,9600,830,8770,0.0865,0.9997916666666666,1.0,0.9997719498289623,16.640191428511148,29.043703693333335,0.0,2.0,9598,2,0,2,0.0002,10.0,26400.0,26410.0,,,,,,,,,20.0,5.0,15.0,160.0,True,0.95,0.8,0.0
6,June,s542,urgent_first,5,4,2,11,9600,830,8770,0.0865,0.9997916666666666,1.0,0.9997719498289623,16.861904285356324,34.177037030000065,0.0,2.0,9598,2,0,2,0.0002,10.0,26400.0,26410.0,,,,,,,,,20.0,5.0,15.0,160.0,True,0.95,0.8,0.0
6,June,s542,rl3_dqn,5,4,2,11,9600,830,8770,0.0865,0.13010416666666666,0.8385542168674699,0.06305587229190422,2607.368434855359,5837.065925925914,134.0,8217.0,3453,6147,17,6130,0.6403,43765.0,26400.0,70165.0,0.24498567335243554,0.2359257109692397,0.9545454545454546,0.0,3490.0,3446.0,44.0,0.0,20.0,5.0,15.0,160.0,False,0.95,0.8,0.8484
6,June,s533,fifo,5,3,3,11,9600,830,8770,0.0865,0.9997916666666666,1.0,0.9997719498289623,21.332745432817603,38.704259255000004,0.0,2.0,9598,2,0,2,0.0002,10.0,26400.0,26410.0,,,,,,,,,20.0,5.0,15.0,160.0,True,0.95,0.8,0.0
6,June,s533,urgent_first,5,3,3,11,9600,830,8770,0.0865,0.9997916666666666,1.0,0.9997719498289623,21.45071966356012,54.56796295500004,0.0,2.0,9598,2,0,2,0.0002,10.0,26400.0,26410.0,,,,,,,,,20.0,5.0,15.0,160.0,True,0.95,0.8,0.0
6,June,s533,rl3_dqn,5,3,3,11,9600,830,8770,0.0865,0.13052083333333334,0.844578313253012,0.0629418472063854,2605.5377133142406,5837.40074074076,129.0,8218.0,3453,6147,16,6131,0.6403,43670.0,26400.0,70070.0,0.24563412539364443,0.2359257109692397,0.9574468085106383,0.0,3493.0,3446.0,47.0,0.0,20.0,5.0,15.0,160.0,False,0.95,0.8,0.8425
6,June,s443,fifo,4,4,3,11,9600,830,8770,0.0865,0.9997916666666666,1.0,0.9997719498289623,23.133433076076614,42.05759259000001,0.0,2.0,9598,2,0,2,0.0002,10.0,26400.0,26410.0,,,,,,,,,20.0,5.0,15.0,160.0,True,0.95,0.8,0.0
6,June,s443,urgent_first,4,4,3,11,9600,830,8770,0.0865,0.9997916666666666,1.0,0.9997719498289623,23.167483572707855,68.63740740333334,0.0,2.0,9598,2,0,2,0.0002,10.0,26400.0,26410.0,,,,,,,,,20.0,5.0,15.0,160.0,True,0.95,0.8,0.0
6,June,s443,rl3_dqn,4,4,3,11,9600,830,8770,0.0865,0.13010416666666666,0.8385542168674699,0.06305587229190422,2607.365881520095,5837.101481481461,134.0,8217.0,3453,6147,17,6130,0.6403,43765.0,26400.0,70165.0,0.24476927486385783,0.2359257109692397,0.9534883720930233,0.0,3489.0,3446.0,43.0,0.0,20.0,5.0,15.0,160.0,False,0.95,0.8,0.8484
6,June,s322,fifo,3,2,2,7,9600,830,8770,0.0865,0.9865625,0.9855421686746988,0.9866590649942988,84.92894468479393,141.41296294999998,12.0,117.0,9471,129,12,117,0.0134,825.0,16800.0,17625.0,,,,,,,,,20.0,5.0,15.0,160.0,True,0.95,0.8,0.0
6,June,s322,urgent_first,3,2,2,7,9600,830,8770,0.0865,0.9848958333333333,1.0,0.9834663625997719,85.06726848118439,225.06555555333333,0.0,145.0,9462,138,0,138,0.0144,725.0,16800.0,17525.0,,,,,,,,,20.0,5.0,15.0,160.0,True,0.95,0.8,0.0
6,June,s322,rl3_dqn,3,2,2,7,9600,830,8770,0.0865,0.12822916666666667,0.8168674698795181,0.06305587229190422,2607.3613154422887,5837.065925925914,152.0,8217.0,3453,6147,17,6130,0.6403,44125.0,16800.0,60925.0,0.24534250501576382,0.2359257109692397,1.0,0.0,3489.0,3446.0,43.0,0.0,20.0,5.0,15.0,160.0,False,0.95,0.8,0.8701
6,June,s331,fifo,3,3,1,7,9600,830,8770,0.0865,0.5646875,0.10120481927710843,0.608551881413911,953.267891402859,1671.7212962916667,746.0,3433.0,7666,1934,157,1777,0.2015,32085.0,16800.0,48885.0,,,,,,,,,20.0,5.0,15.0,160.0,False,0.95,0.8,1.0402
6,June,s331,urgent_first,3,3,1,7,9600,830,8770,0.0865,0.7644791666666667,1.0,0.7421892816419612,220.05451949908414,246.67592591333334,0.0,2261.0,7643,1957,0,1957,0.2039,11305.0,16800.0,28105.0,,,,,,,,,20.0,5.0,15.0,160.0,False,0.95,0.8,0.0578
6,June,s331,rl3_dqn,3,3,1,7,9600,830,8770,0.0865,0.12729166666666666,0.8060240963855422,0.06305587229190422,2607.328373073334,5837.065925925914,161.0,8217.0,3453,6147,17,6130,0.6403,44305.0,16800.0,61105.0,0.24613623354321695,0.23563551944283226,1.0,0.0,3494.0,3446.0,48.0,0.0,20.0,5.0,15.0,160.0,False,0.95,0.8,0.8809
6,June,s421,fifo,4,2,1,7,9600,830,8770,0.0865,0.564375,0.1,0.6083238312428735,953.1530044507543,1671.72074074,747.0,3435.0,7667,1933,157,1776,0.2014,32115.0,16800.0,48915.0,,,,,,,,,20.0,5.0,15.0,160.0,False,0.95,0.8,1.0417
6,June,s421,urgent_first,4,2,1,7,9600,830,8770,0.0865,0.7607291666666667,1.0,0.7380843785632839,259.3484098491203,282.26148147333333,0.0,2297.0,7635,1965,0,1965,0.2047,11485.0,16800.0,28285.0,,,,,,,,,20.0,5.0,15.0,160.0,False,0.95,0.8,0.0619
6,June,s421,rl3_dqn,4,2,1,7,9600,830,8770,0.0865,0.12833333333333333,0.8180722891566266,0.06305587229190422,2607.3473372590665,5837.065925925914,151.0,8217.0,3453,6147,17,6130,0.6403,44105.0,16800.0,60905.0,0.24469305794607,0.2359257109692397,1.0,0.0,3486.0,3446.0,40.0,0.0,20.0,5.0,15.0,160.0,False,0.95,0.8,0.8689
6,June,s232,fifo,2,3,2,7,9600,830,8770,0.0865,0.3773958333333333,0.06385542168674699,0.4070695553021665,1298.8452133604305,2316.6022222133333,777.0,5200.0,6965,2635,225,2410,0.2745,41540.0,16800.0,58340.0,,,,,,,,,20.0,5.0,15.0,160.0,False,0.95,0.8,1.2791
6,June,s232,urgent_first,2,3,2,7,9600,830,8770,0.0865,0.6846875,1.0,0.6548460661345497,249.5704310131366,223.77407406666669,0.0,3027.0,6931,2669,0,2669,0.278,15135.0,16800.0,31935.0,,,,,,,,,20.0,5.0,15.0,160.0,False,0.95,0.8,0.1452
6,June,s232,rl3_dqn,2,3,2,7,9600,830,8770,0.0865,0.12739583333333335,0.8072289156626506,0.06305587229190422,2607.326244489494,5837.065925925914,160.0,8217.0,3453,6147,17,6130,0.6403,44285.0,16800.0,61085.0,0.2459204122530776,0.23563551944283226,1.0,0.0,3493.0,3446.0,47.0,0.0,20.0,5.0,15.0,160.0,False,0.95,0.8,0.8797
7,July,s332,fifo,3,3,2,8,8400,663,7737,0.0789,0.9985714285714286,1.0,0.9984490112446684,38.186511444372904,69.32998206666667,0.0,12.0,8388,12,0,12,0.0014,60.0,19200.0,19260.0,,,,,,,,,20.0,5.0,15.0,160.0,True,0.95,0.8,0.0
7,July,s332,urgent_first,3,3,2,8,8400,663,7737,0.0789,0.9988095238095238,1.0,0.9987075093705571,38.57314868815256,134.13646953000003,0.0,10.0,8390,10,0,10,0.0012,50.0,19200.0,19250.0,,,,,,,,,20.0,5.0,15.0,160.0,True,0.95,0.8,0.0
7,July,s332,rl3_dqn,3,3,2,8,8400,663,7737,0.0789,0.1244047619047619,0.6470588235294118,0.07961742277368489,2601.0499509185684,5349.456702508994,234.0,7121.0,3487,4913,16,4897,0.5849,40285.0,19200.0,59485.0,0.19756235827664398,0.18579234972677597,1.0,0.0,3528.0,3477.0,51.0,0.0,20.0,5.0,15.0,160.0,False,0.95,0.8,1.0233
7,July,s232,fifo,2,3,2,7,8400,663,7737,0.0789,0.7060714285714286,0.07390648567119155,0.7602429882383352,857.4743298732222,1415.2737813566666,614.0,1855.0,6984,1416,105,1311,0.1686,21555.0,16800.0,38355.0,,,,,,,,,20.0,5.0,15.0,160.0,False,0.95,0.8,0.9159
7,July,s232,urgent_first,2,3,2,7,8400,663,7737,0.0789,0.7901190476190476,1.0,0.7721339020292103,243.6548158020388,240.73372759,0.0,1763.0,6973,1427,0,1427,0.1699,8815.0,16800.0,25615.0,,,,,,,,,20.0,5.0,15.0,160.0,False,0.95,0.8,0.0279
7,July,s232,rl3_dqn,2,3,2,7,8400,663,7737,0.0789,0.12297619047619048,0.6289592760180995,0.07961742277368489,2601.012215520423,5348.80738351258,246.0,7121.0,3487,4913,16,4897,0.5849,40525.0,16800.0,57325.0,0.19665153234960273,0.18579234972677597,1.0,0.0,3524.0,3477.0,47.0,0.0,20.0,5.0,15.0,160.0,False,0.95,0.8,1.0414
7,July,s432,fifo,4,3,2,9,8400,663,7737,0.0789,1.0,1.0,1.0,15.29425643484127,26.546039413333343,0.0,0.0,8400,0,0,0,0.0,0.0,21600.0,21600.0,,,,,,,,,20.0,5.0,15.0,160.0,True,0.95,0.8,0.0
7,July,s432,urgent_first,4,3,2,9,8400,663,7737,0.0789,1.0,1.0,1.0,15.331300085634922,26.006003580000005,0.0,0.0,8400,0,0,0,0.0,0.0,21600.0,21600.0,,,,,,,,,20.0,5.0,15.0,160.0,True,0.95,0.8,0.0
7,July,s432,rl3_dqn,4,3,2,9,8400,663,7737,0.0789,0.12571428571428572,0.6636500754147813,0.07961742277368489,2601.089297061385,5349.456702508994,223.0,7121.0,3487,4913,16,4897,0.5849,40065.0,21600.0,61665.0,0.1977866061293984,0.18600633458105384,1.0,0.0,3524.0,3473.0,51.0,0.0,20.0,5.0,15.0,160.0,False,0.95,0.8,1.0067
7,July,s322,fifo,3,2,2,7,8400,663,7737,0.0789,0.9961904761904762,0.9984917043740573,0.9959932790487269,48.88564099400494,88.06591396833333,1.0,31.0,8368,32,1,31,0.0038,175.0,16800.0,16975.0,,,,,,,,,20.0,5.0,15.0,160.0,True,0.95,0.8,0.0
7,July,s322,urgent_first,3,2,2,7,8400,663,7737,0.0789,0.9961904761904762,1.0,0.9958640299857826,49.896301613575524,157.08928314500008,0.0,32.0,8368,32,0,32,0.0038,160.0,16800.0,16960.0,,,,,,,,,20.0,5.0,15.0,160.0,True,0.95,0.8,0.0
7,July,s322,rl3_dqn,3,2,2,7,8400,663,7737,0.0789,0.12476190476190477,0.6515837104072398,0.07961742277368489,2601.070699412976,5349.456702508994,231.0,7121.0,3487,4913,16,4897,0.5849,40225.0,16800.0,57025.0,0.19756235827664398,0.18579234972677597,1.0,0.0,3528.0,3477.0,51.0,0.0,20.0,5.0,15.0,160.0,False,0.95,0.8,1.0188
7,July,s342,fifo,3,4,2,9,8400,663,7737,0.0789,0.9985714285714286,1.0,0.9984490112446684,38.1130592905023,69.26668458166668,0.0,12.0,8388,12,0,12,0.0014,60.0,21600.0,21660.0,,,,,,,,,20.0,5.0,15.0,160.0,True,0.95,0.8,0.0
7,July,s342,urgent_first,3,4,2,9,8400,663,7737,0.0789,0.9988095238095238,1.0,0.9987075093705571,38.49341885104489,134.13551971,0.0,10.0,8390,10,0,10,0.0012,50.0,21600.0,21650.0,,,,,,,,,20.0,5.0,15.0,160.0,True,0.95,0.8,0.0
7,July,s342,rl3_dqn,3,4,2,9,8400,663,7737,0.0789,0.12392857142857143,0.6410256410256411,0.07961742277368489,2601.0400140100514,5348.80738351258,238.0,7121.0,3487,4913,16,4897,0.5849,40365.0,21600.0,61965.0,0.19641841955656622,0.18600633458105384,1.0,0.0,3518.0,3473.0,45.0,0.0,20.0,5.0,15.0,160.0,False,0.95,0.8,1.0294
7,July,s331,fifo,3,3,1,7,8400,663,7737,0.0789,0.8496428571428571,0.12217194570135746,0.911981388134936,483.82418662220266,750.2593189833333,582.0,681.0,7668,732,51,681,0.0871,15045.0,16800.0,31845.0,,,,,,,,,20.0,5.0,15.0,160.0,False,0.95,0.8,0.8278
7,July,s331,urgent_first,3,3,1,7,8400,663,7737,0.0789,0.8789285714285714,1.0,0.8685537029856534,220.5845048761525,230.12894264833338,0.0,1017.0,7650,750,0,750,0.0893,5085.0,16800.0,21885.0,,,,,,,,,20.0,5.0,15.0,160.0,True,0.95,0.8,0.0
7,July,s331,rl3_dqn,3,3,1,7,8400,663,7737,0.0789,0.12309523809523809,0.6304675716440422,0.07961742277368489,2601.0209001586027,5348.80738351258,245.0,7121.0,3487,4913,16,4897,0.5849,40505.0,16800.0,57305.0,0.19665153234960273,0.18579234972677597,1.0,0.0,3524.0,3477.0,47.0,0.0,20.0,5.0,15.0,160.0,False,0.95,0.8,1.0399
7,July,s333,fifo,3,3,3,9,8400,663,7737,0.0789,0.9985714285714286,1.0,0.9984490112446684,38.0258434265697,69.18706092000001,0.0,12.0,8388,12,0,12,0.0014,60.0,21600.0,21660.0,,,,,,,,,20.0,5.0,15.0,160.0,True,0.95,0.8,0.0
7,July,s333,urgent_first,3,3,3,9,8400,663,7737,0.0789,0.9988095238095238,1.0,0.9987075093705571,38.41514113948352,133.92164874333338,0.0,10.0,8390,10,0,10,0.0012,50.0,21600.0,21650.0,,,,,,,,,20.0,5.0,15.0,160.0,True,0.95,0.8,0.0
7,July,s333,rl3_dqn,3,3,3,9,8400,663,7737,0.0789,0.12571428571428572,0.6636500754147813,0.07961742277368489,2601.0905780096687,5349.456702508994,223.0,7121.0,3487,4913,16,4897,0.5849,40065.0,21600.0,61665.0,0.1971030957114456,0.18600633458105384,1.0,0.0,3521.0,3473.0,48.0,0.0,20.0,5.0,15.0,160.0,False,0.95,0.8,1.0067
7,July,s221,fifo,2,2,1,5,8400,663,7737,0.0789,0.7051190476190476,0.07088989441930618,0.7594674938606695,859.4144596937643,1415.8076164816666,616.0,1861.0,6984,1416,105,1311,0.1686,21625.0,12000.0,33625.0,,,,,,,,,20.0,5.0,15.0,160.0,False,0.95,0.8,0.9196
7,July,s221,urgent_first,2,2,1,5,8400,663,7737,0.0789,0.79,1.0,0.772004652966266,245.74210486939384,242.37508959000004,0.0,1764.0,6973,1427,0,1427,0.1699,8820.0,12000.0,20820.0,,,,,,,,,20.0,5.0,15.0,160.0,False,0.95,0.8,0.028
7,July,s221,rl3_dqn,2,2,1,5,8400,663,7737,0.0789,0.12154761904761904,0.6108597285067874,0.07961742277368489,2601.0256654774057,5348.80738351258,258.0,7121.0,3487,4913,16,4897,0.5849,40765.0,12000.0,52765.0,0.1977304964539007,0.18595279217040875,1.0,0.0,3525.0,3474.0,51.0,0.0,20.0,5.0,15.0,160.0,False,0.95,0.8,1.0595
7,July,s443,fifo,4,4,3,11,8400,663,7737,0.0789,1.0,1.0,1.0,13.765319926904763,24.17580645,0.0,0.0,8400,0,0,0,0.0,0.0,26400.0,26400.0,,,,,,,,,20.0,5.0,15.0,160.0,True,0.95,0.8,0.0
7,July,s443,urgent_first,4,4,3,11,8400,663,7737,0.0789,1.0,1.0,1.0,13.80212151420635,22.243906795000008,0.0,0.0,8400,0,0,0,0.0,0.0,26400.0,26400.0,,,,,,,,,20.0,5.0,15.0,160.0,True,0.95,0.8,0.0
7,July,s443,rl3_dqn,4,4,3,11,8400,663,7737,0.0789,0.1270238095238095,0.6817496229260935,0.0794881737107406,2601.077586899832,5349.456702508994,211.0,7122.0,3487,4913,16,4897,0.5849,39830.0,26400.0,66230.0,0.19847112117780294,0.18579234972677597,1.0,0.0,3532.0,3477.0,55.0,0.0,20.0,5.0,15.0,160.0,False,0.95,0.8,0.9888
7,July,s442,fifo,4,4,2,10,8400,663,7737,0.0789,1.0,1.0,1.0,14.43489532373016,24.963189955,0.0,0.0,8400,0,0,0,0.0,0.0,24000.0,24000.0,,,,,,,,,20.0,5.0,15.0,160.0,True,0.95,0.8,0.0
7,July,s442,urgent_first,4,4,2,10,8400,663,7737,0.0789,1.0,1.0,1.0,14.480548101507935,23.209946235000043,0.0,0.0,8400,0,0,0,0.0,0.0,24000.0,24000.0,,,,,,,,,20.0,5.0,15.0,160.0,True,0.95,0.8,0.0
7,July,s442,rl3_dqn,4,4,2,10,8400,663,7737,0.0789,0.1255952380952381,0.6621417797888386,0.07961742277368489,2601.0656568740224,5349.456702508994,224.0,7121.0,3487,4913,16,4897,0.5849,40085.0,24000.0,64085.0,0.19619534355479842,0.18579234972677597,1.0,0.0,3522.0,3477.0,45.0,0.0,20.0,5.0,15.0,160.0,False,0.95,0.8,1.0082
7,July,s433,fifo,4,3,3,10,8400,663,7737,0.0789,1.0,1.0,1.0,14.924407228492065,25.94980286333334,0.0,0.0,8400,0,0,0,0.0,0.0,24000.0,24000.0,,,,,,,,,20.0,5.0,15.0,160.0,True,0.95,0.8,0.0
7,July,s433,urgent_first,4,3,3,10,8400,663,7737,0.0789,1.0,1.0,1.0,14.950036196746032,25.44663082000002,0.0,0.0,8400,0,0,0,0.0,0.0,24000.0,24000.0,,,,,,,,,20.0,5.0,15.0,160.0,True,0.95,0.8,0.0
7,July,s433,rl3_dqn,4,3,3,10,8400,663,7737,0.0789,0.12726190476190477,0.6847662141779789,0.0794881737107406,2601.0990619022227,5349.456702508994,209.0,7122.0,3487,4913,16,4897,0.5849,39790.0,24000.0,63790.0,0.1991501416430595,0.18600633458105384,1.0,0.0,3530.0,3473.0,57.0,0.0,20.0,5.0,15.0,160.0,False,0.95,0.8,0.9857
7,July,s343,fifo,3,4,3,10,8400,663,7737,0.0789,0.9985714285714286,1.0,0.9984490112446684,37.91630400517406,69.11876344,0.0,12.0,8388,12,0,12,0.0014,60.0,24000.0,24060.0,,,,,,,,,20.0,5.0,15.0,160.0,True,0.95,0.8,0.0
7,July,s343,urgent_first,3,4,3,10,8400,663,7737,0.0789,0.9988095238095238,1.0,0.9987075093705571,38.302131604322604,133.81879927666668,0.0,10.0,8390,10,0,10,0.0012,50.0,24000.0,24050.0,,,,,,,,,20.0,5.0,15.0,160.0,True,0.95,0.8,0.0
7,July,s343,rl3_dqn,3,4,3,10,8400,663,7737,0.0789,0.12547619047619046,0.6606334841628959,0.07961742277368489,2601.0738539871095,5349.456702508994,225.0,7121.0,3487,4913,16,4897,0.5849,40105.0,24000.0,64105.0,0.19733484547774313,0.18579234972677597,1.0,0.0,3527.0,3477.0,50.0,0.0,20.0,5.0,15.0,160.0,False,0.95,0.8,1.0097
7,July,s222,fifo,2,2,2,6,8400,663,7737,0.0789,0.7060714285714286,0.07390648567119155,0.7602429882383352,857.6704185521073,1415.2737813566666,614.0,1855.0,6984,1416,105,1311,0.1686,21555.0,14400.0,35955.0,,,,,,,,,20.0,5.0,15.0,160.0,False,0.95,0.8,0.9159
7,July,s222,urgent_first,2,2,2,6,8400,663,7737,0.0789,0.7901190476190476,1.0,0.7721339020292103,243.853178534483,240.75591396666667,0.0,1763.0,6973,1427,0,1427,0.1699,8815.0,14400.0,23215.0,,,,,,,,,20.0,5.0,15.0,160.0,False,0.95,0.8,0.0279
7,July,s222,rl3_dqn,2,2,2,6,8400,663,7737,0.0789,0.12369047619047618,0.6380090497737556,0.07961742277368489,2601.0109536907703,5348.80738351258,240.0,7121.0,3487,4913,16,4897,0.5849,40405.0,14400.0,54805.0,0.1959670548139733,0.18579234972677597,1.0,0.0,3521.0,3477.0,44.0,0.0,20.0,5.0,15.0,160.0,False,0.95,0.8,1.0324
7,July,s231,fifo,2,3,1,6,8400,663,7737,0.0789,0.705,0.07088989441930618,0.7593382447977253,859.2766637792931,1415.6929928299999,616.0,1862.0,6984,1416,105,1311,0.1686,21630.0,14400.0,36030.0,,,,,,,,,20.0,5.0,15.0,160.0,False,0.95,0.8,0.9198
7,July,s231,urgent_first,2,3,1,6,8400,663,7737,0.0789,0.7901190476190476,1.0,0.7721339020292103,245.58004167325637,242.26111110666665,0.0,1763.0,6973,1427,0,1427,0.1699,8815.0,14400.0,23215.0,,,,,,,,,20.0,5.0,15.0,160.0,False,0.95,0.8,0.0279
7,July,s231,rl3_dqn,2,3,1,6,8400,663,7737,0.0789,0.12154761904761904,0.6108597285067874,0.07961742277368489,2601.0022403746434,5348.80738351258,258.0,7121.0,3487,4913,16,4897,0.5849,40765.0,14400.0,55165.0,0.1977897421365826,0.18579234972677597,1.0,0.0,3529.0,3477.0,52.0,0.0,20.0,5.0,15.0,160.0,False,0.95,0.8,1.0595
7,July,s321,fifo,3,2,1,6,8400,663,7737,0.0789,0.8495238095238096,0.12217194570135746,0.9118521390719917,484.7851012706403,751.2535842166667,582.0,682.0,7667,733,51,682,0.0873,15050.0,14400.0,29450.0,,,,,,,,,20.0,5.0,15.0,160.0,False,0.95,0.8,0.8278
7,July,s321,urgent_first,3,2,1,6,8400,663,7737,0.0789,0.8819047619047619,1.0,0.8717849295592607,209.1880352237401,227.78521504166667,0.0,992.0,7646,754,0,754,0.0898,4960.0,14400.0,19360.0,,,,,,,,,20.0,5.0,15.0,160.0,True,0.95,0.8,0.0
7,July,s321,rl3_dqn,3,2,1,6,8400,663,7737,0.0789,0.12321428571428572,0.6319758672699849,0.07961742277368489,2601.0171672458796,5348.80738351258,244.0,7121.0,3487,4913,16,4897,0.5849,40485.0,14400.0,54885.0,0.1962510650383414,0.1858457997698504,1.0,0.0,3521.0,3476.0,45.0,0.0,20.0,5.0,15.0,160.0,False,0.95,0.8,1.0384
7,July,s132,fifo,1,3,2,6,8400,663,7737,0.0789,0.08976190476190476,0.01809954751131222,0.09590280470466589,2859.1776817140208,5031.817634403334,651.0,6995.0,3515,4885,379,4506,0.5815,47995.0,14400.0,62395.0,,,,,,,,,20.0,5.0,15.0,160.0,False,0.95,0.8,1.636
7,July,s132,urgent_first,1,3,2,6,8400,663,7737,0.0789,0.39130952380952383,1.0,0.3391495411658266,214.1171281878418,168.97365591,0.0,5113.0,3438,4962,0,4962,0.5907,25565.0,14400.0,39965.0,,,,,,,,,20.0,5.0,15.0,160.0,False,0.95,0.8,0.4609
7,July,s132,rl3_dqn,1,3,2,6,8400,663,7737,0.0789,0.12142857142857143,0.6093514328808446,0.07961742277368489,2600.9979625809333,5348.80738351258,259.0,7121.0,3487,4913,16,4897,0.5849,40785.0,14400.0,55185.0,0.19687943262411348,0.18579234972677597,1.0,0.0,3525.0,3477.0,48.0,0.0,20.0,5.0,15.0,160.0,False,0.95,0.8,1.061
8,August,s332,fifo,3,3,2,8,8400,683,7717,0.0813,0.9977380952380952,0.9941434846266471,0.9980562394712972,39.01136318776597,71.80698923333333,4.0,15.0,8381,19,4,15,0.0023,155.0,19200.0,19355.0,,,,,,,,,20.0,5.0,15.0,160.0,True,0.95,0.8,0.0
8,August,s332,urgent_first,3,3,2,8,8400,683,7717,0.0813,0.9983333333333333,1.0,0.998185823506544,39.386352480529055,138.69659497499998,0.0,14.0,8386,14,0,14,0.0017,70.0,19200.0,19270.0,,,,,,,,,20.0,5.0,15.0,160.0,True,0.95,0.8,0.0
8,August,s332,rl3_dqn,3,3,2,8,8400,683,7717,0.0813,0.13071428571428573,0.7027818448023426,0.08008293378255799,2543.249850247235,5405.86390681002,203.0,7099.0,3425,4975,17,4958,0.5923,39555.0,19200.0,58755.0,0.20422331501301708,0.19490781387181738,1.0,0.0,3457.0,3417.0,40.0,0.0,20.0,5.0,15.0,160.0,False,0.95,0.8,0.9671
8,August,s232,fifo,2,3,2,7,8400,683,7717,0.0813,0.6132142857142857,0.07613469985358712,0.6607489957237268,886.5856986214884,1623.84082436,631.0,2618.0,6927,1473,111,1362,0.1754,25710.0,16800.0,42510.0,,,,,,,,,20.0,5.0,15.0,160.0,False,0.95,0.8,1.0131
8,August,s232,urgent_first,2,3,2,7,8400,683,7717,0.0813,0.78,1.0,0.7605287028638071,243.6162462576056,244.23311826666668,0.0,1848.0,6905,1495,0,1495,0.178,9240.0,16800.0,26040.0,,,,,,,,,20.0,5.0,15.0,160.0,False,0.95,0.8,0.0395
8,August,s232,rl3_dqn,2,3,2,7,8400,683,7717,0.0813,0.13035714285714287,0.698389458272328,0.08008293378255799,2543.185684797113,5405.86390681002,206.0,7099.0,3425,4975,17,4958,0.5923,39615.0,16800.0,56415.0,0.20537261698440207,0.19490781387181738,1.0,0.0,3462.0,3417.0,45.0,0.0,20.0,5.0,15.0,160.0,False,0.95,0.8,0.9715
8,August,s432,fifo,4,3,2,9,8400,683,7717,0.0813,0.9998809523809524,1.0,0.9998704159647531,16.101576792320518,28.399139773333328,0.0,1.0,8399,1,0,1,0.0001,5.0,21600.0,21605.0,,,,,,,,,20.0,5.0,15.0,160.0,True,0.95,0.8,0.0
8,August,s432,urgent_first,4,3,2,9,8400,683,7717,0.0813,0.9998809523809524,1.0,0.9998704159647531,16.152082804941063,27.51448027333332,0.0,1.0,8399,1,0,1,0.0001,5.0,21600.0,21605.0,,,,,,,,,20.0,5.0,15.0,160.0,True,0.95,0.8,0.0
8,August,s432,rl3_dqn,4,3,2,9,8400,683,7717,0.0813,0.1325,0.7247437774524158,0.08008293378255799,2543.327037595166,5407.653906810019,188.0,7099.0,3425,4975,17,4958,0.5923,39255.0,21600.0,60855.0,0.204683434518647,0.19490781387181738,1.0,0.0,3459.0,3417.0,42.0,0.0,20.0,5.0,15.0,160.0,False,0.95,0.8,0.9452
8,August,s322,fifo,3,2,2,7,8400,683,7717,0.0813,0.9953571428571428,0.9926793557833089,0.9955941428016069,50.19040072149663,90.92275984999999,5.0,34.0,8361,39,5,34,0.0046,270.0,16800.0,17070.0,,,,,,,,,20.0,5.0,15.0,160.0,True,0.95,0.8,0.0
8,August,s322,urgent_first,3,2,2,7,8400,683,7717,0.0813,0.9960714285714286,1.0,0.9957237268368537,50.809203647639535,160.6643369066667,0.0,33.0,8367,33,0,33,0.0039,165.0,16800.0,16965.0,,,,,,,,,20.0,5.0,15.0,160.0,True,0.95,0.8,0.0
8,August,s322,rl3_dqn,3,2,2,7,8400,683,7717,0.0813,0.13130952380952382,0.7101024890190337,0.08008293378255799,2543.2850229966266,5407.653906810019,198.0,7099.0,3425,4975,17,4958,0.5923,39455.0,16800.0,56255.0,0.20399305555555555,0.19490781387181738,1.0,0.0,3456.0,3417.0,39.0,0.0,20.0,5.0,15.0,160.0,False,0.95,0.8,0.9598
8,August,s342,fifo,3,4,2,9,8400,683,7717,0.0813,0.9978571428571429,0.9956076134699854,0.9980562394712972,38.93208536580171,71.82046594833335,3.0,15.0,8382,18,3,15,0.0021,135.0,21600.0,21735.0,,,,,,,,,20.0,5.0,15.0,160.0,True,0.95,0.8,0.0
8,August,s342,urgent_first,3,4,2,9,8400,683,7717,0.0813,0.9983333333333333,1.0,0.998185823506544,39.30931535516138,138.47894264166666,0.0,14.0,8386,14,0,14,0.0017,70.0,21600.0,21670.0,,,,,,,,,20.0,5.0,15.0,160.0,True,0.95,0.8,0.0
8,August,s342,rl3_dqn,3,4,2,9,8400,683,7717,0.0813,0.13035714285714287,0.698389458272328,0.08008293378255799,2543.2594414881105,5405.86390681002,206.0,7099.0,3425,4975,17,4958,0.5923,39615.0,21600.0,61215.0,0.20353213665315575,0.19490781387181738,1.0,0.0,3454.0,3417.0,37.0,0.0,20.0,5.0,15.0,160.0,False,0.95,0.8,0.9715
8,August,s331,fifo,3,3,1,7,8400,683,7717,0.0813,0.8507142857142858,0.1815519765739385,0.909939095503434,485.70264703244675,834.1179211333333,559.0,695.0,7651,749,54,695,0.0892,14655.0,16800.0,31455.0,,,,,,,,,20.0,5.0,15.0,160.0,False,0.95,0.8,0.7684
8,August,s331,urgent_first,3,3,1,7,8400,683,7717,0.0813,0.8778571428571429,1.0,0.8670467798367241,195.07544358759543,235.00985661666667,0.0,1026.0,7641,759,0,759,0.0904,5130.0,16800.0,21930.0,,,,,,,,,20.0,5.0,15.0,160.0,True,0.95,0.8,0.0
8,August,s331,rl3_dqn,3,3,1,7,8400,683,7717,0.0813,0.13035714285714287,0.698389458272328,0.08008293378255799,2543.204001098816,5405.86390681002,206.0,7099.0,3425,4975,17,4958,0.5923,39615.0,16800.0,56415.0,0.20445344129554655,0.19490781387181738,1.0,0.0,3458.0,3417.0,41.0,0.0,20.0,5.0,15.0,160.0,False,0.95,0.8,0.9715
8,August,s333,fifo,3,3,3,9,8400,683,7717,0.0813,0.9978571428571429,0.9956076134699854,0.9980562394712972,38.86341440421737,71.66218637833333,3.0,15.0,8382,18,3,15,0.0021,135.0,21600.0,21735.0,,,,,,,,,20.0,5.0,15.0,160.0,True,0.95,0.8,0.0
8,August,s333,urgent_first,3,3,3,9,8400,683,7717,0.0813,0.9983333333333333,1.0,0.998185823506544,39.227244045836315,138.399014325,0.0,14.0,8386,14,0,14,0.0017,70.0,21600.0,21670.0,,,,,,,,,20.0,5.0,15.0,160.0,True,0.95,0.8,0.0
8,August,s333,rl3_dqn,3,3,3,9,8400,683,7717,0.0813,0.1325,0.7247437774524158,0.08008293378255799,2543.3170765246077,5408.847240143353,188.0,7099.0,3425,4975,17,4958,0.5923,39255.0,21600.0,60855.0,0.2028397565922921,0.19490781387181738,1.0,0.0,3451.0,3417.0,34.0,0.0,20.0,5.0,15.0,160.0,False,0.95,0.8,0.9452
8,August,s221,fifo,2,2,1,5,8400,683,7717,0.0813,0.6129761904761905,0.07613469985358712,0.6604898276532332,887.8622623850381,1624.6728673766668,631.0,2620.0,6922,1478,112,1366,0.176,25720.0,12000.0,37720.0,,,,,,,,,20.0,5.0,15.0,160.0,False,0.95,0.8,1.0134
8,August,s221,urgent_first,2,2,1,5,8400,683,7717,0.0813,0.7794047619047619,1.0,0.7598807826875729,245.18867642411112,246.07471324833335,0.0,1853.0,6900,1500,0,1500,0.1786,9265.0,12000.0,21265.0,,,,,,,,,20.0,5.0,15.0,160.0,False,0.95,0.8,0.0401
8,August,s221,rl3_dqn,2,2,1,5,8400,683,7717,0.0813,0.12857142857142856,0.6764275256222547,0.08008293378255799,2543.2276166705924,5405.86390681002,221.0,7099.0,3425,4975,17,4958,0.5923,39915.0,12000.0,51915.0,0.20720461095100864,0.19490781387181738,1.0,0.0,3470.0,3417.0,53.0,0.0,20.0,5.0,15.0,160.0,False,0.95,0.8,0.9935
8,August,s443,fifo,4,4,3,11,8400,683,7717,0.0813,0.9998809523809524,1.0,0.9998704159647531,14.595645530662381,26.565053759999998,0.0,1.0,8399,1,0,1,0.0001,5.0,26400.0,26405.0,,,,,,,,,20.0,5.0,15.0,160.0,True,0.95,0.8,0.0
8,August,s443,urgent_first,4,4,3,11,8400,683,7717,0.0813,0.9998809523809524,1.0,0.9998704159647531,14.62247610573084,24.337777776666663,0.0,1.0,8399,1,0,1,0.0001,5.0,26400.0,26405.0,,,,,,,,,20.0,5.0,15.0,160.0,True,0.95,0.8,0.0
8,August,s443,rl3_dqn,4,4,3,11,8400,683,7717,0.0813,0.13273809523809524,0.7276720351390923,0.08008293378255799,2543.3472857703496,5408.847240143353,186.0,7099.0,3425,4975,17,4958,0.5923,39215.0,26400.0,65615.0,0.20461760461760461,0.19490781387181738,0.8958333333333334,0.0,3465.0,3417.0,48.0,0.0,20.0,5.0,15.0,160.0,False,0.95,0.8,0.9422
8,August,s442,fifo,4,4,2,10,8400,683,7717,0.0813,0.9998809523809524,1.0,0.9998704159647531,15.277798167881096,27.409605723333332,0.0,1.0,8399,1,0,1,0.0001,5.0,24000.0,24005.0,,,,,,,,,20.0,5.0,15.0,160.0,True,0.95,0.8,0.0
8,August,s442,urgent_first,4,4,2,10,8400,683,7717,0.0813,0.9998809523809524,1.0,0.9998704159647531,15.329887702349486,25.77383512,0.0,1.0,8399,1,0,1,0.0001,5.0,24000.0,24005.0,,,,,,,,,20.0,5.0,15.0,160.0,True,0.95,0.8,0.0
8,August,s442,rl3_dqn,4,4,2,10,8400,683,7717,0.0813,0.1319047619047619,0.7174231332357247,0.08008293378255799,2543.3194609528305,5405.86390681002,193.0,7099.0,3425,4975,17,4958,0.5923,39355.0,24000.0,63355.0,0.20376266280752534,0.19490781387181738,1.0,0.0,3455.0,3417.0,38.0,0.0,20.0,5.0,15.0,160.0,False,0.95,0.8,0.9525
8,August,s433,fifo,4,3,3,10,8400,683,7717,0.0813,0.9998809523809524,1.0,0.9998704159647531,15.731671644882324,27.89422938,0.0,1.0,8399,1,0,1,0.0001,5.0,24000.0,24005.0,,,,,,,,,20.0,5.0,15.0,160.0,True,0.95,0.8,0.0
8,August,s433,urgent_first,4,3,3,10,8400,683,7717,0.0813,0.9998809523809524,1.0,0.9998704159647531,15.783312713263483,27.072114683333332,0.0,1.0,8399,1,0,1,0.0001,5.0,24000.0,24005.0,,,,,,,,,20.0,5.0,15.0,160.0,True,0.95,0.8,0.0
8,August,s433,rl3_dqn,4,3,3,10,8400,683,7717,0.0813,0.13297619047619047,0.7306002928257687,0.08008293378255799,2543.3397188603735,5408.847240143353,184.0,7099.0,3425,4975,17,4958,0.5923,39175.0,24000.0,63175.0,0.20271833429728167,0.19490781387181738,0.8536585365853658,0.0,3458.0,3417.0,41.0,0.0,20.0,5.0,15.0,160.0,False,0.95,0.8,0.9393
8,August,s343,fifo,3,4,3,10,8400,683,7717,0.0813,0.9979761904761905,0.9956076134699854,0.998185823506544,38.74927042593145,71.50996415333334,3.0,14.0,8383,17,3,14,0.002,130.0,24000.0,24130.0,,,,,,,,,20.0,5.0,15.0,160.0,True,0.95,0.8,0.0
8,August,s343,urgent_first,3,4,3,10,8400,683,7717,0.0813,0.9983333333333333,1.0,0.998185823506544,39.11586396792869,138.38512544166667,0.0,14.0,8386,14,0,14,0.0017,70.0,24000.0,24070.0,,,,,,,,,20.0,5.0,15.0,160.0,True,0.95,0.8,0.0
8,August,s343,rl3_dqn,3,4,3,10,8400,683,7717,0.0813,0.1319047619047619,0.7174231332357247,0.08008293378255799,2543.3253441645093,5407.653906810019,193.0,7099.0,3425,4975,17,4958,0.5923,39355.0,24000.0,63355.0,0.20422331501301708,0.19490781387181738,1.0,0.0,3457.0,3417.0,40.0,0.0,20.0,5.0,15.0,160.0,False,0.95,0.8,0.9525
8,August,s222,fifo,2,2,2,6,8400,683,7717,0.0813,0.6130952380952381,0.07613469985358712,0.6606194116884799,886.7865118643546,1623.84082436,631.0,2619.0,6927,1473,111,1362,0.1754,25715.0,14400.0,40115.0,,,,,,,,,20.0,5.0,15.0,160.0,False,0.95,0.8,1.0132
8,August,s222,urgent_first,2,2,2,6,8400,683,7717,0.0813,0.7798809523809523,1.0,0.7603991188285604,243.2182404377976,244.08021504333345,0.0,1849.0,6903,1497,0,1497,0.1782,9245.0,14400.0,23645.0,,,,,,,,,20.0,5.0,15.0,160.0,False,0.95,0.8,0.0396
8,August,s222,rl3_dqn,2,2,2,6,8400,683,7717,0.0813,0.13035714285714287,0.698389458272328,0.08008293378255799,2543.227217643828,5405.86390681002,206.0,7099.0,3425,4975,17,4958,0.5923,39615.0,14400.0,54015.0,0.20422331501301708,0.19490781387181738,1.0,0.0,3457.0,3417.0,40.0,0.0,20.0,5.0,15.0,160.0,False,0.95,0.8,0.9715
8,August,s231,fifo,2,3,1,6,8400,683,7717,0.0813,0.6129761904761905,0.07613469985358712,0.6604898276532332,887.730051078094,1624.3474014266667,631.0,2620.0,6922,1478,112,1366,0.176,25720.0,14400.0,40120.0,,,,,,,,,20.0,5.0,15.0,160.0,False,0.95,0.8,1.0134
8,August,s231,urgent_first,2,3,1,6,8400,683,7717,0.0813,0.7794047619047619,1.0,0.7598807826875729,245.04998817414977,245.5256630750001,0.0,1853.0,6900,1500,0,1500,0.1786,9265.0,14400.0,23665.0,,,,,,,,,20.0,5.0,15.0,160.0,False,0.95,0.8,0.0401
8,August,s231,rl3_dqn,2,3,1,6,8400,683,7717,0.0813,0.12845238095238096,0.6749633967789166,0.08008293378255799,2543.233441488111,5405.86390681002,222.0,7099.0,3425,4975,17,4958,0.5923,39935.0,14400.0,54335.0,0.20583140877598152,0.19490781387181738,1.0,0.0,3464.0,3417.0,47.0,0.0,20.0,5.0,15.0,160.0,False,0.95,0.8,0.995
8,August,s321,fifo,3,2,1,6,8400,683,7717,0.0813,0.8507142857142858,0.1815519765739385,0.909939095503434,485.8259816727988,834.2620071666666,559.0,695.0,7651,749,54,695,0.0892,14655.0,14400.0,29055.0,,,,,,,,,20.0,5.0,15.0,160.0,False,0.95,0.8,0.7684
8,August,s321,urgent_first,3,2,1,6,8400,683,7717,0.0813,0.8809523809523809,1.0,0.8704159647531424,189.29030843517137,229.1453763433333,0.0,1000.0,7644,756,0,756,0.09,5000.0,14400.0,19400.0,,,,,,,,,20.0,5.0,15.0,160.0,True,0.95,0.8,0.0
8,August,s321,rl3_dqn,3,2,1,6,8400,683,7717,0.0813,0.13023809523809524,0.6969253294289898,0.08008293378255799,2543.2115436778913,5405.86390681002,207.0,7099.0,3425,4975,17,4958,0.5923,39635.0,14400.0,54035.0,0.20514302224790523,0.19490781387181738,1.0,0.0,3461.0,3417.0,44.0,0.0,20.0,5.0,15.0,160.0,False,0.95,0.8,0.973
8,August,s132,fifo,1,3,2,6,8400,683,7717,0.0813,0.09892857142857144,0.016105417276720352,0.10625890890242322,2856.05179681699,5082.56537634,672.0,6897.0,3500,4900,396,4504,0.5833,47925.0,14400.0,62325.0,,,,,,,,,20.0,5.0,15.0,160.0,False,0.95,0.8,1.6276
8,August,s132,urgent_first,1,3,2,6,8400,683,7717,0.0813,0.3842857142857143,1.0,0.32979136970325257,217.12151706844412,169.33544802,0.0,5172.0,3385,5015,0,5015,0.597,25860.0,14400.0,40260.0,,,,,,,,,20.0,5.0,15.0,160.0,False,0.95,0.8,0.4702
8,August,s132,rl3_dqn,1,3,2,6,8400,683,7717,0.0813,0.12857142857142856,0.6764275256222547,0.08008293378255799,2543.212069225337,5405.86390681002,221.0,7099.0,3425,4975,17,4958,0.5923,39915.0,14400.0,54315.0,0.20537261698440207,0.19490781387181738,1.0,0.0,3462.0,3417.0,45.0,0.0,20.0,5.0,15.0,160.0,False,0.95,0.8,0.9935
9,September,s853,fifo,8,5,3,16,16800,2055,14745,0.1223,0.9955952380952381,0.9961070559610705,0.9955239064089522,38.91713897714536,66.22962961666667,8.0,66.0,16726,74,8,66,0.0044,490.0,38400.0,38890.0,,,,,,,,,20.0,5.0,15.0,160.0,True,0.95,0.8,0.0
9,September,s853,urgent_first,8,5,3,16,16800,2055,14745,0.1223,0.9954761904761905,1.0,0.9948457104103086,39.14461163897493,130.37851850666667,0.0,76.0,16724,76,0,76,0.0045,380.0,38400.0,38780.0,,,,,,,,,20.0,5.0,15.0,160.0,True,0.95,0.8,0.0
9,September,s853,rl3_dqn,8,5,3,16,16800,2055,14745,0.1223,0.12607142857142858,0.9854014598540146,0.006307222787385555,1074.7419835358687,5299.7759259259,30.0,14652.0,2551,14249,30,14219,0.8482,73860.0,38400.0,112260.0,0.7966300940438872,0.7961508248232522,1.0,0.0,2552.0,2546.0,6.0,0.0,20.0,5.0,15.0,160.0,False,0.95,0.8,0.7937
9,September,s753,fifo,7,5,3,15,16800,2055,14745,0.1223,0.9922619047619048,0.9931873479318735,0.9921329264157341,52.333123478351325,91.44092591833333,14.0,116.0,16670,130,14,116,0.0077,860.0,36000.0,36860.0,,,,,,,,,20.0,5.0,15.0,160.0,True,0.95,0.8,0.0
9,September,s753,urgent_first,7,5,3,15,16800,2055,14745,0.1223,0.9920238095238095,1.0,0.9909121736181756,52.17980585083003,175.99722221666667,0.0,134.0,16666,134,0,134,0.008,670.0,36000.0,36670.0,,,,,,,,,20.0,5.0,15.0,160.0,True,0.95,0.8,0.0
9,September,s753,rl3_dqn,7,5,3,15,16800,2055,14745,0.1223,0.12607142857142858,0.9854014598540146,0.006307222787385555,1074.438644975827,5300.242592592566,30.0,14652.0,2551,14249,30,14219,0.8482,73860.0,36000.0,109860.0,0.7961583692669542,0.7961508248232522,0.8,0.0,2551.0,2546.0,5.0,0.0,20.0,5.0,15.0,160.0,False,0.95,0.8,0.7937
9,September,s953,fifo,9,5,3,17,16800,2055,14745,0.1223,0.99625,0.9961070559610705,0.9962699220074601,37.183798362806954,63.66555554,8.0,55.0,16737,63,8,55,0.0037,435.0,40800.0,41235.0,,,,,,,,,20.0,5.0,15.0,160.0,True,0.95,0.8,0.0
9,September,s953,urgent_first,9,5,3,17,16800,2055,14745,0.1223,0.9959523809523809,1.0,0.9953882672092235,37.38740115713902,115.83944443499999,0.0,68.0,16732,68,0,68,0.004,340.0,40800.0,41140.0,,,,,,,,,20.0,5.0,15.0,160.0,True,0.95,0.8,0.0
9,September,s953,rl3_dqn,9,5,3,17,16800,2055,14745,0.1223,0.12607142857142858,0.9854014598540146,0.006307222787385555,1074.8405265908796,5299.7759259259,30.0,14652.0,2551,14249,30,14219,0.8482,73860.0,40800.0,114660.0,0.7960861056751468,0.7961508248232522,0.7777777777777778,0.0,2555.0,2546.0,9.0,0.0,20.0,5.0,15.0,160.0,False,0.95,0.8,0.7937
9,September,s843,fifo,8,4,3,15,16800,2055,14745,0.1223,0.9907738095238096,0.9927007299270073,0.9905052560189895,66.12535562091819,114.86592592,15.0,140.0,16645,155,15,140,0.0092,1000.0,36000.0,37000.0,,,,,,,,,20.0,5.0,15.0,160.0,True,0.95,0.8,0.0
9,September,s843,urgent_first,8,4,3,15,16800,2055,14745,0.1223,0.9908928571428571,1.0,0.9896236012207528,67.07524277841853,190.18703703333333,0.0,153.0,16647,153,0,153,0.0091,765.0,36000.0,36765.0,,,,,,,,,20.0,5.0,15.0,160.0,True,0.95,0.8,0.0
9,September,s843,rl3_dqn,8,4,3,15,16800,2055,14745,0.1223,0.12607142857142858,0.9854014598540146,0.006307222787385555,1074.6450476937155,5299.7759259259,30.0,14652.0,2551,14249,30,14219,0.8482,73860.0,36000.0,109860.0,0.7966300940438872,0.7961508248232522,1.0,0.0,2552.0,2546.0,6.0,0.0,20.0,5.0,15.0,160.0,False,0.95,0.8,0.7937
9,September,s863,fifo,8,6,3,17,16800,2055,14745,0.1223,0.9956547619047619,0.9956204379562044,0.9956595456086809,37.50393275532871,64.43444443333333,9.0,64.0,16727,73,9,64,0.0043,500.0,40800.0,41300.0,,,,,,,,,20.0,5.0,15.0,160.0,True,0.95,0.8,0.0
9,September,s863,urgent_first,8,6,3,17,16800,2055,14745,0.1223,0.9955357142857143,1.0,0.9949135300101729,37.54962928938814,128.26592592,0.0,75.0,16725,75,0,75,0.0045,375.0,40800.0,41175.0,,,,,,,,,20.0,5.0,15.0,160.0,True,0.95,0.8,0.0
9,September,s863,rl3_dqn,8,6,3,17,16800,2055,14745,0.1223,0.12607142857142858,0.9854014598540146,0.006307222787385555,1074.7575264602121,5300.242592592566,30.0,14652.0,2551,14249,30,14219,0.8482,73860.0,40800.0,114660.0,0.7966300940438872,0.7961508248232522,1.0,0.0,2552.0,2546.0,6.0,0.0,20.0,5.0,15.0,160.0,False,0.95,0.8,0.7937
9,September,s852,fifo,8,5,2,15,16800,2055,14745,0.1223,0.8169642857142857,0.21021897810218979,0.9015259409969482,486.23512466310626,833.6987036916668,1623.0,1452.0,15148,1652,200,1452,0.0983,39720.0,36000.0,75720.0,,,,,,,,,20.0,5.0,15.0,160.0,False,0.95,0.8,0.7398
9,September,s852,urgent_first,8,5,2,15,16800,2055,14745,0.1223,0.8602380952380952,1.0,0.8407595795184808,226.4366469460391,234.6824074,0.0,2348.0,15106,1694,0,1694,0.1008,11740.0,36000.0,47740.0,,,,,,,,,20.0,5.0,15.0,160.0,True,0.95,0.8,0.0
9,September,s852,rl3_dqn,8,5,2,15,16800,2055,14745,0.1223,0.12607142857142858,0.9854014598540146,0.006307222787385555,1074.4396772507516,5300.242592592566,30.0,14652.0,2551,14249,30,14219,0.8482,73860.0,36000.0,109860.0,0.7961583692669542,0.7961508248232522,0.8,0.0,2551.0,2546.0,5.0,0.0,20.0,5.0,15.0,160.0,False,0.95,0.8,0.7937
9,September,s854,fifo,8,5,4,17,16800,2055,14745,0.1223,0.9957738095238096,0.9961070559610705,0.9957273652085453,38.51261448041225,65.79185184333333,8.0,63.0,16729,71,8,63,0.0042,475.0,40800.0,41275.0,,,,,,,,,20.0,5.0,15.0,160.0,True,0.95,0.8,0.0
9,September,s854,urgent_first,8,5,4,17,16800,2055,14745,0.1223,0.9954761904761905,1.0,0.9948457104103086,38.71027176813063,130.08370369833335,0.0,76.0,16724,76,0,76,0.0045,380.0,40800.0,41180.0,,,,,,,,,20.0,5.0,15.0,160.0,True,0.95,0.8,0.0
9,September,s854,rl3_dqn,8,5,4,17,16800,2055,14745,0.1223,0.12607142857142858,0.9854014598540146,0.006307222787385555,1074.8388083104667,5299.7759259259,30.0,14652.0,2551,14249,30,14219,0.8482,73860.0,40800.0,114660.0,0.795774647887324,0.7961508248232522,0.7,0.0,2556.0,2546.0,10.0,0.0,20.0,5.0,15.0,160.0,False,0.95,0.8,0.7937
9,September,s642,fifo,6,4,2,12,16800,2055,14745,0.1223,0.8168452380952381,0.20924574209245742,0.9015259409969482,486.9554743731285,834.3466666583333,1625.0,1452.0,15148,1652,200,1452,0.0983,39760.0,28800.0,68560.0,,,,,,,,,20.0,5.0,15.0,160.0,False,0.95,0.8,0.7408
9,September,s642,urgent_first,6,4,2,12,16800,2055,14745,0.1223,0.8520833333333333,1.0,0.8314682943370634,273.54740641854244,528.8629629566673,0.0,2485.0,15105,1695,0,1695,0.1009,12425.0,28800.0,41225.0,,,,,,,,,20.0,5.0,15.0,160.0,True,0.95,0.8,0.0
9,September,s642,rl3_dqn,6,4,2,12,16800,2055,14745,0.1223,0.12589285714285714,0.983941605839416,0.006307222787385555,1078.1890007262166,5303.084629629593,33.0,14652.0,2550,14250,32,14218,0.8482,73920.0,28800.0,102720.0,0.7959183673469388,0.7956777996070727,1.0,0.0,2548.0,2545.0,3.0,0.0,20.0,5.0,15.0,160.0,False,0.95,0.8,0.7937
9,September,s10_6_4,fifo,10,6,4,20,16800,2055,14745,0.1223,0.9998809523809524,1.0,0.9998643608002713,20.165318945244472,33.313518505000005,0.0,2.0,16798,2,0,2,0.0001,10.0,48000.0,48010.0,,,,,,,,,20.0,5.0,15.0,160.0,True,0.95,0.8,0.0
9,September,s10_6_4,urgent_first,10,6,4,20,16800,2055,14745,0.1223,0.9998809523809524,1.0,0.9998643608002713,20.310107015252807,50.213333330000054,0.0,2.0,16798,2,0,2,0.0001,10.0,48000.0,48010.0,,,,,,,,,20.0,5.0,15.0,160.0,True,0.95,0.8,0.0
9,September,s10_6_4,rl3_dqn,10,6,4,20,16800,2055,14745,0.1223,0.12607142857142858,0.9854014598540146,0.006307222787385555,1074.8342610740892,5307.2259259259,30.0,14652.0,2551,14249,30,14219,0.8482,73860.0,48000.0,121860.0,0.7952325127002735,0.7961508248232522,0.6153846153846154,0.0,2559.0,2546.0,13.0,0.0,20.0,5.0,15.0,160.0,False,0.95,0.8,0.7937
9,September,s963,fifo,9,6,3,18,16800,2055,14745,0.1223,0.9979761904761905,0.9975669099756691,0.9980332316039335,31.487089162695337,53.457407399999994,5.0,29.0,16766,34,5,29,0.002,245.0,43200.0,43445.0,,,,,,,,,20.0,5.0,15.0,160.0,True,0.95,0.8,0.0
9,September,s963,urgent_first,9,6,3,18,16800,2055,14745,0.1223,0.9978571428571429,1.0,0.997558494404883,31.865328804993837,96.62425925166667,0.0,36.0,16764,36,0,36,0.0021,180.0,43200.0,43380.0,,,,,,,,,20.0,5.0,15.0,160.0,True,0.95,0.8,0.0
9,September,s963,rl3_dqn,9,6,3,18,16800,2055,14745,0.1223,0.12607142857142858,0.9854014598540146,0.006307222787385555,1074.7991767934145,5299.7759259259,30.0,14652.0,2551,14249,30,14219,0.8482,73860.0,43200.0,117060.0,0.7961658841940532,0.7961508248232522,0.8,0.0,2556.0,2546.0,10.0,0.0,20.0,5.0,15.0,160.0,False,0.95,0.8,0.7937
9,September,s954,fifo,9,5,4,18,16800,2055,14745,0.1223,0.9963095238095238,0.9961070559610705,0.9963377416073245,36.75774263121341,63.17944443666667,8.0,54.0,16738,62,8,54,0.0037,430.0,43200.0,43630.0,,,,,,,,,20.0,5.0,15.0,160.0,True,0.95,0.8,0.0
9,September,s954,urgent_first,9,5,4,18,16800,2055,14745,0.1223,0.9959523809523809,1.0,0.9953882672092235,36.94008961837098,115.40962961666666,0.0,68.0,16732,68,0,68,0.004,340.0,43200.0,43540.0,,,,,,,,,20.0,5.0,15.0,160.0,True,0.95,0.8,0.0
9,September,s954,rl3_dqn,9,5,4,18,16800,2055,14745,0.1223,0.12607142857142858,0.9854014598540146,0.006307222787385555,1074.820358029531,5308.192592592566,30.0,14652.0,2551,14249,30,14219,0.8482,73860.0,43200.0,117060.0,0.7961658841940532,0.7961508248232522,0.8,0.0,2556.0,2546.0,10.0,0.0,20.0,5.0,15.0,160.0,False,0.95,0.8,0.7937
9,September,s864,fifo,8,6,4,18,16800,2055,14745,0.1223,0.9958333333333333,0.9961070559610705,0.9957951848084097,36.65069003643057,63.44814813333333,8.0,62.0,16730,70,8,62,0.0042,470.0,43200.0,43670.0,,,,,,,,,20.0,5.0,15.0,160.0,True,0.95,0.8,0.0
9,September,s864,urgent_first,8,6,4,18,16800,2055,14745,0.1223,0.9955357142857143,1.0,0.9949135300101729,36.60831688281116,127.33370369666667,0.0,75.0,16725,75,0,75,0.0045,375.0,43200.0,43575.0,,,,,,,,,20.0,5.0,15.0,160.0,True,0.95,0.8,0.0
9,September,s864,rl3_dqn,8,6,4,18,16800,2055,14745,0.1223,0.12607142857142858,0.9854014598540146,0.006307222787385555,1074.8012413432643,5299.7759259259,30.0,14652.0,2551,14249,30,14219,0.8482,73860.0,43200.0,117060.0,0.7961658841940532,0.7961508248232522,0.8,0.0,2556.0,2546.0,10.0,0.0,20.0,5.0,15.0,160.0,False,0.95,0.8,0.7937
9,September,s743,fifo,7,4,3,14,16800,2055,14745,0.1223,0.9906547619047619,0.9922141119221412,0.9904374364191251,66.63698172822107,115.3374074,16.0,141.0,16643,157,16,141,0.0093,1025.0,33600.0,34625.0,,,,,,,,,20.0,5.0,15.0,160.0,True,0.95,0.8,0.0
9,September,s743,urgent_first,7,4,3,14,16800,2055,14745,0.1223,0.9905952380952381,1.0,0.989284503221431,67.50562242424289,199.9457407283333,0.0,158.0,16642,158,0,158,0.0094,790.0,33600.0,34390.0,,,,,,,,,20.0,5.0,15.0,160.0,True,0.95,0.8,0.0
9,September,s743,rl3_dqn,7,4,3,14,16800,2055,14745,0.1223,0.12607142857142858,0.9854014598540146,0.006307222787385555,1074.4467006402722,5300.242592592566,30.0,14652.0,2551,14249,30,14219,0.8482,73860.0,33600.0,107460.0,0.7961583692669542,0.7961508248232522,0.8,0.0,2551.0,2546.0,5.0,0.0,20.0,5.0,15.0,160.0,False,0.95,0.8,0.7937
9,September,s752,fifo,7,5,2,14,16800,2055,14745,0.1223,0.8170238095238095,0.21021897810218979,0.9015937605968125,486.28863865042246,834.0674074000001,1623.0,1451.0,15149,1651,200,1451,0.0983,39715.0,33600.0,73315.0,,,,,,,,,20.0,5.0,15.0,160.0,False,0.95,0.8,0.7398
9,September,s752,urgent_first,7,5,2,14,16800,2055,14745,0.1223,0.8657738095238096,1.0,0.8470668023058664,208.68056645080492,239.36851850833332,0.0,2255.0,15116,1684,0,1684,0.1002,11275.0,33600.0,44875.0,,,,,,,,,20.0,5.0,15.0,160.0,True,0.95,0.8,0.0
9,September,s752,rl3_dqn,7,5,2,14,16800,2055,14745,0.1223,0.12595238095238095,0.9844282238442822,0.006307222787385555,1078.2696673928833,5303.084629629593,32.0,14652.0,2550,14250,32,14218,0.8482,73900.0,33600.0,107500.0,0.7955346650998825,0.7956777996070727,0.75,0.0,2553.0,2545.0,8.0,0.0,20.0,5.0,15.0,160.0,False,0.95,0.8,0.7937
9,September,s842,fifo,8,4,2,14,16800,2055,14745,0.1223,0.8170833333333334,0.21070559610705597,0.9015937605968125,486.4041787300757,834.0914814766667,1622.0,1451.0,15149,1651,200,1451,0.0983,39695.0,33600.0,73295.0,,,,,,,,,20.0,5.0,15.0,160.0,False,0.95,0.8,0.7393
9,September,s842,urgent_first,8,4,2,14,16800,2055,14745,0.1223,0.8660119047619048,1.0,0.8473380807053238,210.39091214820897,234.07185184000002,0.0,2251.0,15103,1697,0,1697,0.101,11255.0,33600.0,44855.0,,,,,,,,,20.0,5.0,15.0,160.0,True,0.95,0.8,0.0
9,September,s842,rl3_dqn,8,4,2,14,16800,2055,14745,0.1223,0.12607142857142858,0.9854014598540146,0.006307222787385555,1074.4954331634658,5300.242592592566,30.0,14652.0,2551,14249,30,14219,0.8482,73860.0,33600.0,107460.0,0.7961583692669542,0.7961508248232522,0.8,0.0,2551.0,2546.0,5.0,0.0,20.0,5.0,15.0,160.0,False,0.95,0.8,0.7937
9,September,s653,fifo,6,5,3,14,16800,2055,14745,0.1223,0.8929166666666667,0.4408759124087591,0.9559172600881655,241.49896380791054,382.68666665666666,1149.0,650.0,16065,735,85,650,0.0437,26230.0,33600.0,59830.0,,,,,,,,,20.0,5.0,15.0,160.0,False,0.95,0.8,0.5091
9,September,s653,urgent_first,6,5,3,14,16800,2055,14745,0.1223,0.9288690476190476,1.0,0.9189555781620888,172.39146242552013,278.4396296216666,0.0,1195.0,16022,778,0,778,0.0463,5975.0,33600.0,39575.0,,,,,,,,,20.0,5.0,15.0,160.0,True,0.95,0.8,0.0
9,September,s653,rl3_dqn,6,5,3,14,16800,2055,14745,0.1223,0.12595238095238095,0.9844282238442822,0.006307222787385555,1078.264837327524,5303.084629629593,32.0,14652.0,2550,14250,32,14218,0.8482,73900.0,33600.0,107500.0,0.7956147220046985,0.7956777996070727,0.7777777777777778,0.0,2554.0,2545.0,9.0,0.0,20.0,5.0,15.0,160.0,False,0.95,0.8,0.7937
10,October,s964,fifo,9,6,4,19,20400,3097,17303,0.1518,0.9947058823529412,0.9941879237972231,0.9947985898399122,45.26668037390433,79.04274193166667,18.0,90.0,20292,108,18,90,0.0053,810.0,45600.0,46410.0,,,,,,,,,20.0,5.0,15.0,160.0,True,0.95,0.8,0.0
10,October,s964,urgent_first,9,6,4,19,20400,3097,17303,0.1518,0.9941666666666666,1.0,0.9931225798994394,45.192056569915195,151.44802866666666,0.0,119.0,20281,119,0,119,0.0058,595.0,45600.0,46195.0,,,,,,,,,20.0,5.0,15.0,160.0,True,0.95,0.8,0.0
10,October,s964,rl3_dqn,9,6,4,19,20400,3097,17303,0.1518,0.008676470588235294,0.052954472069744914,0.0007513148009015778,1078.2075870350786,1902.63385304663,2933.0,17290.0,2440,17960,670,17290,0.8804,145110.0,45600.0,190710.0,0.9983552631578947,0.9983552631578947,0.0,0.0,2432.0,2432.0,0.0,0.0,20.0,5.0,15.0,160.0,False,0.95,0.8,1.6963
10,October,s864,fifo,8,6,4,18,20400,3097,17303,0.1518,0.9917156862745098,0.9925734581853407,0.991562156851413,60.22618900502776,106.36379926666667,23.0,146.0,20231,169,23,146,0.0083,1190.0,43200.0,44390.0,,,,,,,,,20.0,5.0,15.0,160.0,True,0.95,0.8,0.0
10,October,s864,urgent_first,8,6,4,18,20400,3097,17303,0.1518,0.9916666666666667,1.0,0.9901751141420563,60.23094825338111,194.11290321333337,0.0,170.0,20230,170,0,170,0.0083,850.0,43200.0,44050.0,,,,,,,,,20.0,5.0,15.0,160.0,True,0.95,0.8,0.0
10,October,s864,rl3_dqn,8,6,4,18,20400,3097,17303,0.1518,0.008431372549019607,0.051017113335485954,0.000809108247124776,1083.4109516650724,1906.3939784946006,2939.0,17289.0,2439,17961,672,17289,0.8804,145225.0,43200.0,188425.0,0.9979432332373509,0.9979432332373509,0.0,0.0,2431.0,2431.0,0.0,0.0,20.0,5.0,15.0,160.0,False,0.95,0.8,1.6982
10,October,s10_6_4,fifo,10,6,4,20,20400,3097,17303,0.1518,0.9958333333333333,0.9945108169195996,0.9960700456568226,38.24754535475593,66.39648744333334,17.0,68.0,20315,85,17,68,0.0042,680.0,48000.0,48680.0,,,,,,,,,20.0,5.0,15.0,160.0,True,0.95,0.8,0.0
10,October,s10_6_4,urgent_first,10,6,4,20,20400,3097,17303,0.1518,0.9955392156862745,1.0,0.994740796393689,38.605552467616164,123.83440859666669,0.0,91.0,20309,91,0,91,0.0045,455.0,48000.0,48455.0,,,,,,,,,20.0,5.0,15.0,160.0,True,0.95,0.8,0.0
10,October,s10_6_4,rl3_dqn,10,6,4,20,20400,3097,17303,0.1518,0.008676470588235294,0.052954472069744914,0.0007513148009015778,1078.2075870350786,1902.63385304663,2933.0,17290.0,2440,17960,670,17290,0.8804,145110.0,48000.0,193110.0,0.9983552631578947,0.9983552631578947,0.0,0.0,2432.0,2432.0,0.0,0.0,20.0,5.0,15.0,160.0,False,0.95,0.8,1.6963
10,October,s954,fifo,9,5,4,18,20400,3097,17303,0.1518,0.991421568627451,0.9922505650629642,0.9912731896202971,60.05089520727894,106.16107526666667,24.0,151.0,20225,175,24,151,0.0086,1235.0,43200.0,44435.0,,,,,,,,,20.0,5.0,15.0,160.0,True,0.95,0.8,0.0
10,October,s954,urgent_first,9,5,4,18,20400,3097,17303,0.1518,0.9908823529411764,1.0,0.9892504190024851,61.614036964568285,180.03111110666669,0.0,186.0,20214,186,0,186,0.0091,930.0,43200.0,44130.0,,,,,,,,,20.0,5.0,15.0,160.0,True,0.95,0.8,0.0
10,October,s954,rl3_dqn,9,5,4,18,20400,3097,17303,0.1518,0.008676470588235294,0.052954472069744914,0.0007513148009015778,1078.2075870350786,1902.63385304663,2933.0,17290.0,2440,17960,670,17290,0.8804,145110.0,43200.0,188310.0,0.9983552631578947,0.9983552631578947,0.0,0.0,2432.0,2432.0,0.0,0.0,20.0,5.0,15.0,160.0,False,0.95,0.8,1.6963
10,October,s974,fifo,9,7,4,20,20400,3097,17303,0.1518,0.9947058823529412,0.9941879237972231,0.9947985898399122,44.856380748436166,78.65406809000001,18.0,90.0,20292,108,18,90,0.0053,810.0,48000.0,48810.0,,,,,,,,,20.0,5.0,15.0,160.0,True,0.95,0.8,0.0
10,October,s974,urgent_first,9,7,4,20,20400,3097,17303,0.1518,0.9942647058823529,1.0,0.9932381667918858,44.71384749047314,151.1108960533333,0.0,117.0,20283,117,0,117,0.0057,585.0,48000.0,48585.0,,,,,,,,,20.0,5.0,15.0,160.0,True,0.95,0.8,0.0
10,October,s974,rl3_dqn,9,7,4,20,20400,3097,17303,0.1518,0.008431372549019607,0.051017113335485954,0.000809108247124776,1083.4109516650724,1906.3939784946006,2939.0,17289.0,2439,17961,672,17289,0.8804,145225.0,48000.0,193225.0,0.9979432332373509,0.9979432332373509,0.0,0.0,2431.0,2431.0,0.0,0.0,20.0,5.0,15.0,160.0,False,0.95,0.8,1.6982
10,October,s963,fifo,9,6,3,18,20400,3097,17303,0.1518,0.9926960784313725,0.9932192444300937,0.9926024388834306,52.18898995973203,91.82741935,21.0,128.0,20251,149,21,128,0.0073,1060.0,43200.0,44260.0,,,,,,,,,20.0,5.0,15.0,160.0,True,0.95,0.8,0.0
10,October,s963,urgent_first,9,6,3,18,20400,3097,17303,0.1518,0.9923529411764705,1.0,0.990984222389181,53.29950693001136,163.96381719833335,0.0,156.0,20244,156,0,156,0.0076,780.0,43200.0,43980.0,,,,,,,,,20.0,5.0,15.0,160.0,True,0.95,0.8,0.0
10,October,s963,rl3_dqn,9,6,3,18,20400,3097,17303,0.1518,0.008431372549019607,0.051017113335485954,0.000809108247124776,1083.4109516650724,1906.3939784946006,2939.0,17289.0,2439,17961,672,17289,0.8804,145225.0,43200.0,188425.0,0.9979432332373509,0.9979432332373509,0.0,0.0,2431.0,2431.0,0.0,0.0,20.0,5.0,15.0,160.0,False,0.95,0.8,1.6982
10,October,s965,fifo,9,6,5,20,20400,3097,17303,0.1518,0.9947058823529412,0.9941879237972231,0.9947985898399122,45.17001173601748,78.955161275,18.0,90.0,20292,108,18,90,0.0053,810.0,48000.0,48810.0,,,,,,,,,20.0,5.0,15.0,160.0,True,0.95,0.8,0.0
10,October,s965,urgent_first,9,6,5,20,20400,3097,17303,0.1518,0.9942156862745098,1.0,0.9931803733456626,45.09677134008152,151.32216844500013,0.0,118.0,20282,118,0,118,0.0058,590.0,48000.0,48590.0,,,,,,,,,20.0,5.0,15.0,160.0,True,0.95,0.8,0.0
10,October,s965,rl3_dqn,9,6,5,20,20400,3097,17303,0.1518,0.008676470588235294,0.052954472069744914,0.0007513148009015778,1078.2075870350786,1902.63385304663,2933.0,17290.0,2440,17960,670,17290,0.8804,145110.0,48000.0,193110.0,0.9983552631578947,0.9983552631578947,0.0,0.0,2432.0,2432.0,0.0,0.0,20.0,5.0,15.0,160.0,False,0.95,0.8,1.6963
10,October,s753,fifo,7,5,3,15,20400,3097,17303,0.1518,0.8097549019607844,0.24539877300613497,0.9107669190313818,439.155552066047,756.067473115,2337.0,1544.0,18584,1816,272,1544,0.089,54460.0,36000.0,90460.0,,,,,,,,,20.0,5.0,15.0,160.0,False,0.95,0.8,0.7046
10,October,s753,urgent_first,7,5,3,15,20400,3097,17303,0.1518,0.8663235294117647,1.0,0.8423972721493382,247.44770851245102,307.50944443500055,0.0,2727.0,18530,1870,0,1870,0.0917,13635.0,36000.0,49635.0,,,,,,,,,20.0,5.0,15.0,160.0,True,0.95,0.8,0.0
10,October,s753,rl3_dqn,7,5,3,15,20400,3097,17303,0.1518,0.008431372549019607,0.051017113335485954,0.000809108247124776,1083.4109516650724,1906.3939784946006,2939.0,17289.0,2439,17961,672,17289,0.8804,145225.0,36000.0,181225.0,0.9979432332373509,0.9979432332373509,0.0,0.0,2431.0,2431.0,0.0,0.0,20.0,5.0,15.0,160.0,False,0.95,0.8,1.6982
10,October,s11_7_5,fifo,11,7,5,23,20400,3097,17303,0.1518,0.9997058823529412,0.9990313206328705,0.9998266196613304,25.60933779330032,43.238602140000005,3.0,3.0,20394,6,3,3,0.0003,75.0,55200.0,55275.0,,,,,,,,,20.0,5.0,15.0,160.0,True,0.95,0.8,0.0
10,October,s11_7_5,urgent_first,11,7,5,23,20400,3097,17303,0.1518,0.9995588235294117,1.0,0.9994798589839912,25.987170239890965,79.94802866666667,0.0,9.0,20391,9,0,9,0.0004,45.0,55200.0,55245.0,,,,,,,,,20.0,5.0,15.0,160.0,True,0.95,0.8,0.0
10,October,s11_7_5,rl3_dqn,11,7,5,23,20400,3097,17303,0.1518,0.008676470588235294,0.052954472069744914,0.0007513148009015778,1078.2075870350786,1902.63385304663,2933.0,17290.0,2440,17960,670,17290,0.8804,145110.0,55200.0,200310.0,0.9983552631578947,0.9983552631578947,0.0,0.0,2432.0,2432.0,0.0,0.0,20.0,5.0,15.0,160.0,False,0.95,0.8,1.6963
10,October,s10_7_4,fifo,10,7,4,21,20400,3097,17303,0.1518,0.9973529411764706,0.9958023894091056,0.9976304687048488,33.8790333860382,58.4844982,13.0,41.0,20346,54,13,41,0.0026,465.0,50400.0,50865.0,,,,,,,,,20.0,5.0,15.0,160.0,True,0.95,0.8,0.0
10,October,s10_7_4,urgent_first,10,7,4,21,20400,3097,17303,0.1518,0.9971568627450981,1.0,0.9966479801190545,33.84438832575787,114.9157885166667,0.0,58.0,20342,58,0,58,0.0028,290.0,50400.0,50690.0,,,,,,,,,20.0,5.0,15.0,160.0,True,0.95,0.8,0.0
10,October,s10_7_4,rl3_dqn,10,7,4,21,20400,3097,17303,0.1518,0.008431372549019607,0.051017113335485954,0.000809108247124776,1083.4109516650724,1906.3939784946006,2939.0,17289.0,2439,17961,672,17289,0.8804,145225.0,50400.0,195625.0,0.9979432332373509,0.9979432332373509,0.0,0.0,2431.0,2431.0,0.0,0.0,20.0,5.0,15.0,160.0,False,0.95,0.8,1.6982
10,October,s10_6_5,fifo,10,6,5,21,20400,3097,17303,0.1518,0.9958333333333333,0.9945108169195996,0.9960700456568226,38.13488311831323,66.29025089333334,17.0,68.0,20315,85,17,68,0.0042,680.0,50400.0,51080.0,,,,,,,,,20.0,5.0,15.0,160.0,True,0.95,0.8,0.0
10,October,s10_6_5,urgent_first,10,6,5,21,20400,3097,17303,0.1518,0.9955392156862745,1.0,0.994740796393689,38.4922972605651,123.63372759333335,0.0,91.0,20309,91,0,91,0.0045,455.0,50400.0,50855.0,,,,,,,,,20.0,5.0,15.0,160.0,True,0.95,0.8,0.0
10,October,s10_6_5,rl3_dqn,10,6,5,21,20400,3097,17303,0.1518,0.008676470588235294,0.052954472069744914,0.0007513148009015778,1078.2075870350786,1902.63385304663,2933.0,17290.0,2440,17960,670,17290,0.8804,145110.0,50400.0,195510.0,0.9983552631578947,0.9983552631578947,0.0,0.0,2432.0,2432.0,0.0,0.0,20.0,5.0,15.0,160.0,False,0.95,0.8,1.6963
10,October,s975,fifo,9,7,5,21,20400,3097,17303,0.1518,0.9947058823529412,0.9941879237972231,0.9947985898399122,44.707990578254154,78.45818996333333,18.0,90.0,20292,108,18,90,0.0053,810.0,50400.0,51210.0,,,,,,,,,20.0,5.0,15.0,160.0,True,0.95,0.8,0.0
10,October,s975,urgent_first,9,7,5,21,20400,3097,17303,0.1518,0.9942647058823529,1.0,0.9932381667918858,44.56502499544445,151.02093188999999,0.0,117.0,20283,117,0,117,0.0057,585.0,50400.0,50985.0,,,,,,,,,20.0,5.0,15.0,160.0,True,0.95,0.8,0.0
10,October,s975,rl3_dqn,9,7,5,21,20400,3097,17303,0.1518,0.008431372549019607,0.051017113335485954,0.000809108247124776,1083.4109516650724,1906.3939784946006,2939.0,17289.0,2439,17961,672,17289,0.8804,145225.0,50400.0,195625.0,0.9979432332373509,0.9979432332373509,0.0,0.0,2431.0,2431.0,0.0,0.0,20.0,5.0,15.0,160.0,False,0.95,0.8,1.6982
10,October,s854,fifo,8,5,4,17,20400,3097,17303,0.1518,0.9913235294117647,0.9922505650629642,0.9911576027278507,62.66374381794574,109.76928314999999,24.0,153.0,20223,177,24,153,0.0087,1245.0,40800.0,42045.0,,,,,,,,,20.0,5.0,15.0,160.0,True,0.95,0.8,0.0
10,October,s854,urgent_first,8,5,4,17,20400,3097,17303,0.1518,0.9911764705882353,1.0,0.9895971796798243,63.33386795488212,196.81824372333338,0.0,180.0,20220,180,0,180,0.0088,900.0,40800.0,41700.0,,,,,,,,,20.0,5.0,15.0,160.0,True,0.95,0.8,0.0
10,October,s854,rl3_dqn,8,5,4,17,20400,3097,17303,0.1518,0.008676470588235294,0.052954472069744914,0.0007513148009015778,1078.2075870350786,1902.63385304663,2933.0,17290.0,2440,17960,670,17290,0.8804,145110.0,40800.0,185910.0,0.9983552631578947,0.9983552631578947,0.0,0.0,2432.0,2432.0,0.0,0.0,20.0,5.0,15.0,160.0,False,0.95,0.8,1.6963
10,October,s863,fifo,8,6,3,17,20400,3097,17303,0.1518,0.9917156862745098,0.9925734581853407,0.991562156851413,61.18195985174814,107.24802866666667,23.0,146.0,20231,169,23,146,0.0083,1190.0,40800.0,41990.0,,,,,,,,,20.0,5.0,15.0,160.0,True,0.95,0.8,0.0
10,October,s863,urgent_first,8,6,3,17,20400,3097,17303,0.1518,0.9916176470588235,1.0,0.9901173206958331,61.23895265753539,194.97562723000001,0.0,171.0,20229,171,0,171,0.0084,855.0,40800.0,41655.0,,,,,,,,,20.0,5.0,15.0,160.0,True,0.95,0.8,0.0
10,October,s863,rl3_dqn,8,6,3,17,20400,3097,17303,0.1518,0.008431372549019607,0.051017113335485954,0.000809108247124776,1083.4109516650724,1906.3939784946006,2939.0,17289.0,2439,17961,672,17289,0.8804,145225.0,40800.0,186025.0,0.9979432332373509,0.9979432332373509,0.0,0.0,2431.0,2431.0,0.0,0.0,20.0,5.0,15.0,160.0,False,0.95,0.8,1.6982
10,October,s953,fifo,9,5,3,17,20400,3097,17303,0.1518,0.991421568627451,0.9922505650629642,0.9912731896202971,60.50967477052575,106.60989246333334,24.0,151.0,20225,175,24,151,0.0086,1235.0,40800.0,42035.0,,,,,,,,,20.0,5.0,15.0,160.0,True,0.95,0.8,0.0
10,October,s953,urgent_first,9,5,3,17,20400,3097,17303,0.1518,0.9908333333333333,1.0,0.989192625556262,62.09025023345454,180.52039425666666,0.0,187.0,20213,187,0,187,0.0092,935.0,40800.0,41735.0,,,,,,,,,20.0,5.0,15.0,160.0,True,0.95,0.8,0.0
10,October,s953,rl3_dqn,9,5,3,17,20400,3097,17303,0.1518,0.008676470588235294,0.052954472069744914,0.0007513148009015778,1078.2075870350786,1902.63385304663,2933.0,17290.0,2440,17960,670,17290,0.8804,145110.0,40800.0,185910.0,0.9983552631578947,0.9983552631578947,0.0,0.0,2432.0,2432.0,0.0,0.0,20.0,5.0,15.0,160.0,False,0.95,0.8,1.6963
10,October,s764,fifo,7,6,4,17,20400,3097,17303,0.1518,0.8099509803921568,0.24669034549564095,0.9107669190313818,438.63617069856235,755.20225806,2333.0,1544.0,18584,1816,272,1544,0.089,54380.0,40800.0,95180.0,,,,,,,,,20.0,5.0,15.0,160.0,False,0.95,0.8,0.7033
10,October,s764,urgent_first,7,6,4,17,20400,3097,17303,0.1518,0.8663725490196078,1.0,0.8424550655955615,246.89901948807676,306.04014336666665,0.0,2726.0,18531,1869,0,1869,0.0916,13630.0,40800.0,54430.0,,,,,,,,,20.0,5.0,15.0,160.0,True,0.95,0.8,0.0
10,October,s764,rl3_dqn,7,6,4,17,20400,3097,17303,0.1518,0.008431372549019607,0.051017113335485954,0.000809108247124776,1083.4109516650724,1906.3939784946006,2939.0,17289.0,2439,17961,672,17289,0.8804,145225.0,40800.0,186025.0,0.9979432332373509,0.9979432332373509,0.0,0.0,2431.0,2431.0,0.0,0.0,20.0,5.0,15.0,160.0,False,0.95,0.8,1.6982
11,November,s19_11_6,fifo,19,11,6,36,33600,7481,26119,0.2226,0.9092857142857143,0.5927015104932496,0.9999617136950113,209.14750779919248,512.1751851833333,3047.0,1.0,33599,1,0,1,0.0,60945.0,86400.0,147345.0,,,,,,,,,20.0,5.0,15.0,160.0,False,0.95,0.8,0.3573
11,November,s19_11_6,urgent_first,19,11,6,36,33600,7481,26119,0.2226,0.9618154761904761,1.0,0.9508786706994908,216.62268860814507,852.8633333300003,0.0,1283.0,33599,1,0,1,0.0,6415.0,86400.0,92815.0,,,,,,,,,20.0,5.0,15.0,160.0,True,0.95,0.8,0.0
11,November,s19_11_6,rl3_dqn,19,11,6,36,33600,7481,26119,0.2226,0.002113095238095238,0.008287662077262397,0.00034457674489834985,4113.445975612171,7158.2148148148,7419.0,26110.0,1871,31729,5619,26110,0.9443,278930.0,86400.0,365330.0,0.9989270386266095,0.9989270386266095,0.0,0.0,1864.0,1864.0,0.0,0.0,20.0,5.0,15.0,160.0,False,0.95,0.8,1.7414
11,November,s18_11_6,fifo,18,11,6,35,33600,7481,26119,0.2226,0.8948511904761904,0.5280042775030076,0.9999234273900226,253.6757957293723,577.9624073983333,3531.0,2.0,33598,2,0,2,0.0001,70630.0,84000.0,154630.0,,,,,,,,,20.0,5.0,15.0,160.0,False,0.95,0.8,0.422
11,November,s18_11_6,urgent_first,18,11,6,35,33600,7481,26119,0.2226,0.94625,1.0,0.9308549331903978,260.9366179123504,954.4959259199991,0.0,1806.0,33598,2,0,2,0.0001,9030.0,84000.0,93030.0,,,,,,,,,20.0,5.0,15.0,160.0,True,0.95,0.8,0.0
11,November,s18_11_6,rl3_dqn,18,11,6,35,33600,7481,26119,0.2226,0.002113095238095238,0.008287662077262397,0.00034457674489834985,4113.445975612171,7158.2148148148,7419.0,26110.0,1871,31729,5619,26110,0.9443,278930.0,84000.0,362930.0,0.9989270386266095,0.9989270386266095,0.0,0.0,1864.0,1864.0,0.0,0.0,20.0,5.0,15.0,160.0,False,0.95,0.8,1.7414
11,November,s20_11_6,fifo,20,11,6,37,33600,7481,26119,0.2226,0.9236607142857143,0.6572650715145034,0.9999617136950113,177.35538948217902,467.8381481400001,2564.0,1.0,33599,1,0,1,0.0,51285.0,88800.0,140085.0,,,,,,,,,20.0,5.0,15.0,160.0,False,0.95,0.8,0.2927
11,November,s20_11_6,urgent_first,20,11,6,37,33600,7481,26119,0.2226,0.9682440476190476,1.0,0.9591485125770511,183.6550268721807,751.4903703633335,0.0,1067.0,33599,1,0,1,0.0,5335.0,88800.0,94135.0,,,,,,,,,20.0,5.0,15.0,160.0,True,0.95,0.8,0.0
11,November,s20_11_6,rl3_dqn,20,11,6,37,33600,7481,26119,0.2226,0.002113095238095238,0.008287662077262397,0.00034457674489834985,4113.445975612171,7158.2148148148,7419.0,26110.0,1871,31729,5619,26110,0.9443,278930.0,88800.0,367730.0,0.9989270386266095,0.9989270386266095,0.0,0.0,1864.0,1864.0,0.0,0.0,20.0,5.0,15.0,160.0,False,0.95,0.8,1.7414
11,November,s19_10_6,fifo,19,10,6,35,33600,7481,26119,0.2226,0.897797619047619,0.5411041304638418,0.9999617136950113,234.08295974716705,538.8733333300003,3433.0,1.0,33599,1,0,1,0.0,68665.0,84000.0,152665.0,,,,,,,,,20.0,5.0,15.0,160.0,False,0.95,0.8,0.4089
11,November,s19_10_6,urgent_first,19,10,6,35,33600,7481,26119,0.2226,0.9575595238095238,1.0,0.9454037290861059,246.49934515546298,898.0940740666666,0.0,1426.0,33599,1,0,1,0.0,7130.0,84000.0,91130.0,,,,,,,,,20.0,5.0,15.0,160.0,True,0.95,0.8,0.0
11,November,s19_10_6,rl3_dqn,19,10,6,35,33600,7481,26119,0.2226,0.002113095238095238,0.008287662077262397,0.00034457674489834985,4113.445975612171,7158.2148148148,7419.0,26110.0,1871,31729,5619,26110,0.9443,278930.0,84000.0,362930.0,0.9989270386266095,0.9989270386266095,0.0,0.0,1864.0,1864.0,0.0,0.0,20.0,5.0,15.0,160.0,False,0.95,0.8,1.7414
11,November,s19_12_6,fifo,19,12,6,37,33600,7481,26119,0.2226,0.9094345238095238,0.5933698703381901,0.9999617136950113,208.94228641363534,512.1751851833333,3042.0,1.0,33599,1,0,1,0.0,60845.0,88800.0,149645.0,,,,,,,,,20.0,5.0,15.0,160.0,False,0.95,0.8,0.3566
11,November,s19_12_6,urgent_first,19,12,6,37,33600,7481,26119,0.2226,0.9618154761904761,1.0,0.9508786706994908,216.36609962236176,852.8333333300002,0.0,1283.0,33599,1,0,1,0.0,6415.0,88800.0,95215.0,,,,,,,,,20.0,5.0,15.0,160.0,True,0.95,0.8,0.0
11,November,s19_12_6,rl3_dqn,19,12,6,37,33600,7481,26119,0.2226,0.002113095238095238,0.008287662077262397,0.00034457674489834985,4113.445975612171,7158.2148148148,7419.0,26110.0,1871,31729,5619,26110,0.9443,278930.0,88800.0,367730.0,0.9989270386266095,0.9989270386266095,0.0,0.0,1864.0,1864.0,0.0,0.0,20.0,5.0,15.0,160.0,False,0.95,0.8,1.7414
11,November,s19_11_5,fifo,19,11,5,35,33600,7481,26119,0.2226,0.893422619047619,0.5226573987434835,0.9996171369501129,257.3758932715712,575.9796296166667,3571.0,10.0,33581,19,9,10,0.0006,71470.0,84000.0,155470.0,,,,,,,,,20.0,5.0,15.0,160.0,False,0.95,0.8,0.4273
11,November,s19_11_5,urgent_first,19,11,5,35,33600,7481,26119,0.2226,0.9496428571428571,1.0,0.9352195719591102,271.8849802982256,979.1055555433338,0.0,1692.0,33579,21,0,21,0.0006,8460.0,84000.0,92460.0,,,,,,,,,20.0,5.0,15.0,160.0,True,0.95,0.8,0.0
11,November,s19_11_5,rl3_dqn,19,11,5,35,33600,7481,26119,0.2226,0.002113095238095238,0.008287662077262397,0.00034457674489834985,4113.445975612171,7158.2148148148,7419.0,26110.0,1871,31729,5619,26110,0.9443,278930.0,84000.0,362930.0,0.9989270386266095,0.9989270386266095,0.0,0.0,1864.0,1864.0,0.0,0.0,20.0,5.0,15.0,160.0,False,0.95,0.8,1.7414
11,November,s19_11_7,fifo,19,11,7,37,33600,7481,26119,0.2226,0.9094345238095238,0.5933698703381901,0.9999617136950113,208.98541716157425,512.1751851833333,3042.0,1.0,33599,1,0,1,0.0,60845.0,88800.0,149645.0,,,,,,,,,20.0,5.0,15.0,160.0,False,0.95,0.8,0.3566
11,November,s19_11_7,urgent_first,19,11,7,37,33600,7481,26119,0.2226,0.9618154761904761,1.0,0.9508786706994908,216.4453390838537,852.8633333300003,0.0,1283.0,33599,1,0,1,0.0,6415.0,88800.0,95215.0,,,,,,,,,20.0,5.0,15.0,160.0,True,0.95,0.8,0.0
11,November,s19_11_7,rl3_dqn,19,11,7,37,33600,7481,26119,0.2226,0.002113095238095238,0.008287662077262397,0.00034457674489834985,4113.445975612171,7158.2148148148,7419.0,26110.0,1871,31729,5619,26110,0.9443,278930.0,88800.0,367730.0,0.9989270386266095,0.9989270386266095,0.0,0.0,1864.0,1864.0,0.0,0.0,20.0,5.0,15.0,160.0,False,0.95,0.8,1.7414
11,November,s16_9_5,fifo,16,9,5,30,33600,7481,26119,0.2226,0.8052678571428571,0.24542173506215748,0.9656188981201425,435.23404999259975,809.0251851766668,5645.0,898.0,32447,1153,255,898,0.0343,117390.0,72000.0,189390.0,,,,,,,,,20.0,5.0,15.0,160.0,False,0.95,0.8,0.7046
11,November,s16_9_5,urgent_first,16,9,5,30,33600,7481,26119,0.2226,0.8577976190476191,1.0,0.817068034763965,404.81742279625456,1506.3287036916668,0.0,4778.0,32426,1174,0,1174,0.0349,23890.0,72000.0,95890.0,,,,,,,,,20.0,5.0,15.0,160.0,True,0.95,0.8,0.0
11,November,s16_9_5,rl3_dqn,16,9,5,30,33600,7481,26119,0.2226,0.002113095238095238,0.008287662077262397,0.00034457674489834985,4113.445975612171,7158.2148148148,7419.0,26110.0,1871,31729,5619,26110,0.9443,278930.0,72000.0,350930.0,0.9989270386266095,0.9989270386266095,0.0,0.0,1864.0,1864.0,0.0,0.0,20.0,5.0,15.0,160.0,False,0.95,0.8,1.7414
11,November,s22_13_7,fifo,22,13,7,42,33600,7481,26119,0.2226,0.9480952380952381,0.7670097580537362,0.9999617136950113,130.27702901510165,347.82777777,1743.0,1.0,33599,1,0,1,0.0,34865.0,100800.0,135665.0,,,,,,,,,20.0,5.0,15.0,160.0,False,0.95,0.8,0.183
11,November,s22_13_7,urgent_first,22,13,7,42,33600,7481,26119,0.2226,0.9874404761904761,1.0,0.9838431792947663,134.619837828856,528.9281481466668,0.0,422.0,33599,1,0,1,0.0,2110.0,100800.0,102910.0,,,,,,,,,20.0,5.0,15.0,160.0,True,0.95,0.8,0.0
11,November,s22_13_7,rl3_dqn,22,13,7,42,33600,7481,26119,0.2226,0.002113095238095238,0.008287662077262397,0.00034457674489834985,4113.445975612171,7158.2148148148,7419.0,26110.0,1871,31729,5619,26110,0.9443,278930.0,100800.0,379730.0,0.9989270386266095,0.9989270386266095,0.0,0.0,1864.0,1864.0,0.0,0.0,20.0,5.0,15.0,160.0,False,0.95,0.8,1.7414
11,November,s20_12_6,fifo,20,12,6,38,33600,7481,26119,0.2226,0.9238095238095239,0.6579334313594439,0.9999617136950113,176.4762864334772,466.6929629566667,2559.0,1.0,33599,1,0,1,0.0,51185.0,91200.0,142385.0,,,,,,,,,20.0,5.0,15.0,160.0,False,0.95,0.8,0.2921
11,November,s20_12_6,urgent_first,20,12,6,38,33600,7481,26119,0.2226,0.9683035714285714,1.0,0.9592250851870286,182.2150236974831,750.9881481433338,0.0,1065.0,33599,1,0,1,0.0,5325.0,91200.0,96525.0,,,,,,,,,20.0,5.0,15.0,160.0,True,0.95,0.8,0.0
11,November,s20_12_6,rl3_dqn,20,12,6,38,33600,7481,26119,0.2226,0.002113095238095238,0.008287662077262397,0.00034457674489834985,4113.445975612171,7158.2148148148,7419.0,26110.0,1871,31729,5619,26110,0.9443,278930.0,91200.0,370130.0,0.9989270386266095,0.9989270386266095,0.0,0.0,1864.0,1864.0,0.0,0.0,20.0,5.0,15.0,160.0,False,0.95,0.8,1.7414
11,November,s20_11_7,fifo,20,11,7,38,33600,7481,26119,0.2226,0.9236607142857143,0.6572650715145034,0.9999617136950113,177.13104302345505,467.72481481,2564.0,1.0,33599,1,0,1,0.0,51285.0,91200.0,142485.0,,,,,,,,,20.0,5.0,15.0,160.0,False,0.95,0.8,0.2927
11,November,s20_11_7,urgent_first,20,11,7,38,33600,7481,26119,0.2226,0.9682738095238095,1.0,0.95918679888204,183.4253702355745,751.4303703633335,0.0,1066.0,33599,1,0,1,0.0,5330.0,91200.0,96530.0,,,,,,,,,20.0,5.0,15.0,160.0,True,0.95,0.8,0.0
11,November,s20_11_7,rl3_dqn,20,11,7,38,33600,7481,26119,0.2226,0.002113095238095238,0.008287662077262397,0.00034457674489834985,4113.445975612171,7158.2148148148,7419.0,26110.0,1871,31729,5619,26110,0.9443,278930.0,91200.0,370130.0,0.9989270386266095,0.9989270386266095,0.0,0.0,1864.0,1864.0,0.0,0.0,20.0,5.0,15.0,160.0,False,0.95,0.8,1.7414
11,November,s19_12_7,fifo,19,12,7,38,33600,7481,26119,0.2226,0.9095535714285714,0.5939045582141425,0.9999617136950113,208.73976500922842,512.1751851833333,3038.0,1.0,33599,1,0,1,0.0,60765.0,91200.0,151965.0,,,,,,,,,20.0,5.0,15.0,160.0,False,0.95,0.8,0.3561
11,November,s19_12_7,urgent_first,19,12,7,38,33600,7481,26119,0.2226,0.9618154761904761,1.0,0.9508786706994908,216.12186616303262,852.8333333300002,0.0,1283.0,33599,1,0,1,0.0,6415.0,91200.0,97615.0,,,,,,,,,20.0,5.0,15.0,160.0,True,0.95,0.8,0.0
11,November,s19_12_7,rl3_dqn,19,12,7,38,33600,7481,26119,0.2226,0.002113095238095238,0.008287662077262397,0.00034457674489834985,4113.445975612171,7158.2148148148,7419.0,26110.0,1871,31729,5619,26110,0.9443,278930.0,91200.0,370130.0,0.9989270386266095,0.9989270386266095,0.0,0.0,1864.0,1864.0,0.0,0.0,20.0,5.0,15.0,160.0,False,0.95,0.8,1.7414
11,November,s18_10_6,fifo,18,10,6,34,33600,7481,26119,0.2226,0.8947619047619048,0.5276032615960433,0.9999234273900226,254.3537924355254,578.6725925866666,3534.0,2.0,33598,2,0,2,0.0001,70690.0,81600.0,152290.0,,,,,,,,,20.0,5.0,15.0,160.0,False,0.95,0.8,0.4224
11,November,s18_10_6,urgent_first,18,10,6,34,33600,7481,26119,0.2226,0.94625,1.0,0.9308549331903978,262.41225931957706,956.2327777683312,0.0,1806.0,33598,2,0,2,0.0001,9030.0,81600.0,90630.0,,,,,,,,,20.0,5.0,15.0,160.0,True,0.95,0.8,0.0
11,November,s18_10_6,rl3_dqn,18,10,6,34,33600,7481,26119,0.2226,0.002113095238095238,0.008287662077262397,0.00034457674489834985,4113.445975612171,7158.2148148148,7419.0,26110.0,1871,31729,5619,26110,0.9443,278930.0,81600.0,360530.0,0.9989270386266095,0.9989270386266095,0.0,0.0,1864.0,1864.0,0.0,0.0,20.0,5.0,15.0,160.0,False,0.95,0.8,1.7414
11,November,s18_11_5,fifo,18,11,5,34,33600,7481,26119,0.2226,0.8932738095238095,0.522122710867531,0.9995788506451242,259.9539561131367,581.7592592533333,3575.0,11.0,33579,21,10,11,0.0006,71555.0,81600.0,153155.0,,,,,,,,,20.0,5.0,15.0,160.0,False,0.95,0.8,0.4279
11,November,s18_11_5,urgent_first,18,11,5,34,33600,7481,26119,0.2226,0.9448214285714286,1.0,0.9290171905509399,271.94113193172683,1017.712592586668,0.0,1854.0,33572,28,0,28,0.0008,9270.0,81600.0,90870.0,,,,,,,,,20.0,5.0,15.0,160.0,True,0.95,0.8,0.0
11,November,s18_11_5,rl3_dqn,18,11,5,34,33600,7481,26119,0.2226,0.002113095238095238,0.008287662077262397,0.00034457674489834985,4113.445975612171,7158.2148148148,7419.0,26110.0,1871,31729,5619,26110,0.9443,278930.0,81600.0,360530.0,0.9989270386266095,0.9989270386266095,0.0,0.0,1864.0,1864.0,0.0,0.0,20.0,5.0,15.0,160.0,False,0.95,0.8,1.7414
11,November,s19_10_5,fifo,19,10,5,34,33600,7481,26119,0.2226,0.8933928571428571,0.5225237267744954,0.9996171369501129,257.6322539791334,575.9990740616669,3572.0,10.0,33580,20,10,10,0.0006,71490.0,81600.0,153090.0,,,,,,,,,20.0,5.0,15.0,160.0,False,0.95,0.8,0.4275
11,November,s19_10_5,urgent_first,19,10,5,34,33600,7481,26119,0.2226,0.9516071428571429,1.0,0.9377464680883648,271.6508806075096,945.632222213334,0.0,1626.0,33575,25,0,25,0.0007,8130.0,81600.0,89730.0,,,,,,,,,20.0,5.0,15.0,160.0,True,0.95,0.8,0.0
11,November,s19_10_5,rl3_dqn,19,10,5,34,33600,7481,26119,0.2226,0.002113095238095238,0.008287662077262397,0.00034457674489834985,4113.445975612171,7158.2148148148,7419.0,26110.0,1871,31729,5619,26110,0.9443,278930.0,81600.0,360530.0,0.9989270386266095,0.9989270386266095,0.0,0.0,1864.0,1864.0,0.0,0.0,20.0,5.0,15.0,160.0,False,0.95,0.8,1.7414
11,November,s17_11_6,fifo,17,11,6,34,33600,7481,26119,0.2226,0.8609821428571428,0.40890255313460766,0.9904667100578123,319.8244684145923,685.3962962833334,4422.0,249.0,33271,329,80,249,0.0098,89685.0,81600.0,171285.0,,,,,,,,,20.0,5.0,15.0,160.0,False,0.95,0.8,0.5411
11,November,s17_11_6,urgent_first,17,11,6,34,33600,7481,26119,0.2226,0.9116071428571428,1.0,0.8862896741835445,323.8410918864867,1203.9953703583333,0.0,2970.0,33266,334,0,334,0.0099,14850.0,81600.0,96450.0,,,,,,,,,20.0,5.0,15.0,160.0,True,0.95,0.8,0.0
11,November,s17_11_6,rl3_dqn,17,11,6,34,33600,7481,26119,0.2226,0.002113095238095238,0.008287662077262397,0.00034457674489834985,4113.445975612171,7158.2148148148,7419.0,26110.0,1871,31729,5619,26110,0.9443,278930.0,81600.0,360530.0,0.9989270386266095,0.9989270386266095,0.0,0.0,1864.0,1864.0,0.0,0.0,20.0,5.0,15.0,160.0,False,0.95,0.8,1.7414
12,December,s26_14_7,fifo,26,14,7,47,40800,10345,30455,0.2536,0.9001470588235294,0.7326244562590624,0.957051387292727,120.68829981399989,310.42903225,2766.0,1308.0,39036,1764,456,1308,0.0432,61860.0,112800.0,174660.0,,,,,,,,,20.0,5.0,15.0,160.0,False,0.95,0.8,0.2174
12,December,s26_14_7,urgent_first,26,14,7,47,40800,10345,30455,0.2536,0.9496323529411764,1.0,0.9325233951732064,122.90624872706209,488.9214695300002,0.0,2055.0,38953,1847,0,1847,0.0453,10275.0,112800.0,123075.0,,,,,,,,,20.0,5.0,15.0,160.0,True,0.95,0.8,0.0
12,December,s26_14_7,rl3_dqn,26,14,7,47,40800,10345,30455,0.2536,0.0014950980392156863,0.004736587723537941,0.00039402396979149566,4175.972590496321,7303.226702509,10296.0,30443.0,1801,38999,8556,30443,0.9559,358135.0,112800.0,470935.0,0.9966573816155989,0.9966573816155989,0.0,0.0,1795.0,1795.0,0.0,0.0,20.0,5.0,15.0,160.0,False,0.95,0.8,1.7449
12,December,s25_14_7,fifo,25,14,7,46,40800,10345,30455,0.2536,0.8896813725490196,0.6943450942484292,0.9560334920374323,140.6407941369584,338.5835125333337,3162.0,1339.0,38997,1803,464,1339,0.0442,69935.0,110400.0,180335.0,,,,,,,,,20.0,5.0,15.0,160.0,False,0.95,0.8,0.2557
12,December,s25_14_7,urgent_first,25,14,7,46,40800,10345,30455,0.2536,0.9461764705882353,0.9999033349444176,0.9279264488589722,142.15102920083274,525.4557526800003,1.0,2195.0,38928,1872,1,1871,0.0459,10995.0,110400.0,121395.0,,,,,,,,,20.0,5.0,15.0,160.0,True,0.95,0.8,0.0
12,December,s25_14_7,rl3_dqn,25,14,7,46,40800,10345,30455,0.2536,0.0014950980392156863,0.004736587723537941,0.00039402396979149566,4175.972590496321,7303.226702509,10296.0,30443.0,1801,38999,8556,30443,0.9559,358135.0,110400.0,468535.0,0.9966573816155989,0.9966573816155989,0.0,0.0,1795.0,1795.0,0.0,0.0,20.0,5.0,15.0,160.0,False,0.95,0.8,1.7449
12,December,s27_14_7,fifo,27,14,7,48,40800,10345,30455,0.2536,0.9100980392156863,0.7706138231029482,0.9574782465933345,108.40829097704322,277.828673825,2373.0,1295.0,39056,1744,449,1295,0.0427,53935.0,115200.0,169135.0,,,,,,,,,20.0,5.0,15.0,160.0,False,0.95,0.8,0.1794
12,December,s27_14_7,urgent_first,27,14,7,48,40800,10345,30455,0.2536,0.9533823529411765,0.9998066698888352,0.9376128714496799,111.87619809716666,469.9154121733334,2.0,1900.0,38953,1847,2,1845,0.0453,9540.0,115200.0,124740.0,,,,,,,,,20.0,5.0,15.0,160.0,True,0.95,0.8,0.0
12,December,s27_14_7,rl3_dqn,27,14,7,48,40800,10345,30455,0.2536,0.0014950980392156863,0.004736587723537941,0.00039402396979149566,4175.972590496321,7303.226702509,10296.0,30443.0,1801,38999,8556,30443,0.9559,358135.0,115200.0,473335.0,0.9966573816155989,0.9966573816155989,0.0,0.0,1795.0,1795.0,0.0,0.0,20.0,5.0,15.0,160.0,False,0.95,0.8,1.7449
12,December,s26_13_7,fifo,26,13,7,46,40800,10345,30455,0.2536,0.8889950980392157,0.6923151280811987,0.9558036447217205,143.42172828490607,341.23878135333337,3183.0,1346.0,38987,1813,467,1346,0.0444,70390.0,110400.0,180790.0,,,,,,,,,20.0,5.0,15.0,160.0,False,0.95,0.8,0.2577
12,December,s26_13_7,urgent_first,26,13,7,46,40800,10345,30455,0.2536,0.9457107843137255,1.0,0.9272697422426531,150.0626727527009,555.5867204266671,0.0,2215.0,38882,1918,0,1918,0.047,11075.0,110400.0,121475.0,,,,,,,,,20.0,5.0,15.0,160.0,True,0.95,0.8,0.0
12,December,s26_13_7,rl3_dqn,26,13,7,46,40800,10345,30455,0.2536,0.0014950980392156863,0.004736587723537941,0.00039402396979149566,4175.972590496321,7303.226702509,10296.0,30443.0,1801,38999,8556,30443,0.9559,358135.0,110400.0,468535.0,0.9966573816155989,0.9966573816155989,0.0,0.0,1795.0,1795.0,0.0,0.0,20.0,5.0,15.0,160.0,False,0.95,0.8,1.7449
12,December,s26_15_7,fifo,26,15,7,48,40800,10345,30455,0.2536,0.9003676470588236,0.7333977767037216,0.957084222623543,120.4161404223439,310.17329748666674,2758.0,1307.0,39039,1761,454,1307,0.0432,61695.0,115200.0,176895.0,,,,,,,,,20.0,5.0,15.0,160.0,False,0.95,0.8,0.2166
12,December,s26_15_7,urgent_first,26,15,7,48,40800,10345,30455,0.2536,0.9496323529411764,0.9999033349444176,0.9325562305040224,122.55875446713992,488.79749103666666,1.0,2054.0,38953,1847,1,1846,0.0453,10290.0,115200.0,125490.0,,,,,,,,,20.0,5.0,15.0,160.0,True,0.95,0.8,0.0
12,December,s26_15_7,rl3_dqn,26,15,7,48,40800,10345,30455,0.2536,0.0014950980392156863,0.004736587723537941,0.00039402396979149566,4175.972590496321,7303.226702509,10296.0,30443.0,1801,38999,8556,30443,0.9559,358135.0,115200.0,473335.0,0.9966573816155989,0.9966573816155989,0.0,0.0,1795.0,1795.0,0.0,0.0,20.0,5.0,15.0,160.0,False,0.95,0.8,1.7449
12,December,s26_14_6,fifo,26,14,6,46,40800,10345,30455,0.2536,0.8558333333333333,0.5725471242145964,0.9520604170087014,195.1149859067342,416.3038351166667,4422.0,1460.0,38849,1951,491,1460,0.0478,95740.0,110400.0,206140.0,,,,,,,,,20.0,5.0,15.0,160.0,False,0.95,0.8,0.3775
12,December,s26_14_6,urgent_first,26,14,6,46,40800,10345,30455,0.2536,0.9280882352941177,1.0,0.9036611393859794,204.78308302682424,767.9608602033335,0.0,2934.0,38728,2072,0,2072,0.0508,14670.0,110400.0,125070.0,,,,,,,,,20.0,5.0,15.0,160.0,True,0.95,0.8,0.0
12,December,s26_14_6,rl3_dqn,26,14,6,46,40800,10345,30455,0.2536,0.0014950980392156863,0.004736587723537941,0.00039402396979149566,4175.972590496321,7303.226702509,10296.0,30443.0,1801,38999,8556,30443,0.9559,358135.0,110400.0,468535.0,0.9966573816155989,0.9966573816155989,0.0,0.0,1795.0,1795.0,0.0,0.0,20.0,5.0,15.0,160.0,False,0.95,0.8,1.7449
12,December,s26_14_8,fifo,26,14,8,48,40800,10345,30455,0.2536,0.9004166666666666,0.733494441759304,0.9571170579543589,120.27987873474643,309.702724,2757.0,1306.0,39040,1760,454,1306,0.0431,61670.0,115200.0,176870.0,,,,,,,,,20.0,5.0,15.0,160.0,False,0.95,0.8,0.2165
12,December,s26_14_8,urgent_first,26,14,8,48,40800,10345,30455,0.2536,0.9498774509803921,1.0,0.932851748481366,122.25303710703402,488.51655912999996,0.0,2045.0,38963,1837,0,1837,0.045,10225.0,115200.0,125425.0,,,,,,,,,20.0,5.0,15.0,160.0,True,0.95,0.8,0.0
12,December,s26_14_8,rl3_dqn,26,14,8,48,40800,10345,30455,0.2536,0.0014950980392156863,0.004736587723537941,0.00039402396979149566,4175.972590496321,7303.226702509,10296.0,30443.0,1801,38999,8556,30443,0.9559,358135.0,115200.0,473335.0,0.9966573816155989,0.9966573816155989,0.0,0.0,1795.0,1795.0,0.0,0.0,20.0,5.0,15.0,160.0,False,0.95,0.8,1.7449
12,December,s22_11_5,fifo,22,11,5,38,40800,10345,30455,0.2536,0.7191666666666666,0.19671338811019817,0.8966343785913643,462.2970094171487,791.5702150466667,8310.0,3148.0,36549,4251,1103,3148,0.1042,181940.0,91200.0,273140.0,,,,,,,,,20.0,5.0,15.0,160.0,False,0.95,0.8,0.7533
12,December,s22_11_5,urgent_first,22,11,5,38,40800,10345,30455,0.2536,0.8025,0.9930401159980667,0.7377770481037597,413.5608603934922,1417.6921505233333,72.0,7986.0,36277,4523,72,4451,0.1109,41370.0,91200.0,132570.0,,,,,,,,,20.0,5.0,15.0,160.0,False,0.95,0.8,0.0622
12,December,s22_11_5,rl3_dqn,22,11,5,38,40800,10345,30455,0.2536,0.0014950980392156863,0.004736587723537941,0.00039402396979149566,4175.972590496321,7303.226702509,10296.0,30443.0,1801,38999,8556,30443,0.9559,358135.0,91200.0,449335.0,0.9966573816155989,0.9966573816155989,0.0,0.0,1795.0,1795.0,0.0,0.0,20.0,5.0,15.0,160.0,False,0.95,0.8,1.7449
12,December,s30_17_9,fifo,30,17,9,56,40800,10345,30455,0.2536,0.9430882352941177,0.8880618656355728,0.9617796749302249,75.41596693267003,210.35215053000016,1158.0,1164.0,39223,1577,413,1164,0.0387,28980.0,134400.0,163380.0,,,,,,,,,20.0,5.0,15.0,160.0,False,0.95,0.8,0.0619
12,December,s30_17_9,urgent_first,30,17,9,56,40800,10345,30455,0.2536,0.9599509803921569,0.9999033349444176,0.9463799047775406,75.23213689193136,333.0267921083333,1.0,1633.0,39166,1634,1,1633,0.04,8185.0,134400.0,142585.0,,,,,,,,,20.0,5.0,15.0,160.0,True,0.95,0.8,0.0
12,December,s30_17_9,rl3_dqn,30,17,9,56,40800,10345,30455,0.2536,0.0014950980392156863,0.004736587723537941,0.00039402396979149566,4175.972590496321,7303.226702509,10296.0,30443.0,1801,38999,8556,30443,0.9559,358135.0,134400.0,492535.0,0.9966573816155989,0.9966573816155989,0.0,0.0,1795.0,1795.0,0.0,0.0,20.0,5.0,15.0,160.0,False,0.95,0.8,1.7449
12,December,s27_15_7,fifo,27,15,7,49,40800,10345,30455,0.2536,0.9138235294117647,0.7844369260512325,0.9577737645706781,105.90362570177548,271.84655913,2230.0,1286.0,39069,1731,445,1286,0.0424,51030.0,117600.0,168630.0,,,,,,,,,20.0,5.0,15.0,160.0,False,0.95,0.8,0.1656
12,December,s27_15_7,urgent_first,27,15,7,49,40800,10345,30455,0.2536,0.9535294117647058,1.0,0.9377442127729437,109.16110832892086,463.91964157500024,0.0,1896.0,38958,1842,0,1842,0.0451,9480.0,117600.0,127080.0,,,,,,,,,20.0,5.0,15.0,160.0,True,0.95,0.8,0.0
12,December,s27_15_7,rl3_dqn,27,15,7,49,40800,10345,30455,0.2536,0.0014950980392156863,0.004736587723537941,0.00039402396979149566,4175.972590496321,7303.226702509,10296.0,30443.0,1801,38999,8556,30443,0.9559,358135.0,117600.0,475735.0,0.9966573816155989,0.9966573816155989,0.0,0.0,1795.0,1795.0,0.0,0.0,20.0,5.0,15.0,160.0,False,0.95,0.8,1.7449
12,December,s27_14_8,fifo,27,14,8,49,40800,10345,30455,0.2536,0.9114950980392157,0.7752537457709038,0.9577737645706781,107.62591276654123,276.83724013666665,2325.0,1286.0,39069,1731,445,1286,0.0424,52930.0,117600.0,170530.0,,,,,,,,,20.0,5.0,15.0,160.0,False,0.95,0.8,0.1747
12,December,s27_14_8,urgent_first,27,14,8,49,40800,10345,30455,0.2536,0.9535049019607843,0.9999033349444176,0.9377442127729437,110.97622415718037,468.59630823500015,1.0,1896.0,38958,1842,1,1841,0.0451,9500.0,117600.0,127100.0,,,,,,,,,20.0,5.0,15.0,160.0,True,0.95,0.8,0.0
12,December,s27_14_8,rl3_dqn,27,14,8,49,40800,10345,30455,0.2536,0.0014950980392156863,0.004736587723537941,0.00039402396979149566,4175.972590496321,7303.226702509,10296.0,30443.0,1801,38999,8556,30443,0.9559,358135.0,117600.0,475735.0,0.9966573816155989,0.9966573816155989,0.0,0.0,1795.0,1795.0,0.0,0.0,20.0,5.0,15.0,160.0,False,0.95,0.8,1.7449
12,December,s26_15_8,fifo,26,15,8,49,40800,10345,30455,0.2536,0.9006372549019608,0.7343644272595456,0.9571170579543589,119.900462661251,309.1817204166666,2748.0,1306.0,39041,1759,453,1306,0.0431,61490.0,117600.0,179090.0,,,,,,,,,20.0,5.0,15.0,160.0,False,0.95,0.8,0.2156
12,December,s26_15_8,urgent_first,26,15,8,49,40800,10345,30455,0.2536,0.9504411764705882,1.0,0.933606961090133,121.24655852101097,488.23189963333334,0.0,2022.0,38986,1814,0,1814,0.0445,10110.0,117600.0,127710.0,,,,,,,,,20.0,5.0,15.0,160.0,True,0.95,0.8,0.0
12,December,s26_15_8,rl3_dqn,26,15,8,49,40800,10345,30455,0.2536,0.0014950980392156863,0.004736587723537941,0.00039402396979149566,4175.972590496321,7303.226702509,10296.0,30443.0,1801,38999,8556,30443,0.9559,358135.0,117600.0,475735.0,0.9966573816155989,0.9966573816155989,0.0,0.0,1795.0,1795.0,0.0,0.0,20.0,5.0,15.0,160.0,False,0.95,0.8,1.7449
12,December,s25_13_7,fifo,25,13,7,45,40800,10345,30455,0.2536,0.8887990196078431,0.6915418076365394,0.9558036447217205,144.50046606929575,343.02627238666673,3191.0,1346.0,38987,1813,467,1346,0.0444,70550.0,108000.0,178550.0,,,,,,,,,20.0,5.0,15.0,160.0,False,0.95,0.8,0.2585
12,December,s25_13_7,urgent_first,25,13,7,45,40800,10345,30455,0.2536,0.9447794117647059,1.0,0.9260219996716467,150.26767564252626,539.5421146833332,0.0,2253.0,38876,1924,0,1924,0.0472,11265.0,108000.0,119265.0,,,,,,,,,20.0,5.0,15.0,160.0,True,0.95,0.8,0.0
12,December,s25_13_7,rl3_dqn,25,13,7,45,40800,10345,30455,0.2536,0.0014950980392156863,0.004736587723537941,0.00039402396979149566,4175.972590496321,7303.226702509,10296.0,30443.0,1801,38999,8556,30443,0.9559,358135.0,108000.0,466135.0,0.9966573816155989,0.9966573816155989,0.0,0.0,1795.0,1795.0,0.0,0.0,20.0,5.0,15.0,160.0,False,0.95,0.8,1.7449
12,December,s25_14_6,fifo,25,14,6,45,40800,10345,30455,0.2536,0.8557107843137255,0.5722571290478492,0.9519947463470695,195.34022981343261,416.66888888,4425.0,1462.0,38847,1953,491,1462,0.0479,95810.0,108000.0,203810.0,,,,,,,,,20.0,5.0,15.0,160.0,False,0.95,0.8,0.3777
12,December,s25_14_6,urgent_first,25,14,6,45,40800,10345,30455,0.2536,0.9279411764705883,0.9999033349444176,0.9034969627318995,205.41454183342327,782.8135663016673,1.0,2939.0,38724,2076,1,2075,0.0509,14715.0,108000.0,122715.0,,,,,,,,,20.0,5.0,15.0,160.0,True,0.95,0.8,0.0
12,December,s25_14_6,rl3_dqn,25,14,6,45,40800,10345,30455,0.2536,0.0014950980392156863,0.004736587723537941,0.00039402396979149566,4175.972590496321,7303.226702509,10296.0,30443.0,1801,38999,8556,30443,0.9559,358135.0,108000.0,466135.0,0.9966573816155989,0.9966573816155989,0.0,0.0,1795.0,1795.0,0.0,0.0,20.0,5.0,15.0,160.0,False,0.95,0.8,1.7449
12,December,s26_13_6,fifo,26,13,6,45,40800,10345,30455,0.2536,0.8558333333333333,0.5726437892701788,0.9520275816778854,195.19454149671026,416.3188530383334,4421.0,1461.0,38848,1952,491,1461,0.0478,95725.0,108000.0,203725.0,,,,,,,,,20.0,5.0,15.0,160.0,False,0.95,0.8,0.3774
12,December,s26_13_6,urgent_first,26,13,6,45,40800,10345,30455,0.2536,0.9285294117647059,0.9999033349444176,0.9042850106714825,205.12606131072508,766.9996057233335,1.0,2915.0,38727,2073,1,2072,0.0508,14595.0,108000.0,122595.0,,,,,,,,,20.0,5.0,15.0,160.0,True,0.95,0.8,0.0
12,December,s26_13_6,rl3_dqn,26,13,6,45,40800,10345,30455,0.2536,0.0014950980392156863,0.004736587723537941,0.00039402396979149566,4175.972590496321,7303.226702509,10296.0,30443.0,1801,38999,8556,30443,0.9559,358135.0,108000.0,466135.0,0.9966573816155989,0.9966573816155989,0.0,0.0,1795.0,1795.0,0.0,0.0,20.0,5.0,15.0,160.0,False,0.95,0.8,1.7449
12,December,s24_14_7,fifo,24,14,7,45,40800,10345,30455,0.2536,0.875,0.6395360077332044,0.9549827614513217,165.39948515028706,369.63333332000025,3729.0,1371.0,38959,1841,470,1371,0.0451,81435.0,108000.0,189435.0,,,,,,,,,20.0,5.0,15.0,160.0,False,0.95,0.8,0.3105
12,December,s24_14_7,urgent_first,24,14,7,45,40800,10345,30455,0.2536,0.9391911764705883,0.9999033349444176,0.9185683795764242,166.70322924956247,600.7982078833334,1.0,2480.0,38891,1909,1,1908,0.0468,12420.0,108000.0,120420.0,,,,,,,,,20.0,5.0,15.0,160.0,True,0.95,0.8,0.0
12,December,s24_14_7,rl3_dqn,24,14,7,45,40800,10345,30455,0.2536,0.0014950980392156863,0.004736587723537941,0.00039402396979149566,4175.972590496321,7303.226702509,10296.0,30443.0,1801,38999,8556,30443,0.9559,358135.0,108000.0,466135.0,0.9966573816155989,0.9966573816155989,0.0,0.0,1795.0,1795.0,0.0,0.0,20.0,5.0,15.0,160.0,False,0.95,0.8,1.7449
