month,month_name,regime,policy,picking_workers,packing_workers,dispatch_workers,total_workers,total_orders,urgent_orders,normal_orders,urgent_share,total_sla,urgent_sla,normal_sla,mean_system_time_min,p90_system_time_min,urgent_late_orders,normal_late_orders,completed_orders,unfinished_orders,unfinished_urgent_orders,unfinished_normal_orders,backlog_share,estimated_late_cost,estimated_worker_cost,estimated_total_cost,savings_total_cost_vs_fifo_same_month_regime,savings_total_cost_vs_urgent_first_same_month_regime,p_urgent_overall,p_urgent_pick,p_urgent_pack,p_urgent_dispatch,decisions_total,decisions_pick,decisions_pack,decisions_dispatch,cost_late_urgent,cost_late_normal,worker_cost_per_hour,hours_per_worker_month,feasible,urgent_sla_target,normal_sla_target,sla_violation,scenario_seed,picking_utilisation,picking_avg_wait_min,picking_p95_wait_min,picking_avg_queue_len,picking_max_queue_len,picking_late_wait_share,picking_pressure_score,packing_utilisation,packing_avg_wait_min,packing_p95_wait_min,packing_avg_queue_len,packing_max_queue_len,packing_late_wait_share,packing_pressure_score,dispatch_utilisation,dispatch_avg_wait_min,dispatch_p95_wait_min,dispatch_avg_queue_len,dispatch_max_queue_len,dispatch_late_wait_share,dispatch_pressure_score
1,January,s16_10_5,fifo,16,10,5,31,31200,6250,24950,0.2003,0.9049679487179487,0.70688,0.9545891783567134,136.55129254872767,330.93417561833326,1832.0,1133.0,29788,1412,279,1133,0.0453,42305.0,74400.0,116705.0,0.0,-34360.0,,,,,,,,,20.0,5.0,15.0,160.0,False,0.95,0.8,0.2431,124,0.8128,127.14,359.37,408.926,1747,0.9946,0.924,0.7426,0.29,1.13,0.908,13,0.001,0.2984,0.794,1.27,3.92,3.931,36,0.0044,0.3226
1,January,s16_10_5,urgent_first,16,10,5,31,31200,6250,24950,0.2003,0.9491666666666667,0.99984,0.9364729458917835,137.62821566720027,528.2980286666666,1.0,1585.0,29736,1464,1,1463,0.0469,7945.0,74400.0,82345.0,34360.0,0.0,,,,,,,,,20.0,5.0,15.0,160.0,True,0.95,0.8,0.0,124,0.8129,127.28,815.64,414.606,1779,0.9993,0.925,0.7436,0.34,1.3,1.047,18,0.0004,0.2983,0.7946,1.97,5.6,6.3,69,0.0003,0.3219
1,January,s16_10_5,rl3_dqn,16,10,5,31,31200,6250,24950,0.2003,0.9533333333333334,0.99952,0.9417635270541083,138.9070277298183,375.6511469533933,3.0,1453.0,29744,1456,3,1453,0.0467,7325.0,74400.0,81725.0,34980.0,620.0,0.3436912733913872,0.21009224091155723,0.4029459241323648,1.0,37781.0,27645.0,4956.0,5180.0,20.0,5.0,15.0,160.0,True,0.95,0.8,0.0,124,0.8128,128.98,413.2,416.561,1777,0.9992,0.925,0.7436,0.32,1.28,0.994,15,0.0008,0.2987,0.7947,1.8,6.3,5.599,44,0.0,0.3237
1,January,s15_10_5,fifo,15,10,5,30,31200,6250,24950,0.2003,0.8878525641025641,0.62768,0.9530260521042084,176.21869999564697,381.68492831000003,2327.0,1172.0,29738,1462,290,1172,0.0469,52400.0,72000.0,124400.0,0.0,-42530.0,,,,,,,,,20.0,5.0,15.0,160.0,False,0.95,0.8,0.3223,124,0.8655,167.74,434.9,534.907,2007,0.9983,0.9459,0.7413,0.15,0.8,0.462,9,0.0004,0.2972,0.7926,0.46,1.47,1.423,20,0.0013,0.3185
1,January,s15_10_5,urgent_first,15,10,5,30,31200,6250,24950,0.2003,0.9368269230769231,0.99984,0.9210420841683367,176.62790395004484,730.746344080003,1.0,1970.0,29725,1475,1,1474,0.0473,9870.0,72000.0,81870.0,42530.0,0.0,,,,,,,,,20.0,5.0,15.0,160.0,True,0.95,0.8,0.0,124,0.8656,167.91,944.71,540.481,2036,0.9997,0.9462,0.7425,0.16,0.8,0.493,11,0.0001,0.2974,0.7944,0.63,1.77,1.938,25,0.0002,0.3188
1,January,s15_10_5,rl3_dqn,15,10,5,30,31200,6250,24950,0.2003,0.9526923076923077,0.9992,0.9410420841683367,178.88375456228422,434.57043010750004,5.0,1471.0,29724,1476,5,1471,0.0473,7455.0,72000.0,79455.0,44945.0,2415.0,0.3095927706655854,0.20964946411517102,0.3994368463395012,1.0,34526.0,28271.0,2486.0,3769.0,20.0,5.0,15.0,160.0,True,0.95,0.8,0.0,124,0.8654,170.3,482.41,544.835,2053,0.9996,0.9461,0.7424,0.16,0.83,0.482,10,0.0004,0.2976,0.7942,0.55,1.93,1.713,21,0.0,0.3191
1,January,s17_10_5,fifo,17,10,5,32,31200,6250,24950,0.2003,0.9129166666666667,0.74336,0.9553907815631263,121.67358675259855,309.3959139666665,1604.0,1113.0,29818,1382,269,1113,0.0443,37645.0,76800.0,114445.0,0.0,-30280.0,,,,,,,,,20.0,5.0,15.0,160.0,False,0.95,0.8,0.2066,124,0.7663,97.9,314.04,317.862,1513,0.9134,0.8892,0.7437,0.72,2.07,2.225,24,0.0027,0.3007,0.7948,15.25,55.17,47.371,278,0.0839,0.401
1,January,s17_10_5,urgent_first,17,10,5,32,31200,6250,24950,0.2003,0.9528846153846153,0.99984,0.941122244488978,125.57995501050239,514.5449641516667,1.0,1469.0,29744,1456,1,1455,0.0467,7365.0,76800.0,84165.0,30280.0,0.0,,,,,,,,,20.0,5.0,15.0,160.0,True,0.95,0.8,0.0,124,0.7663,98.07,734.95,323.94,1533,0.2298,0.7525,0.7444,1.05,3.18,3.305,33,0.021,0.3046,0.7948,18.33,44.82,57.265,291,0.7493,0.5095
1,January,s17_10_5,rl3_dqn,17,10,5,32,31200,6250,24950,0.2003,0.9534615384615385,0.99936,0.9419639278557114,126.7524868332469,360.4372580644866,4.0,1448.0,29748,1452,4,1448,0.0465,7320.0,76800.0,84120.0,30325.0,45.0,0.41428877348894483,0.24127079920682817,0.48809950962803494,1.0,37358.0,23198.0,8361.0,5799.0,20.0,5.0,15.0,160.0,True,0.95,0.8,0.0,124,0.7662,99.28,359.7,323.953,1533,0.9773,0.9019,0.7444,0.96,3.37,2.994,29,0.0227,0.306,0.7949,18.85,71.14,58.477,293,0.0,0.3945
1,January,s16_9_5,fifo,16,9,5,30,31200,6250,24950,0.2003,0.9032051282051282,0.69968,0.954188376753507,143.65325160789615,339.3154300983334,1877.0,1143.0,29774,1426,283,1143,0.0457,43255.0,72000.0,115255.0,0.0,-35150.0,,,,,,,,,20.0,5.0,15.0,160.0,False,0.95,0.8,0.2503,124,0.8128,127.14,359.37,408.926,1747,0.9592,0.9169,0.8247,8.2,29.05,25.452,157,0.0393,0.3673,0.7936,0.47,1.35,1.446,13,0.0015,0.3192
1,January,s16_9_5,urgent_first,16,9,5,30,31200,6250,24950,0.2003,0.9481410256410256,0.99984,0.935190380761523,146.79850906156838,546.9756272333334,1.0,1617.0,29716,1484,1,1483,0.0476,8105.0,72000.0,80105.0,35150.0,0.0,,,,,,,,,20.0,5.0,15.0,160.0,True,0.95,0.8,0.0,124,0.8129,127.28,815.64,414.606,1779,0.9427,0.9137,0.8248,10.87,25.11,33.989,155,0.0571,0.3613,0.7941,0.53,1.55,1.645,17,0.0002,0.3188
1,January,s16_9_5,rl3_dqn,16,9,5,30,31200,6250,24950,0.2003,0.9527564102564102,0.9992,0.941122244488978,148.78094045086155,390.5701612903417,5.0,1469.0,29726,1474,5,1469,0.0472,7445.0,72000.0,79445.0,35810.0,660.0,0.3167853290183387,0.2126686903412208,0.34667182163799215,1.0,46350.0,27343.0,15519.0,3488.0,20.0,5.0,15.0,160.0,True,0.95,0.8,0.0,124,0.8128,128.99,412.87,416.557,1779,0.9924,0.9236,0.8249,11.51,39.18,35.706,170,0.0076,0.3681,0.7942,0.49,1.57,1.53,14,0.0,0.3192
1,January,s16_11_5,fifo,16,11,5,32,31200,6250,24950,0.2003,0.9049679487179487,0.70688,0.9545891783567134,136.43539941887784,330.88218637666665,1832.0,1133.0,29788,1412,279,1133,0.0453,42305.0,76800.0,119105.0,0.0,-34370.0,,,,,,,,,20.0,5.0,15.0,160.0,False,0.95,0.8,0.2431,124,0.8128,127.14,359.37,408.926,1747,0.995,0.9241,0.6751,0.09,0.58,0.287,8,0.0003,0.2706,0.794,1.35,4.05,4.192,36,0.0047,0.3229
1,January,s16_11_5,urgent_first,16,11,5,32,31200,6250,24950,0.2003,0.9492307692307692,0.99984,0.9365531062124248,137.50130910082777,527.4807168416665,1.0,1583.0,29738,1462,1,1461,0.0469,7935.0,76800.0,84735.0,34370.0,0.0,,,,,,,,,20.0,5.0,15.0,160.0,True,0.95,0.8,0.0,124,0.8129,127.28,815.64,414.606,1779,0.9994,0.925,0.676,0.1,0.62,0.323,10,0.0001,0.2707,0.7946,2.09,6.3,6.688,69,0.0005,0.3223
1,January,s16_11_5,rl3_dqn,16,11,5,32,31200,6250,24950,0.2003,0.9533012820512821,0.99936,0.9417635270541083,138.79393054984715,375.4843369175865,4.0,1453.0,29743,1457,4,1453,0.0467,7345.0,76800.0,84145.0,34960.0,590.0,0.33708448753462605,0.20938289426199927,0.401123595505618,1.0,34656.0,27710.0,1780.0,5166.0,20.0,5.0,15.0,160.0,True,0.95,0.8,0.0,124,0.8128,128.98,413.13,416.559,1778,0.9995,0.925,0.676,0.1,0.62,0.303,9,0.0005,0.271,0.7947,1.91,6.55,5.93,45,0.0,0.324
1,January,s16_10_4,fifo,16,10,4,30,31200,6250,24950,0.2003,0.7973076923076923,0.31456,0.9182364729458918,371.3756349064486,733.1082437216668,4284.0,2040.0,28652,2548,508,2040,0.0817,95880.0,72000.0,167880.0,0.0,-74125.0,,,,,,,,,20.0,5.0,15.0,160.0,False,0.95,0.8,0.6354,124,0.8128,127.14,359.37,408.926,1747,0.3809,0.639,0.7426,0.29,1.13,0.908,13,0.0008,0.2979,0.9543,233.1,590.68,716.856,2089,0.6183,0.9054
1,January,s16_10_4,urgent_first,16,10,4,30,31200,6250,24950,0.2003,0.8606410256410256,0.99984,0.8257715430861724,303.7105432782306,912.3962365499999,1.0,4347.0,28511,2689,1,2688,0.0862,21755.0,72000.0,93755.0,74125.0,0.0,,,,,,,,,20.0,5.0,15.0,160.0,True,0.95,0.8,0.0,124,0.8129,127.28,815.64,414.606,1779,0.1773,0.6028,0.7436,0.34,1.3,1.047,18,0.0004,0.298,0.9543,166.27,1263.4,770.145,2198,0.8222,0.9461
1,January,s16_10_4,rl3_dqn,16,10,4,30,31200,6250,24950,0.2003,0.9138782051282052,0.99952,0.8924248496993988,383.1293336108908,869.8470967741733,3.0,2684.0,28513,2687,3,2684,0.0861,13480.0,72000.0,85480.0,82400.0,8275.0,0.5361857919455641,0.334263265770895,0.742960944595822,1.0,27041.0,17564.0,3303.0,6174.0,20.0,5.0,15.0,160.0,True,0.95,0.8,0.0,124,0.8128,129.03,413.92,416.74,1777,0.986,0.7479,0.7436,0.32,1.3,1.003,17,0.014,0.3009,0.9543,241.83,717.73,767.578,2198,0.0,0.7817
1,January,s16_10_6,fifo,16,10,6,32,31200,6250,24950,0.2003,0.9055128205128206,0.70944,0.9546292585170341,135.3849372042359,328.9602867266667,1816.0,1132.0,29789,1411,279,1132,0.0452,41980.0,76800.0,118780.0,0.0,-34215.0,,,,,,,,,20.0,5.0,15.0,160.0,False,0.95,0.8,0.2406,124,0.8128,127.14,359.37,408.926,1747,0.9987,0.9249,0.7426,0.29,1.13,0.908,13,0.001,0.2984,0.6617,0.1,0.52,0.309,6,0.0003,0.2652
1,January,s16_10_6,urgent_first,16,10,6,32,31200,6250,24950,0.2003,0.9503205128205128,0.99984,0.9379158316633267,135.64618383062376,525.9413978333333,1.0,1549.0,29771,1429,1,1428,0.0458,7765.0,76800.0,84565.0,34215.0,0.0,,,,,,,,,20.0,5.0,15.0,160.0,True,0.95,0.8,0.0,124,0.8129,127.28,815.64,414.606,1779,0.9998,0.9251,0.7436,0.34,1.3,1.047,18,0.0002,0.2983,0.6629,0.11,0.55,0.332,8,0.0001,0.2655
1,January,s16_10_6,rl3_dqn,16,10,6,32,31200,6250,24950,0.2003,0.9543589743589743,0.99936,0.9430861723446894,137.2380996867416,373.47724014334995,4.0,1420.0,29776,1424,4,1420,0.0456,7180.0,76800.0,83980.0,34800.0,585.0,0.2570651219940319,0.2085100265938331,0.33953761755485895,1.0,34182.0,27826.0,5104.0,1252.0,20.0,5.0,15.0,160.0,True,0.95,0.8,0.0,124,0.8128,128.97,412.99,416.522,1778,0.9997,0.9251,0.7436,0.31,1.27,0.974,15,0.0003,0.2986,0.663,0.1,0.53,0.318,8,0.0,0.2656
1,January,s13_8_4,fifo,13,8,4,25,31200,6250,24950,0.2003,0.7890705128205128,0.29136,0.91374749498998,392.468258624273,771.0695161250001,4429.0,2152.0,28520,2680,528,2152,0.0859,99340.0,60000.0,159340.0,0.0,-74385.0,,,,,,,,,20.0,5.0,15.0,160.0,False,0.95,0.8,0.6586,124,0.958,380.41,842.37,1178.329,2991,0.9912,0.9814,0.8888,0.47,1.58,1.406,16,0.0009,0.3563,0.9499,3.81,10.98,11.329,54,0.0079,0.3862
1,January,s13_8_4,urgent_first,13,8,4,25,31200,6250,24950,0.2003,0.8401282051282051,0.99984,0.800120240480962,315.89871378566824,1135.8181720283337,1.0,4987.0,28402,2798,1,2797,0.0897,24955.0,60000.0,84955.0,74385.0,0.0,,,,,,,,,20.0,5.0,15.0,160.0,True,0.95,0.8,0.0,124,0.958,301.83,1796.91,1204.127,3064,0.9976,0.9827,0.8911,0.59,1.92,1.753,20,0.0003,0.357,0.9511,5.44,15.53,16.576,73,0.0021,0.3851
1,January,s13_8_4,rl3_dqn,13,8,4,25,31200,6250,24950,0.2003,0.9104807692307693,0.99872,0.8883767535070141,393.6695058124026,889.68845878136,8.0,2785.0,28407,2793,8,2785,0.0895,14085.0,60000.0,74085.0,85255.0,10870.0,0.38152717217909177,0.22108941566395274,0.6125147579693034,1.0,37612.0,27758.0,4235.0,5619.0,20.0,5.0,15.0,160.0,True,0.95,0.8,0.0,124,0.958,379.9,993.76,1201.042,3047,0.9977,0.9827,0.8903,0.58,2.07,1.718,19,0.0023,0.3573,0.9508,6.15,17.29,18.263,67,0.0,0.3869
1,January,s19_12_6,fifo,19,12,6,37,31200,6250,24950,0.2003,0.9444230769230769,0.88608,0.9590380761523046,79.70105542730994,220.03315411666668,712.0,1022.0,29936,1264,242,1022,0.0405,19350.0,88800.0,108150.0,0.0,-12885.0,,,,,,,,,20.0,5.0,15.0,160.0,False,0.95,0.8,0.0639,124,0.688,71.07,265.25,233.612,1430,0.9949,0.8742,0.6218,0.18,0.87,0.556,12,0.001,0.2501,0.665,0.63,2.07,1.976,30,0.0041,0.27
1,January,s19_12_6,urgent_first,19,12,6,37,31200,6250,24950,0.2003,0.9586538461538462,0.99984,0.9483366733466934,79.41231933924774,391.78415770166794,1.0,1289.0,29910,1290,1,1289,0.0413,6465.0,88800.0,95265.0,12885.0,0.0,,,,,,,,,20.0,5.0,15.0,160.0,True,0.95,0.8,0.0,124,0.688,70.34,512.84,236.863,1447,0.9952,0.8743,0.6228,0.2,0.9,0.629,14,0.0048,0.2509,0.6659,0.97,2.4,3.119,46,0.0,0.2695
1,January,s19_12_6,rl3_dqn,19,12,6,37,31200,6250,24950,0.2003,0.9586217948717949,0.9992,0.9484569138276553,80.78912433425653,243.86347670248668,5.0,1286.0,29909,1291,5,1286,0.0414,6530.0,88800.0,95330.0,12820.0,-65.0,0.33263693934843636,0.1964578259907018,0.37574768896139205,1.0,30634.0,22585.0,3678.0,4371.0,20.0,5.0,15.0,160.0,True,0.95,0.8,0.0,124,0.688,72.01,297.24,238.089,1451,0.9971,0.8746,0.6228,0.19,0.95,0.596,15,0.0029,0.2509,0.6658,0.84,3.03,2.611,33,0.0,0.2705
1,January,s17_11_5,fifo,17,11,5,33,31200,6250,24950,0.2003,0.9129807692307692,0.74352,0.9554308617234469,121.5076677172256,309.3256630766667,1603.0,1112.0,29819,1381,269,1112,0.0443,37620.0,79200.0,116820.0,0.0,-30270.0,,,,,,,,,20.0,5.0,15.0,160.0,False,0.95,0.8,0.2065,124,0.7663,97.9,314.04,317.862,1513,0.9138,0.8893,0.6761,0.17,0.83,0.532,9,0.0006,0.2715,0.7948,15.63,55.98,48.545,281,0.0856,0.4025
1,January,s17_11_5,urgent_first,17,11,5,33,31200,6250,24950,0.2003,0.9529807692307692,0.99984,0.9412424849699399,125.22903144252052,515.1224551883332,1.0,1466.0,29748,1452,1,1451,0.0465,7350.0,79200.0,86550.0,30270.0,0.0,,,,,,,,,20.0,5.0,15.0,160.0,True,0.95,0.8,0.0,124,0.7663,98.07,734.95,323.94,1533,0.3188,0.7703,0.6771,0.19,0.87,0.582,13,0.0016,0.2717,0.7949,18.84,46.38,59.072,291,0.6796,0.497
1,January,s17_11_5,rl3_dqn,17,11,5,33,31200,6250,24950,0.2003,0.9535256410256411,0.99952,0.942004008016032,126.56487099183818,360.16637992828504,3.0,1447.0,29750,1450,3,1447,0.0465,7295.0,79200.0,86495.0,30325.0,55.0,0.39440227118434856,0.2356248943006934,0.47145299145299147,1.0,32406.0,23652.0,2925.0,5829.0,20.0,5.0,15.0,160.0,True,0.95,0.8,0.0,124,0.7662,99.27,359.66,323.937,1533,0.9986,0.9062,0.6773,0.18,0.88,0.557,15,0.0014,0.2721,0.7949,19.44,71.68,60.349,295,0.0,0.3957
1,January,s17_10_6,fifo,17,10,6,33,31200,6250,24950,0.2003,0.9176602564102564,0.7648,0.9559519038076152,106.5774099165907,270.83154121,1470.0,1099.0,29837,1363,264,1099,0.0437,34895.0,79200.0,114095.0,0.0,-27960.0,,,,,,,,,20.0,5.0,15.0,160.0,False,0.95,0.8,0.1852,124,0.7663,97.9,314.04,317.862,1513,0.9967,0.9059,0.7437,0.72,2.07,2.225,24,0.0029,0.3008,0.6627,0.12,0.57,0.387,9,0.0004,0.2658
1,January,s17_10_6,urgent_first,17,10,6,33,31200,6250,24950,0.2003,0.9556410256410256,0.99984,0.9445691382765531,107.18764668594379,469.90224014166665,1.0,1383.0,29816,1384,1,1383,0.0444,6935.0,79200.0,86135.0,27960.0,0.0,,,,,,,,,20.0,5.0,15.0,160.0,True,0.95,0.8,0.0,124,0.7663,98.07,734.95,323.94,1533,0.9932,0.9052,0.7444,1.05,3.18,3.305,33,0.0068,0.3017,0.6639,0.13,0.6,0.403,8,0.0,0.2659
1,January,s17_10_6,rl3_dqn,17,10,6,33,31200,6250,24950,0.2003,0.9553525641025641,0.99904,0.9444088176352705,108.11806754276944,305.9843727598333,6.0,1387.0,29807,1393,6,1387,0.0446,7055.0,79200.0,86255.0,27840.0,-120.0,0.2768715483739006,0.2074043541799378,0.34149044233077847,1.0,39112.0,26687.0,10829.0,1596.0,20.0,5.0,15.0,160.0,True,0.95,0.8,0.0,124,0.7662,99.25,358.75,323.846,1532,0.9928,0.9051,0.7444,0.95,3.38,2.958,27,0.0072,0.3029,0.6636,0.13,0.6,0.392,8,0.0,0.2661
1,January,s16_11_6,fifo,16,11,6,33,31200,6250,24950,0.2003,0.9056089743589744,0.70992,0.9546292585170341,135.21729758334675,328.84279569333336,1813.0,1132.0,29789,1411,279,1132,0.0452,41920.0,79200.0,121120.0,0.0,-34155.0,,,,,,,,,20.0,5.0,15.0,160.0,False,0.95,0.8,0.2401,124,0.8128,127.14,359.37,408.926,1747,0.9993,0.925,0.6751,0.09,0.58,0.287,8,0.0003,0.2706,0.6617,0.13,0.63,0.41,9,0.0004,0.2653
1,January,s16_11_6,urgent_first,16,11,6,33,31200,6250,24950,0.2003,0.9503205128205128,0.99984,0.9379158316633267,135.45632177246873,525.81505375,1.0,1549.0,29771,1429,1,1428,0.0458,7765.0,79200.0,86965.0,34155.0,0.0,,,,,,,,,20.0,5.0,15.0,160.0,True,0.95,0.8,0.0,124,0.8129,127.28,815.64,414.606,1779,0.9999,0.9251,0.676,0.1,0.62,0.323,10,0.0001,0.2707,0.6629,0.15,0.7,0.467,9,0.0001,0.2656
1,January,s16_11_6,rl3_dqn,16,11,6,33,31200,6250,24950,0.2003,0.9543589743589743,0.9992,0.94312625250501,137.05719835945968,373.37105734766664,5.0,1419.0,29776,1424,5,1419,0.0456,7195.0,79200.0,86395.0,34725.0,570.0,0.2574111934577051,0.20782808351869125,0.3354249857387336,1.0,31304.0,27874.0,1753.0,1677.0,20.0,5.0,15.0,160.0,True,0.95,0.8,0.0,124,0.8128,128.97,412.96,416.507,1777,1.0,0.9251,0.676,0.09,0.6,0.295,8,0.0,0.2709,0.663,0.14,0.68,0.435,9,0.0,0.2658
1,January,s15_9_5,fifo,15,9,5,29,31200,6250,24950,0.2003,0.8876282051282052,0.62656,0.9530260521042084,176.53242205720684,382.0583691683333,2334.0,1172.0,29738,1462,290,1172,0.0469,52540.0,69600.0,122140.0,0.0,-42615.0,,,,,,,,,20.0,5.0,15.0,160.0,False,0.95,0.8,0.3234,124,0.8655,167.74,434.9,534.907,2007,0.9974,0.9457,0.8236,0.59,1.82,1.842,21,0.0017,0.3313,0.7926,0.33,1.05,1.015,12,0.0009,0.3181
1,January,s15_9_5,urgent_first,15,9,5,29,31200,6250,24950,0.2003,0.9364743589743589,0.99984,0.9206012024048096,177.12165793362948,731.1744444366675,1.0,1981.0,29714,1486,1,1485,0.0476,9925.0,69600.0,79525.0,42615.0,0.0,,,,,,,,,20.0,5.0,15.0,160.0,True,0.95,0.8,0.0,124,0.8656,167.91,944.71,540.481,2036,0.9995,0.9461,0.8246,0.83,2.5,2.59,28,0.0004,0.3313,0.7941,0.4,1.2,1.228,16,0.0002,0.3183
1,January,s15_9_5,rl3_dqn,15,9,5,29,31200,6250,24950,0.2003,0.9525,0.99936,0.9407615230460922,179.29287283740817,434.96516129034666,4.0,1478.0,29718,1482,4,1478,0.0475,7470.0,69600.0,77070.0,45070.0,2455.0,0.3145863198853164,0.21114828789065282,0.4203317416436291,1.0,39064.0,28094.0,7958.0,3012.0,20.0,5.0,15.0,160.0,True,0.95,0.8,0.0,124,0.8653,170.31,482.65,544.856,2053,0.9965,0.9454,0.8246,0.76,2.53,2.347,27,0.0035,0.3325,0.7941,0.36,1.22,1.116,16,0.0,0.3186
1,January,s15_10_4,fifo,15,10,4,29,31200,6250,24950,0.2003,0.7972756410256411,0.31456,0.9181963927855712,371.5204352721074,733.2827956833333,4284.0,2041.0,28651,2549,508,2041,0.0817,95885.0,69600.0,165485.0,0.0,-74530.0,,,,,,,,,20.0,5.0,15.0,160.0,False,0.95,0.8,0.6354,124,0.8655,167.74,434.9,534.907,2007,0.496,0.7952,0.7413,0.15,0.8,0.462,9,0.0004,0.2971,0.9542,191.47,507.65,591.794,1675,0.5037,0.8824
1,January,s15_10_4,urgent_first,15,10,4,29,31200,6250,24950,0.2003,0.8632051282051282,0.99984,0.8289779559118237,297.406471887965,1013.9255196999998,1.0,4267.0,28503,2697,1,2696,0.0864,21355.0,69600.0,90955.0,74530.0,0.0,,,,,,,,,20.0,5.0,15.0,160.0,True,0.95,0.8,0.0,124,0.8656,167.91,944.71,540.481,2036,0.387,0.8001,0.7425,0.16,0.8,0.493,11,0.0002,0.2974,0.9542,118.32,873.11,641.125,1755,0.6128,0.8853
1,January,s15_10_4,rl3_dqn,15,10,4,29,31200,6250,24950,0.2003,0.9138782051282052,0.99952,0.8924248496993988,383.2334324895133,870.2377419355266,3.0,2684.0,28513,2687,3,2684,0.0861,13480.0,69600.0,83080.0,82405.0,7875.0,0.46927587522986713,0.28734140715109574,0.7466087900162778,1.0,28821.0,20808.0,1843.0,6170.0,20.0,5.0,15.0,160.0,True,0.95,0.8,0.0,124,0.8654,170.35,482.91,545.028,2053,0.9959,0.8658,0.7423,0.16,0.88,0.508,12,0.0041,0.2982,0.9543,199.34,626.46,640.13,1766,0.0,0.7817
1,January,s16_9_4,fifo,16,9,4,29,31200,6250,24950,0.2003,0.7973076923076923,0.31472,0.9181963927855712,371.38505139952593,733.1897849333333,4283.0,2041.0,28651,2549,508,2041,0.0817,95865.0,69600.0,165465.0,0.0,-74410.0,,,,,,,,,20.0,5.0,15.0,160.0,False,0.95,0.8,0.6353,124,0.8128,127.14,359.37,408.926,1747,0.3805,0.6456,0.8247,8.2,29.05,25.452,157,0.0239,0.3528,0.9542,224.98,576.71,692.348,1973,0.5957,0.9008
1,January,s16_9_4,urgent_first,16,9,4,29,31200,6250,24950,0.2003,0.8625641025641025,0.99984,0.8281763527054108,298.35487018049815,903.9198924700003,1.0,4287.0,28505,2695,1,2694,0.0864,21455.0,69600.0,91055.0,74410.0,0.0,,,,,,,,,20.0,5.0,15.0,160.0,True,0.95,0.8,0.0,124,0.8129,127.28,815.64,414.606,1779,0.2028,0.6249,0.8248,10.87,25.11,33.989,155,0.0159,0.3454,0.9543,151.66,1166.71,736.304,2075,0.7813,0.938
1,January,s16_9_4,rl3_dqn,16,9,4,29,31200,6250,24950,0.2003,0.9138782051282052,0.99952,0.8924248496993988,383.08754454202995,869.6206451612666,3.0,2684.0,28513,2687,3,2684,0.0861,13480.0,69600.0,83080.0,82385.0,7975.0,0.5235821072615092,0.30208869225228935,0.6921653300431833,1.0,33712.0,19438.0,8105.0,6169.0,20.0,5.0,15.0,160.0,True,0.95,0.8,0.0,124,0.8128,129.03,413.52,416.704,1777,0.8511,0.7254,0.8249,11.53,39.56,35.769,166,0.1489,0.3809,0.9543,230.39,713.97,732.736,2074,0.0,0.7817
1,January,s14_10_5,fifo,14,10,5,29,31200,6250,24950,0.2003,0.8599679487179487,0.4944,0.9515430861723447,246.215922691448,478.0583154033333,3160.0,1209.0,29689,1511,302,1209,0.0484,69245.0,69600.0,138845.0,0.0,-55185.0,,,,,,,,,20.0,5.0,15.0,160.0,False,0.95,0.8,0.4556,124,0.9257,237.98,565.64,752.169,2337,0.9992,0.9701,0.7401,0.08,0.55,0.246,8,0.0002,0.2964,0.7913,0.26,0.97,0.81,10,0.0006,0.3172
1,January,s14_10_5,urgent_first,14,10,5,29,31200,6250,24950,0.2003,0.9099679487179487,0.99984,0.8874549098196393,248.33023181149466,857.6755197,1.0,2808.0,29679,1521,1,1520,0.0488,14060.0,69600.0,83660.0,55185.0,0.0,,,,,,,,,20.0,5.0,15.0,160.0,True,0.95,0.8,0.0,124,0.9257,239.99,1345.77,763.271,2404,0.9998,0.9703,0.7414,0.08,0.52,0.253,8,0.0,0.2967,0.7932,0.29,1.05,0.908,12,0.0001,0.3177
1,January,s14_10_5,rl3_dqn,14,10,5,29,31200,6250,24950,0.2003,0.9510897435897436,0.9992,0.9390380761523046,250.14891581107346,546.4938351254267,5.0,1521.0,29674,1526,5,1521,0.0489,7705.0,69600.0,77305.0,61540.0,6355.0,0.27403447322333857,0.20907864235546483,0.40279937791601866,1.0,32547.0,28903.0,1286.0,2358.0,20.0,5.0,15.0,160.0,True,0.95,0.8,0.0,124,0.9257,241.86,644.27,766.203,2422,1.0,0.9703,0.7411,0.09,0.58,0.263,9,0.0,0.2967,0.7929,0.3,1.18,0.927,16,0.0,0.3178
2,February,s14_8_5,fifo,14,8,5,27,26400,4742,21658,0.1796,0.9091287878787879,0.5993251792492619,0.9769600147751408,203.44817582867776,547.3571428466666,1900.0,499.0,25797,603,104,499,0.0228,40495.0,64800.0,105295.0,0.0,-32505.0,,,,,,,,,20.0,5.0,15.0,160.0,False,0.95,0.8,0.3507,125,0.803,190.3,651.36,519.544,2581,0.9803,0.9173,0.8,5.19,17.95,14.02,74,0.0194,0.3348,0.6837,0.12,0.57,0.314,5,0.0002,0.2738
2,February,s14_8_5,urgent_first,14,8,5,27,26400,4742,21658,0.1796,0.939469696969697,1.0,0.9262166405023547,190.58084337457083,643.8880952300017,0.0,1598.0,25805,595,0,595,0.0225,7990.0,64800.0,72790.0,32505.0,0.0,,,,,,,,,20.0,5.0,15.0,160.0,True,0.95,0.8,0.0,125,0.8028,176.72,1157.43,524.622,2627,0.9933,0.9198,0.8008,6.64,13.96,19.448,79,0.0066,0.3302,0.6845,0.12,0.58,0.327,7,0.0001,0.274
2,February,s14_8_5,rl3_dqn,14,8,5,27,26400,4742,21658,0.1796,0.9769696969696969,0.9993673555461831,0.9720657493766738,208.1695350040866,604.2811904761801,3.0,605.0,25792,608,3,605,0.023,3085.0,64800.0,67885.0,37410.0,4905.0,0.24127271758247615,0.1861758587016516,0.28480282881082325,1.0,37526.0,23553.0,13009.0,964.0,20.0,5.0,15.0,160.0,True,0.95,0.8,0.0,125,0.803,193.47,738.98,528.826,2620,0.9963,0.9205,0.8005,6.85,22.6,18.459,85,0.0037,0.3338,0.6842,0.12,0.58,0.321,6,0.0,0.274
2,February,s13_8_5,fifo,13,8,5,26,26400,4742,21658,0.1796,0.8662878787878788,0.4894559257697174,0.9487949025764152,257.154334029605,663.5166666583333,2421.0,1109.0,25056,1344,235,1109,0.0509,53965.0,62400.0,116365.0,0.0,-42640.0,,,,,,,,,20.0,5.0,15.0,160.0,False,0.95,0.8,0.4605,125,0.8382,248.94,756.14,691.085,2714,0.9988,0.935,0.777,0.42,1.5,1.093,12,0.001,0.3117,0.6641,0.1,0.53,0.253,6,0.0002,0.2659
2,February,s13_8_5,urgent_first,13,8,5,26,26400,4742,21658,0.1796,0.9142045454545454,1.0,0.8954197063440761,194.6924175786197,685.1788888766669,0.0,2265.0,25009,1391,0,1391,0.0527,11325.0,62400.0,73725.0,42640.0,0.0,,,,,,,,,20.0,5.0,15.0,160.0,True,0.95,0.8,0.0,125,0.8382,186.75,1237.99,698.271,2745,0.9997,0.9352,0.7776,0.46,1.65,1.205,13,0.0002,0.3117,0.6645,0.1,0.55,0.263,7,0.0,0.266
2,February,s13_8_5,rl3_dqn,13,8,5,26,26400,4742,21658,0.1796,0.9484469696969697,0.9987347110923661,0.9374365130667651,258.47393066815783,728.0569841270134,6.0,1355.0,25039,1361,6,1355,0.0516,6895.0,62400.0,69295.0,47070.0,4430.0,0.23300081433224756,0.18849583703140188,0.3160538476994173,1.0,29472.0,23661.0,4977.0,834.0,20.0,5.0,15.0,160.0,True,0.95,0.8,0.0,125,0.8381,250.29,849.19,703.746,2759,0.9993,0.9351,0.7782,0.45,1.63,1.17,13,0.0007,0.3121,0.6651,0.1,0.53,0.255,6,0.0,0.2663
2,February,s15_8_5,fifo,15,8,5,28,26400,4742,21658,0.1796,0.9108333333333334,0.6035428089413749,0.9781143226521378,198.57095870919127,539.2782539633334,1880.0,474.0,25827,573,99,474,0.0217,39970.0,67200.0,107170.0,0.0,-32200.0,,,,,,,,,20.0,5.0,15.0,160.0,False,0.95,0.8,0.3465,125,0.7594,148.2,560.46,406.17,2448,0.8292,0.8696,0.8008,41.61,139.98,114.116,508,0.1706,0.459,0.6845,0.12,0.57,0.313,6,0.0002,0.2742
2,February,s15_8_5,urgent_first,15,8,5,28,26400,4742,21658,0.1796,0.9411363636363637,1.0,0.9282482223658695,192.3319075900558,732.35301587,0.0,1554.0,25799,601,0,601,0.0228,7770.0,67200.0,74970.0,32200.0,0.0,,,,,,,,,20.0,5.0,15.0,160.0,True,0.95,0.8,0.0,125,0.7593,144.98,910.37,408.774,2487,0.7757,0.8589,0.8009,39.54,90.16,131.43,539,0.2242,0.4382,0.6844,0.12,0.58,0.319,6,0.0001,0.2741
2,February,s15_8_5,rl3_dqn,15,8,5,28,26400,4742,21658,0.1796,0.9773484848484848,0.9983129481231547,0.9727583341028719,205.7189824401457,598.9388888888602,8.0,590.0,25802,598,8,590,0.0227,3110.0,67200.0,70310.0,36860.0,4660.0,0.22606208952330176,0.1928676741614449,0.23313886920015267,0.7110016420361248,41263.0,21704.0,18341.0,1218.0,20.0,5.0,15.0,160.0,True,0.95,0.8,0.0,125,0.7593,150.82,621.35,413.382,2485,0.9899,0.9017,0.8008,46.32,158.85,126.963,536,0.0101,0.4323,0.6844,0.12,0.58,0.323,6,0.0,0.2741
2,February,s14_7_5,fifo,14,7,5,26,26400,4742,21658,0.1796,0.8429166666666666,0.4658371994938844,0.9254778834610767,298.0639940488633,757.7007142833331,2533.0,1614.0,24428,1972,358,1614,0.0747,58730.0,62400.0,121130.0,0.0,-42605.0,,,,,,,,,20.0,5.0,15.0,160.0,False,0.95,0.8,0.4842,125,0.803,190.3,651.36,519.544,2581,0.7403,0.8692,0.8659,108.22,373.21,307.211,1433,0.2597,0.6302,0.6474,0.04,0.32,0.111,4,0.0001,0.2591
2,February,s14_7_5,urgent_first,14,7,5,26,26400,4742,21658,0.1796,0.8778409090909091,1.0,0.8510942838673932,229.50023487592182,878.4517460233336,0.0,3225.0,24345,2055,0,2055,0.0778,16125.0,62400.0,78525.0,42605.0,0.0,,,,,,,,,20.0,5.0,15.0,160.0,True,0.95,0.8,0.0,125,0.8028,176.72,1157.43,524.622,2627,0.8228,0.8857,0.8659,51.49,200.05,333.191,1506,0.1772,0.5203,0.6477,0.04,0.32,0.11,4,0.0,0.2592
2,February,s14_7_5,rl3_dqn,14,7,5,26,26400,4742,21658,0.1796,0.9220454545454545,0.9976803036693378,0.9054852710314896,303.96006644078517,827.2723809523733,11.0,2047.0,24342,2058,11,2047,0.078,10455.0,62400.0,72855.0,48275.0,5670.0,0.22906595195751822,0.229518416541119,0.22113348761632773,0.6465753424657534,39923.0,19249.0,20309.0,365.0,20.0,5.0,15.0,160.0,True,0.95,0.8,0.0,125,0.8029,193.47,738.99,528.868,2621,0.9966,0.9205,0.8659,114.57,496.61,329.756,1504,0.0034,0.6086,0.6475,0.04,0.32,0.109,5,0.0,0.2591
2,February,s14_9_5,fifo,14,9,5,28,26400,4742,21658,0.1796,0.911780303030303,0.6039645719105863,0.979176285898975,198.55471904465412,536.9468253933334,1878.0,451.0,25855,545,94,451,0.0206,39815.0,67200.0,107015.0,0.0,-32070.0,,,,,,,,,20.0,5.0,15.0,160.0,False,0.95,0.8,0.346,125,0.803,190.3,651.36,519.544,2581,0.999,0.921,0.7126,0.23,1.03,0.617,11,0.0006,0.2857,0.6852,0.2,0.8,0.542,9,0.0005,0.2746
2,February,s14_9_5,urgent_first,14,9,5,28,26400,4742,21658,0.1796,0.9413257575757575,1.0,0.9284790839412688,184.79481157266795,632.164206343334,0.0,1549.0,25850,550,0,550,0.0208,7745.0,67200.0,74945.0,32070.0,0.0,,,,,,,,,20.0,5.0,15.0,160.0,True,0.95,0.8,0.0,125,0.8028,176.72,1157.43,524.622,2627,0.9997,0.9211,0.7129,0.24,1.07,0.648,15,0.0002,0.2856,0.6856,0.22,0.85,0.585,12,0.0001,0.2746
2,February,s14_9_5,rl3_dqn,14,9,5,28,26400,4742,21658,0.1796,0.97875,0.9993673555461831,0.974235848185428,201.71723456052976,585.3090476190068,3.0,558.0,25839,561,3,558,0.0213,2850.0,67200.0,70050.0,36965.0,4895.0,0.24463206170523244,0.1820795999166493,0.3203727506426735,1.0,28782.0,23995.0,3112.0,1675.0,20.0,5.0,15.0,160.0,True,0.95,0.8,0.0,125,0.803,193.46,738.96,528.801,2621,0.9991,0.921,0.7129,0.23,1.05,0.611,10,0.0009,0.2859,0.6854,0.21,0.85,0.562,11,0.0,0.2746
2,February,s14_8_4,fifo,14,8,4,26,26400,4742,21658,0.1796,0.8704166666666666,0.5050611556305357,0.9504109336042109,248.91321616371434,648.2282539566667,2347.0,1074.0,25099,1301,227,1074,0.0493,52310.0,62400.0,114710.0,0.0,-40330.0,,,,,,,,,20.0,5.0,15.0,160.0,False,0.95,0.8,0.4449,125,0.803,190.3,651.36,519.544,2581,0.8154,0.8843,0.8,5.19,17.95,14.02,74,0.0248,0.3359,0.8315,48.9,180.2,135.495,702,0.1598,0.4729
2,February,s14_8_4,urgent_first,14,8,4,26,26400,4742,21658,0.1796,0.9092424242424243,1.0,0.889371133068612,213.69862776074828,814.2822222133339,0.0,2396.0,25049,1351,0,1351,0.0512,11980.0,62400.0,74380.0,40330.0,0.0,,,,,,,,,20.0,5.0,15.0,160.0,True,0.95,0.8,0.0,125,0.8028,176.72,1157.43,524.622,2627,0.8997,0.9011,0.8008,6.64,13.96,19.448,79,0.0144,0.3318,0.8317,27.24,46.58,153.933,757,0.0859,0.4039
2,February,s14_8_4,rl3_dqn,14,8,4,26,26400,4742,21658,0.1796,0.9485606060606061,0.9997891185153943,0.9373441684366054,256.7969438327738,728.8310317460534,1.0,1357.0,25042,1358,1,1357,0.0514,6805.0,62400.0,69205.0,45505.0,5175.0,0.35595080629274195,0.20230868285504047,0.404108852317952,1.0,35533.0,21744.0,9297.0,4492.0,20.0,5.0,15.0,160.0,True,0.95,0.8,0.0,125,0.803,193.5,739.13,528.923,2621,0.9498,0.9112,0.8004,6.92,23.23,18.644,87,0.0502,0.3433,0.8315,54.8,228.32,152.914,753,0.0,0.4532
2,February,s14_8_6,fifo,14,8,6,28,26400,4742,21658,0.1796,0.9091287878787879,0.5993251792492619,0.9769600147751408,203.35276034108873,547.25428571,1900.0,499.0,25797,603,104,499,0.0228,40495.0,67200.0,107695.0,0.0,-32505.0,,,,,,,,,20.0,5.0,15.0,160.0,False,0.95,0.8,0.3507,125,0.803,190.3,651.36,519.544,2581,0.9805,0.9173,0.8,5.19,17.95,14.02,74,0.0194,0.3348,0.5697,0.02,0.17,0.057,4,0.0,0.228
2,February,s14_8_6,urgent_first,14,8,6,28,26400,4742,21658,0.1796,0.939469696969697,1.0,0.9262166405023547,190.48147309749274,643.7480952300011,0.0,1598.0,25805,595,0,595,0.0225,7990.0,67200.0,75190.0,32505.0,0.0,,,,,,,,,20.0,5.0,15.0,160.0,True,0.95,0.8,0.0,125,0.8028,176.72,1157.43,524.622,2627,0.9934,0.9198,0.8008,6.64,13.96,19.448,79,0.0066,0.3302,0.5704,0.02,0.17,0.06,5,0.0,0.2282
2,February,s14_8_6,rl3_dqn,14,8,6,28,26400,4742,21658,0.1796,0.9768939393939394,0.9991564740615774,0.9720195770615939,208.06848449319,603.9623015873136,4.0,606.0,25790,610,4,606,0.0231,3110.0,67200.0,70310.0,37385.0,4880.0,0.220649726600193,0.18484592655128745,0.26897739182512354,1.0,37308.0,23690.0,13358.0,260.0,20.0,5.0,15.0,160.0,True,0.95,0.8,0.0,125,0.803,193.46,738.83,528.805,2621,0.9938,0.92,0.8005,6.86,22.67,18.472,85,0.0062,0.3344,0.5701,0.02,0.17,0.058,4,0.0,0.2281
2,February,s11_6_4,fifo,11,6,4,21,26400,4742,21658,0.1796,0.7620454545454546,0.32496836777730914,0.8577430972388955,475.6979831673563,1202.1609523766667,3201.0,3081.0,22622,3778,697,3081,0.1431,79425.0,50400.0,129825.0,0.0,-52255.0,,,,,,,,,20.0,5.0,15.0,160.0,False,0.95,0.8,0.625,125,0.9223,396.13,1072.1,1146.618,3450,0.8637,0.9417,0.9357,85.1,241.5,210.21,703,0.1362,0.4854,0.7492,0.1,0.53,0.229,4,0.0001,0.2999
2,February,s11_6_4,urgent_first,11,6,4,21,26400,4742,21658,0.1796,0.7941666666666667,1.0,0.7490996398559424,265.81840866369606,959.5730158650003,0.0,5434.0,22470,3930,0,3930,0.1489,27170.0,50400.0,77570.0,52255.0,0.0,,,,,,,,,20.0,5.0,15.0,160.0,False,0.95,0.8,0.0509,125,0.9222,216.75,1526.81,1155.125,3548,0.7904,0.927,0.9357,42.54,47.83,252.949,793,0.2095,0.4569,0.7499,0.1,0.53,0.224,4,0.0,0.3001
2,February,s11_6_4,rl3_dqn,11,6,4,21,26400,4742,21658,0.1796,0.7483712121212122,0.9964150147617039,0.6940622402807277,473.4376058136327,1528.9171428571733,17.0,6626.0,22477,3923,17,3906,0.1486,33470.0,50400.0,83870.0,45955.0,-6300.0,0.22998981916905029,0.21188118811881188,0.23603072713879827,0.7523452157598499,41254.0,21715.0,19006.0,533.0,20.0,5.0,15.0,160.0,False,0.95,0.8,0.1059,125,0.9222,393.66,1276.2,1167.35,3555,0.8295,0.9348,0.9357,97.61,326.58,242.612,772,0.1705,0.5035,0.7502,0.1,0.57,0.234,5,0.0001,0.3002
2,February,s17_10_6,fifo,17,10,6,33,26400,4742,21658,0.1796,0.9659090909090909,0.8102066638549136,1.0,108.2386698150442,307.0528571300001,900.0,0.0,26400,0,0,0,0.0,18000.0,79200.0,97200.0,0.0,-17800.0,,,,,,,,,20.0,5.0,15.0,160.0,False,0.95,0.8,0.1398,125,0.6748,99.74,405.68,274.291,2194,0.9971,0.8693,0.6547,0.57,1.98,1.572,18,0.0026,0.2645,0.5829,0.11,0.55,0.3,7,0.0004,0.2337
2,February,s17_10_6,urgent_first,17,10,6,33,26400,4742,21658,0.1796,0.9984848484848485,1.0,0.9981531073968049,108.8633333251452,468.57055554833363,0.0,40.0,26400,0,0,0,0.0,200.0,79200.0,79400.0,17800.0,0.0,,,,,,,,,20.0,5.0,15.0,160.0,True,0.95,0.8,0.0,125,0.6748,100.26,615.45,275.744,2229,0.9996,0.8698,0.6547,0.66,2.33,1.821,19,0.0003,0.2639,0.5829,0.11,0.55,0.314,8,0.0001,0.2336
2,February,s17_10_6,rl3_dqn,17,10,6,33,26400,4742,21658,0.1796,1.0,1.0,1.0,110.07629040404062,362.92103174600686,0.0,0.0,26400,0,0,0,0.0,0.0,79200.0,79200.0,18000.0,200.0,0.23623277961542655,0.16920092281879195,0.28789966923925026,1.0,27511.0,19072.0,7256.0,1183.0,20.0,5.0,15.0,160.0,True,0.95,0.8,0.0,125,0.6748,101.45,452.43,278.993,2223,0.0,0.6699,0.6547,0.7,2.95,1.916,25,0.0,0.2646,0.5829,0.11,0.57,0.307,7,0.0,0.2336
2,February,s15_9_5,fifo,15,9,5,29,26400,4742,21658,0.1796,0.9353030303030303,0.6741881062842683,0.9924739126419798,156.8765723908709,432.10484126000006,1545.0,163.0,26202,198,35,163,0.0075,31715.0,69600.0,101315.0,0.0,-27105.0,,,,,,,,,20.0,5.0,15.0,160.0,False,0.95,0.8,0.2758,125,0.7594,148.2,560.46,406.17,2448,0.9976,0.9033,0.7221,0.52,1.67,1.411,15,0.0016,0.2904,0.6942,0.3,1.02,0.819,9,0.0008,0.2786
2,February,s15_9_5,urgent_first,15,9,5,29,26400,4742,21658,0.1796,0.9650757575757576,1.0,0.9574291254963524,153.42040883873347,574.8914285599998,0.0,922.0,26203,197,0,197,0.0075,4610.0,69600.0,74210.0,27105.0,0.0,,,,,,,,,20.0,5.0,15.0,160.0,True,0.95,0.8,0.0,125,0.7593,144.98,910.37,408.774,2487,0.9995,0.9036,0.7223,0.57,1.98,1.552,17,0.0003,0.2901,0.6945,0.32,1.03,0.866,13,0.0002,0.2785
2,February,s15_9_5,rl3_dqn,15,9,5,29,26400,4742,21658,0.1796,0.9925,0.9995782370307887,0.9909502262443439,159.57097464994214,494.4907936508367,2.0,196.0,26202,198,2,196,0.0075,1020.0,69600.0,70620.0,30695.0,3590.0,0.26567461552829835,0.17847610848041326,0.3136238951539165,1.0,32122.0,23230.0,6562.0,2330.0,20.0,5.0,15.0,160.0,True,0.95,0.8,0.0,125,0.7593,150.84,622.54,413.43,2485,0.9962,0.903,0.7222,0.55,1.95,1.505,17,0.0038,0.291,0.6945,0.33,1.15,0.909,13,0.0,0.2786
2,February,s15_8_6,fifo,15,8,6,29,26400,4742,21658,0.1796,0.9108712121212121,0.6035428089413749,0.9781604949672177,198.47534279684388,539.1698412666667,1880.0,473.0,25828,572,99,473,0.0217,39965.0,69600.0,109565.0,0.0,-32195.0,,,,,,,,,20.0,5.0,15.0,160.0,False,0.95,0.8,0.3465,125,0.7594,148.2,560.46,406.17,2448,0.8294,0.8696,0.8008,41.61,139.98,114.116,508,0.1705,0.459,0.5704,0.02,0.17,0.056,4,0.0,0.2283
2,February,s15_8_6,urgent_first,15,8,6,29,26400,4742,21658,0.1796,0.9411363636363637,1.0,0.9282482223658695,192.23448004118444,732.185396816667,0.0,1554.0,25799,601,0,601,0.0228,7770.0,69600.0,77370.0,32195.0,0.0,,,,,,,,,20.0,5.0,15.0,160.0,True,0.95,0.8,0.0,125,0.7593,144.98,910.37,408.774,2487,0.7758,0.8589,0.8009,39.54,90.16,131.43,539,0.2242,0.4382,0.5704,0.02,0.17,0.057,4,0.0,0.2282
2,February,s15_8_6,rl3_dqn,15,8,6,29,26400,4742,21658,0.1796,0.977310606060606,0.9981020666385492,0.9727583341028719,205.69441042336882,599.0777777777668,9.0,590.0,25801,599,9,590,0.0227,3130.0,69600.0,72730.0,36835.0,4640.0,0.2126348603297533,0.196755134577511,0.21986945572287608,0.9244604316546763,41061.0,21326.0,19457.0,278.0,20.0,5.0,15.0,160.0,True,0.95,0.8,0.0,125,0.7593,150.83,621.8,413.397,2484,0.9887,0.9015,0.8008,46.38,158.98,127.122,535,0.0113,0.4326,0.5703,0.02,0.17,0.056,4,0.0,0.2282
2,February,s14_9_6,fifo,14,9,6,29,26400,4742,21658,0.1796,0.911780303030303,0.6039645719105863,0.979176285898975,198.39341433247728,536.7579365,1878.0,451.0,25855,545,94,451,0.0206,39815.0,69600.0,109415.0,0.0,-32070.0,,,,,,,,,20.0,5.0,15.0,160.0,False,0.95,0.8,0.346,125,0.803,190.3,651.36,519.544,2581,0.9993,0.9211,0.7126,0.23,1.03,0.617,11,0.0006,0.2857,0.571,0.04,0.3,0.107,5,0.0001,0.2286
2,February,s14_9_6,urgent_first,14,9,6,29,26400,4742,21658,0.1796,0.9413257575757575,1.0,0.9284790839412688,184.6196284649955,631.7392063433348,0.0,1549.0,25850,550,0,550,0.0208,7745.0,69600.0,77345.0,32070.0,0.0,,,,,,,,,20.0,5.0,15.0,160.0,True,0.95,0.8,0.0,125,0.8028,176.72,1157.43,524.622,2627,0.9998,0.9211,0.7129,0.24,1.07,0.648,15,0.0002,0.2856,0.5714,0.04,0.32,0.113,6,0.0,0.2287
2,February,s14_9_6,rl3_dqn,14,9,6,29,26400,4742,21658,0.1796,0.9788636363636364,0.9993673555461831,0.9743743651306677,201.54341741572432,585.1116666667069,3.0,555.0,25842,558,3,555,0.0211,2835.0,69600.0,72435.0,36980.0,4910.0,0.20973551133262996,0.18151568089177272,0.3122476446837147,1.0,27487.0,24042.0,2972.0,473.0,20.0,5.0,15.0,160.0,True,0.95,0.8,0.0,125,0.803,193.45,739.16,528.766,2622,0.9995,0.9211,0.7129,0.23,1.05,0.621,10,0.0005,0.2858,0.5712,0.04,0.32,0.11,5,0.0,0.2286
2,February,s13_7_5,fifo,13,7,5,25,26400,4742,21658,0.1796,0.8427651515151515,0.46541543652467315,0.925385538830917,298.5336410898462,758.23690475,2535.0,1616.0,24426,1974,358,1616,0.0748,58780.0,60000.0,118780.0,0.0,-43405.0,,,,,,,,,20.0,5.0,15.0,160.0,False,0.95,0.8,0.4846,125,0.8382,248.94,756.14,691.085,2714,0.8732,0.9099,0.8658,51.3,178.54,137.314,636,0.1267,0.4605,0.6473,0.04,0.32,0.111,4,0.0001,0.2591
2,February,s13_7_5,urgent_first,13,7,5,25,26400,4742,21658,0.1796,0.8835227272727273,1.0,0.8580201311293748,224.10547866142622,864.7016666616673,0.0,3075.0,24330,2070,0,2070,0.0784,15375.0,60000.0,75375.0,43405.0,0.0,,,,,,,,,20.0,5.0,15.0,160.0,True,0.95,0.8,0.0,125,0.8382,186.75,1237.99,698.271,2745,0.8755,0.9104,0.8656,32.63,65.55,164.119,685,0.1245,0.4196,0.6474,0.04,0.33,0.114,4,0.0,0.2591
2,February,s13_7_5,rl3_dqn,13,7,5,25,26400,4742,21658,0.1796,0.9218939393939394,0.9974694221847322,0.9053467540862499,304.6412062526824,828.3819841269666,12.0,2050.0,24338,2062,12,2050,0.0781,10490.0,60000.0,70490.0,48290.0,4885.0,0.22115663349115858,0.20098831985624438,0.23381812370145438,0.8,41396.0,22260.0,18771.0,365.0,20.0,5.0,15.0,160.0,True,0.95,0.8,0.0,125,0.838,250.37,848.15,703.756,2759,0.9984,0.9349,0.8657,58.27,226.88,157.083,707,0.0016,0.447,0.6474,0.04,0.32,0.11,4,0.0,0.2591
2,February,s13_8_4,fifo,13,8,4,25,26400,4742,21658,0.1796,0.8641666666666666,0.4841838886545761,0.9473635608089389,260.76003788862664,672.8361111083335,2446.0,1140.0,25022,1378,238,1140,0.0522,54620.0,60000.0,114620.0,0.0,-43235.0,,,,,,,,,20.0,5.0,15.0,160.0,False,0.95,0.8,0.4658,125,0.8382,248.94,756.14,691.085,2714,0.9861,0.9325,0.777,0.42,1.5,1.093,12,0.001,0.3117,0.829,4.1,14.02,10.712,60,0.0129,0.3411
2,February,s13_8_4,urgent_first,13,8,4,25,26400,4742,21658,0.1796,0.91375,1.0,0.8948656385631175,199.41358758675227,707.522142853332,0.0,2277.0,24998,1402,0,1402,0.0531,11385.0,60000.0,71385.0,43235.0,0.0,,,,,,,,,20.0,5.0,15.0,160.0,True,0.95,0.8,0.0,125,0.8382,186.75,1237.99,698.271,2745,0.9981,0.9349,0.7776,0.46,1.65,1.205,13,0.0002,0.3117,0.8303,4.94,12.79,12.869,84,0.0017,0.3378
2,February,s13_8_4,rl3_dqn,13,8,4,25,26400,4742,21658,0.1796,0.9470454545454545,0.9989455925769718,0.9356819650937298,262.5033583027646,733.1921428571636,5.0,1393.0,25002,1398,5,1393,0.053,7065.0,60000.0,67065.0,47555.0,4320.0,0.32371178768524833,0.1890460860725178,0.3936363636363636,1.0,32254.0,23608.0,4400.0,4246.0,20.0,5.0,15.0,160.0,True,0.95,0.8,0.0,125,0.8381,250.3,849.13,703.743,2758,0.9992,0.9351,0.7781,0.45,1.67,1.175,13,0.0008,0.3121,0.8303,4.88,15.78,12.735,65,0.0,0.3395
2,February,s14_7_4,fifo,14,7,4,25,26400,4742,21658,0.1796,0.8426136363636364,0.46478279207085615,0.9253393665158371,298.32139106589153,757.8660317433336,2538.0,1617.0,24425,1975,358,1617,0.0748,58845.0,60000.0,118845.0,0.0,-42715.0,,,,,,,,,20.0,5.0,15.0,160.0,False,0.95,0.8,0.4852,125,0.803,190.3,651.36,519.544,2581,0.7393,0.869,0.8659,108.22,373.21,307.211,1433,0.2603,0.6304,0.8091,0.36,1.08,0.918,9,0.0005,0.3244
2,February,s14_7_4,urgent_first,14,7,4,25,26400,4742,21658,0.1796,0.8778030303030303,1.0,0.8510481115523132,229.8053866390089,878.694365071667,0.0,3226.0,24344,2056,0,2056,0.0779,16130.0,60000.0,76130.0,42715.0,0.0,,,,,,,,,20.0,5.0,15.0,160.0,True,0.95,0.8,0.0,125,0.8028,176.72,1157.43,524.622,2627,0.8227,0.8857,0.8659,51.49,200.05,333.191,1506,0.1771,0.5203,0.8096,0.37,1.13,0.943,10,0.0002,0.3244
2,February,s14_7_4,rl3_dqn,14,7,4,25,26400,4742,21658,0.1796,0.921969696969697,0.9972585407001265,0.9054852710314896,304.32871349662867,827.1139682539304,13.0,2047.0,24340,2060,13,2047,0.078,10495.0,60000.0,70495.0,48350.0,5635.0,0.2381280426196381,0.2164938320145476,0.22259679738238064,0.4867986798679868,43548.0,20347.0,20171.0,3030.0,20.0,5.0,15.0,160.0,True,0.95,0.8,0.0,125,0.803,193.46,738.51,528.845,2621,0.9965,0.9205,0.8659,114.6,496.28,329.848,1504,0.0035,0.6086,0.8093,0.37,1.15,0.927,9,0.0,0.3244
2,February,s12_8_5,fifo,12,8,5,25,26400,4742,21658,0.1796,0.834469696969697,0.44917756221003796,0.9188290700895743,315.2436309908253,783.9750793600001,2612.0,1758.0,24257,2143,385,1758,0.0812,61030.0,60000.0,121030.0,0.0,-44435.0,,,,,,,,,20.0,5.0,15.0,160.0,False,0.95,0.8,0.5008,125,0.8791,307.41,877.64,879.112,2844,0.9995,0.9515,0.7524,0.19,0.97,0.481,11,0.0004,0.3014,0.6428,0.07,0.47,0.182,6,0.0001,0.2573
2,February,s12_8_5,urgent_first,12,8,5,25,26400,4742,21658,0.1796,0.874280303030303,1.0,0.8467540862498846,208.88672084540892,813.6806349066674,0.0,3319.0,24199,2201,0,2201,0.0834,16595.0,60000.0,76595.0,44435.0,0.0,,,,,,,,,20.0,5.0,15.0,160.0,True,0.95,0.8,0.0,125,0.879,200.87,1317.03,889.919,2897,0.9999,0.9516,0.7535,0.2,0.97,0.515,9,0.0001,0.3017,0.644,0.08,0.48,0.196,7,0.0,0.2577
2,February,s12_8_5,rl3_dqn,12,8,5,25,26400,4742,21658,0.1796,0.9171212121212121,0.9987347110923661,0.899252008495706,315.2710466605831,860.0676984127301,6.0,2182.0,24212,2188,6,2182,0.0829,11030.0,60000.0,71030.0,50000.0,5565.0,0.2229965156794425,0.19493135307831794,0.31685069611137784,1.0,25830.0,23162.0,2083.0,585.0,20.0,5.0,15.0,160.0,True,0.95,0.8,0.0,125,0.8791,307.42,999.53,894.949,2884,1.0,0.9516,0.7538,0.19,0.98,0.49,9,0.0,0.3018,0.6443,0.07,0.47,0.183,5,0.0,0.2579
3,March,s753,fifo,7,5,3,15,16800,2024,14776,0.1205,0.9948214285714285,0.9935770750988142,0.9949918787222523,43.76110279257863,75.83204300666667,13.0,74.0,16713,87,13,74,0.0052,630.0,36000.0,36630.0,0.0,-185.0,,,,,,,,,20.0,5.0,15.0,160.0,True,0.95,0.8,0.0,126,0.8321,36.26,74.26,63.568,193,0.9998,0.9328,0.7504,0.42,1.54,0.732,10,0.0002,0.3071,0.7281,0.35,1.2,0.601,8,0.0,0.2967
3,March,s753,urgent_first,7,5,3,15,16800,2024,14776,0.1205,0.994702380952381,1.0,0.9939767190037899,43.47487857809826,149.01344085,0.0,89.0,16711,89,0,89,0.0053,445.0,36000.0,36445.0,185.0,0.0,,,,,,,,,20.0,5.0,15.0,160.0,True,0.95,0.8,0.0,126,0.832,35.94,178.11,63.874,198,1.0,0.9328,0.7502,0.45,1.58,0.781,9,0.0,0.3041,0.7281,0.37,1.22,0.638,7,0.0,0.2944
3,March,s753,rl3_dqn,7,5,3,15,16800,2024,14776,0.1205,0.9944642857142857,0.9990118577075099,0.9938413643746616,44.08142196958741,78.3411827957,2.0,91.0,16707,93,2,91,0.0055,495.0,36000.0,36495.0,135.0,-50.0,0.20909575413039616,0.11964909966361058,0.9903640256959315,1.0,16887.0,15161.0,934.0,792.0,20.0,5.0,15.0,160.0,True,0.95,0.8,0.0,126,0.8321,36.57,76.97,64.147,198,0.9981,0.9324,0.7505,0.42,1.6,0.73,10,0.0019,0.3075,0.7279,0.36,1.3,0.631,8,0.0,0.2969
3,March,s653,fifo,6,5,3,14,16800,2024,14776,0.1205,0.9910714285714286,0.9906126482213439,0.9911342717920953,68.72437142764964,116.93195340000001,19.0,131.0,16650,150,19,131,0.0089,1035.0,33600.0,34635.0,0.0,-310.0,,,,,,,,,20.0,5.0,15.0,160.0,True,0.95,0.8,0.0,126,0.9673,61.66,122.94,107.958,277,0.9991,0.9867,0.7477,0.14,0.8,0.235,8,0.0009,0.3012,0.7254,0.18,0.83,0.318,6,0.0,0.2923
3,March,s653,urgent_first,6,5,3,14,16800,2024,14776,0.1205,0.9913690476190476,1.0,0.990186789388197,69.0368046474292,212.1739426466667,0.0,145.0,16655,145,0,145,0.0086,725.0,33600.0,34325.0,310.0,0.0,,,,,,,,,20.0,5.0,15.0,160.0,True,0.95,0.8,0.0,126,0.9672,62.0,236.02,109.755,273,0.9982,0.9865,0.7481,0.13,0.8,0.227,7,0.0018,0.3008,0.7258,0.18,0.83,0.312,5,0.0,0.2916
3,March,s653,rl3_dqn,6,5,3,14,16800,2024,14776,0.1205,0.9904761904761905,0.9985177865612648,0.9893746616134271,69.26250719430772,121.08784946236668,3.0,157.0,16640,160,3,157,0.0095,845.0,33600.0,34445.0,190.0,-120.0,0.16743556621762934,0.12423164024587512,1.0,1.0,16257.0,15455.0,356.0,446.0,20.0,5.0,15.0,160.0,True,0.95,0.8,0.0,126,0.9672,62.21,125.88,108.993,288,0.9985,0.9866,0.7477,0.13,0.82,0.229,6,0.0015,0.3013,0.7252,0.18,0.85,0.306,6,0.0,0.2922
3,March,s853,fifo,8,5,3,16,16800,2024,14776,0.1205,0.9976190476190476,0.9960474308300395,0.9978343259339469,33.797126983767896,57.086559131666675,8.0,32.0,16760,40,8,32,0.0024,320.0,38400.0,38720.0,0.0,-115.0,,,,,,,,,20.0,5.0,15.0,160.0,True,0.95,0.8,0.0,126,0.7306,22.3,47.46,39.061,148,0.9847,0.8892,0.7526,4.07,9.57,7.117,41,0.0153,0.3818,0.7302,0.68,1.95,1.191,10,0.0,0.3069
3,March,s853,urgent_first,8,5,3,16,16800,2024,14776,0.1205,0.9975595238095238,1.0,0.9972252301028696,34.349989095074285,107.68648745,0.0,41.0,16759,41,0,41,0.0024,205.0,38400.0,38605.0,115.0,0.0,,,,,,,,,20.0,5.0,15.0,160.0,True,0.95,0.8,0.0,126,0.7308,22.58,138.44,39.75,158,0.9811,0.8885,0.7526,4.48,17.68,7.841,42,0.0189,0.3663,0.7301,0.64,1.77,1.124,9,0.0,0.2995
3,March,s853,rl3_dqn,8,5,3,16,16800,2024,14776,0.1205,0.9975595238095238,0.9990118577075099,0.9973605847319978,34.30451327602185,60.277132616466666,2.0,39.0,16759,41,2,39,0.0024,235.0,38400.0,38635.0,85.0,-30.0,0.26485559367046585,0.11721832163156135,0.9547149706979222,1.0,18074.0,14955.0,1877.0,1242.0,20.0,5.0,15.0,160.0,True,0.95,0.8,0.0,126,0.7307,22.48,50.15,39.368,148,0.9936,0.891,0.7526,4.38,10.86,7.645,43,0.0064,0.3856,0.7302,0.71,2.13,1.248,11,0.0,0.3075
3,March,s743,fifo,7,4,3,14,16800,2024,14776,0.1205,0.9923809523809524,0.991600790513834,0.9924878180833785,58.991969507688545,103.65756271166666,17.0,111.0,16672,128,17,111,0.0076,895.0,33600.0,34495.0,0.0,-240.0,,,,,,,,,20.0,5.0,15.0,160.0,True,0.95,0.8,0.0,126,0.8321,36.26,74.26,63.568,193,0.9936,0.9315,0.9356,15.98,33.12,27.805,81,0.0064,0.5526,0.7263,0.09,0.53,0.158,4,0.0,0.2927
3,March,s743,urgent_first,7,4,3,14,16800,2024,14776,0.1205,0.992202380952381,1.0,0.9911342717920953,59.72868003025776,177.18752687333333,0.0,131.0,16669,131,0,131,0.0078,655.0,33600.0,34255.0,240.0,0.0,,,,,,,,,20.0,5.0,15.0,160.0,True,0.95,0.8,0.0,126,0.832,35.94,178.11,63.874,198,0.9965,0.9321,0.9356,16.98,125.16,29.757,86,0.0035,0.6205,0.7263,0.09,0.57,0.164,4,0.0,0.2917
3,March,s743,rl3_dqn,7,4,3,14,16800,2024,14776,0.1205,0.991904761904762,0.9985177865612648,0.990998917162967,60.146192971521735,107.31924731185667,3.0,133.0,16664,136,3,133,0.0081,725.0,33600.0,34325.0,170.0,-70.0,0.22234316814666286,0.11747700394218134,0.9313014029995162,1.0,17455.0,15220.0,2067.0,168.0,20.0,5.0,15.0,160.0,True,0.95,0.8,0.0,126,0.8322,36.54,76.55,64.087,197,0.9841,0.9297,0.9357,16.87,35.65,29.351,85,0.0159,0.5626,0.7262,0.09,0.55,0.162,4,0.0,0.2927
3,March,s763,fifo,7,6,3,16,16800,2024,14776,0.1205,0.9948214285714285,0.9935770750988142,0.9949918787222523,43.52347938564989,75.45978493333334,13.0,74.0,16713,87,13,74,0.0052,630.0,38400.0,39030.0,0.0,-180.0,,,,,,,,,20.0,5.0,15.0,160.0,True,0.95,0.8,0.0,126,0.8321,36.26,74.26,63.568,193,1.0,0.9328,0.6253,0.08,0.57,0.136,5,0.0,0.2524,0.7281,0.45,1.53,0.783,9,0.0,0.2982
3,March,s763,urgent_first,7,6,3,16,16800,2024,14776,0.1205,0.9946428571428572,1.0,0.9939090416892258,43.218383238266505,148.59148744166666,0.0,90.0,16710,90,0,90,0.0054,450.0,38400.0,38850.0,180.0,0.0,,,,,,,,,20.0,5.0,15.0,160.0,True,0.95,0.8,0.0,126,0.832,35.94,178.11,63.874,198,1.0,0.9328,0.6252,0.08,0.58,0.14,6,0.0,0.2512,0.728,0.48,1.57,0.844,10,0.0,0.2954
3,March,s763,rl3_dqn,7,6,3,16,16800,2024,14776,0.1205,0.9945238095238095,0.9990118577075099,0.9939090416892258,43.83105007109363,78.03480286736668,2.0,90.0,16708,92,2,90,0.0055,490.0,38400.0,38890.0,140.0,-40.0,0.18319215064903407,0.11912597077793866,0.9162995594713657,1.0,16409.0,15194.0,227.0,988.0,20.0,5.0,15.0,160.0,True,0.95,0.8,0.0,126,0.8321,36.56,77.01,64.129,197,1.0,0.9328,0.6254,0.08,0.55,0.131,6,0.0,0.2522,0.728,0.46,1.68,0.808,11,0.0,0.2985
3,March,s752,fifo,7,5,2,14,16800,2024,14776,0.1205,0.815595238095238,0.18675889328063242,0.9017325392528425,514.4930142344402,876.6183512516667,1646.0,1452.0,15148,1652,200,1452,0.0983,40180.0,33600.0,73780.0,0.0,-28540.0,,,,,,,,,20.0,5.0,15.0,160.0,False,0.95,0.8,0.7632,126,0.8321,36.26,74.26,63.568,193,0.1226,0.3903,0.7504,0.42,1.54,0.732,10,0.0013,0.301,0.9906,471.28,872.21,815.882,1567,0.8761,0.9715
3,March,s752,urgent_first,7,5,2,14,16800,2024,14776,0.1205,0.8614285714285714,1.0,0.84244721169464,229.92261032370718,231.15159497666667,0.0,2328.0,15122,1678,0,1678,0.0999,11640.0,33600.0,45240.0,28540.0,0.0,,,,,,,,,20.0,5.0,15.0,160.0,True,0.95,0.8,0.0,126,0.832,35.94,178.11,63.874,198,0.0089,0.4024,0.7502,0.45,1.58,0.781,9,0.0006,0.3008,0.9906,184.01,789.08,840.108,1591,0.9905,0.9943
3,March,s752,rl3_dqn,7,5,2,14,16800,2024,14776,0.1205,0.8990476190476191,1.0,0.8852192744991879,523.0466828555004,1014.2505017921335,0.0,1696.0,15104,1696,0,1696,0.101,8480.0,33600.0,42080.0,31700.0,3160.0,0.5764408005787316,0.3470260223048327,1.0,1.0,8294.0,5380.0,894.0,2020.0,20.0,5.0,15.0,160.0,True,0.95,0.8,0.0,126,0.832,36.68,78.24,64.362,197,0.9916,0.5618,0.7504,0.42,1.63,0.734,10,0.0084,0.3024,0.9906,480.05,1016.67,843.108,1605,0.0,0.7962
3,March,s754,fifo,7,5,4,16,16800,2024,14776,0.1205,0.9948214285714285,0.9935770750988142,0.9949918787222523,43.44800719833064,75.46534049,13.0,74.0,16713,87,13,74,0.0052,630.0,38400.0,39030.0,0.0,-185.0,,,,,,,,,20.0,5.0,15.0,160.0,True,0.95,0.8,0.0,126,0.8321,36.26,74.26,63.568,193,0.9998,0.9328,0.7504,0.42,1.54,0.732,10,0.0002,0.3071,0.546,0.03,0.25,0.056,3,0.0,0.2194
3,March,s754,urgent_first,7,5,4,16,16800,2024,14776,0.1205,0.994702380952381,1.0,0.9939767190037899,43.14092688958969,148.43960573333334,0.0,89.0,16711,89,0,89,0.0053,445.0,38400.0,38845.0,185.0,0.0,,,,,,,,,20.0,5.0,15.0,160.0,True,0.95,0.8,0.0,126,0.832,35.94,178.11,63.874,198,1.0,0.9328,0.7502,0.45,1.58,0.781,9,0.0,0.3041,0.546,0.03,0.27,0.056,3,0.0,0.2189
3,March,s754,rl3_dqn,7,5,4,16,16800,2024,14776,0.1205,0.9945238095238095,0.9990118577075099,0.9939090416892258,43.76396544097633,78.20784946238334,2.0,90.0,16708,92,2,90,0.0055,490.0,38400.0,38890.0,140.0,-45.0,0.16941585017983382,0.1218355487275399,0.7691588785046729,1.0,16126.0,14971.0,1070.0,85.0,20.0,5.0,15.0,160.0,True,0.95,0.8,0.0,126,0.832,36.58,77.04,64.166,198,0.9951,0.9318,0.7505,0.42,1.6,0.729,10,0.0049,0.3081,0.546,0.03,0.25,0.056,4,0.0,0.2193
3,March,s542,fifo,5,4,2,11,16800,2024,14776,0.1205,0.7427976190476191,0.11363636363636363,0.8289794260963725,764.6366763454803,1329.9177777666666,1794.0,2527.0,14245,2555,315,2240,0.1521,48515.0,26400.0,74915.0,0.0,-31140.0,,,,,,,,,20.0,5.0,15.0,160.0,False,0.95,0.8,0.8364,126,0.9914,756.54,1399.3,1315.801,2586,0.9983,0.9962,0.7993,0.25,1.18,0.372,6,0.0003,0.32,0.9319,1.52,4.1,2.25,17,0.0014,0.3741
3,March,s542,urgent_first,5,4,2,11,16800,2024,14776,0.1205,0.7931547619047619,1.0,0.7648213318895506,286.90920656824665,264.9599641533333,0.0,3475.0,14167,2633,0,2633,0.1567,17375.0,26400.0,43775.0,31140.0,0.0,,,,,,,,,20.0,5.0,15.0,160.0,False,0.95,0.8,0.0352,126,0.9914,278.51,1892.15,1347.777,2664,0.9995,0.9965,0.8,0.26,1.18,0.38,7,0.0001,0.3202,0.9313,1.58,4.53,2.327,14,0.0005,0.3735
3,March,s542,rl3_dqn,5,4,2,11,16800,2024,14776,0.1205,0.730297619047619,0.9935770750988142,0.6942338927991337,756.9462291571473,1492.7446774193832,13.0,4518.0,14212,2588,13,2575,0.154,22850.0,26400.0,49250.0,25665.0,-5475.0,0.24453745306825875,0.1413664245928224,0.8303886925795053,1.0,16247.0,14183.0,566.0,1498.0,20.0,5.0,15.0,160.0,False,0.95,0.8,0.1058,126,0.9913,748.6,1578.35,1332.967,2618,0.999,0.9963,0.8021,0.26,1.23,0.383,7,0.0002,0.3211,0.9348,1.7,5.45,2.519,16,0.0009,0.3752
3,March,s964,fifo,9,6,4,19,16800,2024,14776,0.1205,0.9998809523809524,1.0,0.9998646453708717,19.565978372377664,32.232724008333335,0.0,2.0,16798,2,0,2,0.0001,10.0,45600.0,45610.0,0.0,0.0,,,,,,,,,20.0,5.0,15.0,160.0,True,0.95,0.8,0.0,126,0.6504,11.89,27.97,20.818,104,0.0,0.6602,0.6284,0.78,2.3,1.372,15,0.0,0.2818,0.5489,0.14,0.65,0.242,5,0.0,0.2271
3,March,s964,urgent_first,9,6,4,19,16800,2024,14776,0.1205,0.9998809523809524,1.0,0.9998646453708717,19.733190738929235,49.85293906166671,0.0,2.0,16798,2,0,2,0.0001,10.0,45600.0,45610.0,0.0,0.0,,,,,,,,,20.0,5.0,15.0,160.0,True,0.95,0.8,0.0,126,0.6504,12.05,76.88,21.101,106,0.0,0.6602,0.6284,0.79,2.45,1.38,15,0.0,0.2691,0.5489,0.14,0.65,0.243,5,0.0,0.2234
3,March,s964,rl3_dqn,9,6,4,19,16800,2024,14776,0.1205,0.9998809523809524,1.0,0.9998646453708717,19.636192096602475,33.57134408601333,0.0,2.0,16798,2,0,2,0.0001,10.0,45600.0,45610.0,0.0,0.0,0.17646730016769144,0.11690219672589898,0.3282394141992996,1.0,17890.0,14294.0,3141.0,455.0,20.0,5.0,15.0,160.0,True,0.95,0.8,0.0,126,0.6504,11.95,29.46,20.931,104,0.0,0.6602,0.6284,0.79,2.47,1.389,16,0.0,0.2823,0.5489,0.13,0.65,0.235,5,0.0,0.2267
3,March,s863,fifo,8,6,3,17,16800,2024,14776,0.1205,0.9979166666666667,0.9960474308300395,0.9981727125067678,31.674584769465156,52.89028673666667,8.0,27.0,16765,35,8,27,0.0021,295.0,40800.0,41095.0,0.0,-105.0,,,,,,,,,20.0,5.0,15.0,160.0,True,0.95,0.8,0.0,126,0.7306,22.3,47.46,39.061,148,0.9999,0.8922,0.6274,0.22,1.03,0.376,8,0.0001,0.2579,0.7304,2.41,6.08,4.213,24,0.0,0.3404
3,March,s863,urgent_first,8,6,3,17,16800,2024,14776,0.1205,0.9977380952380952,1.0,0.997428262046562,32.008672823954974,101.98295697499998,0.0,38.0,16762,38,0,38,0.0023,190.0,40800.0,40990.0,105.0,0.0,,,,,,,,,20.0,5.0,15.0,160.0,True,0.95,0.8,0.0,126,0.7308,22.58,138.44,39.75,158,0.9984,0.892,0.6275,0.22,1.02,0.385,8,0.0016,0.2546,0.7303,2.55,8.9,4.461,25,0.0,0.325
3,March,s863,rl3_dqn,8,6,3,17,16800,2024,14776,0.1205,0.9977976190476191,0.9990118577075099,0.9976312939902545,32.070809538075345,55.76146953404334,2.0,35.0,16763,37,2,35,0.0022,215.0,40800.0,41015.0,80.0,-25.0,0.23572499711616104,0.11745056119722073,0.9362363919129082,1.0,17338.0,14968.0,643.0,1727.0,20.0,5.0,15.0,160.0,True,0.95,0.8,0.0,126,0.7307,22.48,50.18,39.363,148,0.9985,0.892,0.6273,0.22,1.05,0.381,7,0.0015,0.2579,0.7303,2.64,7.4,4.606,25,0.0,0.3466
3,March,s854,fifo,8,5,4,17,16800,2024,14776,0.1205,0.9976190476190476,0.9960474308300395,0.9978343259339469,33.15324273555788,56.37003582666667,8.0,32.0,16760,40,8,32,0.0024,320.0,40800.0,41120.0,0.0,-125.0,,,,,,,,,20.0,5.0,15.0,160.0,True,0.95,0.8,0.0,126,0.7306,22.3,47.46,39.061,148,0.9847,0.8892,0.7526,4.07,9.57,7.117,41,0.0153,0.3818,0.5476,0.04,0.3,0.067,3,0.0,0.2209
3,March,s854,urgent_first,8,5,4,17,16800,2024,14776,0.1205,0.9976785714285714,1.0,0.9973605847319978,33.75625810838952,106.85376343333334,0.0,39.0,16761,39,0,39,0.0023,195.0,40800.0,40995.0,125.0,0.0,,,,,,,,,20.0,5.0,15.0,160.0,True,0.95,0.8,0.0,126,0.7308,22.58,138.44,39.75,158,0.9981,0.8919,0.7526,4.48,17.68,7.841,42,0.0019,0.3629,0.5477,0.04,0.3,0.066,4,0.0,0.2199
3,March,s854,rl3_dqn,8,5,4,17,16800,2024,14776,0.1205,0.9976785714285714,0.9995059288537549,0.997428262046562,33.63399492207551,59.60161290323333,1.0,38.0,16761,39,1,38,0.0023,210.0,40800.0,41010.0,110.0,-15.0,0.19865720937787645,0.1181775669717416,0.5267672286305827,1.0,18469.0,14969.0,3381.0,119.0,20.0,5.0,15.0,160.0,True,0.95,0.8,0.0,126,0.7307,22.48,50.25,39.379,149,0.9938,0.891,0.7526,4.37,10.78,7.638,42,0.0062,0.385,0.5477,0.04,0.3,0.069,4,0.0,0.2208
3,March,s764,fifo,7,6,4,17,16800,2024,14776,0.1205,0.9948214285714285,0.9935770750988142,0.9949918787222523,43.13538927615429,75.08211469000001,13.0,74.0,16713,87,13,74,0.0052,630.0,40800.0,41430.0,0.0,-185.0,,,,,,,,,20.0,5.0,15.0,160.0,True,0.95,0.8,0.0,126,0.8321,36.26,74.26,63.568,193,1.0,0.9328,0.6253,0.08,0.57,0.136,5,0.0,0.2524,0.546,0.06,0.45,0.107,5,0.0,0.2202
3,March,s764,urgent_first,7,6,4,17,16800,2024,14776,0.1205,0.994702380952381,1.0,0.9939767190037899,42.804194597486685,148.26523296666667,0.0,89.0,16711,89,0,89,0.0053,445.0,40800.0,41245.0,185.0,0.0,,,,,,,,,20.0,5.0,15.0,160.0,True,0.95,0.8,0.0,126,0.832,35.94,178.11,63.874,198,1.0,0.9328,0.6252,0.08,0.58,0.14,6,0.0,0.2512,0.546,0.06,0.47,0.111,4,0.0,0.2193
3,March,s764,rl3_dqn,7,6,4,17,16800,2024,14776,0.1205,0.994702380952381,0.9985177865612648,0.9941797509474825,43.42909831890295,77.82992831536667,3.0,86.0,16711,89,3,86,0.0053,490.0,40800.0,41290.0,140.0,-45.0,0.1409894898743912,0.12027833001988071,0.5671140939597316,1.0,15604.0,15090.0,298.0,216.0,20.0,5.0,15.0,160.0,True,0.95,0.8,0.0,126,0.8321,36.55,76.81,64.118,196,1.0,0.9328,0.6253,0.08,0.55,0.132,5,0.0,0.2522,0.5461,0.06,0.43,0.103,4,0.0,0.2201
3,March,s643,fifo,6,4,3,13,16800,2024,14776,0.1205,0.9908928571428571,0.9901185770750988,0.990998917162967,69.81239490802146,118.19010752333334,20.0,133.0,16647,153,20,133,0.0091,1065.0,31200.0,32265.0,0.0,-310.0,,,,,,,,,20.0,5.0,15.0,160.0,True,0.95,0.8,0.0,126,0.9673,61.66,122.94,107.958,277,0.9954,0.986,0.9345,1.33,3.53,2.3,14,0.0046,0.3851,0.7253,0.09,0.52,0.148,4,0.0,0.2914
3,March,s643,urgent_first,6,4,3,13,16800,2024,14776,0.1205,0.9910119047619048,1.0,0.9897807255008121,70.31411243475685,213.26584228333337,0.0,151.0,16649,151,0,151,0.009,755.0,31200.0,31955.0,310.0,0.0,,,,,,,,,20.0,5.0,15.0,160.0,True,0.95,0.8,0.0,126,0.9672,62.0,236.02,109.755,273,0.9949,0.9859,0.9348,1.5,4.18,2.613,17,0.0051,0.3829,0.7256,0.09,0.55,0.16,4,0.0,0.291
3,March,s643,rl3_dqn,6,4,3,13,16800,2024,14776,0.1205,0.9905357142857143,0.9985177865612648,0.9894423389279914,70.46515894692993,121.94175627243334,3.0,156.0,16641,159,3,156,0.0095,840.0,31200.0,32040.0,225.0,-85.0,0.20812765468947309,0.12205676466844852,1.0,1.0,17422.0,15714.0,1554.0,154.0,20.0,5.0,15.0,160.0,True,0.95,0.8,0.0,126,0.9671,62.22,125.77,109.0,287,0.9985,0.9866,0.9344,1.42,4.5,2.459,14,0.0015,0.3864,0.7252,0.09,0.53,0.151,4,0.0,0.2914
3,March,s652,fifo,6,5,2,13,16800,2024,14776,0.1205,0.8154166666666667,0.1857707509881423,0.9016648619382783,514.6485258244361,876.52501791,1648.0,1453.0,15147,1653,200,1453,0.0984,40225.0,31200.0,71425.0,0.0,-29000.0,,,,,,,,,20.0,5.0,15.0,160.0,False,0.95,0.8,0.7642,126,0.9673,61.66,122.94,107.958,277,0.1878,0.4814,0.7477,0.14,0.8,0.235,8,0.0004,0.2994,0.9906,445.51,853.77,772.32,1504,0.8118,0.9586
3,March,s652,urgent_first,6,5,2,13,16800,2024,14776,0.1205,0.8663690476190476,1.0,0.8480644288034651,214.09228302608113,254.34465949000003,0.0,2245.0,15115,1685,0,1685,0.1003,11225.0,31200.0,42425.0,29000.0,0.0,,,,,,,,,20.0,5.0,15.0,160.0,True,0.95,0.8,0.0,126,0.9672,62.0,236.02,109.755,273,0.0467,0.6043,0.7481,0.13,0.8,0.227,7,0.0002,0.3,0.9906,143.27,314.93,794.313,1546,0.9531,0.9869
3,March,s652,rl3_dqn,6,5,2,13,16800,2024,14776,0.1205,0.8989880952380952,0.9995059288537549,0.8852192744991879,523.2053992335082,1014.9808602150803,1.0,1696.0,15103,1697,1,1696,0.101,8500.0,31200.0,39700.0,31725.0,2725.0,0.4133141762452107,0.24111014744145706,1.0,1.0,10440.0,8071.0,350.0,2019.0,20.0,5.0,15.0,160.0,True,0.95,0.8,0.0,126,0.9671,62.35,127.09,109.256,287,0.998,0.6391,0.7476,0.13,0.82,0.233,6,0.002,0.2997,0.9906,454.34,987.58,798.947,1541,0.0,0.7962
3,March,s742,fifo,7,4,2,13,16800,2024,14776,0.1205,0.8153571428571429,0.18527667984189725,0.9016648619382783,514.6170630485288,876.3780286699999,1649.0,1453.0,15147,1653,200,1453,0.0984,40245.0,31200.0,71445.0,0.0,-28920.0,,,,,,,,,20.0,5.0,15.0,160.0,False,0.95,0.8,0.7647,126,0.8321,36.26,74.26,63.568,193,0.1201,0.3905,0.9356,15.98,33.12,27.805,81,0.0467,0.3985,0.9906,455.58,862.43,789.065,1526,0.8332,0.9629
3,March,s742,urgent_first,7,4,2,13,16800,2024,14776,0.1205,0.8651785714285715,1.0,0.846710882512182,215.01637045173752,227.29948028166672,0.0,2265.0,15108,1692,0,1692,0.1007,11325.0,31200.0,42525.0,28920.0,0.0,,,,,,,,,20.0,5.0,15.0,160.0,True,0.95,0.8,0.0,126,0.832,35.94,178.11,63.874,198,0.0194,0.4639,0.9356,16.98,125.16,29.757,86,0.0118,0.4632,0.9906,152.57,385.57,815.49,1563,0.9688,0.99
3,March,s742,rl3_dqn,7,4,2,13,16800,2024,14776,0.1205,0.8989880952380952,0.9995059288537549,0.8852192744991879,523.1066782288513,1014.0389605735033,1.0,1696.0,15103,1697,1,1696,0.101,8500.0,31200.0,39700.0,31745.0,2825.0,0.41943900848010435,0.18861426256077796,1.0,1.0,13797.0,9872.0,1906.0,2019.0,20.0,5.0,15.0,160.0,True,0.95,0.8,0.0,126,0.8321,36.65,78.0,64.303,198,0.7394,0.5121,0.9357,16.99,35.15,29.563,85,0.2606,0.4406,0.9906,463.48,999.03,814.389,1561,0.0,0.7962
3,March,s553,fifo,5,5,3,13,16800,2024,14776,0.1205,0.7435714285714285,0.11363636363636363,0.8298592311857066,763.1478806852681,1328.89591397,1794.0,2514.0,14248,2552,314,2238,0.1519,48450.0,31200.0,79650.0,0.0,-31085.0,,,,,,,,,20.0,5.0,15.0,160.0,False,0.95,0.8,0.8364,126,0.9914,756.54,1399.3,1315.801,2586,0.9999,0.9965,0.6394,0.04,0.32,0.059,4,0.0,0.2558,0.6214,0.1,0.62,0.146,5,0.0001,0.2487
3,March,s553,urgent_first,5,5,3,13,16800,2024,14776,0.1205,0.7932738095238095,1.0,0.764956686518679,285.18599760474746,263.24089604666665,0.0,3473.0,14169,2631,0,2631,0.1566,17365.0,31200.0,48565.0,31085.0,0.0,,,,,,,,,20.0,5.0,15.0,160.0,False,0.95,0.8,0.035,126,0.9914,278.51,1892.15,1347.777,2664,1.0,0.9966,0.6401,0.04,0.3,0.058,4,0.0,0.2561,0.621,0.1,0.63,0.149,5,0.0,0.2485
3,March,s553,rl3_dqn,5,5,3,13,16800,2024,14776,0.1205,0.7308333333333333,0.9935770750988142,0.6948429886302111,755.2760984929303,1491.7025268817135,13.0,4509.0,14214,2586,13,2573,0.1539,22805.0,31200.0,54005.0,25645.0,-5440.0,0.15940832473340213,0.1413664245928224,0.6610169491525424,1.0,14535.0,14183.0,118.0,234.0,20.0,5.0,15.0,160.0,False,0.95,0.8,0.1052,126,0.9913,748.62,1577.67,1332.991,2618,0.9999,0.9965,0.6417,0.04,0.33,0.062,4,0.0,0.2567,0.6232,0.1,0.65,0.15,4,0.0001,0.2494
4,April,s753,fifo,7,5,3,15,16800,2081,14719,0.1239,0.9888095238095238,0.9918308505526189,0.9883823629322644,45.73744269289469,78.90925925,17.0,171.0,16612,188,17,171,0.0112,1195.0,36000.0,37195.0,0.0,-210.0,,,,,,,,,20.0,5.0,15.0,160.0,True,0.95,0.8,0.0,127,0.8294,38.21,79.57,67.415,241,0.9998,0.9317,0.7506,0.42,1.58,0.736,9,0.0002,0.3069,0.725,0.35,1.22,0.613,10,0.0,0.2952
4,April,s753,urgent_first,7,5,3,15,16800,2081,14719,0.1239,0.9882738095238095,1.0,0.9866159385827842,45.76117769075367,156.84444443666675,0.0,197.0,16603,197,0,197,0.0117,985.0,36000.0,36985.0,210.0,0.0,,,,,,,,,20.0,5.0,15.0,160.0,True,0.95,0.8,0.0,127,0.8294,38.18,185.62,68.787,254,0.9993,0.9316,0.7507,0.47,1.65,0.806,9,0.0007,0.3044,0.7248,0.36,1.22,0.629,7,0.0,0.2929
4,April,s753,rl3_dqn,7,5,3,15,16800,2081,14719,0.1239,0.9891666666666666,0.9985583853916387,0.987838847747809,46.19935979727555,83.41537037037669,3.0,179.0,16618,182,3,179,0.0108,955.0,36000.0,36955.0,240.0,30.0,0.21903020292590844,0.12534708449028165,0.9909547738693467,1.0,16952.0,15126.0,995.0,831.0,20.0,5.0,15.0,160.0,True,0.95,0.8,0.0,127,0.829,38.6,83.69,68.133,241,1.0,0.9316,0.7508,0.45,1.75,0.785,10,0.0,0.3073,0.7253,0.37,1.35,0.648,9,0.0,0.2956
4,April,s653,fifo,6,5,3,14,16800,2081,14719,0.1239,0.9854761904761905,0.9913503123498318,0.9846456960391331,71.68438430377506,124.01759259166667,18.0,226.0,16556,244,18,226,0.0145,1490.0,33600.0,35090.0,0.0,-250.0,,,,,,,,,20.0,5.0,15.0,160.0,True,0.95,0.8,0.0,127,0.9638,64.61,125.15,113.341,295,1.0,0.9855,0.7482,0.14,0.82,0.233,6,0.0,0.3012,0.7225,0.18,0.82,0.307,5,0.0,0.2911
4,April,s653,urgent_first,6,5,3,14,16800,2081,14719,0.1239,0.9852380952380952,1.0,0.9831510292818806,71.6723088099434,219.3757407316667,0.0,248.0,16552,248,0,248,0.0148,1240.0,33600.0,34840.0,250.0,0.0,,,,,,,,,20.0,5.0,15.0,160.0,True,0.95,0.8,0.0,127,0.9639,64.57,245.74,114.779,292,0.9999,0.9855,0.7483,0.14,0.83,0.244,6,0.0001,0.3005,0.7226,0.18,0.85,0.312,7,0.0,0.2903
4,April,s653,rl3_dqn,6,5,3,14,16800,2081,14719,0.1239,0.9857142857142858,0.9985583853916387,0.9838983626605068,72.38011741814361,128.82685185183,3.0,237.0,16560,240,3,237,0.0143,1245.0,33600.0,34845.0,245.0,-5.0,0.17203384671577282,0.1288669698328316,1.0,1.0,16427.0,15613.0,359.0,455.0,20.0,5.0,15.0,160.0,True,0.95,0.8,0.0,127,0.9639,65.3,128.26,114.569,293,0.9996,0.9855,0.7483,0.14,0.85,0.239,6,0.0004,0.3014,0.7229,0.18,0.85,0.315,6,0.0,0.2912
4,April,s853,fifo,8,5,3,16,16800,2081,14719,0.1239,0.9923214285714286,0.9937530033637674,0.9921190298253958,35.986790759681476,60.3537037,13.0,116.0,16671,129,13,116,0.0077,840.0,38400.0,39240.0,0.0,-160.0,,,,,,,,,20.0,5.0,15.0,160.0,True,0.95,0.8,0.0,127,0.7283,23.89,52.13,42.229,193,0.9917,0.8897,0.7531,4.66,10.67,8.1,37,0.0083,0.3828,0.7275,0.69,2.05,1.2,12,0.0,0.3051
4,April,s853,urgent_first,8,5,3,16,16800,2081,14719,0.1239,0.991904761904762,1.0,0.990760241864257,36.04441809884181,115.03962962333333,0.0,136.0,16664,136,0,136,0.0081,680.0,38400.0,39080.0,160.0,0.0,,,,,,,,,20.0,5.0,15.0,160.0,True,0.95,0.8,0.0,127,0.7285,23.55,141.09,42.782,203,0.9945,0.8903,0.7535,5.03,20.95,8.727,44,0.0055,0.3702,0.7274,0.74,1.97,1.287,13,0.0,0.299
4,April,s853,rl3_dqn,8,5,3,16,16800,2081,14719,0.1239,0.9922619047619048,0.9990389235944258,0.9913037570487125,36.59379224155253,64.54185185187667,2.0,128.0,16670,130,2,128,0.0077,680.0,38400.0,39080.0,160.0,0.0,0.27154650522839846,0.12315073970411836,0.9600818833162743,1.0,18170.0,15006.0,1954.0,1210.0,20.0,5.0,15.0,160.0,True,0.95,0.8,0.0,127,0.7284,24.13,56.59,42.642,192,0.9836,0.8881,0.7534,5.05,12.1,8.772,39,0.0164,0.3889,0.7275,0.69,2.22,1.192,12,0.0,0.305
4,April,s743,fifo,7,4,3,14,16800,2081,14719,0.1239,0.987202380952381,0.9918308505526189,0.9865479991847272,61.86467043266004,107.65296295333334,17.0,198.0,16585,215,17,198,0.0128,1330.0,33600.0,34930.0,0.0,-195.0,,,,,,,,,20.0,5.0,15.0,160.0,True,0.95,0.8,0.0,127,0.8294,38.21,79.57,67.415,241,0.9895,0.9296,0.9367,16.89,34.45,29.211,88,0.0105,0.55,0.7238,0.09,0.55,0.156,4,0.0,0.2916
4,April,s743,urgent_first,7,4,3,14,16800,2081,14719,0.1239,0.9864880952380952,1.0,0.9845777566410762,62.42247016319415,185.7874073966667,0.0,227.0,16573,227,0,227,0.0135,1135.0,33600.0,34735.0,195.0,0.0,,,,,,,,,20.0,5.0,15.0,160.0,True,0.95,0.8,0.0,127,0.8294,38.18,185.62,68.787,254,0.9974,0.9312,0.9367,17.37,128.45,30.188,90,0.0026,0.614,0.7235,0.09,0.57,0.157,4,0.0,0.2905
4,April,s743,rl3_dqn,7,4,3,14,16800,2081,14719,0.1239,0.9870833333333333,0.9985583853916387,0.9854609688158162,63.16146689715791,112.91222222220667,3.0,214.0,16583,217,3,214,0.0129,1130.0,33600.0,34730.0,200.0,5.0,0.23021952892750971,0.12327325351927378,0.9359214218896165,1.0,17492.0,15202.0,2138.0,152.0,20.0,5.0,15.0,160.0,True,0.95,0.8,0.0,127,0.8291,38.56,83.37,68.06,241,0.9892,0.9295,0.9366,17.84,36.55,30.863,90,0.0108,0.5544,0.7238,0.09,0.55,0.156,4,0.0,0.2915
4,April,s763,fifo,7,6,3,16,16800,2081,14719,0.1239,0.9888095238095238,0.9918308505526189,0.9883823629322644,45.51636355331688,78.711666655,17.0,171.0,16612,188,17,171,0.0112,1195.0,38400.0,39595.0,0.0,-210.0,,,,,,,,,20.0,5.0,15.0,160.0,True,0.95,0.8,0.0,127,0.8294,38.21,79.57,67.415,241,1.0,0.9318,0.6255,0.08,0.58,0.14,6,0.0,0.2523,0.725,0.48,1.63,0.825,11,0.0,0.297
4,April,s763,urgent_first,7,6,3,16,16800,2081,14719,0.1239,0.9882738095238095,1.0,0.9866159385827842,45.502443325478325,156.67148147333336,0.0,197.0,16603,197,0,197,0.0117,985.0,38400.0,39385.0,210.0,0.0,,,,,,,,,20.0,5.0,15.0,160.0,True,0.95,0.8,0.0,127,0.8294,38.18,185.62,68.787,254,1.0,0.9318,0.6256,0.09,0.6,0.149,7,0.0,0.2514,0.7248,0.48,1.57,0.839,8,0.0,0.2939
4,April,s763,rl3_dqn,7,6,3,16,16800,2081,14719,0.1239,0.9891666666666666,0.9985583853916387,0.987838847747809,45.93475214292484,82.93777777778335,3.0,179.0,16618,182,3,179,0.0108,955.0,38400.0,39355.0,240.0,30.0,0.19582829504232163,0.12485983774157378,0.886986301369863,1.0,16540.0,15161.0,292.0,1087.0,20.0,5.0,15.0,160.0,True,0.95,0.8,0.0,127,0.829,38.58,83.58,68.097,241,1.0,0.9316,0.6257,0.08,0.58,0.143,6,0.0,0.2523,0.7253,0.5,1.85,0.868,10,0.0,0.2976
4,April,s752,fifo,7,5,2,14,16800,2081,14719,0.1239,0.8091666666666667,0.16674675636713118,0.8999932060601943,508.20776360000656,830.1437036933334,1734.0,1472.0,15134,1666,194,1472,0.0992,42040.0,33600.0,75640.0,0.0,-30400.0,,,,,,,,,20.0,5.0,15.0,160.0,False,0.95,0.8,0.7833,127,0.8294,38.21,79.57,67.415,241,0.1208,0.3928,0.7506,0.42,1.58,0.736,9,0.0011,0.3011,0.99,462.64,822.72,797.393,1510,0.8781,0.9716
4,April,s752,urgent_first,7,5,2,14,16800,2081,14719,0.1239,0.8614285714285714,1.0,0.8418370813234595,234.61987211282698,237.34592591333333,0.0,2328.0,15075,1725,0,1725,0.1027,11640.0,33600.0,45240.0,30400.0,0.0,,,,,,,,,20.0,5.0,15.0,160.0,True,0.95,0.8,0.0,127,0.8294,38.18,185.62,68.787,254,0.0099,0.4167,0.7507,0.47,1.65,0.806,9,0.0006,0.3012,0.99,186.35,658.46,822.982,1569,0.9896,0.9939
4,April,s752,rl3_dqn,7,5,2,14,16800,2081,14719,0.1239,0.8976785714285714,1.0,0.8832121747401318,517.405192577367,963.4537037037001,0.0,1719.0,15081,1719,0,1719,0.1023,8595.0,33600.0,42195.0,33445.0,3045.0,0.5975376524025818,0.36579393482765116,1.0,1.0,8366.0,5309.0,979.0,2078.0,20.0,5.0,15.0,160.0,True,0.95,0.8,0.0,127,0.8292,38.71,84.66,68.326,241,0.9917,0.5646,0.751,0.46,1.73,0.795,11,0.0083,0.3026,0.99,472.06,956.85,825.156,1562,0.0,0.796
4,April,s754,fifo,7,5,4,16,16800,2081,14719,0.1239,0.9888690476190476,0.9918308505526189,0.9884503023303214,45.41846377867333,78.58111109666667,17.0,170.0,16613,187,17,170,0.0111,1190.0,38400.0,39590.0,0.0,-205.0,,,,,,,,,20.0,5.0,15.0,160.0,True,0.95,0.8,0.0,127,0.8294,38.21,79.57,67.415,241,0.9998,0.9317,0.7506,0.42,1.58,0.736,9,0.0002,0.3069,0.5438,0.03,0.27,0.056,3,0.0,0.2185
4,April,s754,urgent_first,7,5,4,16,16800,2081,14719,0.1239,0.9882738095238095,1.0,0.9866159385827842,45.428407508658076,156.59074073,0.0,197.0,16603,197,0,197,0.0117,985.0,38400.0,39385.0,205.0,0.0,,,,,,,,,20.0,5.0,15.0,160.0,True,0.95,0.8,0.0,127,0.8294,38.18,185.62,68.787,254,0.9993,0.9316,0.7507,0.47,1.65,0.806,9,0.0007,0.3044,0.5436,0.03,0.25,0.054,4,0.0,0.2179
4,April,s754,rl3_dqn,7,5,4,16,16800,2081,14719,0.1239,0.9892261904761904,0.9990389235944258,0.987838847747809,45.8439580533668,83.25925925926,2.0,179.0,16619,181,2,179,0.0108,935.0,38400.0,39335.0,255.0,50.0,0.17973595333128645,0.1269258987527513,0.7781456953642384,1.0,16285.0,14993.0,1208.0,84.0,20.0,5.0,15.0,160.0,True,0.95,0.8,0.0,127,0.8291,38.6,83.77,68.125,241,1.0,0.9316,0.7509,0.45,1.7,0.771,10,0.0,0.3071,0.544,0.03,0.25,0.055,3,0.0,0.2185
4,April,s542,fifo,5,4,2,11,16800,2081,14719,0.1239,0.7499404761904762,0.09851033157135992,0.8420408995176303,788.4488015278635,1304.588518506667,1876.0,2325.0,14208,2592,306,2286,0.1543,49145.0,26400.0,75545.0,0.0,-31625.0,,,,,,,,,20.0,5.0,15.0,160.0,False,0.95,0.8,0.8515,127,0.9902,780.22,1344.69,1345.42,2622,0.998,0.9957,0.802,0.25,1.2,0.371,7,0.0003,0.3211,0.9296,1.53,4.68,2.271,15,0.0017,0.3733
4,April,s542,urgent_first,5,4,2,11,16800,2081,14719,0.1239,0.7914285714285715,1.0,0.7619403492085061,306.95057969413216,274.56888888333333,0.0,3504.0,14142,2658,0,2658,0.1582,17520.0,26400.0,43920.0,31625.0,0.0,,,,,,,,,20.0,5.0,15.0,160.0,False,0.95,0.8,0.0381,127,0.9902,298.21,2104.99,1360.178,2693,0.9994,0.9959,0.803,0.27,1.23,0.396,6,0.0001,0.3214,0.9316,1.58,4.43,2.33,14,0.0005,0.3735
4,April,s542,rl3_dqn,5,4,2,11,16800,2081,14719,0.1239,0.7289285714285715,0.9937530033637674,0.6914871934234663,784.1720439083281,1500.85185185185,13.0,4541.0,14176,2624,13,2611,0.1562,22965.0,26400.0,49365.0,26180.0,-5445.0,0.24847589137262147,0.14591577162238553,0.8081967213114755,1.0,16239.0,14152.0,610.0,1477.0,20.0,5.0,15.0,160.0,False,0.95,0.8,0.1085,127,0.9903,775.98,1559.11,1364.868,2663,0.9988,0.9959,0.8038,0.26,1.25,0.378,7,0.0002,0.3218,0.9323,1.53,4.67,2.258,19,0.001,0.3741
4,April,s964,fifo,9,6,4,19,16800,2081,14719,0.1239,0.9960119047619047,0.9966362325804902,0.995923636116584,21.000128369891833,35.04222221333333,7.0,60.0,16733,67,7,60,0.004,440.0,45600.0,46040.0,0.0,-90.0,,,,,,,,,20.0,5.0,15.0,160.0,True,0.95,0.8,0.0,127,0.6499,13.22,32.54,23.349,148,1.0,0.86,0.6301,0.89,2.63,1.557,15,0.0,0.2823,0.5476,0.13,0.63,0.234,5,0.0,0.2254
4,April,s964,urgent_first,9,6,4,19,16800,2081,14719,0.1239,0.9958333333333333,1.0,0.9952442421360147,20.838225291367802,54.59851850833335,0.0,70.0,16730,70,0,70,0.0042,350.0,45600.0,45950.0,90.0,0.0,,,,,,,,,20.0,5.0,15.0,160.0,True,0.95,0.8,0.0,127,0.6499,13.1,84.73,23.779,149,0.9997,0.8599,0.6301,0.9,2.75,1.564,16,0.0003,0.2701,0.5476,0.14,0.65,0.239,6,0.0,0.2224
4,April,s964,rl3_dqn,9,6,4,19,16800,2081,14719,0.1239,0.99625,0.9995194617972128,0.9957877573204701,21.13847430509998,37.2711111111,1.0,62.0,16737,63,1,62,0.0037,330.0,45600.0,45930.0,110.0,20.0,0.18446178187571607,0.12100313479623824,0.33580387685290763,1.0,18329.0,14355.0,3508.0,466.0,20.0,5.0,15.0,160.0,True,0.95,0.8,0.0,127,0.6498,13.32,35.78,23.538,146,1.0,0.8599,0.6301,0.92,2.9,1.604,16,0.0,0.2825,0.5478,0.13,0.62,0.227,6,0.0,0.2249
4,April,s863,fifo,8,6,3,17,16800,2081,14719,0.1239,0.9925,0.9942335415665545,0.9922549086215097,33.42368035036684,56.18222220666667,12.0,114.0,16674,126,12,114,0.0075,810.0,40800.0,41610.0,0.0,-145.0,,,,,,,,,20.0,5.0,15.0,160.0,True,0.95,0.8,0.0,127,0.7283,23.89,52.13,42.229,193,1.0,0.8913,0.6278,0.23,1.08,0.399,8,0.0,0.2577,0.7276,2.55,7.37,4.436,32,0.0,0.3421
4,April,s863,urgent_first,8,6,3,17,16800,2081,14719,0.1239,0.9920833333333333,1.0,0.9909640600584279,33.24268191608468,108.7970370233333,0.0,133.0,16667,133,0,133,0.0079,665.0,40800.0,41465.0,145.0,0.0,,,,,,,,,20.0,5.0,15.0,160.0,True,0.95,0.8,0.0,127,0.7285,23.55,141.09,42.782,203,0.999,0.8912,0.628,0.24,1.07,0.41,9,0.001,0.2547,0.7276,2.72,8.81,4.721,35,0.0,0.3232
4,April,s863,rl3_dqn,8,6,3,17,16800,2081,14719,0.1239,0.9926190476190476,0.9990389235944258,0.9917113934370542,33.83612910103759,59.63796296295,2.0,122.0,16676,124,2,122,0.0074,650.0,40800.0,41450.0,160.0,15.0,0.24252853783055126,0.12318454363757494,0.9347181008902077,1.0,17433.0,15010.0,674.0,1749.0,20.0,5.0,15.0,160.0,True,0.95,0.8,0.0,127,0.7284,24.13,56.5,42.645,192,1.0,0.8913,0.628,0.23,1.1,0.403,8,0.0,0.2575,0.7278,2.73,8.33,4.738,35,0.0,0.3447
4,April,s854,fifo,8,5,4,17,16800,2081,14719,0.1239,0.9923809523809524,0.9942335415665545,0.9921190298253958,35.33659150488544,59.58444444166667,12.0,116.0,16672,128,12,116,0.0076,820.0,40800.0,41620.0,0.0,-145.0,,,,,,,,,20.0,5.0,15.0,160.0,True,0.95,0.8,0.0,127,0.7283,23.89,52.13,42.229,193,0.9941,0.8901,0.7531,4.66,10.67,8.1,37,0.0059,0.3824,0.5456,0.04,0.3,0.066,3,0.0,0.2199
4,April,s854,urgent_first,8,5,4,17,16800,2081,14719,0.1239,0.9919642857142857,1.0,0.990828181262314,35.34394872015101,114.50259258333334,0.0,135.0,16665,135,0,135,0.008,675.0,40800.0,41475.0,145.0,0.0,,,,,,,,,20.0,5.0,15.0,160.0,True,0.95,0.8,0.0,127,0.7285,23.55,141.09,42.782,203,0.9951,0.8904,0.7535,5.03,20.95,8.727,44,0.0049,0.3701,0.5456,0.04,0.28,0.065,3,0.0,0.219
4,April,s854,rl3_dqn,8,5,4,17,16800,2081,14719,0.1239,0.9925,0.9990389235944258,0.9915755146409403,35.96507958720469,63.87722222223,2.0,124.0,16674,126,2,124,0.0075,660.0,40800.0,41460.0,160.0,15.0,0.20357846530699186,0.12377459153051017,0.5061157923348736,1.0,18779.0,14995.0,3679.0,105.0,20.0,5.0,15.0,160.0,True,0.95,0.8,0.0,127,0.7284,24.13,56.59,42.65,193,0.9939,0.8901,0.7534,5.05,11.97,8.779,38,0.0061,0.3863,0.5458,0.04,0.3,0.066,4,0.0,0.2199
4,April,s764,fifo,7,6,4,17,16800,2081,14719,0.1239,0.9888690476190476,0.9918308505526189,0.9884503023303214,45.10233283704127,78.26148147,17.0,170.0,16613,187,17,170,0.0111,1190.0,40800.0,41990.0,0.0,-205.0,,,,,,,,,20.0,5.0,15.0,160.0,True,0.95,0.8,0.0,127,0.8294,38.21,79.57,67.415,241,1.0,0.9318,0.6255,0.08,0.58,0.14,6,0.0,0.2523,0.5438,0.06,0.43,0.104,5,0.0,0.2191
4,April,s764,urgent_first,7,6,4,17,16800,2081,14719,0.1239,0.9882738095238095,1.0,0.9866159385827842,45.07739865483648,156.33333332666672,0.0,197.0,16603,197,0,197,0.0117,985.0,40800.0,41785.0,205.0,0.0,,,,,,,,,20.0,5.0,15.0,160.0,True,0.95,0.8,0.0,127,0.8294,38.18,185.62,68.787,254,1.0,0.9318,0.6256,0.09,0.6,0.149,7,0.0,0.2514,0.5436,0.06,0.43,0.104,5,0.0,0.2183
4,April,s764,rl3_dqn,7,6,4,17,16800,2081,14719,0.1239,0.9892261904761904,0.9985583853916387,0.9879067871458659,45.49765195124807,82.77962962960667,3.0,178.0,16619,181,3,178,0.0108,950.0,40800.0,41750.0,240.0,35.0,0.14300365361194795,0.1253223993122148,0.4782608695652174,1.0,15601.0,15121.0,276.0,204.0,20.0,5.0,15.0,160.0,True,0.95,0.8,0.0,127,0.829,38.58,83.65,68.103,241,1.0,0.9316,0.6257,0.08,0.58,0.138,7,0.0,0.2523,0.544,0.06,0.45,0.105,4,0.0,0.2192
4,April,s643,fifo,6,4,3,13,16800,2081,14719,0.1239,0.9853571428571428,0.9913503123498318,0.9845098172430192,73.03199684623453,125.37537036166667,18.0,228.0,16554,246,18,228,0.0146,1500.0,31200.0,32700.0,0.0,-260.0,,,,,,,,,20.0,5.0,15.0,160.0,True,0.95,0.8,0.0,127,0.9638,64.61,125.15,113.341,295,0.9943,0.9844,0.9349,1.58,4.57,2.727,18,0.0057,0.3878,0.7225,0.09,0.53,0.147,4,0.0,0.2902
4,April,s643,urgent_first,6,4,3,13,16800,2081,14719,0.1239,0.9852380952380952,1.0,0.9831510292818806,73.09498683475411,220.47425924666663,0.0,248.0,16552,248,0,248,0.0148,1240.0,31200.0,32440.0,260.0,0.0,,,,,,,,,20.0,5.0,15.0,160.0,True,0.95,0.8,0.0,127,0.9639,64.57,245.74,114.779,292,1.0,0.9856,0.9353,1.66,4.73,2.854,18,0.0,0.3826,0.7226,0.09,0.55,0.155,4,0.0,0.2898
4,April,s643,rl3_dqn,6,4,3,13,16800,2081,14719,0.1239,0.9855357142857143,0.9985583853916387,0.983694544466336,73.9024014683291,130.23962962964666,3.0,240.0,16557,243,3,240,0.0145,1260.0,31200.0,32460.0,240.0,-20.0,0.216,0.1277813095994914,1.0,1.0,17500.0,15730.0,1614.0,156.0,20.0,5.0,15.0,160.0,True,0.95,0.8,0.0,127,0.9638,65.29,128.05,114.56,293,0.9954,0.9846,0.9352,1.77,5.67,3.051,18,0.0046,0.39,0.7228,0.09,0.55,0.152,4,0.0,0.2904
4,April,s652,fifo,6,5,2,13,16800,2081,14719,0.1239,0.8091666666666667,0.16674675636713118,0.8999932060601943,508.7665473540262,830.7292592466666,1734.0,1472.0,15134,1666,194,1472,0.0992,42040.0,31200.0,73240.0,0.0,-30885.0,,,,,,,,,20.0,5.0,15.0,160.0,False,0.95,0.8,0.7833,127,0.9638,64.61,125.15,113.341,295,0.191,0.4862,0.7482,0.14,0.82,0.233,6,0.0003,0.2996,0.99,436.84,783.5,752.885,1439,0.8086,0.9577
4,April,s652,urgent_first,6,5,2,13,16800,2081,14719,0.1239,0.867202380952381,1.0,0.848427202934982,213.39497122029098,260.4057407316667,0.0,2231.0,15074,1726,0,1726,0.1027,11155.0,31200.0,42355.0,30885.0,0.0,,,,,,,,,20.0,5.0,15.0,160.0,True,0.95,0.8,0.0,127,0.9639,64.57,245.74,114.779,292,0.0517,0.6364,0.7483,0.14,0.83,0.244,6,0.0002,0.3001,0.9898,139.9,281.33,777.449,1496,0.948,0.9855
4,April,s652,rl3_dqn,6,5,2,13,16800,2081,14719,0.1239,0.8976785714285714,1.0,0.8832121747401318,517.5166385469092,963.4981481481666,0.0,1719.0,15081,1719,0,1719,0.1023,8595.0,31200.0,39795.0,33445.0,2560.0,0.4208368278818377,0.24575242718446602,1.0,1.0,10731.0,8240.0,413.0,2078.0,20.0,5.0,15.0,160.0,True,0.95,0.8,0.0,127,0.9638,65.43,128.86,114.82,293,0.9982,0.6422,0.7483,0.14,0.82,0.24,8,0.0018,0.2999,0.99,446.24,921.95,779.428,1486,0.0,0.796
4,April,s742,fifo,7,4,2,13,16800,2081,14719,0.1239,0.809047619047619,0.16626621816434406,0.8999252666621373,508.56493656665896,830.38592592,1735.0,1473.0,15133,1667,194,1473,0.0992,42065.0,31200.0,73265.0,0.0,-30800.0,,,,,,,,,20.0,5.0,15.0,160.0,False,0.95,0.8,0.7837,127,0.8294,38.21,79.57,67.415,241,0.1185,0.3934,0.9367,16.89,34.45,29.211,88,0.0474,0.4006,0.9899,446.14,801.32,769.524,1471,0.8341,0.9628
4,April,s742,urgent_first,7,4,2,13,16800,2081,14719,0.1239,0.8658928571428571,1.0,0.8469325361777295,210.39844936712572,233.26037036000002,0.0,2253.0,15068,1732,0,1732,0.1031,11265.0,31200.0,42465.0,30800.0,0.0,,,,,,,,,20.0,5.0,15.0,160.0,True,0.95,0.8,0.0,127,0.8294,38.18,185.62,68.787,254,0.0241,0.4942,0.9367,17.37,128.45,30.188,90,0.0114,0.4827,0.99,145.91,320.79,796.634,1531,0.9645,0.9889
4,April,s742,rl3_dqn,7,4,2,13,16800,2081,14719,0.1239,0.8976785714285714,0.9995194617972128,0.8832801141381887,517.7903455906018,963.7407407407334,1.0,1718.0,15081,1719,1,1718,0.1023,8610.0,31200.0,39810.0,33455.0,2655.0,0.4224610198061525,0.19072925893120757,1.0,1.0,14238.0,10161.0,2000.0,2077.0,20.0,5.0,15.0,160.0,True,0.95,0.8,0.0,127,0.8291,38.69,84.31,68.279,242,0.7177,0.5108,0.9367,17.95,35.8,31.056,89,0.2823,0.4466,0.99,454.97,928.58,795.446,1518,0.0,0.796
4,April,s553,fifo,5,5,3,13,16800,2081,14719,0.1239,0.7513690476190477,0.09899086977414705,0.8436035056729397,786.9384344858361,1303.1907407333333,1875.0,2302.0,14211,2589,306,2283,0.1541,49010.0,31200.0,80210.0,0.0,-31500.0,,,,,,,,,20.0,5.0,15.0,160.0,False,0.95,0.8,0.851,127,0.9902,780.22,1344.69,1345.42,2622,0.9999,0.9961,0.6416,0.04,0.32,0.06,5,0.0,0.2567,0.6199,0.1,0.62,0.144,4,0.0001,0.2481
4,April,s553,urgent_first,5,5,3,13,16800,2081,14719,0.1239,0.791547619047619,1.0,0.7620762280046198,305.2277638903403,272.39370370000023,0.0,3502.0,14143,2657,0,2657,0.1582,17510.0,31200.0,48710.0,31500.0,0.0,,,,,,,,,20.0,5.0,15.0,160.0,False,0.95,0.8,0.0379,127,0.9902,298.21,2104.99,1360.178,2693,1.0,0.9961,0.6424,0.04,0.33,0.062,4,0.0,0.257,0.6211,0.1,0.65,0.151,5,0.0,0.2485
4,April,s553,rl3_dqn,5,5,3,13,16800,2081,14719,0.1239,0.7289880952380953,0.9937530033637674,0.6915551328215233,782.5478915851527,1500.6092592592831,13.0,4540.0,14176,2624,13,2611,0.1562,22960.0,31200.0,54160.0,26050.0,-5450.0,0.1630509879784441,0.1459363957597173,0.6463414634146342,1.0,14474.0,14150.0,82.0,242.0,20.0,5.0,15.0,160.0,False,0.95,0.8,0.1084,127,0.9903,775.99,1558.3,1364.895,2663,0.9999,0.9961,0.643,0.04,0.33,0.063,4,0.0,0.2573,0.6216,0.1,0.63,0.148,5,0.0001,0.2488
5,May,s432,fifo,4,3,2,9,10800,967,9833,0.0895,0.9946296296296296,0.9927611168562565,0.9948133835045255,35.711022114410724,61.16082437166667,7.0,51.0,10742,58,7,51,0.0054,395.0,21600.0,21995.0,0.0,-130.0,,,,,,,,,20.0,5.0,15.0,160.0,True,0.95,0.8,0.0,128,0.7582,27.47,59.29,30.991,123,0.9926,0.9018,0.7471,1.89,5.15,2.111,13,0.0074,0.3322,0.6966,0.44,1.35,0.491,5,0.0,0.2867
5,May,s432,urgent_first,4,3,2,9,10800,967,9833,0.0895,0.9950925925925926,1.0,0.9946099867792129,35.36554366435595,119.74648744333331,0.0,53.0,10747,53,0,53,0.0049,265.0,21600.0,21865.0,130.0,0.0,,,,,,,,,20.0,5.0,15.0,160.0,True,0.95,0.8,0.0,128,0.7579,26.95,153.36,30.873,119,0.9968,0.9025,0.7472,2.05,5.36,2.299,15,0.0032,0.3194,0.6969,0.46,1.35,0.516,7,0.0,0.2835
5,May,s432,rl3_dqn,4,3,2,9,10800,967,9833,0.0895,0.9944444444444445,0.9979317476732161,0.994101494965931,35.880476345422274,63.033960573483334,2.0,58.0,10740,60,2,58,0.0056,330.0,21600.0,21930.0,65.0,-65.0,0.18063420158550397,0.08907774630154233,1.0,1.0,10596.0,9531.0,758.0,307.0,20.0,5.0,15.0,160.0,True,0.95,0.8,0.0,128,0.7582,27.57,60.97,31.117,123,0.9838,0.9,0.7472,1.96,5.75,2.19,15,0.0162,0.3362,0.6966,0.44,1.37,0.492,6,0.0,0.2866
5,May,s332,fifo,3,3,2,8,10800,967,9833,0.0895,0.9703703703703703,0.9431230610134437,0.9730499338960643,136.22755363580444,212.91686378833333,55.0,265.0,10508,292,27,265,0.027,2425.0,19200.0,21625.0,0.0,-280.0,,,,,,,,,20.0,5.0,15.0,160.0,False,0.95,0.8,0.0069,128,0.9881,129.94,223.99,145.624,312,0.9984,0.9949,0.7308,0.16,0.95,0.178,4,0.0008,0.2937,0.6813,0.19,0.9,0.203,4,0.0008,0.2739
5,May,s332,urgent_first,3,3,2,8,10800,967,9833,0.0895,0.9602777777777778,1.0,0.9563714024204211,121.37684280364071,255.39071683999998,0.0,429.0,10497,303,0,303,0.0281,2145.0,19200.0,21345.0,280.0,0.0,,,,,,,,,20.0,5.0,15.0,160.0,True,0.95,0.8,0.0,128,0.9882,115.29,484.51,148.65,327,0.9998,0.9952,0.7306,0.16,0.93,0.174,5,0.0001,0.2929,0.6811,0.19,0.88,0.204,4,0.0001,0.2731
5,May,s332,rl3_dqn,3,3,2,8,10800,967,9833,0.0895,0.9731481481481481,0.9968976215098242,0.9708125699176243,136.96321255742225,220.56161290323337,3.0,287.0,10510,290,3,287,0.0269,1495.0,19200.0,20695.0,930.0,650.0,0.12329888468228793,0.10075566750629723,1.0,1.0,9773.0,9528.0,131.0,114.0,20.0,5.0,15.0,160.0,True,0.95,0.8,0.0,128,0.988,130.67,235.28,146.621,316,1.0,0.9952,0.7309,0.16,0.94,0.176,4,0.0,0.2935,0.6817,0.19,0.9,0.204,4,0.0,0.2739
5,May,s532,fifo,5,3,2,10,10800,967,9833,0.0895,0.9956481481481482,0.9937952430196484,0.9958303671310892,32.70038713052481,56.36444443666669,6.0,41.0,10753,47,6,41,0.0044,325.0,24000.0,24325.0,0.0,-65.0,,,,,,,,,20.0,5.0,15.0,160.0,True,0.95,0.8,0.0,128,0.6093,8.39,23.18,9.446,68,0.8203,0.6326,0.7478,17.9,37.49,20.176,71,0.1797,0.735,0.6973,0.49,1.42,0.547,5,0.0,0.2924
5,May,s532,urgent_first,5,3,2,10,10800,967,9833,0.0895,0.9951851851851852,1.0,0.9947116851418693,32.8601692422094,101.7262186266668,0.0,52.0,10748,52,0,52,0.0048,260.0,24000.0,24260.0,65.0,0.0,,,,,,,,,20.0,5.0,15.0,160.0,True,0.95,0.8,0.0,128,0.6093,8.37,49.5,9.424,63,0.8613,0.5913,0.7478,18.03,115.78,20.672,73,0.1387,0.7268,0.697,0.51,1.5,0.576,6,0.0,0.2862
5,May,s532,rl3_dqn,5,3,2,10,10800,967,9833,0.0895,0.9953703703703703,1.0,0.9949150818671819,32.89000855213938,58.68302867385667,0.0,50.0,10750,50,0,50,0.0046,250.0,24000.0,24250.0,75.0,10.0,0.19235575921682982,0.07458233890214797,1.0,1.0,9602.0,8380.0,889.0,333.0,20.0,5.0,15.0,160.0,True,0.95,0.8,0.0,128,0.6093,8.35,24.36,9.399,67,0.8651,0.6378,0.7478,18.15,40.02,20.471,71,0.1349,0.7261,0.6972,0.48,1.46,0.539,5,0.0,0.2919
5,May,s422,fifo,4,2,2,8,10800,967,9833,0.0895,0.8162037037037037,0.17166494312306102,0.8795891386148683,561.836044391229,967.3690322533334,801.0,1184.0,9503,1297,113,1184,0.1201,21940.0,19200.0,41140.0,0.0,-13280.0,,,,,,,,,20.0,5.0,15.0,160.0,False,0.95,0.8,0.7783,128,0.7582,27.47,59.29,30.991,123,0.1135,0.3488,0.9909,528.71,994.56,591.203,1246,0.8865,0.9737,0.6161,0.02,0.13,0.017,2,0.0,0.2465
5,May,s422,urgent_first,4,2,2,8,10800,967,9833,0.0895,0.8396296296296296,1.0,0.8238584358791824,217.94270430550984,224.88222221333328,0.0,1732.0,9477,1323,0,1323,0.1225,8660.0,19200.0,27860.0,13280.0,0.0,,,,,,,,,20.0,5.0,15.0,160.0,True,0.95,0.8,0.0,128,0.7579,26.95,153.36,30.873,119,0.01,0.363,0.9909,182.49,766.0,597.575,1273,0.99,0.9944,0.6166,0.02,0.12,0.017,2,0.0,0.2467
5,May,s422,rl3_dqn,4,2,2,8,10800,967,9833,0.0895,0.8770370370370371,0.9751809720785936,0.8673853350961049,566.6834375818885,1061.40143369174,24.0,1304.0,9479,1321,17,1304,0.1223,7000.0,19200.0,26200.0,14940.0,1660.0,0.15158539614206473,0.21433850702143384,0.1185064935064935,1.0,12079.0,4059.0,8008.0,12.0,20.0,5.0,15.0,160.0,True,0.95,0.8,0.0,128,0.7582,27.6,61.73,31.168,122,0.9286,0.511,0.9909,533.39,1082.83,601.892,1268,0.0714,0.8107,0.6163,0.02,0.12,0.017,2,0.0,0.2466
5,May,s442,fifo,4,4,2,10,10800,967,9833,0.0895,0.9949074074074075,0.9927611168562565,0.9951184785924947,34.43008348478362,59.80888888333334,7.0,48.0,10745,55,7,48,0.0051,380.0,24000.0,24380.0,0.0,-120.0,,,,,,,,,20.0,5.0,15.0,160.0,True,0.95,0.8,0.0,128,0.7582,27.47,59.29,30.991,123,1.0,0.9033,0.5603,0.1,0.72,0.117,5,0.0,0.2277,0.6968,0.93,2.68,1.04,10,0.0,0.2951
5,May,s442,urgent_first,4,4,2,10,10800,967,9833,0.0895,0.9951851851851852,1.0,0.9947116851418693,33.9544968190361,117.44874551166673,0.0,52.0,10748,52,0,52,0.0048,260.0,24000.0,24260.0,120.0,0.0,,,,,,,,,20.0,5.0,15.0,160.0,True,0.95,0.8,0.0,128,0.7579,26.95,153.36,30.873,119,1.0,0.9032,0.5605,0.1,0.67,0.11,5,0.0,0.2258,0.697,0.99,2.77,1.113,11,0.0,0.2887
5,May,s442,rl3_dqn,4,4,2,10,10800,967,9833,0.0895,0.9948148148148148,0.9979317476732161,0.9945082884165565,34.54194544191841,61.77102150537669,2.0,54.0,10744,56,2,54,0.0052,310.0,24000.0,24310.0,70.0,-50.0,0.15361089187056037,0.09062963748145007,1.0,1.0,10136.0,9434.0,114.0,588.0,20.0,5.0,15.0,160.0,True,0.95,0.8,0.0,128,0.7582,27.57,61.17,31.112,122,1.0,0.9033,0.5605,0.1,0.7,0.116,5,0.0,0.2276,0.6968,0.94,3.05,1.057,12,0.0,0.2963
5,May,s431,fifo,4,3,1,8,10800,967,9833,0.0895,0.3521296296296296,0.05377456049638056,0.381470558324011,1375.4477686717994,2457.8050179133334,915.0,6082.0,7647,3153,283,2870,0.2919,48710.0,19200.0,67910.0,0.0,-30945.0,,,,,,,,,20.0,5.0,15.0,160.0,False,0.95,0.8,1.3148,128,0.7582,27.47,59.29,30.991,123,0.0253,0.3173,0.7471,1.89,5.15,2.111,13,0.0019,0.2999,0.9914,1340.31,2555.16,1494.532,3098,0.9728,0.9911
5,May,s431,urgent_first,4,3,1,8,10800,967,9833,0.0895,0.6710185185185186,1.0,0.6386657174819486,221.91054201702343,213.3824372666667,0.0,3553.0,7567,3233,0,3233,0.2994,17765.0,19200.0,36965.0,30945.0,0.0,,,,,,,,,20.0,5.0,15.0,160.0,False,0.95,0.8,0.1613,128,0.7579,26.95,153.36,30.873,119,0.0295,0.3746,0.7472,2.05,5.36,2.299,15,0.0068,0.3027,0.9914,179.73,613.59,1528.86,3181,0.9637,0.9893
5,May,s431,rl3_dqn,4,3,1,8,10800,967,9833,0.0895,0.38185185185185183,1.0,0.32106173090613244,1350.1327413744878,2743.083691756267,0.0,6676.0,7571,3229,0,3229,0.299,33380.0,19200.0,52580.0,15330.0,-15615.0,0.7029891304347826,0.44992450931051836,1.0,1.0,3680.0,1987.0,727.0,966.0,20.0,5.0,15.0,160.0,False,0.95,0.8,0.4789,128,0.7582,27.65,62.21,31.224,122,0.026,0.3169,0.7473,1.96,5.8,2.198,15,0.0019,0.3,0.9914,1315.45,2889.32,1530.424,3173,0.9721,0.991
5,May,s433,fifo,4,3,3,10,10800,967,9833,0.0895,0.9948148148148148,0.9927611168562565,0.9950167802298383,35.28688130852414,60.73673833833334,7.0,49.0,10744,56,7,49,0.0052,385.0,24000.0,24385.0,0.0,-120.0,,,,,,,,,20.0,5.0,15.0,160.0,True,0.95,0.8,0.0,128,0.7582,27.47,59.29,30.991,123,0.9965,0.9026,0.7471,1.89,5.15,2.111,13,0.0035,0.3315,0.4645,0.01,0.02,0.009,2,0.0,0.1859
5,May,s433,urgent_first,4,3,3,10,10800,967,9833,0.0895,0.9950925925925926,1.0,0.9946099867792129,34.913696637278626,119.41383511666665,0.0,53.0,10747,53,0,53,0.0049,265.0,24000.0,24265.0,120.0,0.0,,,,,,,,,20.0,5.0,15.0,160.0,True,0.95,0.8,0.0,128,0.7579,26.95,153.36,30.873,119,0.9968,0.9025,0.7472,2.05,5.36,2.299,15,0.0032,0.3194,0.4646,0.01,0.02,0.01,2,0.0,0.1859
5,May,s433,rl3_dqn,4,3,3,10,10800,967,9833,0.0895,0.994537037037037,0.9979317476732161,0.9942031933285874,35.45548029041035,62.70430107525,2.0,57.0,10741,59,2,57,0.0055,325.0,24000.0,24325.0,60.0,-60.0,0.1587192118226601,0.09091876929628447,1.0,1.0,10150.0,9393.0,744.0,13.0,20.0,5.0,15.0,160.0,True,0.95,0.8,0.0,128,0.7582,27.58,61.04,31.127,122,0.9872,0.9007,0.7472,1.95,5.67,2.183,15,0.0128,0.3351,0.4644,0.01,0.03,0.01,3,0.0,0.186
5,May,s321,fifo,3,2,1,6,10800,967,9833,0.0895,0.35185185185185186,0.052740434332988625,0.3812671615986983,1375.9928299158603,2457.938853036667,916.0,6084.0,7647,3153,283,2870,0.2919,48740.0,14400.0,63140.0,0.0,-29290.0,,,,,,,,,20.0,5.0,15.0,160.0,False,0.95,0.8,1.316,128,0.9881,129.94,223.99,145.624,312,0.108,0.4731,0.9909,433.62,856.08,477.046,1014,0.3615,0.6706,0.9914,914.04,1740.89,905.725,1858,0.5305,0.9026
5,May,s321,urgent_first,3,2,1,6,10800,967,9833,0.0895,0.6398148148148148,1.0,0.6043933692667548,411.5244505964651,1055.4697490966678,0.0,3890.0,7558,3242,0,3242,0.3002,19450.0,14400.0,33850.0,29290.0,0.0,,,,,,,,,20.0,5.0,15.0,160.0,False,0.95,0.8,0.1956,128,0.9882,115.29,484.51,148.65,327,0.1996,0.5797,0.9909,127.68,103.19,485.374,1028,0.3731,0.5748,0.9914,182.76,1004.13,932.19,1917,0.4273,0.882
5,May,s321,rl3_dqn,3,2,1,6,10800,967,9833,0.0895,0.38055555555555554,0.9855222337125129,0.32106173090613244,1355.2380788880666,2741.95349462362,14.0,6676.0,7574,3226,14,3212,0.2987,33660.0,14400.0,48060.0,15080.0,-14210.0,0.26823793490460157,0.21262971958489732,0.18272552783109405,1.0,10692.0,4529.0,5210.0,953.0,20.0,5.0,15.0,160.0,False,0.95,0.8,0.4789,128,0.9881,130.78,238.49,146.785,315,0.1068,0.4704,0.9908,439.66,952.33,487.729,1034,0.3621,0.6678,0.9914,914.5,1978.69,928.863,1905,0.531,0.9028
5,May,s543,fifo,5,4,3,12,10800,967,9833,0.0895,0.9999074074074074,1.0,0.9998983016373436,14.953673353913945,25.980179196666665,0.0,1.0,10799,1,0,1,0.0001,5.0,28800.0,28805.0,0.0,0.0,,,,,,,,,20.0,5.0,15.0,160.0,True,0.95,0.8,0.0,128,0.6093,8.39,23.18,9.446,68,0.0,0.6437,0.5632,0.51,1.78,0.575,8,0.0,0.2537,0.4668,0.1,0.58,0.11,4,0.0,0.1948
5,May,s543,urgent_first,5,4,3,12,10800,967,9833,0.0895,0.9999074074074074,1.0,0.9998983016373436,14.968256494328179,26.387956986666683,0.0,1.0,10799,1,0,1,0.0001,5.0,28800.0,28805.0,0.0,0.0,,,,,,,,,20.0,5.0,15.0,160.0,True,0.95,0.8,0.0,128,0.6093,8.37,49.5,9.424,63,0.0,0.6437,0.5632,0.54,1.83,0.606,9,0.0,0.2442,0.4668,0.1,0.6,0.117,4,0.0,0.1916
5,May,s543,rl3_dqn,5,4,3,12,10800,967,9833,0.0895,0.9999074074074074,1.0,0.9998983016373436,14.935217949625615,26.674444444433334,0.0,1.0,10799,1,0,1,0.0001,5.0,28800.0,28805.0,0.0,0.0,0.13591690864418138,0.07980494766888678,1.0,1.0,8954.0,8408.0,448.0,98.0,20.0,5.0,15.0,160.0,True,0.95,0.8,0.0,128,0.6093,8.37,24.23,9.421,68,0.0,0.6437,0.5632,0.52,1.88,0.583,8,0.0,0.254,0.4668,0.09,0.57,0.107,5,0.0,0.1943
5,May,s542,fifo,5,4,2,11,10800,967,9833,0.0895,0.9978703703703704,0.9968976215098242,0.9979660327468728,26.084222364967065,44.102473106666665,3.0,20.0,10777,23,3,20,0.0021,160.0,26400.0,26560.0,0.0,-40.0,,,,,,,,,20.0,5.0,15.0,160.0,True,0.95,0.8,0.0,128,0.6093,8.39,23.18,9.446,68,0.9782,0.7921,0.5632,0.51,1.78,0.575,8,0.0218,0.255,0.6988,11.24,24.07,12.653,52,0.0,0.6795
5,May,s542,urgent_first,5,4,2,11,10800,967,9833,0.0895,0.9977777777777778,1.0,0.9975592392962473,26.392725695754454,75.422043,0.0,24.0,10776,24,0,24,0.0022,120.0,26400.0,26520.0,40.0,0.0,,,,,,,,,20.0,5.0,15.0,160.0,True,0.95,0.8,0.0,128,0.6093,8.37,49.5,9.424,63,0.9638,0.6964,0.5632,0.54,1.83,0.606,9,0.0362,0.2451,0.6987,11.54,81.2,13.147,54,0.0,0.6795
5,May,s542,rl3_dqn,5,4,2,11,10800,967,9833,0.0895,0.9977777777777778,1.0,0.9975592392962473,26.243132788116682,46.20976702511667,0.0,24.0,10776,24,0,24,0.0022,120.0,26400.0,26520.0,40.0,0.0,0.20614530880690576,0.08265051656572854,1.0,1.0,9731.0,8421.0,423.0,887.0,20.0,5.0,15.0,160.0,True,0.95,0.8,0.0,128,0.6093,8.38,24.24,9.434,67,0.9852,0.7838,0.5632,0.51,1.87,0.576,8,0.0148,0.2529,0.6988,11.41,26.02,12.853,53,0.0,0.6795
5,May,s533,fifo,5,3,3,11,10800,967,9833,0.0895,0.9958333333333333,0.9937952430196484,0.996033763856402,32.226530654325124,55.92347669666667,6.0,39.0,10755,45,6,39,0.0042,315.0,26400.0,26715.0,0.0,-60.0,,,,,,,,,20.0,5.0,15.0,160.0,True,0.95,0.8,0.0,128,0.6093,8.39,23.18,9.446,68,0.8968,0.6479,0.7478,17.9,37.49,20.176,71,0.1032,0.7198,0.4649,0.01,0.03,0.011,2,0.0,0.1863
5,May,s533,urgent_first,5,3,3,11,10800,967,9833,0.0895,0.9952777777777778,1.0,0.9948133835045255,32.35308665047291,101.1401791966667,0.0,51.0,10749,51,0,51,0.0047,255.0,26400.0,26655.0,60.0,0.0,,,,,,,,,20.0,5.0,15.0,160.0,True,0.95,0.8,0.0,128,0.6093,8.37,49.5,9.424,63,0.8664,0.5923,0.7478,18.03,115.78,20.672,73,0.1336,0.7258,0.4647,0.01,0.03,0.011,2,0.0,0.186
5,May,s533,rl3_dqn,5,3,3,11,10800,967,9833,0.0895,0.9953703703703703,1.0,0.9949150818671819,32.423092273069614,58.277921146973334,0.0,50.0,10750,50,0,50,0.0046,250.0,26400.0,26650.0,65.0,5.0,0.16442628239595655,0.07535714285714286,0.9966367713004485,1.0,9299.0,8400.0,892.0,7.0,20.0,5.0,15.0,160.0,True,0.95,0.8,0.0,128,0.6093,8.35,24.31,9.406,67,0.8639,0.6373,0.7478,18.15,40.02,20.468,71,0.1361,0.7263,0.4648,0.01,0.03,0.011,2,0.0,0.1862
5,May,s443,fifo,4,4,3,11,10800,967,9833,0.0895,0.9950925925925926,0.9927611168562565,0.9953218753178074,33.5668615615226,58.950537626666666,7.0,46.0,10747,53,7,46,0.0049,370.0,26400.0,26770.0,0.0,-110.0,,,,,,,,,20.0,5.0,15.0,160.0,True,0.95,0.8,0.0,128,0.7582,27.47,59.29,30.991,123,1.0,0.9033,0.5603,0.1,0.72,0.117,5,0.0,0.2277,0.4646,0.06,0.45,0.067,4,0.0,0.1881
5,May,s443,urgent_first,4,4,3,11,10800,967,9833,0.0895,0.9951851851851852,1.0,0.9947116851418693,33.01692858928793,116.69684587500012,0.0,52.0,10748,52,0,52,0.0048,260.0,26400.0,26660.0,110.0,0.0,,,,,,,,,20.0,5.0,15.0,160.0,True,0.95,0.8,0.0,128,0.7579,26.95,153.36,30.873,119,1.0,0.9032,0.5605,0.1,0.67,0.11,5,0.0,0.2258,0.4647,0.06,0.43,0.063,3,0.0,0.1869
5,May,s443,rl3_dqn,4,4,3,11,10800,967,9833,0.0895,0.995,0.9989658738366081,0.9946099867792129,33.66838695335299,60.83655913978333,1.0,53.0,10746,54,1,53,0.005,285.0,26400.0,26685.0,85.0,-25.0,0.10508757297748124,0.09077428238534054,1.0,1.0,9592.0,9441.0,105.0,46.0,20.0,5.0,15.0,160.0,True,0.95,0.8,0.0,128,0.7581,27.57,61.14,31.129,122,1.0,0.9033,0.5606,0.1,0.68,0.112,5,0.0,0.2276,0.4646,0.06,0.43,0.064,4,0.0,0.1879
5,May,s322,fifo,3,2,2,7,10800,967,9833,0.0895,0.8161111111111111,0.17063081695966908,0.8795891386148683,562.2459770968782,967.61347669,802.0,1184.0,9503,1297,113,1184,0.1201,21960.0,16800.0,38760.0,0.0,-13225.0,,,,,,,,,20.0,5.0,15.0,160.0,False,0.95,0.8,0.7794,128,0.9881,129.94,223.99,145.624,312,0.4487,0.5962,0.9909,433.62,856.08,477.046,1014,0.5513,0.9066,0.6161,0.02,0.13,0.016,2,0.0,0.2465
5,May,s322,urgent_first,3,2,2,7,10800,967,9833,0.0895,0.8382407407407407,1.0,0.8223329604393369,246.1854806277121,347.92684587000133,0.0,1747.0,9473,1327,0,1327,0.1229,8735.0,16800.0,25535.0,13225.0,0.0,,,,,,,,,20.0,5.0,15.0,160.0,True,0.95,0.8,0.0,128,0.9882,115.29,484.51,148.65,327,0.2688,0.745,0.9909,127.68,103.19,485.374,1028,0.7312,0.7459,0.6162,0.02,0.12,0.017,2,0.0,0.2465
5,May,s322,rl3_dqn,3,2,2,7,10800,967,9833,0.0895,0.8772222222222222,0.9782833505687694,0.8672836367334485,567.0786020219633,1062.3139068100484,21.0,1305.0,9478,1322,17,1305,0.1224,6945.0,16800.0,23745.0,15015.0,1790.0,0.1457969473764143,0.16589147286821707,0.12901033170201195,1.0,13169.0,5805.0,7356.0,8.0,20.0,5.0,15.0,160.0,True,0.95,0.8,0.0,128,0.9881,130.73,236.0,146.727,315,0.9865,0.7,0.9909,439.05,947.8,486.852,1033,0.0135,0.7991,0.6162,0.02,0.13,0.017,2,0.0,0.2465
5,May,s331,fifo,3,3,1,7,10800,967,9833,0.0895,0.35194444444444445,0.052740434332988625,0.3813688599613546,1375.967203308476,2457.8364874433337,916.0,6083.0,7647,3153,283,2870,0.2919,48735.0,16800.0,65535.0,0.0,-30560.0,,,,,,,,,20.0,5.0,15.0,160.0,False,0.95,0.8,1.3159,128,0.9881,129.94,223.99,145.624,312,0.1281,0.4598,0.7308,0.16,0.95,0.178,4,0.0001,0.2924,0.9914,1254.44,2423.4,1382.363,2864,0.8718,0.9709
5,May,s331,urgent_first,3,3,1,7,10800,967,9833,0.0895,0.663425925925926,1.0,0.6303264517441269,288.63277565472544,494.1186379833333,0.0,3635.0,7576,3224,0,3224,0.2985,18175.0,16800.0,34975.0,30560.0,0.0,,,,,,,,,20.0,5.0,15.0,160.0,False,0.95,0.8,0.1697,128,0.9882,115.29,484.51,148.65,327,0.3314,0.6656,0.7306,0.16,0.93,0.174,5,0.0004,0.2927,0.9913,167.96,643.69,1406.664,2923,0.6682,0.9302
5,May,s331,rl3_dqn,3,3,1,7,10800,967,9833,0.0895,0.38157407407407407,1.0,0.3207566358181633,1350.6437614951235,2743.5670250896,0.0,6679.0,7571,3229,0,3229,0.299,33395.0,16800.0,50195.0,15340.0,-15220.0,0.6483551580964548,0.46656976744186046,1.0,1.0,3131.0,2064.0,101.0,966.0,20.0,5.0,15.0,160.0,False,0.95,0.8,0.4792,128,0.9881,130.79,239.7,146.797,316,0.1288,0.4585,0.731,0.16,0.95,0.177,5,0.0001,0.2925,0.9914,1234.57,2721.65,1417.393,2940,0.8711,0.9708
5,May,s421,fifo,4,2,1,7,10800,967,9833,0.0895,0.35203703703703704,0.05377456049638056,0.3813688599613546,1375.9832684320538,2458.2892114633337,915.0,6083.0,7647,3153,283,2870,0.2919,48715.0,16800.0,65515.0,0.0,-29385.0,,,,,,,,,20.0,5.0,15.0,160.0,False,0.95,0.8,1.3149,128,0.7582,27.47,59.29,30.991,123,0.0207,0.3211,0.9909,528.71,994.56,591.203,1246,0.4396,0.725,0.9914,914.44,1741.25,906.125,1858,0.5397,0.9045
5,May,s421,urgent_first,4,2,1,7,10800,967,9833,0.0895,0.6420370370370371,1.0,0.6068341299705075,381.1458415701172,570.1466487366662,0.0,3866.0,7564,3236,0,3236,0.2996,19330.0,16800.0,36130.0,29385.0,0.0,,,,,,,,,20.0,5.0,15.0,160.0,False,0.95,0.8,0.1932,128,0.7579,26.95,153.36,30.873,119,0.0247,0.344,0.9909,182.49,766.0,597.575,1273,0.5166,0.7504,0.9914,185.59,1239.1,932.29,1915,0.4587,0.8883
5,May,s421,rl3_dqn,4,2,1,7,10800,967,9833,0.0895,0.38092592592592595,0.9906928645294726,0.32096003254347605,1354.1507623054374,2748.02362007164,9.0,6677.0,7573,3227,9,3218,0.2988,33565.0,16800.0,50365.0,15150.0,-14235.0,0.4270039622066443,0.29058707773040343,0.3749510763209393,1.0,6562.0,3049.0,2555.0,958.0,20.0,5.0,15.0,160.0,False,0.95,0.8,0.479,128,0.7582,27.64,61.8,31.213,122,0.0207,0.3203,0.9909,534.04,1091.22,603.597,1269,0.4399,0.7195,0.9913,915.28,1981.02,929.329,1906,0.5393,0.9044
5,May,s232,fifo,2,3,2,7,10800,967,9833,0.0895,0.2524074074074074,0.04033092037228542,0.27326350045764264,1675.1868967462392,2993.414032255001,928.0,7146.0,7002,3798,339,3459,0.3517,54290.0,16800.0,71090.0,0.0,-33330.0,,,,,,,,,20.0,5.0,15.0,160.0,False,0.95,0.8,1.4364,128,0.9921,1669.6,3159.03,1858.053,3811,1.0,0.9968,0.4881,0.01,0.0,0.009,2,0.0,0.1953,0.4539,0.06,0.47,0.041,3,0.0,0.1816
5,May,s232,urgent_first,2,3,2,7,10800,967,9833,0.0895,0.6118518518518519,1.0,0.5736804637445337,253.38370989214215,201.55193548000005,0.0,4192.0,6993,3807,0,3807,0.3525,20960.0,16800.0,37760.0,33330.0,0.0,,,,,,,,,20.0,5.0,15.0,160.0,False,0.95,0.8,0.2263,128,0.9919,248.54,1791.49,1869.536,3817,1.0,0.9968,0.4923,0.01,0.0,0.008,2,0.0,0.1969,0.4596,0.06,0.52,0.046,3,0.0,0.1839
5,May,s232,rl3_dqn,2,3,2,7,10800,967,9833,0.0895,0.2998148148148148,0.9410548086866598,0.23675378826400895,1603.5937540341238,3243.47462365592,57.0,7505.0,6969,3831,18,3813,0.3547,38665.0,16800.0,55465.0,15625.0,-17705.0,0.14064071254130153,0.1367965367965368,1.0,1.0,6961.0,6930.0,5.0,26.0,20.0,5.0,15.0,160.0,False,0.95,0.8,0.5722,128,0.992,1598.37,3456.94,1870.158,3841,1.0,0.9968,0.4914,0.01,0.0,0.009,2,0.0,0.1966,0.4571,0.06,0.5,0.044,2,0.0,0.1829
6,June,s432,fifo,4,3,2,9,9600,830,8770,0.0865,0.9997916666666666,1.0,0.9997719498289623,25.00584920443669,44.300555555,0.0,2.0,9598,2,0,2,0.0002,10.0,21600.0,21610.0,0.0,0.0,,,,,,,,,20.0,5.0,15.0,160.0,True,0.95,0.8,0.0,129,0.6805,17.03,40.56,17.037,77,0.0,0.6722,0.6629,1.56,4.55,1.559,13,0.0,0.3069,0.6198,0.46,1.48,0.463,6,0.0,0.2611
6,June,s432,urgent_first,4,3,2,9,9600,830,8770,0.0865,0.9997916666666666,1.0,0.9997719498289623,25.117243939450926,71.97407406833345,0.0,2.0,9598,2,0,2,0.0002,10.0,21600.0,21610.0,0.0,0.0,,,,,,,,,20.0,5.0,15.0,160.0,True,0.95,0.8,0.0,129,0.6805,17.05,111.22,17.058,75,0.0,0.6722,0.6629,1.62,4.33,1.62,13,0.0,0.2892,0.6198,0.49,1.5,0.493,7,0.0,0.2556
6,June,s432,rl3_dqn,4,3,2,9,9600,830,8770,0.0865,0.9997916666666666,1.0,0.9997719498289623,25.10275308127501,46.00166666668334,0.0,2.0,9598,2,0,2,0.0002,10.0,21600.0,21610.0,0.0,0.0,0.17259449213959194,0.08360088910842184,1.0,1.0,8969.0,8098.0,608.0,263.0,20.0,5.0,15.0,160.0,True,0.95,0.8,0.0,129,0.6805,17.07,42.3,17.079,77,0.0,0.6722,0.6629,1.62,5.0,1.62,13,0.0,0.309,0.6198,0.46,1.52,0.457,6,0.0,0.2609
6,June,s332,fifo,3,3,2,8,9600,830,8770,0.0865,0.9925,0.9939759036144579,0.9923603192702395,54.54004978678282,98.54148146666671,5.0,67.0,9528,72,5,67,0.0075,435.0,19200.0,19635.0,0.0,-85.0,,,,,,,,,20.0,5.0,15.0,160.0,True,0.95,0.8,0.0,129,0.9008,48.29,102.36,48.38,133,0.9968,0.9597,0.6582,0.14,0.88,0.139,4,0.0032,0.2665,0.6153,0.17,0.88,0.172,4,0.0,0.2488
6,June,s332,urgent_first,3,3,2,8,9600,830,8770,0.0865,0.9927083333333333,1.0,0.992018244013683,54.95788833682232,189.31888888666668,0.0,70.0,9530,70,0,70,0.0073,350.0,19200.0,19550.0,85.0,0.0,,,,,,,,,20.0,5.0,15.0,160.0,True,0.95,0.8,0.0,129,0.9008,48.7,215.58,49.408,134,1.0,0.9603,0.6586,0.16,0.97,0.157,4,0.0,0.265,0.6155,0.19,0.92,0.184,4,0.0,0.2478
6,June,s332,rl3_dqn,3,3,2,8,9600,830,8770,0.0865,0.9922916666666667,1.0,0.9915621436716078,54.77484331381596,100.901851851825,0.0,74.0,9526,74,0,74,0.0077,370.0,19200.0,19570.0,65.0,-20.0,0.11818518976387687,0.09731713490255632,1.0,1.0,8089.0,7902.0,93.0,94.0,20.0,5.0,15.0,160.0,True,0.95,0.8,0.0,129,0.9009,48.52,104.43,48.622,131,0.9982,0.96,0.6582,0.15,0.88,0.146,5,0.0018,0.2662,0.6153,0.17,0.88,0.172,4,0.0,0.2488
6,June,s532,fifo,5,3,2,10,9600,830,8770,0.0865,0.9997916666666666,1.0,0.9997719498289623,21.82490699425401,39.237592588333335,0.0,2.0,9598,2,0,2,0.0002,10.0,24000.0,24010.0,0.0,0.0,,,,,,,,,20.0,5.0,15.0,160.0,True,0.95,0.8,0.0,129,0.5444,3.27,10.78,3.281,34,0.0,0.3494,0.6629,12.1,29.63,12.096,60,0.0,0.6652,0.6198,0.5,1.53,0.501,6,0.0,0.2671
6,June,s532,urgent_first,5,3,2,10,9600,830,8770,0.0865,0.9997916666666666,1.0,0.9997719498289623,21.950377578403486,55.08944443833334,0.0,2.0,9598,2,0,2,0.0002,10.0,24000.0,24010.0,0.0,0.0,,,,,,,,,20.0,5.0,15.0,160.0,True,0.95,0.8,0.0,129,0.5444,3.33,14.48,3.334,31,0.0,0.3036,0.6629,12.16,80.87,12.161,62,0.0,0.6652,0.6198,0.51,1.52,0.508,6,0.0,0.2589
6,June,s532,rl3_dqn,5,3,2,10,9600,830,8770,0.0865,0.9997916666666666,1.0,0.9997719498289623,21.932287011955015,40.80240740744,0.0,2.0,9598,2,0,2,0.0002,10.0,24000.0,24010.0,0.0,0.0,0.21422874461636623,0.05541706615532119,1.0,1.0,6269.0,5215.0,749.0,305.0,20.0,5.0,15.0,160.0,True,0.95,0.8,0.0,129,0.5444,3.23,11.97,3.237,34,0.0,0.3477,0.6629,12.25,33.15,12.249,62,0.0,0.6652,0.6198,0.5,1.55,0.499,6,0.0,0.2657
6,June,s422,fifo,4,2,2,8,9600,830,8770,0.0865,0.9865625,0.9855421686746988,0.9866590649942988,84.21636065635624,140.50555555,12.0,117.0,9471,129,12,117,0.0134,825.0,19200.0,20025.0,0.0,-155.0,,,,,,,,,20.0,5.0,15.0,160.0,True,0.95,0.8,0.0,129,0.6805,17.03,40.56,17.037,77,0.9549,0.5891,0.9816,61.39,120.42,61.228,154,0.0451,0.8017,0.6117,0.02,0.13,0.017,2,0.0,0.245
6,June,s422,urgent_first,4,2,2,8,9600,830,8770,0.0865,0.9860416666666667,1.0,0.9847206385404789,82.39399877962161,216.38629629166672,0.0,134.0,9470,130,0,130,0.0135,670.0,19200.0,19870.0,155.0,0.0,,,,,,,,,20.0,5.0,15.0,160.0,True,0.95,0.8,0.0,129,0.6805,17.05,111.22,17.058,75,0.32,0.4867,0.9816,59.42,255.18,61.634,161,0.68,0.9286,0.6118,0.02,0.13,0.016,2,0.0,0.2449
6,June,s422,rl3_dqn,4,2,2,8,9600,830,8770,0.0865,0.9863541666666666,1.0,0.9850627137970354,85.14752506228933,145.54777777774672,0.0,131.0,9469,131,0,131,0.0136,655.0,19200.0,19855.0,170.0,15.0,0.16486608147647985,0.0792803970223325,1.0,1.0,8886.0,8060.0,825.0,1.0,20.0,5.0,15.0,160.0,True,0.95,0.8,0.0,129,0.6805,17.02,41.84,17.027,77,0.9757,0.5904,0.9816,62.34,127.57,62.213,157,0.0243,0.7975,0.6118,0.02,0.13,0.017,2,0.0,0.245
6,June,s442,fifo,4,4,2,10,9600,830,8770,0.0865,0.9997916666666666,1.0,0.9997719498289623,23.980826630289297,42.772777771666675,0.0,2.0,9598,2,0,2,0.0002,10.0,24000.0,24010.0,0.0,0.0,,,,,,,,,20.0,5.0,15.0,160.0,True,0.95,0.8,0.0,129,0.6805,17.03,40.56,17.037,77,0.0,0.6722,0.4972,0.09,0.65,0.094,5,0.0,0.2037,0.6198,0.9,2.92,0.903,11,0.0,0.2739
6,June,s442,urgent_first,4,4,2,10,9600,830,8770,0.0865,0.9997916666666666,1.0,0.9997719498289623,24.10865013518615,69.75833332166675,0.0,2.0,9598,2,0,2,0.0002,10.0,24000.0,24010.0,0.0,0.0,,,,,,,,,20.0,5.0,15.0,160.0,True,0.95,0.8,0.0,129,0.6805,17.05,111.22,17.058,75,0.0,0.6722,0.4972,0.1,0.68,0.102,5,0.0,0.2013,0.6198,1.0,2.75,1.002,13,0.0,0.2629
6,June,s442,rl3_dqn,4,4,2,10,9600,830,8770,0.0865,0.9997916666666666,1.0,0.9997719498289623,24.049042238738373,44.35351851853667,0.0,2.0,9598,2,0,2,0.0002,10.0,24000.0,24010.0,0.0,0.0,0.1435855834975084,0.08494304110946013,1.0,1.0,8629.0,8076.0,85.0,468.0,20.0,5.0,15.0,160.0,True,0.95,0.8,0.0,129,0.6805,17.08,42.26,17.083,77,0.0,0.6722,0.4972,0.09,0.63,0.094,4,0.0,0.2035,0.6198,0.93,3.27,0.925,12,0.0,0.2754
6,June,s431,fifo,4,3,1,8,9600,830,8770,0.0865,0.5653125,0.10120481927710843,0.6092360319270239,951.6843326684533,1670.1033333333332,746.0,3427.0,7668,1932,157,1775,0.2013,32055.0,19200.0,51255.0,0.0,-20510.0,,,,,,,,,20.0,5.0,15.0,160.0,False,0.95,0.8,1.0396,129,0.6805,17.03,40.56,17.037,77,0.023,0.2854,0.6629,1.56,4.55,1.559,13,0.0021,0.2665,0.9912,926.97,1744.54,925.707,1932,0.9749,0.9915
6,June,s431,urgent_first,4,3,1,8,9600,830,8770,0.0865,0.7594791666666667,1.0,0.7367160775370581,233.158071563655,212.8666666633334,0.0,2309.0,7637,1963,0,1963,0.2045,11545.0,19200.0,30745.0,20510.0,0.0,,,,,,,,,20.0,5.0,15.0,160.0,False,0.95,0.8,0.0633,129,0.6805,17.05,111.22,17.058,75,0.0139,0.3047,0.6629,1.62,4.33,1.62,13,0.0032,0.2671,0.9911,206.15,1028.87,945.233,1962,0.9829,0.993
6,June,s431,rl3_dqn,4,3,1,8,9600,830,8770,0.0865,0.5811458333333334,1.0,0.5415051311288483,950.0554184083154,1845.52777777781,0.0,4021.0,7629,1971,0,1971,0.2053,20105.0,19200.0,39305.0,11950.0,-8560.0,0.610130904951622,0.34978642619838635,1.0,1.0,3514.0,2107.0,579.0,828.0,20.0,5.0,15.0,160.0,False,0.95,0.8,0.2585,129,0.6805,17.17,43.36,17.174,77,0.023,0.2852,0.6629,1.58,4.97,1.584,13,0.002,0.2665,0.9912,926.02,1923.05,947.059,1971,0.975,0.9915
6,June,s433,fifo,4,3,3,10,9600,830,8770,0.0865,0.9997916666666666,1.0,0.9997719498289623,24.552169618411824,43.70703703000001,0.0,2.0,9598,2,0,2,0.0002,10.0,24000.0,24010.0,0.0,0.0,,,,,,,,,20.0,5.0,15.0,160.0,True,0.95,0.8,0.0,129,0.6805,17.03,40.56,17.037,77,0.0,0.6722,0.6629,1.56,4.55,1.559,13,0.0,0.3069,0.4132,0.01,0.03,0.009,3,0.0,0.1656
6,June,s433,urgent_first,4,3,3,10,9600,830,8770,0.0865,0.9997916666666666,1.0,0.9997719498289623,24.63466597181878,71.2544444400002,0.0,2.0,9598,2,0,2,0.0002,10.0,24000.0,24010.0,0.0,0.0,,,,,,,,,20.0,5.0,15.0,160.0,True,0.95,0.8,0.0,129,0.6805,17.05,111.22,17.058,75,0.0,0.6722,0.6629,1.62,4.33,1.62,13,0.0,0.2892,0.4132,0.01,0.03,0.01,2,0.0,0.1654
6,June,s433,rl3_dqn,4,3,3,10,9600,830,8770,0.0865,0.9997916666666666,1.0,0.9997719498289623,24.65940203591834,45.57759259259334,0.0,2.0,9598,2,0,2,0.0002,10.0,24000.0,24010.0,0.0,0.0,0.1508670520231214,0.08530510585305105,1.0,1.0,8650.0,8030.0,613.0,7.0,20.0,5.0,15.0,160.0,True,0.95,0.8,0.0,129,0.6805,17.09,42.4,17.092,77,0.0,0.6722,0.6629,1.61,5.03,1.612,13,0.0,0.309,0.4132,0.01,0.02,0.009,2,0.0,0.1655
6,June,s321,fifo,3,2,1,6,9600,830,8770,0.0865,0.5630208333333333,0.1,0.6068415051311289,955.3709286963189,1673.8707407333332,747.0,3448.0,7665,1935,158,1777,0.2016,32180.0,14400.0,46580.0,0.0,-20710.0,,,,,,,,,20.0,5.0,15.0,160.0,False,0.95,0.8,1.0432,129,0.9008,48.29,102.36,48.38,133,0.0591,0.3957,0.9815,30.86,75.94,30.607,103,0.0522,0.4196,0.9908,877.87,1684.35,868.578,1806,0.8887,0.974
6,June,s321,urgent_first,3,2,1,6,9600,830,8770,0.0865,0.7610416666666666,1.0,0.7384264538198404,249.30651547917984,270.75462962166665,0.0,2294.0,7624,1976,0,1976,0.2058,11470.0,14400.0,25870.0,20710.0,0.0,,,,,,,,,20.0,5.0,15.0,160.0,False,0.95,0.8,0.0616,129,0.9008,48.7,215.58,49.408,134,0.0754,0.4694,0.9815,30.24,171.6,31.868,108,0.0644,0.479,0.9907,164.25,628.99,888.247,1839,0.8602,0.9683
6,June,s321,rl3_dqn,3,2,1,6,9600,830,8770,0.0865,0.5783333333333334,1.0,0.5384264538198403,953.6876322230966,1849.7148148147917,0.0,4048.0,7626,1974,0,1974,0.2056,20240.0,14400.0,34640.0,11940.0,-8770.0,0.576959619952494,0.30619400077911957,1.0,1.0,4210.0,2567.0,816.0,827.0,20.0,5.0,15.0,160.0,False,0.95,0.8,0.2616,129,0.9009,48.65,104.99,48.745,131,0.0578,0.3943,0.9815,31.87,84.51,31.592,104,0.0509,0.4195,0.9908,877.8,1855.6,888.762,1842,0.8912,0.9746
6,June,s543,fifo,5,4,3,12,9600,830,8770,0.0865,0.9997916666666666,1.0,0.9997719498289623,9.699136000296935,15.906666660000004,0.0,2.0,9598,2,0,2,0.0002,10.0,28800.0,28810.0,0.0,0.0,,,,,,,,,20.0,5.0,15.0,160.0,True,0.95,0.8,0.0,129,0.5444,3.27,10.78,3.281,34,0.0,0.6178,0.4972,0.39,1.62,0.391,8,0.0,0.2542,0.4132,0.08,0.53,0.084,3,0.0,0.1815
6,June,s543,urgent_first,5,4,3,12,9600,830,8770,0.0865,0.9997916666666666,1.0,0.9997719498289623,9.773246926184274,13.938888883333334,0.0,2.0,9598,2,0,2,0.0002,10.0,28800.0,28810.0,0.0,0.0,,,,,,,,,20.0,5.0,15.0,160.0,True,0.95,0.8,0.0,129,0.5444,3.33,14.48,3.334,31,0.0,0.6178,0.4972,0.41,1.58,0.406,9,0.0,0.2445,0.4132,0.09,0.57,0.089,4,0.0,0.1791
6,June,s543,rl3_dqn,5,4,3,12,9600,830,8770,0.0865,0.9997916666666666,1.0,0.9997719498289623,9.658412246378854,16.389444444485,0.0,2.0,9598,2,0,2,0.0002,10.0,28800.0,28810.0,0.0,0.0,0.1288787023977433,0.06544354076035559,1.0,1.0,5672.0,5287.0,317.0,68.0,20.0,5.0,15.0,160.0,True,0.95,0.8,0.0,129,0.5444,3.24,11.93,3.248,34,0.0,0.6178,0.4972,0.38,1.65,0.383,8,0.0,0.2512,0.4132,0.08,0.52,0.083,4,0.0,0.1799
6,June,s542,fifo,5,4,2,11,9600,830,8770,0.0865,0.9997916666666666,1.0,0.9997719498289623,16.640191428511148,29.043703693333335,0.0,2.0,9598,2,0,2,0.0002,10.0,26400.0,26410.0,0.0,0.0,,,,,,,,,20.0,5.0,15.0,160.0,True,0.95,0.8,0.0,129,0.5444,3.27,10.78,3.281,34,0.0,0.4275,0.4972,0.39,1.62,0.391,8,0.0,0.2282,0.6198,7.02,19.3,7.024,41,0.0,0.6479
6,June,s542,urgent_first,5,4,2,11,9600,830,8770,0.0865,0.9997916666666666,1.0,0.9997719498289623,16.861904285356324,34.177037030000065,0.0,2.0,9598,2,0,2,0.0002,10.0,26400.0,26410.0,0.0,0.0,,,,,,,,,20.0,5.0,15.0,160.0,True,0.95,0.8,0.0,129,0.5444,3.33,14.48,3.334,31,0.0,0.3712,0.4972,0.41,1.58,0.406,9,0.0,0.2165,0.6198,7.18,43.21,7.176,42,0.0,0.6479
6,June,s542,rl3_dqn,5,4,2,11,9600,830,8770,0.0865,0.9997916666666666,1.0,0.9997719498289623,16.691259367306824,30.060000000030016,0.0,2.0,9598,2,0,2,0.0002,10.0,26400.0,26410.0,0.0,0.0,0.2175632911392405,0.06803618545043347,1.0,1.0,6320.0,5306.0,291.0,723.0,20.0,5.0,15.0,160.0,True,0.95,0.8,0.0,129,0.5444,3.25,11.95,3.253,34,0.0,0.4283,0.4972,0.39,1.65,0.386,9,0.0,0.2266,0.6198,7.11,21.05,7.106,41,0.0,0.6479
6,June,s533,fifo,5,3,3,11,9600,830,8770,0.0865,0.9997916666666666,1.0,0.9997719498289623,21.332745432817603,38.704259255000004,0.0,2.0,9598,2,0,2,0.0002,10.0,26400.0,26410.0,0.0,0.0,,,,,,,,,20.0,5.0,15.0,160.0,True,0.95,0.8,0.0,129,0.5444,3.27,10.78,3.281,34,0.0,0.3494,0.6629,12.1,29.63,12.096,60,0.0,0.6652,0.4132,0.01,0.03,0.009,2,0.0,0.1657
6,June,s533,urgent_first,5,3,3,11,9600,830,8770,0.0865,0.9997916666666666,1.0,0.9997719498289623,21.45071966356012,54.56796295500004,0.0,2.0,9598,2,0,2,0.0002,10.0,26400.0,26410.0,0.0,0.0,,,,,,,,,20.0,5.0,15.0,160.0,True,0.95,0.8,0.0,129,0.5444,3.33,14.48,3.334,31,0.0,0.3036,0.6629,12.16,80.87,12.161,62,0.0,0.6652,0.4132,0.01,0.02,0.009,3,0.0,0.1654
6,June,s533,rl3_dqn,5,3,3,11,9600,830,8770,0.0865,0.9997916666666666,1.0,0.9997719498289623,21.448962360986062,40.1907407407,0.0,2.0,9598,2,0,2,0.0002,10.0,26400.0,26410.0,0.0,0.0,0.17694235588972432,0.05686387133831131,1.0,1.0,5985.0,5223.0,749.0,13.0,20.0,5.0,15.0,160.0,True,0.95,0.8,0.0,129,0.5444,3.23,12.17,3.239,34,0.0,0.3497,0.6629,12.26,32.97,12.254,62,0.0,0.6652,0.4132,0.01,0.03,0.009,2,0.0,0.1657
6,June,s443,fifo,4,4,3,11,9600,830,8770,0.0865,0.9997916666666666,1.0,0.9997719498289623,23.133433076076614,42.05759259000001,0.0,2.0,9598,2,0,2,0.0002,10.0,26400.0,26410.0,0.0,0.0,,,,,,,,,20.0,5.0,15.0,160.0,True,0.95,0.8,0.0,129,0.6805,17.03,40.56,17.037,77,0.0,0.6722,0.4972,0.09,0.65,0.094,5,0.0,0.2037,0.4132,0.06,0.43,0.055,3,0.0,0.1684
6,June,s443,urgent_first,4,4,3,11,9600,830,8770,0.0865,0.9997916666666666,1.0,0.9997719498289623,23.167483572707855,68.63740740333334,0.0,2.0,9598,2,0,2,0.0002,10.0,26400.0,26410.0,0.0,0.0,,,,,,,,,20.0,5.0,15.0,160.0,True,0.95,0.8,0.0,129,0.6805,17.05,111.22,17.058,75,0.0,0.6722,0.4972,0.1,0.68,0.102,5,0.0,0.2013,0.4132,0.06,0.45,0.061,3,0.0,0.1668
6,June,s443,rl3_dqn,4,4,3,11,9600,830,8770,0.0865,0.9997916666666666,1.0,0.9997719498289623,23.195400855116784,43.53574074071667,0.0,2.0,9598,2,0,2,0.0002,10.0,26400.0,26410.0,0.0,0.0,0.09953132708436112,0.08577510643626346,1.0,1.0,8108.0,7986.0,77.0,45.0,20.0,5.0,15.0,160.0,True,0.95,0.8,0.0,129,0.6805,17.09,42.39,17.093,77,0.0,0.6722,0.4972,0.1,0.65,0.098,4,0.0,0.2036,0.4132,0.06,0.43,0.058,4,0.0,0.1683
6,June,s322,fifo,3,2,2,7,9600,830,8770,0.0865,0.9865625,0.9855421686746988,0.9866590649942988,84.92894468479393,141.41296294999998,12.0,117.0,9471,129,12,117,0.0134,825.0,16800.0,17625.0,0.0,-100.0,,,,,,,,,20.0,5.0,15.0,160.0,True,0.95,0.8,0.0,129,0.9008,48.29,102.36,48.38,133,0.9898,0.9583,0.9815,30.86,75.94,30.607,103,0.0102,0.675,0.6117,0.02,0.13,0.017,2,0.0,0.2451
6,June,s322,urgent_first,3,2,2,7,9600,830,8770,0.0865,0.9848958333333333,1.0,0.9834663625997719,85.06726848118439,225.06555555333333,0.0,145.0,9462,138,0,138,0.0144,725.0,16800.0,17525.0,100.0,0.0,,,,,,,,,20.0,5.0,15.0,160.0,True,0.95,0.8,0.0,129,0.9008,48.7,215.58,49.408,134,0.1487,0.7901,0.9815,30.24,171.6,31.868,108,0.8513,0.8586,0.6113,0.02,0.12,0.016,2,0.0,0.2447
6,June,s322,rl3_dqn,3,2,2,7,9600,830,8770,0.0865,0.98625,0.9987951807228915,0.9850627137970354,85.97250426387549,145.92962962962667,1.0,131.0,9468,132,1,131,0.0138,675.0,16800.0,17475.0,150.0,50.0,0.17649662498616797,0.09332358674463938,1.0,1.0,9037.0,8208.0,821.0,8.0,20.0,5.0,15.0,160.0,True,0.95,0.8,0.0,129,0.9009,48.52,104.27,48.604,131,1.0,0.9604,0.9813,31.73,84.43,31.468,104,0.0,0.6921,0.6117,0.02,0.12,0.017,2,0.0,0.245
6,June,s331,fifo,3,3,1,7,9600,830,8770,0.0865,0.5646875,0.10120481927710843,0.608551881413911,953.267891402859,1671.7212962916667,746.0,3433.0,7666,1934,157,1777,0.2015,32085.0,16800.0,48885.0,0.0,-20780.0,,,,,,,,,20.0,5.0,15.0,160.0,False,0.95,0.8,1.0402,129,0.9008,48.29,102.36,48.38,133,0.0614,0.3956,0.6582,0.14,0.88,0.139,4,0.0002,0.2635,0.991,898.46,1719.17,897.264,1863,0.9385,0.9841
6,June,s331,urgent_first,3,3,1,7,9600,830,8770,0.0865,0.7644791666666667,1.0,0.7421892816419612,220.05451949908414,246.67592591333334,0.0,2261.0,7643,1957,0,1957,0.2039,11305.0,16800.0,28105.0,20780.0,0.0,,,,,,,,,20.0,5.0,15.0,160.0,False,0.95,0.8,0.0578,129,0.9008,48.7,215.58,49.408,134,0.0561,0.4925,0.6586,0.16,0.97,0.157,4,0.0004,0.2641,0.991,160.21,477.84,909.151,1889,0.9435,0.9851
6,June,s331,rl3_dqn,3,3,1,7,9600,830,8770,0.0865,0.5792708333333333,1.0,0.5394526795895097,951.7564018528232,1848.136666666657,0.0,4039.0,7628,1972,0,1972,0.2054,20195.0,16800.0,36995.0,11890.0,-8890.0,0.588011088011088,0.3982793522267207,1.0,1.0,2886.0,1976.0,82.0,828.0,20.0,5.0,15.0,160.0,False,0.95,0.8,0.2605,129,0.9009,48.66,105.0,48.754,131,0.0599,0.3943,0.6582,0.15,0.9,0.145,5,0.0001,0.2635,0.991,898.4,1879.73,918.419,1899,0.9399,0.9844
6,June,s421,fifo,4,2,1,7,9600,830,8770,0.0865,0.564375,0.1,0.6083238312428735,953.1530044507543,1671.72074074,747.0,3435.0,7667,1933,157,1776,0.2014,32115.0,16800.0,48915.0,0.0,-20630.0,,,,,,,,,20.0,5.0,15.0,160.0,False,0.95,0.8,1.0417,129,0.6805,17.03,40.56,17.037,77,0.0219,0.2855,0.9816,61.39,120.42,61.228,154,0.0888,0.4389,0.9911,876.32,1682.87,867.328,1805,0.8894,0.9743
6,June,s421,urgent_first,4,2,1,7,9600,830,8770,0.0865,0.7607291666666667,1.0,0.7380843785632839,259.3484098491203,282.26148147333333,0.0,2297.0,7635,1965,0,1965,0.2047,11485.0,16800.0,28285.0,20630.0,0.0,,,,,,,,,20.0,5.0,15.0,160.0,False,0.95,0.8,0.0619,129,0.6805,17.05,111.22,17.058,75,0.027,0.3176,0.9816,59.42,255.18,61.634,161,0.0922,0.5066,0.9911,175.94,749.96,884.488,1836,0.8808,0.9726
6,June,s421,rl3_dqn,4,2,1,7,9600,830,8770,0.0865,0.5804166666666667,1.0,0.5407069555302166,951.3590346967316,1846.09351851851,0.0,4028.0,7628,1972,0,1972,0.2054,20140.0,16800.0,36940.0,11975.0,-8655.0,0.30387736699729484,0.1156930126002291,1.0,1.0,7763.0,6111.0,824.0,828.0,20.0,5.0,15.0,160.0,False,0.95,0.8,0.2593,129,0.6805,17.11,42.77,17.112,76,0.0212,0.2851,0.9815,62.53,126.51,62.38,158,0.0863,0.4374,0.991,876.1,1854.1,887.504,1841,0.8925,0.9749
6,June,s232,fifo,2,3,2,7,9600,830,8770,0.0865,0.3773958333333333,0.06385542168674699,0.4070695553021665,1298.8452133604305,2316.6022222133333,777.0,5200.0,6965,2635,225,2410,0.2745,41540.0,16800.0,58340.0,0.0,-26405.0,,,,,,,,,20.0,5.0,15.0,160.0,False,0.95,0.8,1.2791,129,0.9916,1293.38,2421.54,1290.532,2646,1.0,0.9966,0.4823,0.01,0.0,0.009,2,0.0,0.1929,0.4501,0.06,0.48,0.043,3,0.0,0.1801
6,June,s232,urgent_first,2,3,2,7,9600,830,8770,0.0865,0.6846875,1.0,0.6548460661345497,249.5704310131366,223.77407406666669,0.0,3027.0,6931,2669,0,2669,0.278,15135.0,16800.0,31935.0,26405.0,0.0,,,,,,,,,20.0,5.0,15.0,160.0,False,0.95,0.8,0.1452,129,0.9916,243.43,1516.39,1311.645,2685,1.0,0.9966,0.4829,0.01,0.0,0.009,2,0.0,0.1932,0.4515,0.06,0.52,0.045,3,0.0,0.1807
6,June,s232,rl3_dqn,2,3,2,7,9600,830,8770,0.0865,0.4014583333333333,0.9493975903614458,0.3496009122006842,1271.6368522506716,2499.9081481481867,42.0,5704.0,6965,2635,16,2619,0.2745,29360.0,16800.0,46160.0,12180.0,-14225.0,0.12062256809338522,0.1175704989154013,1.0,1.0,6939.0,6915.0,8.0,16.0,20.0,5.0,15.0,160.0,False,0.95,0.8,0.451,129,0.9917,1266.0,2637.98,1299.183,2654,1.0,0.9967,0.4842,0.01,0.0,0.009,3,0.0,0.1937,0.4534,0.06,0.5,0.042,3,0.0,0.1814
7,July,s332,fifo,3,3,2,8,8400,663,7737,0.0789,0.9985714285714286,1.0,0.9984490112446684,38.186511444372904,69.32998206666667,0.0,12.0,8388,12,0,12,0.0014,60.0,19200.0,19260.0,0.0,-10.0,,,,,,,,,20.0,5.0,15.0,160.0,True,0.95,0.8,0.0,130,0.7946,31.93,70.3,27.947,115,0.9975,0.9173,0.5809,0.14,0.85,0.12,4,0.0025,0.2365,0.5415,0.17,0.85,0.145,4,0.0,0.2204
7,July,s332,urgent_first,3,3,2,8,8400,663,7737,0.0789,0.9988095238095238,1.0,0.9987075093705571,38.57314868815256,134.13646953000003,0.0,10.0,8390,10,0,10,0.0012,50.0,19200.0,19250.0,10.0,0.0,,,,,,,,,20.0,5.0,15.0,160.0,True,0.95,0.8,0.0,130,0.7945,32.34,172.93,28.396,113,1.0,0.9178,0.581,0.14,0.88,0.125,4,0.0,0.2343,0.5417,0.16,0.85,0.143,3,0.0,0.2187
7,July,s332,rl3_dqn,3,3,2,8,8400,663,7737,0.0789,0.9985714285714286,1.0,0.9984490112446684,38.230634008645914,71.07564516127668,0.0,12.0,8388,12,0,12,0.0014,60.0,19200.0,19260.0,0.0,-10.0,0.10255697609783213,0.08332150461320086,1.0,1.0,7196.0,7045.0,65.0,86.0,20.0,5.0,15.0,160.0,True,0.95,0.8,0.0,130,0.7946,31.97,71.93,27.98,113,0.9994,0.9177,0.5809,0.14,0.85,0.121,5,0.0006,0.2361,0.5415,0.17,0.88,0.15,4,0.0,0.2205
7,July,s232,fifo,2,3,2,7,8400,663,7737,0.0789,0.7060714285714286,0.07390648567119155,0.7602429882383352,857.4743298732222,1415.2737813566666,614.0,1855.0,6984,1416,105,1311,0.1686,21555.0,16800.0,38355.0,0.0,-12740.0,,,,,,,,,20.0,5.0,15.0,160.0,False,0.95,0.8,0.9159,130,0.9909,851.9,1508.74,736.82,1439,1.0,0.9963,0.484,0.01,0.0,0.008,2,0.0,0.1936,0.4512,0.06,0.45,0.04,2,0.0,0.1806
7,July,s232,urgent_first,2,3,2,7,8400,663,7737,0.0789,0.7901190476190476,1.0,0.7721339020292103,243.6548158020388,240.73372759,0.0,1763.0,6973,1427,0,1427,0.1699,8815.0,16800.0,25615.0,12740.0,0.0,,,,,,,,,20.0,5.0,15.0,160.0,False,0.95,0.8,0.0279,130,0.991,237.51,1252.7,748.278,1451,1.0,0.9964,0.484,0.01,0.0,0.008,2,0.0,0.1936,0.4518,0.06,0.47,0.041,3,0.0,0.1808
7,July,s232,rl3_dqn,2,3,2,7,8400,663,7737,0.0789,0.7164285714285714,0.9849170437405732,0.6934212226961355,851.9203692665044,1505.4249103943,10.0,2372.0,6981,1419,10,1409,0.1689,12060.0,16800.0,28860.0,9495.0,-3245.0,0.09607927617406291,0.09386697379786928,1.0,1.0,6963.0,6946.0,2.0,15.0,20.0,5.0,15.0,160.0,False,0.95,0.8,0.1066,130,0.9909,846.13,1581.94,741.219,1441,1.0,0.9963,0.4845,0.01,0.0,0.007,2,0.0,0.1938,0.4523,0.06,0.48,0.04,3,0.0,0.181
7,July,s432,fifo,4,3,2,9,8400,663,7737,0.0789,1.0,1.0,1.0,15.29425643484127,26.546039413333343,0.0,0.0,8400,0,0,0,0.0,0.0,21600.0,21600.0,0.0,0.0,,,,,,,,,20.0,5.0,15.0,160.0,True,0.95,0.8,0.0,130,0.5966,7.68,22.49,6.722,63,0.0,0.6386,0.5816,1.28,3.85,1.122,11,0.0,0.3005,0.5423,0.38,1.27,0.33,5,0.0,0.2384
7,July,s432,urgent_first,4,3,2,9,8400,663,7737,0.0789,1.0,1.0,1.0,15.331300085634922,26.006003580000005,0.0,0.0,8400,0,0,0,0.0,0.0,21600.0,21600.0,0.0,0.0,,,,,,,,,20.0,5.0,15.0,160.0,True,0.95,0.8,0.0,130,0.5966,7.71,43.99,6.754,63,0.0,0.6386,0.5816,1.27,3.62,1.112,11,0.0,0.2779,0.5423,0.39,1.28,0.34,5,0.0,0.2318
7,July,s432,rl3_dqn,4,3,2,9,8400,663,7737,0.0789,1.0,1.0,1.0,15.267202871651143,26.911953404976668,0.0,0.0,8400,0,0,0,0.0,0.0,21600.0,21600.0,0.0,0.0,0.16018057285180573,0.06854281767955801,1.0,1.0,6424.0,5792.0,443.0,189.0,20.0,5.0,15.0,160.0,True,0.95,0.8,0.0,130,0.5966,7.64,23.59,6.691,63,0.0,0.6386,0.5816,1.3,4.27,1.136,11,0.0,0.3033,0.5423,0.37,1.27,0.323,5,0.0,0.2376
7,July,s322,fifo,3,2,2,7,8400,663,7737,0.0789,0.9961904761904762,0.9984917043740573,0.9959932790487269,48.88564099400494,88.06591396833333,1.0,31.0,8368,32,1,31,0.0038,175.0,16800.0,16975.0,0.0,-15.0,,,,,,,,,20.0,5.0,15.0,160.0,True,0.95,0.8,0.0,130,0.7946,31.93,70.3,27.947,115,0.9848,0.9148,0.8693,11.02,26.22,9.632,36,0.0152,0.4957,0.5403,0.02,0.1,0.013,2,0.0,0.2165
7,July,s322,urgent_first,3,2,2,7,8400,663,7737,0.0789,0.9961904761904762,1.0,0.9958640299857826,49.896301613575524,157.08928314500008,0.0,32.0,8368,32,0,32,0.0038,160.0,16800.0,16960.0,15.0,0.0,,,,,,,,,20.0,5.0,15.0,160.0,True,0.95,0.8,0.0,130,0.7945,32.34,172.93,28.396,113,0.9966,0.9171,0.8693,11.68,75.39,10.306,39,0.0034,0.5118,0.5403,0.02,0.11,0.014,2,0.0,0.2163
7,July,s322,rl3_dqn,3,2,2,7,8400,663,7737,0.0789,0.9963095238095238,1.0,0.9959932790487269,49.30109049397678,91.04888888891332,0.0,31.0,8369,31,0,31,0.0037,155.0,16800.0,16955.0,20.0,5.0,0.15263492063492062,0.08047402507923385,1.0,1.0,7875.0,7257.0,612.0,6.0,20.0,5.0,15.0,160.0,True,0.95,0.8,0.0,130,0.7946,31.97,71.92,27.982,113,0.9844,0.9147,0.8693,11.39,28.08,9.957,37,0.0156,0.5018,0.5404,0.01,0.1,0.013,2,0.0,0.2166
7,July,s342,fifo,3,4,2,9,8400,663,7737,0.0789,0.9985714285714286,1.0,0.9984490112446684,38.1130592905023,69.26668458166668,0.0,12.0,8388,12,0,12,0.0014,60.0,21600.0,21660.0,0.0,-10.0,,,,,,,,,20.0,5.0,15.0,160.0,True,0.95,0.8,0.0,130,0.7946,31.93,70.3,27.947,115,1.0,0.9178,0.4357,0.01,0.0,0.01,3,0.0,0.1743,0.5415,0.22,1.02,0.191,4,0.0,0.2213
7,July,s342,urgent_first,3,4,2,9,8400,663,7737,0.0789,0.9988095238095238,1.0,0.9987075093705571,38.49341885104489,134.13551971,0.0,10.0,8390,10,0,10,0.0012,50.0,21600.0,21650.0,10.0,0.0,,,,,,,,,20.0,5.0,15.0,160.0,True,0.95,0.8,0.0,130,0.7945,32.34,172.93,28.396,113,1.0,0.9178,0.4358,0.01,0.0,0.011,3,0.0,0.1744,0.5417,0.21,1.02,0.186,4,0.0,0.2191
7,July,s342,rl3_dqn,3,4,2,9,8400,663,7737,0.0789,0.9985714285714286,1.0,0.9984490112446684,38.13823216474192,71.08216845879001,0.0,12.0,8388,12,0,12,0.0014,60.0,21600.0,21660.0,0.0,-10.0,0.10137362637362637,0.08208222253402554,1.0,1.0,7280.0,7127.0,10.0,143.0,20.0,5.0,15.0,160.0,True,0.95,0.8,0.0,130,0.7946,31.96,71.92,27.973,113,1.0,0.9178,0.4356,0.01,0.0,0.01,3,0.0,0.1743,0.5415,0.21,1.0,0.186,4,0.0,0.2211
7,July,s331,fifo,3,3,1,7,8400,663,7737,0.0789,0.8496428571428571,0.12217194570135746,0.911981388134936,483.82418662220266,750.2593189833333,582.0,681.0,7668,732,51,681,0.0871,15045.0,16800.0,31845.0,0.0,-9960.0,,,,,,,,,20.0,5.0,15.0,160.0,False,0.95,0.8,0.8278,130,0.7946,31.93,70.3,27.947,115,0.1404,0.3804,0.5809,0.14,0.85,0.12,4,0.0005,0.2328,0.9902,446.06,746.94,384.545,722,0.859,0.9679
7,July,s331,urgent_first,3,3,1,7,8400,663,7737,0.0789,0.8789285714285714,1.0,0.8685537029856534,220.5845048761525,230.12894264833338,0.0,1017.0,7650,750,0,750,0.0893,5085.0,16800.0,21885.0,9960.0,0.0,,,,,,,,,20.0,5.0,15.0,160.0,True,0.95,0.8,0.0,130,0.7945,32.34,172.93,28.396,113,0.011,0.4083,0.581,0.14,0.88,0.125,4,0.0002,0.2329,0.9899,180.16,557.78,396.217,740,0.9888,0.9937
7,July,s331,rl3_dqn,3,3,1,7,8400,663,7737,0.0789,0.9111904761904762,1.0,0.9035801990435569,490.78743499077075,812.8874910394633,0.0,746.0,7654,746,0,746,0.0888,3730.0,16800.0,20530.0,11315.0,1355.0,0.4171270718232044,0.24463007159904535,1.0,1.0,3258.0,2514.0,82.0,662.0,20.0,5.0,15.0,160.0,True,0.95,0.8,0.0,130,0.7946,32.05,73.16,28.049,113,0.9957,0.5502,0.5809,0.14,0.88,0.124,4,0.0043,0.2336,0.9902,452.89,813.28,392.834,736,0.0,0.7961
7,July,s333,fifo,3,3,3,9,8400,663,7737,0.0789,0.9985714285714286,1.0,0.9984490112446684,38.0258434265697,69.18706092000001,0.0,12.0,8388,12,0,12,0.0014,60.0,21600.0,21660.0,0.0,-10.0,,,,,,,,,20.0,5.0,15.0,160.0,True,0.95,0.8,0.0,130,0.7946,31.93,70.3,27.947,115,0.9975,0.9173,0.5809,0.14,0.85,0.12,4,0.0025,0.2365,0.361,0.01,0.0,0.004,2,0.0,0.1444
7,July,s333,urgent_first,3,3,3,9,8400,663,7737,0.0789,0.9988095238095238,1.0,0.9987075093705571,38.41514113948352,133.92164874333338,0.0,10.0,8390,10,0,10,0.0012,50.0,21600.0,21650.0,10.0,0.0,,,,,,,,,20.0,5.0,15.0,160.0,True,0.95,0.8,0.0,130,0.7945,32.34,172.93,28.396,113,1.0,0.9178,0.581,0.14,0.88,0.125,4,0.0,0.2343,0.3611,0.01,0.0,0.005,2,0.0,0.1445
7,July,s333,rl3_dqn,3,3,3,9,8400,663,7737,0.0789,0.9985714285714286,1.0,0.9984490112446684,38.06820553940414,70.95073476705333,0.0,12.0,8388,12,0,12,0.0014,60.0,21600.0,21660.0,0.0,-10.0,0.09404344779257183,0.08312056737588652,1.0,1.0,7135.0,7050.0,81.0,4.0,20.0,5.0,15.0,160.0,True,0.95,0.8,0.0,130,0.7946,31.96,71.84,27.977,114,0.9994,0.9177,0.5809,0.14,0.88,0.126,6,0.0006,0.2362,0.361,0.01,0.0,0.005,2,0.0,0.1444
7,July,s221,fifo,2,2,1,5,8400,663,7737,0.0789,0.7051190476190476,0.07088989441930618,0.7594674938606695,859.4144596937643,1415.8076164816666,616.0,1861.0,6984,1416,105,1311,0.1686,21625.0,12000.0,33625.0,0.0,-12805.0,,,,,,,,,20.0,5.0,15.0,160.0,False,0.95,0.8,0.9196,130,0.9909,851.9,1508.74,736.82,1439,0.9987,0.9961,0.7258,0.25,1.27,0.183,4,0.0002,0.2906,0.9023,1.76,4.73,1.277,8,0.0011,0.3622
7,July,s221,urgent_first,2,2,1,5,8400,663,7737,0.0789,0.79,1.0,0.772004652966266,245.74210486939384,242.37508959000004,0.0,1764.0,6973,1427,0,1427,0.1699,8820.0,12000.0,20820.0,12805.0,0.0,,,,,,,,,20.0,5.0,15.0,160.0,False,0.95,0.8,0.028,130,0.991,237.51,1252.7,748.278,1451,0.9994,0.9963,0.7259,0.26,1.3,0.186,4,0.0001,0.2907,0.9035,1.9,4.72,1.38,11,0.0005,0.3627
7,July,s221,rl3_dqn,2,2,1,5,8400,663,7737,0.0789,0.7154761904761905,0.9834087481146304,0.6925164792555254,854.1408782902514,1507.9605913978467,11.0,2379.0,6980,1420,11,1409,0.169,12115.0,12000.0,24115.0,9510.0,-3295.0,0.14861392832995268,0.09370951489851735,1.0,1.0,7395.0,6947.0,64.0,384.0,20.0,5.0,15.0,160.0,False,0.95,0.8,0.1075,130,0.991,846.36,1582.86,741.225,1440,0.9989,0.9962,0.7267,0.25,1.27,0.183,4,0.0002,0.2909,0.9046,1.93,5.55,1.402,10,0.001,0.3632
7,July,s443,fifo,4,4,3,11,8400,663,7737,0.0789,1.0,1.0,1.0,13.765319926904763,24.17580645,0.0,0.0,8400,0,0,0,0.0,0.0,26400.0,26400.0,0.0,0.0,,,,,,,,,20.0,5.0,15.0,160.0,True,0.95,0.8,0.0,130,0.5966,7.68,22.49,6.722,63,0.0,0.6386,0.4362,0.08,0.58,0.072,4,0.0,0.1826,0.3615,0.05,0.38,0.042,3,0.0,0.1498
7,July,s443,urgent_first,4,4,3,11,8400,663,7737,0.0789,1.0,1.0,1.0,13.80212151420635,22.243906795000008,0.0,0.0,8400,0,0,0,0.0,0.0,26400.0,26400.0,0.0,0.0,,,,,,,,,20.0,5.0,15.0,160.0,True,0.95,0.8,0.0,130,0.5966,7.71,43.99,6.754,63,0.0,0.6386,0.4362,0.08,0.58,0.07,4,0.0,0.1794,0.3615,0.05,0.4,0.043,3,0.0,0.1479
7,July,s443,rl3_dqn,4,4,3,11,8400,663,7737,0.0789,1.0,1.0,1.0,13.719077871651143,24.85616487454334,0.0,0.0,8400,0,0,0,0.0,0.0,26400.0,26400.0,0.0,0.0,0.08464432284541723,0.07098229781325928,1.0,1.0,5848.0,5762.0,54.0,32.0,20.0,5.0,15.0,160.0,True,0.95,0.8,0.0,130,0.5966,7.63,23.46,6.684,63,0.0,0.6386,0.4362,0.08,0.6,0.07,4,0.0,0.1825,0.3615,0.05,0.38,0.042,3,0.0,0.1496
7,July,s442,fifo,4,4,2,10,8400,663,7737,0.0789,1.0,1.0,1.0,14.43489532373016,24.963189955,0.0,0.0,8400,0,0,0,0.0,0.0,24000.0,24000.0,0.0,0.0,,,,,,,,,20.0,5.0,15.0,160.0,True,0.95,0.8,0.0,130,0.5966,7.68,22.49,6.722,63,0.0,0.6386,0.4362,0.08,0.58,0.072,4,0.0,0.1826,0.5423,0.72,2.23,0.628,10,0.0,0.2558
7,July,s442,urgent_first,4,4,2,10,8400,663,7737,0.0789,1.0,1.0,1.0,14.480548101507935,23.209946235000043,0.0,0.0,8400,0,0,0,0.0,0.0,24000.0,24000.0,0.0,0.0,,,,,,,,,20.0,5.0,15.0,160.0,True,0.95,0.8,0.0,130,0.5966,7.71,43.99,6.754,63,0.0,0.6386,0.4362,0.08,0.58,0.07,4,0.0,0.1794,0.5423,0.73,2.18,0.637,10,0.0,0.2435
7,July,s442,rl3_dqn,4,4,2,10,8400,663,7737,0.0789,1.0,1.0,1.0,14.39266318911146,25.668207885325,0.0,0.0,8400,0,0,0,0.0,0.0,24000.0,24000.0,0.0,0.0,0.1310344827586207,0.06987124463519313,1.0,1.0,6235.0,5825.0,56.0,354.0,20.0,5.0,15.0,160.0,True,0.95,0.8,0.0,130,0.5966,7.63,23.57,6.68,63,0.0,0.6386,0.4362,0.08,0.62,0.074,4,0.0,0.1827,0.5423,0.72,2.42,0.631,9,0.0,0.2567
7,July,s433,fifo,4,3,3,10,8400,663,7737,0.0789,1.0,1.0,1.0,14.924407228492065,25.94980286333334,0.0,0.0,8400,0,0,0,0.0,0.0,24000.0,24000.0,0.0,0.0,,,,,,,,,20.0,5.0,15.0,160.0,True,0.95,0.8,0.0,130,0.5966,7.68,22.49,6.722,63,0.0,0.6386,0.5816,1.28,3.85,1.122,11,0.0,0.3005,0.3615,0.01,0.0,0.007,2,0.0,0.1448
7,July,s433,urgent_first,4,3,3,10,8400,663,7737,0.0789,1.0,1.0,1.0,14.950036196746032,25.44663082000002,0.0,0.0,8400,0,0,0,0.0,0.0,24000.0,24000.0,0.0,0.0,,,,,,,,,20.0,5.0,15.0,160.0,True,0.95,0.8,0.0,130,0.5966,7.71,43.99,6.754,63,0.0,0.6386,0.5816,1.27,3.62,1.112,11,0.0,0.2779,0.3615,0.01,0.0,0.007,2,0.0,0.1448
7,July,s433,rl3_dqn,4,3,3,10,8400,663,7737,0.0789,1.0,1.0,1.0,14.901815966889236,26.474354838663334,0.0,0.0,8400,0,0,0,0.0,0.0,24000.0,24000.0,0.0,0.0,0.13684043229497775,0.07003424657534246,1.0,1.0,6292.0,5840.0,437.0,15.0,20.0,5.0,15.0,160.0,True,0.95,0.8,0.0,130,0.5966,7.64,23.44,6.692,62,0.0,0.6386,0.5816,1.29,4.25,1.131,12,0.0,0.3033,0.3615,0.01,0.0,0.007,2,0.0,0.1448
7,July,s343,fifo,3,4,3,10,8400,663,7737,0.0789,0.9985714285714286,1.0,0.9984490112446684,37.91630400517406,69.11876344,0.0,12.0,8388,12,0,12,0.0014,60.0,24000.0,24060.0,0.0,-10.0,,,,,,,,,20.0,5.0,15.0,160.0,True,0.95,0.8,0.0,130,0.7946,31.93,70.3,27.947,115,1.0,0.9178,0.4357,0.01,0.0,0.01,3,0.0,0.1743,0.361,0.02,0.13,0.019,2,0.0,0.145
7,July,s343,urgent_first,3,4,3,10,8400,663,7737,0.0789,0.9988095238095238,1.0,0.9987075093705571,38.302131604322604,133.81879927666668,0.0,10.0,8390,10,0,10,0.0012,50.0,24000.0,24050.0,10.0,0.0,,,,,,,,,20.0,5.0,15.0,160.0,True,0.95,0.8,0.0,130,0.7945,32.34,172.93,28.396,113,1.0,0.9178,0.4358,0.01,0.0,0.011,3,0.0,0.1744,0.3611,0.02,0.13,0.019,3,0.0,0.1447
7,July,s343,rl3_dqn,3,4,3,10,8400,663,7737,0.0789,0.9985714285714286,1.0,0.9984490112446684,37.952321737146946,70.86107526881334,0.0,12.0,8388,12,0,12,0.0014,60.0,24000.0,24060.0,0.0,-10.0,0.08536585365853659,0.08266554196541544,1.0,1.0,7134.0,7113.0,13.0,8.0,20.0,5.0,15.0,160.0,True,0.95,0.8,0.0,130,0.7946,31.96,72.05,27.977,113,1.0,0.9178,0.4357,0.01,0.0,0.01,3,0.0,0.1743,0.361,0.02,0.13,0.019,3,0.0,0.145
7,July,s222,fifo,2,2,2,6,8400,663,7737,0.0789,0.7060714285714286,0.07390648567119155,0.7602429882383352,857.6704185521073,1415.2737813566666,614.0,1855.0,6984,1416,105,1311,0.1686,21555.0,14400.0,35955.0,0.0,-12740.0,,,,,,,,,20.0,5.0,15.0,160.0,False,0.95,0.8,0.9159,130,0.9909,851.9,1508.74,736.82,1439,0.9998,0.9963,0.7258,0.25,1.27,0.183,4,0.0002,0.2906,0.4512,0.01,0.03,0.008,2,0.0,0.1805
7,July,s222,urgent_first,2,2,2,6,8400,663,7737,0.0789,0.7901190476190476,1.0,0.7721339020292103,243.853178534483,240.75591396666667,0.0,1763.0,6973,1427,0,1427,0.1699,8815.0,14400.0,23215.0,12740.0,0.0,,,,,,,,,20.0,5.0,15.0,160.0,False,0.95,0.8,0.0279,130,0.991,237.51,1252.7,748.278,1451,0.9999,0.9964,0.7259,0.26,1.3,0.186,4,0.0001,0.2907,0.4518,0.01,0.03,0.008,2,0.0,0.1807
7,July,s222,rl3_dqn,2,2,2,6,8400,663,7737,0.0789,0.7160714285714286,0.9849170437405732,0.6930334755073025,852.1371791791242,1506.1494623655667,10.0,2375.0,6981,1419,10,1409,0.1689,12075.0,14400.0,26475.0,9480.0,-3260.0,0.10438621475363144,0.09393459155741248,1.0,1.0,7022.0,6941.0,77.0,4.0,20.0,5.0,15.0,160.0,False,0.95,0.8,0.107,130,0.9911,846.28,1582.34,741.236,1440,0.9998,0.9964,0.7268,0.25,1.27,0.18,4,0.0002,0.291,0.4523,0.01,0.03,0.008,2,0.0,0.1809
7,July,s231,fifo,2,3,1,6,8400,663,7737,0.0789,0.705,0.07088989441930618,0.7593382447977253,859.2766637792931,1415.6929928299999,616.0,1862.0,6984,1416,105,1311,0.1686,21630.0,14400.0,36030.0,0.0,-12815.0,,,,,,,,,20.0,5.0,15.0,160.0,False,0.95,0.8,0.9198,130,0.9909,851.9,1508.74,736.82,1439,0.9988,0.9961,0.484,0.01,0.0,0.008,2,0.0,0.1936,0.9023,1.86,4.87,1.351,9,0.0012,0.3623
7,July,s231,urgent_first,2,3,1,6,8400,663,7737,0.0789,0.7901190476190476,1.0,0.7721339020292103,245.58004167325637,242.26111110666665,0.0,1763.0,6973,1427,0,1427,0.1699,8815.0,14400.0,23215.0,12815.0,0.0,,,,,,,,,20.0,5.0,15.0,160.0,False,0.95,0.8,0.0279,130,0.991,237.51,1252.7,748.278,1451,0.9994,0.9963,0.484,0.01,0.0,0.008,2,0.0,0.1936,0.9035,1.98,4.73,1.44,14,0.0006,0.3628
7,July,s231,rl3_dqn,2,3,1,6,8400,663,7737,0.0789,0.7153571428571428,0.9849170437405732,0.6922579811296368,853.84750959979,1507.6917562723668,10.0,2381.0,6981,1419,10,1409,0.1689,12105.0,14400.0,26505.0,9525.0,-3290.0,0.1468673718470301,0.0939075327668155,1.0,1.0,7374.0,6943.0,3.0,428.0,20.0,5.0,15.0,160.0,False,0.95,0.8,0.1077,130,0.9909,846.12,1582.19,741.21,1441,0.9989,0.9961,0.4845,0.01,0.0,0.007,2,0.0,0.1938,0.9047,2.0,5.63,1.451,9,0.0011,0.3633
7,July,s321,fifo,3,2,1,6,8400,663,7737,0.0789,0.8495238095238096,0.12217194570135746,0.9118521390719917,484.7851012706403,751.2535842166667,582.0,682.0,7667,733,51,682,0.0873,15050.0,14400.0,29450.0,0.0,-10090.0,,,,,,,,,20.0,5.0,15.0,160.0,False,0.95,0.8,0.8278,130,0.7946,31.93,70.3,27.947,115,0.1371,0.3803,0.8693,11.02,26.22,9.632,36,0.0418,0.3688,0.9901,436.05,735.25,375.836,702,0.8211,0.9602
7,July,s321,urgent_first,3,2,1,6,8400,663,7737,0.0789,0.8819047619047619,1.0,0.8717849295592607,209.1880352237401,227.78521504166667,0.0,992.0,7646,754,0,754,0.0898,4960.0,14400.0,19360.0,10090.0,0.0,,,,,,,,,20.0,5.0,15.0,160.0,True,0.95,0.8,0.0,130,0.7945,32.34,172.93,28.396,113,0.0165,0.455,0.8693,11.68,75.39,10.306,39,0.0079,0.4069,0.9897,157.1,351.68,389.22,723,0.9755,0.991
7,July,s321,rl3_dqn,3,2,1,6,8400,663,7737,0.0789,0.9110714285714285,1.0,0.9034509499806126,491.7178031479216,814.1935125447667,0.0,747.0,7653,747,0,747,0.0889,3735.0,14400.0,18135.0,11315.0,1225.0,0.44068592905802206,0.20447711326428333,1.0,1.0,4257.0,2993.0,603.0,661.0,20.0,5.0,15.0,160.0,True,0.95,0.8,0.0,130,0.7946,32.04,72.96,28.04,113,0.7802,0.5075,0.8693,11.51,27.83,10.055,37,0.2198,0.4043,0.99,442.33,805.59,383.696,716,0.0,0.796
7,July,s132,fifo,1,3,2,6,8400,663,7737,0.0789,0.08976190476190476,0.01809954751131222,0.09590280470466589,2859.1776817140208,5031.817634403334,651.0,6995.0,3515,4885,379,4506,0.5815,47995.0,14400.0,62395.0,0.0,-22430.0,,,,,,,,,20.0,5.0,15.0,160.0,False,0.95,0.8,1.636,130,0.993,2854.82,5266.58,2464.881,4895,1.0,0.9972,0.2434,0.0,0.0,0.0,1,0.0,0.0974,0.2273,0.0,0.0,0.001,2,0.0,0.0909
7,July,s132,urgent_first,1,3,2,6,8400,663,7737,0.0789,0.39130952380952383,1.0,0.3391495411658266,214.1171281878418,168.97365591,0.0,5113.0,3438,4962,0,4962,0.5907,25565.0,14400.0,39965.0,22430.0,0.0,,,,,,,,,20.0,5.0,15.0,160.0,False,0.95,0.8,0.4609,130,0.993,207.96,1018.46,2504.653,4972,1.0,0.9972,0.2453,0.0,0.0,0.0,1,0.0,0.0981,0.2288,0.0,0.0,0.001,2,0.0,0.0915
7,July,s132,rl3_dqn,1,3,2,6,8400,663,7737,0.0789,0.12178571428571429,0.6138763197586727,0.07961742277368489,2601.402912597416,5349.1294086021435,256.0,7121.0,3488,4912,16,4896,0.5848,40725.0,14400.0,55125.0,7270.0,-15160.0,0.1858457997698504,0.1858457997698504,0.0,0.0,3476.0,3476.0,0.0,0.0,20.0,5.0,15.0,160.0,False,0.95,0.8,1.0565,130,0.9928,2596.35,5701.17,2486.888,4923,1.0,0.9971,0.2467,0.0,0.0,0.0,1,0.0,0.0987,0.2315,0.0,0.0,0.001,2,0.0,0.0926
8,August,s332,fifo,3,3,2,8,8400,683,7717,0.0813,0.9977380952380952,0.9941434846266471,0.9980562394712972,39.01136318776597,71.80698923333333,4.0,15.0,8381,19,4,15,0.0023,155.0,19200.0,19355.0,0.0,-85.0,,,,,,,,,20.0,5.0,15.0,160.0,True,0.95,0.8,0.0,131,0.8002,32.73,74.29,28.646,106,0.9955,0.9192,0.5837,0.14,0.88,0.126,4,0.0045,0.238,0.5424,0.15,0.83,0.135,4,0.0,0.2205
8,August,s332,urgent_first,3,3,2,8,8400,683,7717,0.0813,0.9983333333333333,1.0,0.998185823506544,39.386352480529055,138.69659497499998,0.0,14.0,8386,14,0,14,0.0017,70.0,19200.0,19270.0,85.0,0.0,,,,,,,,,20.0,5.0,15.0,160.0,True,0.95,0.8,0.0,131,0.8,33.12,173.46,29.079,110,1.0,0.92,0.5839,0.14,0.88,0.124,5,0.0,0.2355,0.5429,0.16,0.85,0.144,4,0.0,0.2191
8,August,s332,rl3_dqn,3,3,2,8,8400,683,7717,0.0813,0.9977380952380952,0.9985358711566618,0.9976674873655565,39.13355738509153,73.70376344086667,1.0,18.0,8381,19,1,18,0.0023,110.0,19200.0,19310.0,45.0,-40.0,0.10527040044034677,0.08577052868391451,1.0,1.0,7267.0,7112.0,84.0,71.0,20.0,5.0,15.0,160.0,True,0.95,0.8,0.0,131,0.8003,32.85,77.15,28.75,107,1.0,0.9201,0.5837,0.15,0.9,0.127,5,0.0,0.2371,0.5425,0.16,0.83,0.139,4,0.0,0.2204
8,August,s232,fifo,2,3,2,7,8400,683,7717,0.0813,0.6132142857142857,0.07613469985358712,0.6607489957237268,886.5856986214884,1623.84082436,631.0,2618.0,6927,1473,111,1362,0.1754,25710.0,16800.0,42510.0,0.0,-16470.0,,,,,,,,,20.0,5.0,15.0,160.0,False,0.95,0.8,1.0131,131,0.9917,880.87,1679.86,765.783,1501,0.9999,0.9967,0.4831,0.01,0.0,0.009,2,0.0,0.1932,0.4485,0.06,0.47,0.04,2,0.0,0.1795
8,August,s232,urgent_first,2,3,2,7,8400,683,7717,0.0813,0.78,1.0,0.7605287028638071,243.6162462576056,244.23311826666668,0.0,1848.0,6905,1495,0,1495,0.178,9240.0,16800.0,26040.0,16470.0,0.0,,,,,,,,,20.0,5.0,15.0,160.0,False,0.95,0.8,0.0395,131,0.9916,237.48,1649.7,784.564,1523,1.0,0.9966,0.483,0.01,0.0,0.009,2,0.0,0.1932,0.4493,0.06,0.51,0.043,3,0.0,0.1798
8,August,s232,rl3_dqn,2,3,2,7,8400,683,7717,0.0813,0.6340476190476191,0.9751098096632503,0.6038616042503564,884.0157360428478,1748.1448028674333,17.0,3057.0,6911,1489,13,1476,0.1773,15625.0,16800.0,32425.0,10085.0,-6385.0,0.10008728542333431,0.09772462077012835,1.0,1.0,6874.0,6856.0,6.0,12.0,20.0,5.0,15.0,160.0,False,0.95,0.8,0.1961,131,0.9916,878.23,1829.51,773.297,1511,1.0,0.9966,0.4835,0.01,0.0,0.007,2,0.0,0.1934,0.4492,0.06,0.48,0.041,3,0.0,0.1798
8,August,s432,fifo,4,3,2,9,8400,683,7717,0.0813,0.9998809523809524,1.0,0.9998704159647531,16.101576792320518,28.399139773333328,0.0,1.0,8399,1,0,1,0.0001,5.0,21600.0,21605.0,0.0,0.0,,,,,,,,,20.0,5.0,15.0,160.0,True,0.95,0.8,0.0,131,0.601,8.47,25.41,7.413,56,0.0,0.6404,0.5848,1.26,4.2,1.105,13,0.0,0.2976,0.5437,0.38,1.27,0.33,5,0.0,0.2366
8,August,s432,urgent_first,4,3,2,9,8400,683,7717,0.0813,0.9998809523809524,1.0,0.9998704159647531,16.152082804941063,27.51448027333332,0.0,1.0,8399,1,0,1,0.0001,5.0,21600.0,21605.0,0.0,0.0,,,,,,,,,20.0,5.0,15.0,160.0,True,0.95,0.8,0.0,131,0.601,8.49,48.89,7.432,55,0.0,0.6404,0.5848,1.29,3.48,1.131,18,0.0,0.2745,0.5437,0.38,1.23,0.33,5,0.0,0.2304
8,August,s432,rl3_dqn,4,3,2,9,8400,683,7717,0.0813,0.9998809523809524,1.0,0.9998704159647531,16.1315148884861,29.542329749126665,0.0,1.0,8399,1,0,1,0.0001,5.0,21600.0,21605.0,0.0,0.0,0.1607543780871127,0.07230311052283256,1.0,1.0,6681.0,6044.0,441.0,196.0,20.0,5.0,15.0,160.0,True,0.95,0.8,0.0,131,0.601,8.43,27.2,7.38,54,0.0,0.6404,0.5848,1.32,4.63,1.155,13,0.0,0.3,0.5437,0.39,1.33,0.34,6,0.0,0.2367
8,August,s322,fifo,3,2,2,7,8400,683,7717,0.0813,0.9953571428571428,0.9926793557833089,0.9955941428016069,50.19040072149663,90.92275984999999,5.0,34.0,8361,39,5,34,0.0046,270.0,16800.0,17070.0,0.0,-105.0,,,,,,,,,20.0,5.0,15.0,160.0,True,0.95,0.8,0.0,131,0.8002,32.73,74.29,28.646,106,0.9747,0.915,0.8736,11.51,25.08,10.05,40,0.0253,0.4915,0.5411,0.01,0.1,0.012,2,0.0,0.2169
8,August,s322,urgent_first,3,2,2,7,8400,683,7717,0.0813,0.9960714285714286,1.0,0.9957237268368537,50.809203647639535,160.6643369066667,0.0,33.0,8367,33,0,33,0.0039,165.0,16800.0,16965.0,105.0,0.0,,,,,,,,,20.0,5.0,15.0,160.0,True,0.95,0.8,0.0,131,0.8,33.12,173.46,29.079,110,0.9893,0.9178,0.8738,11.77,72.92,10.367,39,0.0107,0.5102,0.5417,0.01,0.1,0.013,2,0.0,0.2169
8,August,s322,rl3_dqn,3,2,2,7,8400,683,7717,0.0813,0.9954761904761905,0.9985358711566618,0.9952053906958662,50.674616030533294,93.95336917566668,1.0,37.0,8362,38,1,37,0.0045,205.0,16800.0,17005.0,65.0,-40.0,0.15774074545223254,0.08321794516754362,1.0,1.0,7861.0,7222.0,637.0,2.0,20.0,5.0,15.0,160.0,True,0.95,0.8,0.0,131,0.8003,32.85,77.12,28.752,107,0.9874,0.9176,0.8736,11.88,26.93,10.371,41,0.0126,0.4934,0.5413,0.02,0.12,0.013,2,0.0,0.217
8,August,s342,fifo,3,4,2,9,8400,683,7717,0.0813,0.9978571428571429,0.9956076134699854,0.9980562394712972,38.93208536580171,71.82046594833335,3.0,15.0,8382,18,3,15,0.0021,135.0,21600.0,21735.0,0.0,-65.0,,,,,,,,,20.0,5.0,15.0,160.0,True,0.95,0.8,0.0,131,0.8002,32.73,74.29,28.646,106,1.0,0.9201,0.4379,0.01,0.0,0.011,3,0.0,0.1752,0.5425,0.21,1.0,0.179,5,0.0,0.2213
8,August,s342,urgent_first,3,4,2,9,8400,683,7717,0.0813,0.9983333333333333,1.0,0.998185823506544,39.30931535516138,138.47894264166666,0.0,14.0,8386,14,0,14,0.0017,70.0,21600.0,21670.0,65.0,0.0,,,,,,,,,20.0,5.0,15.0,160.0,True,0.95,0.8,0.0,131,0.8,33.12,173.46,29.079,110,1.0,0.92,0.4379,0.01,0.0,0.013,3,0.0,0.1752,0.5429,0.22,1.03,0.188,6,0.0,0.2196
8,August,s342,rl3_dqn,3,4,2,9,8400,683,7717,0.0813,0.9977380952380952,0.9970717423133236,0.9977970714008034,39.043546548154076,73.6222222222,2.0,17.0,8381,19,2,17,0.0023,125.0,21600.0,21725.0,10.0,-55.0,0.1011343446767801,0.08423837371205792,1.0,1.0,7317.0,7182.0,11.0,124.0,20.0,5.0,15.0,160.0,True,0.95,0.8,0.0,131,0.8003,32.84,77.07,28.741,107,1.0,0.9201,0.4378,0.01,0.0,0.011,3,0.0,0.1752,0.5424,0.21,1.02,0.184,5,0.0,0.2212
8,August,s331,fifo,3,3,1,7,8400,683,7717,0.0813,0.8507142857142858,0.1815519765739385,0.909939095503434,485.70264703244675,834.1179211333333,559.0,695.0,7651,749,54,695,0.0892,14655.0,16800.0,31455.0,0.0,-9525.0,,,,,,,,,20.0,5.0,15.0,160.0,False,0.95,0.8,0.7684,131,0.8002,32.73,74.29,28.646,106,0.1225,0.3787,0.5837,0.14,0.88,0.126,4,0.0006,0.2339,0.9908,446.21,809.89,386.138,732,0.8769,0.9717
8,August,s331,urgent_first,3,3,1,7,8400,683,7717,0.0813,0.8778571428571429,1.0,0.8670467798367241,195.07544358759543,235.00985661666667,0.0,1026.0,7641,759,0,759,0.0904,5130.0,16800.0,21930.0,9525.0,0.0,,,,,,,,,20.0,5.0,15.0,160.0,True,0.95,0.8,0.0,131,0.8,33.12,173.46,29.079,110,0.0135,0.4133,0.5839,0.14,0.88,0.124,5,0.0002,0.2341,0.9907,153.78,545.48,392.569,746,0.9864,0.9936
8,August,s331,rl3_dqn,3,3,1,7,8400,683,7717,0.0813,0.9091666666666667,1.0,0.9011273811066477,493.13794029069106,916.9695698924534,0.0,763.0,7637,763,0,763,0.0908,3815.0,16800.0,20615.0,10840.0,1315.0,0.38339811215991115,0.22206654991243432,1.0,1.0,3602.0,2855.0,64.0,683.0,20.0,5.0,15.0,160.0,True,0.95,0.8,0.0,131,0.8004,32.99,78.49,28.874,108,0.9952,0.552,0.5836,0.14,0.9,0.123,5,0.0048,0.2347,0.9908,453.63,895.96,395.291,746,0.0,0.7963
8,August,s333,fifo,3,3,3,9,8400,683,7717,0.0813,0.9978571428571429,0.9956076134699854,0.9980562394712972,38.86341440421737,71.66218637833333,3.0,15.0,8382,18,3,15,0.0021,135.0,21600.0,21735.0,0.0,-65.0,,,,,,,,,20.0,5.0,15.0,160.0,True,0.95,0.8,0.0,131,0.8002,32.73,74.29,28.646,106,0.9957,0.9192,0.5837,0.14,0.88,0.126,4,0.0043,0.238,0.3617,0.01,0.0,0.004,2,0.0,0.1447
8,August,s333,urgent_first,3,3,3,9,8400,683,7717,0.0813,0.9983333333333333,1.0,0.998185823506544,39.227244045836315,138.399014325,0.0,14.0,8386,14,0,14,0.0017,70.0,21600.0,21670.0,65.0,0.0,,,,,,,,,20.0,5.0,15.0,160.0,True,0.95,0.8,0.0,131,0.8,33.12,173.46,29.079,110,1.0,0.92,0.5839,0.14,0.88,0.124,5,0.0,0.2355,0.3619,0.01,0.0,0.005,2,0.0,0.1448
8,August,s333,rl3_dqn,3,3,3,9,8400,683,7717,0.0813,0.9977380952380952,1.0,0.9975379033303097,38.98461839140423,73.84946236563333,0.0,19.0,8381,19,0,19,0.0023,95.0,21600.0,21695.0,40.0,-25.0,0.09923339011925042,0.08757549611734254,1.0,1.0,7044.0,6954.0,84.0,6.0,20.0,5.0,15.0,160.0,True,0.95,0.8,0.0,131,0.8003,32.85,77.11,28.754,107,1.0,0.9201,0.5837,0.15,0.93,0.131,5,0.0,0.2372,0.3617,0.01,0.0,0.004,2,0.0,0.1447
8,August,s221,fifo,2,2,1,5,8400,683,7717,0.0813,0.6129761904761905,0.07613469985358712,0.6604898276532332,887.8622623850381,1624.6728673766668,631.0,2620.0,6922,1478,112,1366,0.176,25720.0,12000.0,37720.0,0.0,-16455.0,,,,,,,,,20.0,5.0,15.0,160.0,False,0.95,0.8,1.0134,131,0.9917,880.87,1679.86,765.783,1501,0.9986,0.9964,0.7246,0.26,1.33,0.186,4,0.0002,0.2901,0.8964,1.68,4.6,1.212,9,0.0012,0.3597
8,August,s221,urgent_first,2,2,1,5,8400,683,7717,0.0813,0.7794047619047619,1.0,0.7598807826875729,245.18867642411112,246.07471324833335,0.0,1853.0,6900,1500,0,1500,0.1786,9265.0,12000.0,21265.0,16455.0,0.0,,,,,,,,,20.0,5.0,15.0,160.0,False,0.95,0.8,0.0401,131,0.9916,237.48,1649.7,784.564,1523,0.9992,0.9965,0.7245,0.26,1.33,0.189,4,0.0001,0.2901,0.8981,1.92,4.8,1.379,11,0.0007,0.3604
8,August,s221,rl3_dqn,2,2,1,5,8400,683,7717,0.0813,0.6340476190476191,0.9751098096632503,0.6038616042503564,885.9322748939549,1749.0281362007665,17.0,3057.0,6911,1489,13,1476,0.1773,15625.0,12000.0,27625.0,10095.0,-6360.0,0.15414047553976495,0.09766763848396501,1.0,1.0,7318.0,6860.0,87.0,371.0,20.0,5.0,15.0,160.0,False,0.95,0.8,0.1961,131,0.9916,878.19,1829.39,773.271,1511,0.9988,0.9964,0.7252,0.25,1.32,0.18,4,0.0002,0.2903,0.8985,1.77,5.25,1.273,9,0.001,0.3606
8,August,s443,fifo,4,4,3,11,8400,683,7717,0.0813,0.9998809523809524,1.0,0.9998704159647531,14.595645530662381,26.565053759999998,0.0,1.0,8399,1,0,1,0.0001,5.0,26400.0,26405.0,0.0,0.0,,,,,,,,,20.0,5.0,15.0,160.0,True,0.95,0.8,0.0,131,0.601,8.47,25.41,7.413,56,0.0,0.6404,0.4386,0.09,0.62,0.075,4,0.0,0.183,0.3625,0.05,0.38,0.043,3,0.0,0.1496
8,August,s443,urgent_first,4,4,3,11,8400,683,7717,0.0813,0.9998809523809524,1.0,0.9998704159647531,14.62247610573084,24.337777776666663,0.0,1.0,8399,1,0,1,0.0001,5.0,26400.0,26405.0,0.0,0.0,,,,,,,,,20.0,5.0,15.0,160.0,True,0.95,0.8,0.0,131,0.601,8.49,48.89,7.432,55,0.0,0.6404,0.4386,0.09,0.65,0.078,5,0.0,0.1803,0.3625,0.05,0.4,0.044,3,0.0,0.1479
8,August,s443,rl3_dqn,4,4,3,11,8400,683,7717,0.0813,0.9998809523809524,1.0,0.9998704159647531,14.552507466967668,27.62526881724,0.0,1.0,8399,1,0,1,0.0001,5.0,26400.0,26405.0,0.0,0.0,0.08657651715039578,0.07343593174974908,1.0,1.0,6064.0,5978.0,56.0,30.0,20.0,5.0,15.0,160.0,True,0.95,0.8,0.0,131,0.601,8.43,27.44,7.377,55,0.0,0.6404,0.4386,0.08,0.6,0.074,5,0.0,0.1824,0.3625,0.05,0.38,0.042,3,0.0,0.1493
8,August,s442,fifo,4,4,2,10,8400,683,7717,0.0813,0.9998809523809524,1.0,0.9998704159647531,15.277798167881096,27.409605723333332,0.0,1.0,8399,1,0,1,0.0001,5.0,24000.0,24005.0,0.0,0.0,,,,,,,,,20.0,5.0,15.0,160.0,True,0.95,0.8,0.0,131,0.601,8.47,25.41,7.413,56,0.0,0.6404,0.4386,0.09,0.62,0.075,4,0.0,0.183,0.5437,0.73,2.42,0.64,10,0.0,0.2542
8,August,s442,urgent_first,4,4,2,10,8400,683,7717,0.0813,0.9998809523809524,1.0,0.9998704159647531,15.329887702349486,25.77383512,0.0,1.0,8399,1,0,1,0.0001,5.0,24000.0,24005.0,0.0,0.0,,,,,,,,,20.0,5.0,15.0,160.0,True,0.95,0.8,0.0,131,0.601,8.49,48.89,7.432,55,0.0,0.6404,0.4386,0.09,0.65,0.078,5,0.0,0.1803,0.5437,0.76,2.22,0.663,10,0.0,0.2422
8,August,s442,rl3_dqn,4,4,2,10,8400,683,7717,0.0813,0.9998809523809524,1.0,0.9998704159647531,15.230234974210592,28.49896057347333,0.0,1.0,8399,1,0,1,0.0001,5.0,24000.0,24005.0,0.0,0.0,0.13233012721067328,0.07293220619923753,1.0,1.0,6446.0,6033.0,53.0,360.0,20.0,5.0,15.0,160.0,True,0.95,0.8,0.0,131,0.601,8.43,27.19,7.38,55,0.0,0.6404,0.4386,0.09,0.63,0.077,4,0.0,0.1828,0.5437,0.72,2.47,0.63,8,0.0,0.253
8,August,s433,fifo,4,3,3,10,8400,683,7717,0.0813,0.9998809523809524,1.0,0.9998704159647531,15.731671644882324,27.89422938,0.0,1.0,8399,1,0,1,0.0001,5.0,24000.0,24005.0,0.0,0.0,,,,,,,,,20.0,5.0,15.0,160.0,True,0.95,0.8,0.0,131,0.601,8.47,25.41,7.413,56,0.0,0.6404,0.5848,1.26,4.2,1.105,13,0.0,0.2976,0.3625,0.01,0.0,0.007,2,0.0,0.1451
8,August,s433,urgent_first,4,3,3,10,8400,683,7717,0.0813,0.9998809523809524,1.0,0.9998704159647531,15.783312713263483,27.072114683333332,0.0,1.0,8399,1,0,1,0.0001,5.0,24000.0,24005.0,0.0,0.0,,,,,,,,,20.0,5.0,15.0,160.0,True,0.95,0.8,0.0,131,0.601,8.49,48.89,7.432,55,0.0,0.6404,0.5848,1.29,3.48,1.131,18,0.0,0.2745,0.3625,0.01,0.0,0.007,2,0.0,0.1451
8,August,s433,rl3_dqn,4,3,3,10,8400,683,7717,0.0813,0.9998809523809524,1.0,0.9998704159647531,15.748683599046883,28.98455197132,0.0,1.0,8399,1,0,1,0.0001,5.0,24000.0,24005.0,0.0,0.0,0.13973193652749963,0.07427055702917772,1.0,1.0,6491.0,6032.0,443.0,16.0,20.0,5.0,15.0,160.0,True,0.95,0.8,0.0,131,0.601,8.43,26.95,7.386,54,0.0,0.6404,0.5848,1.31,4.58,1.148,13,0.0,0.2997,0.3625,0.01,0.0,0.007,3,0.0,0.1451
8,August,s343,fifo,3,4,3,10,8400,683,7717,0.0813,0.9979761904761905,0.9956076134699854,0.998185823506544,38.74927042593145,71.50996415333334,3.0,14.0,8383,17,3,14,0.002,130.0,24000.0,24130.0,0.0,-60.0,,,,,,,,,20.0,5.0,15.0,160.0,True,0.95,0.8,0.0,131,0.8002,32.73,74.29,28.646,106,1.0,0.9201,0.4379,0.01,0.0,0.011,3,0.0,0.1752,0.3617,0.02,0.12,0.018,3,0.0,0.1452
8,August,s343,urgent_first,3,4,3,10,8400,683,7717,0.0813,0.9983333333333333,1.0,0.998185823506544,39.11586396792869,138.38512544166667,0.0,14.0,8386,14,0,14,0.0017,70.0,24000.0,24070.0,60.0,0.0,,,,,,,,,20.0,5.0,15.0,160.0,True,0.95,0.8,0.0,131,0.8,33.12,173.46,29.079,110,1.0,0.92,0.4379,0.01,0.0,0.013,3,0.0,0.1752,0.3619,0.02,0.15,0.019,3,0.0,0.1451
8,August,s343,rl3_dqn,3,4,3,10,8400,683,7717,0.0813,0.9977380952380952,0.9985358711566618,0.9976674873655565,38.85414363176057,73.63458781366667,1.0,18.0,8381,19,1,18,0.0023,110.0,24000.0,24110.0,20.0,-40.0,0.09041873669268985,0.08652886671418389,1.0,1.0,7045.0,7015.0,9.0,21.0,20.0,5.0,15.0,160.0,True,0.95,0.8,0.0,131,0.8003,32.84,77.27,28.743,107,1.0,0.9201,0.4379,0.01,0.0,0.011,4,0.0,0.1752,0.3617,0.02,0.13,0.019,3,0.0,0.1452
8,August,s222,fifo,2,2,2,6,8400,683,7717,0.0813,0.6130952380952381,0.07613469985358712,0.6606194116884799,886.7865118643546,1623.84082436,631.0,2619.0,6927,1473,111,1362,0.1754,25715.0,14400.0,40115.0,0.0,-16470.0,,,,,,,,,20.0,5.0,15.0,160.0,False,0.95,0.8,1.0132,131,0.9917,880.87,1679.86,765.783,1501,0.9998,0.9966,0.7246,0.26,1.33,0.186,4,0.0002,0.2901,0.4485,0.01,0.07,0.009,2,0.0,0.1794
8,August,s222,urgent_first,2,2,2,6,8400,683,7717,0.0813,0.7798809523809523,1.0,0.7603991188285604,243.2182404377976,244.08021504333345,0.0,1849.0,6903,1497,0,1497,0.1782,9245.0,14400.0,23645.0,16470.0,0.0,,,,,,,,,20.0,5.0,15.0,160.0,False,0.95,0.8,0.0396,131,0.9916,237.48,1649.7,784.564,1523,0.9999,0.9966,0.7245,0.26,1.33,0.189,4,0.0001,0.2901,0.4492,0.01,0.05,0.009,2,0.0,0.1797
8,August,s222,rl3_dqn,2,2,2,6,8400,683,7717,0.0813,0.6340476190476191,0.9751098096632503,0.6038616042503564,884.2037358499188,1748.1448028674333,17.0,3057.0,6911,1489,13,1476,0.1773,15625.0,14400.0,30025.0,10090.0,-6380.0,0.10839211170289334,0.09761072261072261,1.0,1.0,6947.0,6864.0,77.0,6.0,20.0,5.0,15.0,160.0,False,0.95,0.8,0.1961,131,0.9916,878.22,1829.23,773.29,1511,0.9998,0.9966,0.7252,0.25,1.31,0.182,4,0.0002,0.2903,0.4492,0.01,0.03,0.008,2,0.0,0.1797
8,August,s231,fifo,2,3,1,6,8400,683,7717,0.0813,0.6129761904761905,0.07613469985358712,0.6604898276532332,887.730051078094,1624.3474014266667,631.0,2620.0,6922,1478,112,1366,0.176,25720.0,14400.0,40120.0,0.0,-16455.0,,,,,,,,,20.0,5.0,15.0,160.0,False,0.95,0.8,1.0134,131,0.9917,880.87,1679.86,765.783,1501,0.9987,0.9964,0.4831,0.01,0.0,0.009,2,0.0,0.1932,0.8964,1.79,4.73,1.293,9,0.0013,0.3598
8,August,s231,urgent_first,2,3,1,6,8400,683,7717,0.0813,0.7794047619047619,1.0,0.7598807826875729,245.04998817414977,245.5256630750001,0.0,1853.0,6900,1500,0,1500,0.1786,9265.0,14400.0,23665.0,16455.0,0.0,,,,,,,,,20.0,5.0,15.0,160.0,False,0.95,0.8,0.0401,131,0.9916,237.48,1649.7,784.564,1523,0.9993,0.9965,0.483,0.01,0.0,0.009,2,0.0,0.1932,0.8981,2.02,5.12,1.456,11,0.0007,0.3604
8,August,s231,rl3_dqn,2,3,1,6,8400,683,7717,0.0813,0.6336904761904761,0.9707174231332357,0.6038616042503564,885.8258382952957,1748.8378136200333,20.0,3057.0,6911,1489,13,1476,0.1773,15685.0,14400.0,30085.0,10035.0,-6420.0,0.1540348964013086,0.09744037230948226,1.0,1.0,7336.0,6876.0,6.0,454.0,20.0,5.0,15.0,160.0,False,0.95,0.8,0.1961,131,0.9916,878.19,1828.48,773.268,1511,0.9988,0.9964,0.4835,0.01,0.0,0.008,2,0.0,0.1934,0.8985,1.91,5.5,1.372,9,0.0012,0.3606
8,August,s321,fifo,3,2,1,6,8400,683,7717,0.0813,0.8507142857142858,0.1815519765739385,0.909939095503434,485.8259816727988,834.2620071666666,559.0,695.0,7651,749,54,695,0.0892,14655.0,14400.0,29055.0,0.0,-9655.0,,,,,,,,,20.0,5.0,15.0,160.0,False,0.95,0.8,0.7684,131,0.8002,32.73,74.29,28.646,106,0.1194,0.3786,0.8736,11.51,25.08,10.05,40,0.0466,0.3706,0.9908,434.97,799.07,376.317,712,0.834,0.9631
8,August,s321,urgent_first,3,2,1,6,8400,683,7717,0.0813,0.8809523809523809,1.0,0.8704159647531424,189.29030843517137,229.1453763433333,0.0,1000.0,7644,756,0,756,0.09,5000.0,14400.0,19400.0,9655.0,0.0,,,,,,,,,20.0,5.0,15.0,160.0,True,0.95,0.8,0.0,131,0.8,33.12,173.46,29.079,110,0.0251,0.4581,0.8738,11.77,72.92,10.367,39,0.0103,0.4068,0.9908,136.97,356.31,383.468,725,0.9646,0.9892
8,August,s321,rl3_dqn,3,2,1,6,8400,683,7717,0.0813,0.9091666666666667,1.0,0.9011273811066477,493.2153288813243,917.1157347670134,0.0,763.0,7637,763,0,763,0.0908,3815.0,14400.0,18215.0,10840.0,1185.0,0.4158689640502021,0.18757396449704142,1.0,1.0,4701.0,3380.0,638.0,683.0,20.0,5.0,15.0,160.0,True,0.95,0.8,0.0,131,0.8004,32.97,78.25,28.861,108,0.7041,0.4944,0.8737,12.03,26.9,10.5,41,0.2959,0.4204,0.9908,441.9,881.39,384.993,725,0.0,0.7963
8,August,s132,fifo,1,3,2,6,8400,683,7717,0.0813,0.09892857142857144,0.016105417276720352,0.10625890890242322,2856.05179681699,5082.56537634,672.0,6897.0,3500,4900,396,4504,0.5833,47925.0,14400.0,62325.0,0.0,-22065.0,,,,,,,,,20.0,5.0,15.0,160.0,False,0.95,0.8,1.6276,131,0.9927,2851.69,5299.1,2484.686,4908,1.0,0.9971,0.2417,0.0,0.0,0.0,1,0.0,0.0967,0.2263,0.0,0.0,0.001,2,0.0,0.0905
8,August,s132,urgent_first,1,3,2,6,8400,683,7717,0.0813,0.3842857142857143,1.0,0.32979136970325257,217.12151706844412,169.33544802,0.0,5172.0,3385,5015,0,5015,0.597,25860.0,14400.0,40260.0,22065.0,0.0,,,,,,,,,20.0,5.0,15.0,160.0,False,0.95,0.8,0.4702,131,0.9926,210.85,1091.41,2527.521,5023,1.0,0.997,0.2435,0.0,0.0,0.0,1,0.0,0.0974,0.2258,0.0,0.0,0.001,2,0.0,0.0903
8,August,s132,rl3_dqn,1,3,2,6,8400,683,7717,0.0813,0.12880952380952382,0.6793557833089312,0.08008293378255799,2543.692186306697,5413.327329749083,219.0,7099.0,3426,4974,17,4957,0.5921,39875.0,14400.0,54275.0,8050.0,-14015.0,0.19490781387181738,0.19490781387181738,0.0,0.0,3417.0,3417.0,0.0,0.0,20.0,5.0,15.0,160.0,False,0.95,0.8,0.9906,131,0.9923,2537.57,5758.14,2507.504,4982,1.0,0.9969,0.2444,0.0,0.0,0.0,1,0.0,0.0977,0.2286,0.0,0.0,0.001,2,0.0,0.0914
9,September,s853,fifo,8,5,3,16,16800,2055,14745,0.1223,0.9955952380952381,0.9961070559610705,0.9955239064089522,38.91713897714536,66.22962961666667,8.0,66.0,16726,74,8,66,0.0044,490.0,38400.0,38890.0,0.0,-110.0,,,,,,,,,20.0,5.0,15.0,160.0,True,0.95,0.8,0.0,132,0.7731,29.38,62.97,51.525,169,0.9957,0.9084,0.7717,2.09,5.87,3.648,26,0.0043,0.3434,0.7289,0.44,1.33,0.772,8,0.0,0.2991
9,September,s853,urgent_first,8,5,3,16,16800,2055,14745,0.1223,0.9954761904761905,1.0,0.9948457104103086,39.14461163897493,130.37851850666667,0.0,76.0,16724,76,0,76,0.0045,380.0,38400.0,38780.0,110.0,0.0,,,,,,,,,20.0,5.0,15.0,160.0,True,0.95,0.8,0.0,132,0.7731,29.36,160.72,52.182,178,0.9943,0.9081,0.7715,2.34,7.53,4.075,25,0.0057,0.3332,0.7289,0.47,1.37,0.813,9,0.0,0.296
9,September,s853,rl3_dqn,8,5,3,16,16800,2055,14745,0.1223,0.9954761904761905,0.9990267639902677,0.9949813496100373,39.48144770877101,71.29592592593667,2.0,74.0,16724,76,2,74,0.0045,410.0,38400.0,38810.0,80.0,-30.0,0.2507863401482813,0.12065643478838615,0.9427312775330396,1.0,17804.0,15051.0,1816.0,937.0,20.0,5.0,15.0,160.0,True,0.95,0.8,0.0,132,0.7732,29.66,65.96,52.025,178,0.9925,0.9078,0.7716,2.38,7.08,4.143,25,0.0075,0.3489,0.7288,0.45,1.4,0.78,9,0.0,0.2991
9,September,s753,fifo,7,5,3,15,16800,2055,14745,0.1223,0.9922619047619048,0.9931873479318735,0.9921329264157341,52.333123478351325,91.44092591833333,14.0,116.0,16670,130,14,116,0.0077,860.0,36000.0,36860.0,0.0,-190.0,,,,,,,,,20.0,5.0,15.0,160.0,True,0.95,0.8,0.0,132,0.8805,44.74,93.2,78.482,214,0.9969,0.9516,0.7691,0.34,1.4,0.596,10,0.0031,0.3132,0.7265,0.25,0.97,0.431,7,0.0,0.294
9,September,s753,urgent_first,7,5,3,15,16800,2055,14745,0.1223,0.9920238095238095,1.0,0.9909121736181756,52.17980585083003,175.99722221666667,0.0,134.0,16666,134,0,134,0.008,670.0,36000.0,36670.0,190.0,0.0,,,,,,,,,20.0,5.0,15.0,160.0,True,0.95,0.8,0.0,132,0.8805,44.57,201.81,79.384,229,0.9954,0.9513,0.769,0.35,1.4,0.612,9,0.0046,0.3114,0.7265,0.26,1.0,0.452,7,0.0,0.2927
9,September,s753,rl3_dqn,7,5,3,15,16800,2055,14745,0.1223,0.9923214285714286,0.9985401459854014,0.9914547304170905,52.81272369184043,95.38148148146666,3.0,126.0,16671,129,3,126,0.0077,690.0,36000.0,36690.0,170.0,-20.0,0.198455784775003,0.12268763213530655,0.9888059701492538,1.0,16578.0,15136.0,804.0,638.0,20.0,5.0,15.0,160.0,True,0.95,0.8,0.0,132,0.8803,45.18,95.8,79.28,226,0.9948,0.9511,0.7691,0.37,1.55,0.636,9,0.0052,0.3139,0.7266,0.26,1.02,0.449,7,0.0,0.2942
9,September,s953,fifo,9,5,3,17,16800,2055,14745,0.1223,0.99625,0.9961070559610705,0.9962699220074601,37.183798362806954,63.66555554,8.0,55.0,16737,63,8,55,0.0037,435.0,40800.0,41235.0,0.0,-95.0,,,,,,,,,20.0,5.0,15.0,160.0,True,0.95,0.8,0.0,132,0.6897,17.8,40.23,31.161,134,0.9592,0.8677,0.7721,11.95,25.17,20.902,79,0.0408,0.574,0.7293,0.46,1.37,0.804,9,0.0,0.3041
9,September,s953,urgent_first,9,5,3,17,16800,2055,14745,0.1223,0.9959523809523809,1.0,0.9953882672092235,37.38740115713902,115.83944443499999,0.0,68.0,16732,68,0,68,0.004,340.0,40800.0,41140.0,95.0,0.0,,,,,,,,,20.0,5.0,15.0,160.0,True,0.95,0.8,0.0,132,0.6897,17.92,114.26,31.424,140,0.9988,0.8756,0.7721,12.12,86.75,21.438,77,0.0012,0.6012,0.7293,0.48,1.42,0.839,8,0.0,0.2988
9,September,s953,rl3_dqn,9,5,3,17,16800,2055,14745,0.1223,0.9961309523809524,0.9995133819951338,0.9956595456086809,37.77909061735801,68.50370370372,1.0,64.0,16735,65,1,64,0.0039,340.0,40800.0,41140.0,95.0,0.0,0.22283829644854453,0.1206612704074633,0.3525315264445699,1.0,20921.0,14578.0,5313.0,1030.0,20.0,5.0,15.0,160.0,True,0.95,0.8,0.0,132,0.6898,17.95,43.17,31.42,132,0.9406,0.864,0.7721,12.4,26.23,21.678,79,0.0594,0.5761,0.7293,0.47,1.45,0.827,9,0.0,0.3041
9,September,s843,fifo,8,4,3,15,16800,2055,14745,0.1223,0.9907738095238096,0.9927007299270073,0.9905052560189895,66.12535562091819,114.86592592,15.0,140.0,16645,155,15,140,0.0092,1000.0,36000.0,37000.0,0.0,-235.0,,,,,,,,,20.0,5.0,15.0,160.0,True,0.95,0.8,0.0,132,0.7731,29.38,62.97,51.525,169,0.9848,0.9053,0.9597,29.79,58.47,51.839,146,0.0152,0.7691,0.7254,0.08,0.52,0.145,4,0.0,0.2926
9,September,s843,urgent_first,8,4,3,15,16800,2055,14745,0.1223,0.9908928571428571,1.0,0.9896236012207528,67.07524277841853,190.18703703333333,0.0,153.0,16647,153,0,153,0.0091,765.0,36000.0,36765.0,235.0,0.0,,,,,,,,,20.0,5.0,15.0,160.0,True,0.95,0.8,0.0,132,0.7731,29.36,160.72,52.182,178,0.9969,0.8681,0.9598,30.65,187.8,53.802,152,0.0031,0.7845,0.7256,0.08,0.53,0.146,4,0.0,0.2914
9,September,s843,rl3_dqn,8,4,3,15,16800,2055,14745,0.1223,0.9908928571428571,0.9985401459854014,0.9898270600203459,67.36073789293619,119.54555555554666,3.0,150.0,16647,153,3,150,0.0091,810.0,36000.0,36810.0,190.0,-45.0,0.18626018941714179,0.12392226631996715,0.308727948003714,1.0,21223.0,14614.0,6462.0,147.0,20.0,5.0,15.0,160.0,True,0.95,0.8,0.0,132,0.7732,29.63,65.78,51.968,177,0.9842,0.9016,0.9598,30.79,60.23,53.575,147,0.0158,0.766,0.7256,0.08,0.5,0.138,3,0.0,0.2925
9,September,s863,fifo,8,6,3,17,16800,2055,14745,0.1223,0.9956547619047619,0.9956204379562044,0.9956595456086809,37.50393275532871,64.43444443333333,9.0,64.0,16727,73,9,64,0.0043,500.0,40800.0,41300.0,0.0,-125.0,,,,,,,,,20.0,5.0,15.0,160.0,True,0.95,0.8,0.0,132,0.7731,29.38,62.97,51.525,169,0.9996,0.9092,0.6431,0.19,0.97,0.324,9,0.0004,0.2621,0.7289,0.94,2.82,1.631,17,0.0,0.3075
9,September,s863,urgent_first,8,6,3,17,16800,2055,14745,0.1223,0.9955357142857143,1.0,0.9949135300101729,37.54962928938814,128.26592592,0.0,75.0,16725,75,0,75,0.0045,375.0,40800.0,41175.0,125.0,0.0,,,,,,,,,20.0,5.0,15.0,160.0,True,0.95,0.8,0.0,132,0.7731,29.36,160.72,52.182,178,1.0,0.9093,0.6429,0.18,0.95,0.322,8,0.0,0.2596,0.7289,1.02,2.87,1.772,18,0.0,0.3011
9,September,s863,rl3_dqn,8,6,3,17,16800,2055,14745,0.1223,0.9955357142857143,0.9990267639902677,0.9950491692099016,37.81050489951865,68.72444444448668,2.0,73.0,16725,75,2,73,0.0045,405.0,40800.0,41205.0,95.0,-30.0,0.21709832415328723,0.12015658174097664,0.8387096774193549,1.0,17066.0,15072.0,620.0,1374.0,20.0,5.0,15.0,160.0,True,0.95,0.8,0.0,132,0.7732,29.65,65.89,52.0,177,1.0,0.9093,0.6431,0.19,1.02,0.337,9,0.0,0.2621,0.7289,0.97,3.23,1.695,15,0.0,0.3087
9,September,s852,fifo,8,5,2,15,16800,2055,14745,0.1223,0.8169642857142857,0.21021897810218979,0.9015259409969482,486.23512466310626,833.6987036916668,1623.0,1452.0,15148,1652,200,1452,0.0983,39720.0,36000.0,75720.0,0.0,-27980.0,,,,,,,,,20.0,5.0,15.0,160.0,False,0.95,0.8,0.7398,132,0.7731,29.38,62.97,51.525,169,0.1046,0.3588,0.7717,2.09,5.87,3.648,26,0.0062,0.3124,0.9905,447.66,842.32,778.65,1582,0.8892,0.974
9,September,s852,urgent_first,8,5,2,15,16800,2055,14745,0.1223,0.8602380952380952,1.0,0.8407595795184808,226.4366469460391,234.6824074,0.0,2348.0,15106,1694,0,1694,0.1008,11740.0,36000.0,47740.0,27980.0,0.0,,,,,,,,,20.0,5.0,15.0,160.0,True,0.95,0.8,0.0,132,0.7731,29.36,160.72,52.182,178,0.0098,0.3662,0.7715,2.34,7.53,4.075,25,0.0025,0.312,0.9905,185.6,888.47,799.212,1620,0.9878,0.9938
9,September,s852,rl3_dqn,8,5,2,15,16800,2055,14745,0.1223,0.8983928571428571,1.0,0.8842319430315361,492.937868425638,969.5014814815266,0.0,1707.0,15093,1707,0,1707,0.1016,8535.0,36000.0,44535.0,31185.0,3205.0,0.6731963688485427,0.4061211200347298,1.0,1.0,8372.0,4607.0,1710.0,2055.0,20.0,5.0,15.0,160.0,True,0.95,0.8,0.0,132,0.7733,29.72,66.89,52.124,177,0.9476,0.5256,0.7717,2.44,7.1,4.255,26,0.0524,0.3218,0.9906,454.65,982.59,803.601,1635,0.0,0.7962
9,September,s854,fifo,8,5,4,17,16800,2055,14745,0.1223,0.9957738095238096,0.9961070559610705,0.9957273652085453,38.51261448041225,65.79185184333333,8.0,63.0,16729,71,8,63,0.0042,475.0,40800.0,41275.0,0.0,-95.0,,,,,,,,,20.0,5.0,15.0,160.0,True,0.95,0.8,0.0,132,0.7731,29.38,62.97,51.525,169,0.9983,0.9089,0.7717,2.09,5.87,3.648,26,0.0017,0.3429,0.5467,0.03,0.27,0.057,3,0.0,0.2199
9,September,s854,urgent_first,8,5,4,17,16800,2055,14745,0.1223,0.9954761904761905,1.0,0.9948457104103086,38.71027176813063,130.08370369833335,0.0,76.0,16724,76,0,76,0.0045,380.0,40800.0,41180.0,95.0,0.0,,,,,,,,,20.0,5.0,15.0,160.0,True,0.95,0.8,0.0,132,0.7731,29.36,160.72,52.182,178,0.9943,0.9081,0.7715,2.34,7.53,4.075,25,0.0057,0.3332,0.5467,0.03,0.25,0.056,3,0.0,0.2192
9,September,s854,rl3_dqn,8,5,4,17,16800,2055,14745,0.1223,0.9955952380952381,0.9990267639902677,0.9951169888097661,39.02768211832571,70.74907407406667,2.0,72.0,16726,74,2,72,0.0044,400.0,40800.0,41200.0,75.0,-20.0,0.1974196418640863,0.12135340349007592,0.5704883962590925,1.0,17982.0,15014.0,2887.0,81.0,20.0,5.0,15.0,160.0,True,0.95,0.8,0.0,132,0.7732,29.66,66.13,52.027,178,0.9965,0.9086,0.7716,2.33,6.92,4.066,25,0.0035,0.3472,0.5467,0.03,0.27,0.058,3,0.0,0.2199
9,September,s642,fifo,6,4,2,12,16800,2055,14745,0.1223,0.8168452380952381,0.20924574209245742,0.9015259409969482,486.9554743731285,834.3466666583333,1625.0,1452.0,15148,1652,200,1452,0.0983,39760.0,28800.0,68560.0,0.0,-27335.0,,,,,,,,,20.0,5.0,15.0,160.0,False,0.95,0.8,0.7408,132,0.9889,234.33,399.23,406.959,776,0.6253,0.8563,0.9261,0.94,2.77,1.576,11,0.0017,0.3727,0.9905,253.87,517.99,426.831,916,0.3729,0.8708
9,September,s642,urgent_first,6,4,2,12,16800,2055,14745,0.1223,0.8520833333333333,1.0,0.8314682943370634,273.54740641854244,528.8629629566673,0.0,2485.0,15105,1695,0,1695,0.1009,12425.0,28800.0,41225.0,27335.0,0.0,,,,,,,,,20.0,5.0,15.0,160.0,True,0.95,0.8,0.0,132,0.989,165.05,800.73,417.166,815,0.4808,0.8842,0.9252,0.97,2.95,1.613,11,0.0009,0.3717,0.9905,104.15,91.64,439.448,919,0.5183,0.6785
9,September,s642,rl3_dqn,6,4,2,12,16800,2055,14745,0.1223,0.8983333333333333,0.9985401459854014,0.8843675822312649,493.37212037773304,965.09611111108,3.0,1705.0,15092,1708,3,1705,0.1017,8585.0,28800.0,37385.0,31175.0,3840.0,0.2880152590865741,0.1317999741568678,1.0,1.0,18874.0,15478.0,1344.0,2052.0,20.0,5.0,15.0,160.0,True,0.95,0.8,0.0,132,0.9888,235.39,447.73,411.149,784,0.9978,0.9166,0.9265,0.99,3.17,1.659,11,0.0022,0.3729,0.9905,263.47,608.86,447.988,962,0.0,0.7962
9,September,s10_6_4,fifo,10,6,4,20,16800,2055,14745,0.1223,0.9998809523809524,1.0,0.9998643608002713,20.165318945244472,33.313518505000005,0.0,2.0,16798,2,0,2,0.0001,10.0,48000.0,48010.0,0.0,0.0,,,,,,,,,20.0,5.0,15.0,160.0,True,0.95,0.8,0.0,132,0.621,9.14,23.01,16.013,99,0.0,0.6484,0.6456,3.88,9.05,6.788,40,0.0,0.4201,0.549,0.13,0.62,0.219,5,0.0,0.2283
9,September,s10_6_4,urgent_first,10,6,4,20,16800,2055,14745,0.1223,0.9998809523809524,1.0,0.9998643608002713,20.310107015252807,50.213333330000054,0.0,2.0,16798,2,0,2,0.0001,10.0,48000.0,48010.0,0.0,0.0,,,,,,,,,20.0,5.0,15.0,160.0,True,0.95,0.8,0.0,132,0.621,9.16,58.7,16.044,102,0.0,0.6484,0.6456,4.01,18.73,7.01,44,0.0,0.4036,0.549,0.13,0.62,0.219,5,0.0,0.2243
9,September,s10_6_4,rl3_dqn,10,6,4,20,16800,2055,14745,0.1223,0.9998809523809524,1.0,0.9998643608002713,20.36585671574686,35.571481481443335,0.0,2.0,16798,2,0,2,0.0001,10.0,48000.0,48010.0,0.0,0.0,0.15507402199983458,0.13015848109210731,0.14805360561582642,1.0,24182.0,12746.0,10969.0,467.0,20.0,5.0,15.0,160.0,True,0.95,0.8,0.0,132,0.621,9.21,25.37,16.123,96,0.0,0.6484,0.6456,4.02,10.02,7.029,40,0.0,0.4224,0.549,0.12,0.62,0.218,5,0.0,0.2277
9,September,s963,fifo,9,6,3,18,16800,2055,14745,0.1223,0.9979761904761905,0.9975669099756691,0.9980332316039335,31.487089162695337,53.457407399999994,5.0,29.0,16766,34,5,29,0.002,245.0,43200.0,43445.0,0.0,-65.0,,,,,,,,,20.0,5.0,15.0,160.0,True,0.95,0.8,0.0,132,0.6897,17.8,40.23,31.161,134,0.9988,0.8756,0.6452,0.56,1.88,0.974,14,0.0012,0.2747,0.7306,6.13,14.57,10.71,53,0.0,0.4343
9,September,s963,urgent_first,9,6,3,18,16800,2055,14745,0.1223,0.9978571428571429,1.0,0.997558494404883,31.865328804993837,96.62425925166667,0.0,36.0,16764,36,0,36,0.0021,180.0,43200.0,43380.0,65.0,0.0,,,,,,,,,20.0,5.0,15.0,160.0,True,0.95,0.8,0.0,132,0.6897,17.92,114.26,31.424,140,0.9931,0.8745,0.6452,0.56,1.87,0.977,12,0.0069,0.2682,0.7306,6.48,37.24,11.35,56,0.0,0.4279
9,September,s963,rl3_dqn,9,6,3,18,16800,2055,14745,0.1223,0.9978571428571429,0.9990267639902677,0.9976941336046118,32.06393705206069,58.294814814770014,2.0,34.0,16764,36,2,34,0.0021,210.0,43200.0,43410.0,35.0,-30.0,0.2654926812854018,0.11962338278127752,0.9181669394435352,1.0,17831.0,14763.0,1222.0,1846.0,20.0,5.0,15.0,160.0,True,0.95,0.8,0.0,132,0.6897,17.96,43.33,31.436,132,0.9988,0.8756,0.6452,0.57,2.1,0.999,12,0.0012,0.2752,0.7305,6.54,16.72,11.424,56,0.0,0.4432
9,September,s954,fifo,9,5,4,18,16800,2055,14745,0.1223,0.9963095238095238,0.9961070559610705,0.9963377416073245,36.75774263121341,63.17944443666667,8.0,54.0,16738,62,8,54,0.0037,430.0,43200.0,43630.0,0.0,-90.0,,,,,,,,,20.0,5.0,15.0,160.0,True,0.95,0.8,0.0,132,0.6897,17.8,40.23,31.161,134,0.9686,0.8696,0.7721,11.95,25.17,20.902,79,0.0314,0.5721,0.547,0.03,0.25,0.058,4,0.0,0.2206
9,September,s954,urgent_first,9,5,4,18,16800,2055,14745,0.1223,0.9959523809523809,1.0,0.9953882672092235,36.94008961837098,115.40962961666666,0.0,68.0,16732,68,0,68,0.004,340.0,43200.0,43540.0,90.0,0.0,,,,,,,,,20.0,5.0,15.0,160.0,True,0.95,0.8,0.0,132,0.6897,17.92,114.26,31.424,140,0.9988,0.8756,0.7721,12.12,86.75,21.438,77,0.0012,0.6012,0.547,0.03,0.27,0.059,3,0.0,0.2197
9,September,s954,rl3_dqn,9,5,4,18,16800,2055,14745,0.1223,0.9963095238095238,0.9990267639902677,0.9959308240081384,37.29932610648675,67.49907407409334,2.0,60.0,16738,62,2,60,0.0037,340.0,43200.0,43540.0,90.0,0.0,0.1675585735485902,0.14462609258659762,0.18909536450888298,1.0,22237.0,12356.0,9794.0,87.0,20.0,5.0,15.0,160.0,True,0.95,0.8,0.0,132,0.6898,17.98,43.57,31.469,134,0.9681,0.8695,0.7721,12.32,25.87,21.548,79,0.0319,0.5664,0.5471,0.03,0.27,0.058,3,0.0,0.2206
9,September,s864,fifo,8,6,4,18,16800,2055,14745,0.1223,0.9958333333333333,0.9961070559610705,0.9957951848084097,36.65069003643057,63.44814813333333,8.0,62.0,16730,70,8,62,0.0042,470.0,43200.0,43670.0,0.0,-95.0,,,,,,,,,20.0,5.0,15.0,160.0,True,0.95,0.8,0.0,132,0.7731,29.38,62.97,51.525,169,1.0,0.9092,0.6431,0.19,0.97,0.324,9,0.0,0.262,0.5468,0.08,0.5,0.134,5,0.0,0.2211
9,September,s864,urgent_first,8,6,4,18,16800,2055,14745,0.1223,0.9955357142857143,1.0,0.9949135300101729,36.60831688281116,127.33370369666667,0.0,75.0,16725,75,0,75,0.0045,375.0,43200.0,43575.0,95.0,0.0,,,,,,,,,20.0,5.0,15.0,160.0,True,0.95,0.8,0.0,132,0.7731,29.36,160.72,52.182,178,1.0,0.9093,0.6429,0.18,0.95,0.322,8,0.0,0.2596,0.5467,0.08,0.5,0.132,5,0.0,0.2198
9,September,s864,rl3_dqn,8,6,4,18,16800,2055,14745,0.1223,0.9957142857142857,0.9990267639902677,0.9952526280094948,36.92531915882913,67.42703703706667,2.0,70.0,16728,72,2,70,0.0043,390.0,43200.0,43590.0,80.0,-15.0,0.1495916852264291,0.12090545938748336,0.38757062146892657,1.0,16164.0,15020.0,885.0,259.0,20.0,5.0,15.0,160.0,True,0.95,0.8,0.0,132,0.7732,29.65,66.02,52.007,177,0.9992,0.9091,0.6431,0.19,1.03,0.339,9,0.0008,0.2623,0.5468,0.08,0.5,0.134,4,0.0,0.221
9,September,s743,fifo,7,4,3,14,16800,2055,14745,0.1223,0.9906547619047619,0.9922141119221412,0.9904374364191251,66.63698172822107,115.3374074,16.0,141.0,16643,157,16,141,0.0093,1025.0,33600.0,34625.0,0.0,-235.0,,,,,,,,,20.0,5.0,15.0,160.0,True,0.95,0.8,0.0,132,0.8805,44.74,93.2,78.482,214,0.9836,0.9489,0.9596,14.86,30.4,25.798,92,0.0164,0.518,0.7253,0.08,0.52,0.144,4,0.0,0.2918
9,September,s743,urgent_first,7,4,3,14,16800,2055,14745,0.1223,0.9905952380952381,1.0,0.989284503221431,67.50562242424289,199.9457407283333,0.0,158.0,16642,158,0,158,0.0094,790.0,33600.0,34390.0,235.0,0.0,,,,,,,,,20.0,5.0,15.0,160.0,True,0.95,0.8,0.0,132,0.8805,44.57,201.81,79.384,229,0.9968,0.9516,0.9598,15.85,117.83,27.571,92,0.0032,0.5826,0.7254,0.09,0.53,0.148,4,0.0,0.2911
9,September,s743,rl3_dqn,7,4,3,14,16800,2055,14745,0.1223,0.9907738095238096,0.9985401459854014,0.9896914208206171,67.95854388482837,119.98333333334,3.0,152.0,16645,155,3,152,0.0092,820.0,33600.0,34420.0,205.0,-30.0,0.22611319895228335,0.12034739454094293,0.9430199430199431,1.0,17562.0,15314.0,2106.0,142.0,20.0,5.0,15.0,160.0,True,0.95,0.8,0.0,132,0.8804,45.15,95.43,79.223,224,0.9818,0.9485,0.9598,15.77,33.65,27.378,91,0.0182,0.5275,0.7255,0.08,0.53,0.146,3,0.0,0.2919
9,September,s752,fifo,7,5,2,14,16800,2055,14745,0.1223,0.8170238095238095,0.21021897810218979,0.9015937605968125,486.28863865042246,834.0674074000001,1623.0,1451.0,15149,1651,200,1451,0.0983,39715.0,33600.0,73315.0,0.0,-28440.0,,,,,,,,,20.0,5.0,15.0,160.0,False,0.95,0.8,0.7398,132,0.8805,44.74,93.2,78.482,214,0.1498,0.4258,0.7691,0.34,1.4,0.596,10,0.0011,0.3084,0.9906,433.95,831.32,754.81,1523,0.8492,0.9661
9,September,s752,urgent_first,7,5,2,14,16800,2055,14745,0.1223,0.8657738095238096,1.0,0.8470668023058664,208.68056645080492,239.36851850833332,0.0,2255.0,15116,1684,0,1684,0.1002,11275.0,33600.0,44875.0,28440.0,0.0,,,,,,,,,20.0,5.0,15.0,160.0,True,0.95,0.8,0.0,132,0.8805,44.57,201.81,79.384,229,0.0181,0.4891,0.769,0.35,1.4,0.612,9,0.0006,0.3086,0.9906,153.81,428.14,769.804,1556,0.9814,0.9925
9,September,s752,rl3_dqn,7,5,2,14,16800,2055,14745,0.1223,0.8983333333333333,1.0,0.8841641234316717,492.8824847110566,968.7903703703851,0.0,1708.0,15092,1708,0,1708,0.1017,8540.0,33600.0,42140.0,31175.0,2735.0,0.5078618034014333,0.2923715779760074,1.0,1.0,9349.0,6502.0,792.0,2055.0,20.0,5.0,15.0,160.0,True,0.95,0.8,0.0,132,0.8804,45.23,96.51,79.381,225,0.9941,0.5912,0.7691,0.37,1.53,0.638,10,0.0059,0.3093,0.9905,441.33,965.68,779.972,1580,0.0,0.7962
9,September,s842,fifo,8,4,2,14,16800,2055,14745,0.1223,0.8170833333333334,0.21070559610705597,0.9015937605968125,486.4041787300757,834.0914814766667,1622.0,1451.0,15149,1651,200,1451,0.0983,39695.0,33600.0,73295.0,0.0,-28440.0,,,,,,,,,20.0,5.0,15.0,160.0,False,0.95,0.8,0.7393,132,0.7731,29.38,62.97,51.525,169,0.1,0.359,0.9597,29.79,58.47,51.839,146,0.0964,0.4316,0.9906,420.04,818.65,730.692,1500,0.8037,0.957
9,September,s842,urgent_first,8,4,2,14,16800,2055,14745,0.1223,0.8660119047619048,1.0,0.8473380807053238,210.39091214820897,234.07185184000002,0.0,2251.0,15103,1697,0,1697,0.101,11255.0,33600.0,44855.0,28440.0,0.0,,,,,,,,,20.0,5.0,15.0,160.0,True,0.95,0.8,0.0,132,0.7731,29.36,160.72,52.182,178,0.0256,0.4511,0.9598,30.65,187.8,53.802,152,0.0248,0.5472,0.9906,141.51,318.02,754.356,1547,0.9496,0.9862
9,September,s842,rl3_dqn,8,4,2,14,16800,2055,14745,0.1223,0.8983928571428571,0.9995133819951338,0.8842997626314004,492.9809256682646,968.6100000000267,1.0,1706.0,15093,1707,1,1706,0.1016,8550.0,33600.0,42150.0,31145.0,2705.0,0.38526782801591963,0.16483419045930128,0.998496993987976,1.0,15327.0,11278.0,1996.0,2053.0,20.0,5.0,15.0,160.0,True,0.95,0.8,0.0,132,0.7732,29.7,66.48,52.087,177,0.5275,0.4427,0.9598,31.0,60.33,53.947,148,0.4725,0.5051,0.9906,426.66,947.27,753.92,1555,0.0,0.7962
9,September,s653,fifo,6,5,3,14,16800,2055,14745,0.1223,0.8929166666666667,0.4408759124087591,0.9559172600881655,241.49896380791054,382.68666665666666,1149.0,650.0,16065,735,85,650,0.0437,26230.0,33600.0,59830.0,0.0,-20255.0,,,,,,,,,20.0,5.0,15.0,160.0,False,0.95,0.8,0.5091,132,0.9889,234.33,399.23,406.959,776,0.9993,0.9954,0.7411,0.12,0.77,0.195,5,0.0003,0.297,0.7002,0.14,0.73,0.236,5,0.0004,0.2807
9,September,s653,urgent_first,6,5,3,14,16800,2055,14745,0.1223,0.9288690476190476,1.0,0.9189555781620888,172.39146242552013,278.4396296216666,0.0,1195.0,16022,778,0,778,0.0463,5975.0,33600.0,39575.0,20255.0,0.0,,,,,,,,,20.0,5.0,15.0,160.0,True,0.95,0.8,0.0,132,0.989,165.05,800.73,417.166,815,0.9999,0.9956,0.7402,0.13,0.82,0.21,5,0.0001,0.2964,0.6993,0.16,0.78,0.259,5,0.0001,0.2801
9,September,s653,rl3_dqn,6,5,3,14,16800,2055,14745,0.1223,0.9555357142857143,0.9965936739659368,0.949813496100373,242.60036511001783,425.1507407407267,7.0,740.0,16053,747,7,740,0.0445,3840.0,33600.0,37440.0,22390.0,2135.0,0.1625908790482485,0.12730916150040703,0.99644128113879,1.0,16643.0,15969.0,281.0,393.0,20.0,5.0,15.0,160.0,True,0.95,0.8,0.0,132,0.9887,235.34,446.28,410.988,782,1.0,0.9955,0.7412,0.12,0.78,0.199,6,0.0,0.297,0.7007,0.15,0.77,0.248,6,0.0,0.2808
10,October,s964,fifo,9,6,4,19,20400,3097,17303,0.1518,0.9947058823529412,0.9941879237972231,0.9947985898399122,45.26668037390433,79.04274193166667,18.0,90.0,20292,108,18,90,0.0053,810.0,45600.0,46410.0,0.0,-215.0,,,,,,,,,20.0,5.0,15.0,160.0,True,0.95,0.8,0.0,133,0.8428,37.49,77.5,79.889,263,0.999,0.9369,0.7897,0.59,1.95,1.255,13,0.001,0.3247,0.6688,0.11,0.58,0.236,5,0.0,0.2698
10,October,s964,urgent_first,9,6,4,19,20400,3097,17303,0.1518,0.9941666666666666,1.0,0.9931225798994394,45.192056569915195,151.44802866666666,0.0,119.0,20281,119,0,119,0.0058,595.0,45600.0,46195.0,215.0,0.0,,,,,,,,,20.0,5.0,15.0,160.0,True,0.95,0.8,0.0,133,0.8427,37.34,180.66,80.562,256,0.9963,0.9363,0.7899,0.67,2.18,1.422,17,0.0037,0.3224,0.6687,0.11,0.6,0.24,5,0.0,0.2687
10,October,s964,rl3_dqn,9,6,4,19,20400,3097,17303,0.1518,0.9945098039215686,0.999354213755247,0.9936427209154481,45.729360983204835,83.2037096774,2.0,110.0,20288,112,2,110,0.0055,590.0,45600.0,46190.0,220.0,5.0,0.20140276113108713,0.1514115092290988,0.34544950055493895,1.0,22527.0,18420.0,3604.0,503.0,20.0,5.0,15.0,160.0,True,0.95,0.8,0.0,133,0.8428,37.93,82.42,80.884,260,0.9989,0.9369,0.7897,0.61,2.12,1.295,12,0.0011,0.3249,0.6688,0.11,0.58,0.233,5,0.0,0.2697
10,October,s864,fifo,8,6,4,18,20400,3097,17303,0.1518,0.9917156862745098,0.9925734581853407,0.991562156851413,60.22618900502776,106.36379926666667,23.0,146.0,20231,169,23,146,0.0083,1190.0,43200.0,44390.0,0.0,-340.0,,,,,,,,,20.0,5.0,15.0,160.0,True,0.95,0.8,0.0,133,0.9454,52.87,106.35,112.642,302,1.0,0.9782,0.7875,0.19,0.97,0.41,8,0.0,0.3178,0.6668,0.08,0.52,0.17,6,0.0,0.2682
10,October,s864,urgent_first,8,6,4,18,20400,3097,17303,0.1518,0.9916666666666667,1.0,0.9901751141420563,60.23094825338111,194.11290321333337,0.0,170.0,20230,170,0,170,0.0083,850.0,43200.0,44050.0,340.0,0.0,,,,,,,,,20.0,5.0,15.0,160.0,True,0.95,0.8,0.0,133,0.9455,52.88,216.79,113.895,299,0.9997,0.9781,0.7874,0.2,1.0,0.419,8,0.0003,0.3167,0.667,0.08,0.52,0.168,4,0.0,0.2676
10,October,s864,rl3_dqn,8,6,4,18,20400,3097,17303,0.1518,0.9915686274509804,0.9990313206328705,0.9902329075882795,60.859856019514694,110.62428315416666,3.0,169.0,20228,172,3,169,0.0084,905.0,43200.0,44105.0,285.0,-55.0,0.18700758138843468,0.1552751677852349,0.4189655172413793,1.0,20181.0,18625.0,1160.0,396.0,20.0,5.0,15.0,160.0,True,0.95,0.8,0.0,133,0.9454,53.51,110.46,114.06,302,0.9989,0.9779,0.7875,0.19,1.0,0.406,7,0.0011,0.318,0.6669,0.08,0.5,0.165,5,0.0,0.2681
10,October,s10_6_4,fifo,10,6,4,20,20400,3097,17303,0.1518,0.9958333333333333,0.9945108169195996,0.9960700456568226,38.24754535475593,66.39648744333334,17.0,68.0,20315,85,17,68,0.0042,680.0,48000.0,48680.0,0.0,-225.0,,,,,,,,,20.0,5.0,15.0,160.0,True,0.95,0.8,0.0,133,0.7604,26.2,56.38,55.787,220,0.989,0.902,0.7907,4.88,11.45,10.362,53,0.011,0.3971,0.6695,0.13,0.62,0.274,5,0.0,0.2713
10,October,s10_6_4,urgent_first,10,6,4,20,20400,3097,17303,0.1518,0.9955392156862745,1.0,0.994740796393689,38.605552467616164,123.83440859666669,0.0,91.0,20309,91,0,91,0.0045,455.0,48000.0,48455.0,225.0,0.0,,,,,,,,,20.0,5.0,15.0,160.0,True,0.95,0.8,0.0,133,0.7605,26.22,147.83,56.279,206,0.9954,0.9033,0.7907,5.25,22.57,11.333,51,0.0046,0.3856,0.6695,0.13,0.63,0.274,5,0.0,0.2696
10,October,s10_6_4,rl3_dqn,10,6,4,20,20400,3097,17303,0.1518,0.9956372549019608,0.999354213755247,0.9949719701785817,38.9812325859772,71.06630824376666,2.0,87.0,20311,89,2,87,0.0044,475.0,48000.0,48475.0,205.0,-20.0,0.18589227050145665,0.1556872578071575,0.18433048433048432,1.0,32266.0,17548.0,14040.0,678.0,20.0,5.0,15.0,160.0,True,0.95,0.8,0.0,133,0.7606,26.53,60.09,56.485,221,0.9725,0.8987,0.7908,5.31,12.22,11.258,58,0.0275,0.4025,0.6695,0.13,0.62,0.272,5,0.0,0.2711
10,October,s954,fifo,9,5,4,18,20400,3097,17303,0.1518,0.991421568627451,0.9922505650629642,0.9912731896202971,60.05089520727894,106.16107526666667,24.0,151.0,20225,175,24,151,0.0086,1235.0,43200.0,44435.0,0.0,-305.0,,,,,,,,,20.0,5.0,15.0,160.0,True,0.95,0.8,0.0,133,0.8428,37.49,77.5,79.889,263,0.9866,0.9344,0.9447,15.56,32.14,32.892,102,0.0134,0.546,0.6666,0.04,0.27,0.074,3,0.0,0.2676
10,October,s954,urgent_first,9,5,4,18,20400,3097,17303,0.1518,0.9908823529411764,1.0,0.9892504190024851,61.614036964568285,180.03111110666669,0.0,186.0,20214,186,0,186,0.0091,930.0,43200.0,44130.0,305.0,0.0,,,,,,,,,20.0,5.0,15.0,160.0,True,0.95,0.8,0.0,133,0.8427,37.34,180.66,80.562,256,0.9955,0.9362,0.9447,17.14,130.39,36.65,107,0.0045,0.6275,0.6666,0.04,0.28,0.075,3,0.0,0.2672
10,October,s954,rl3_dqn,9,5,4,18,20400,3097,17303,0.1518,0.9913235294117647,0.9983855343881175,0.9900595272496099,61.50638956282705,111.40476702506,5.0,172.0,20223,177,5,172,0.0087,960.0,43200.0,44160.0,275.0,-30.0,0.19420806121775844,0.17590618336886993,0.2060623109923342,1.0,30318.0,15946.0,14219.0,153.0,20.0,5.0,15.0,160.0,True,0.95,0.8,0.0,133,0.8428,37.96,82.73,80.948,260,0.982,0.9335,0.9447,16.55,33.87,34.964,105,0.018,0.5486,0.6667,0.03,0.27,0.073,4,0.0,0.2676
10,October,s974,fifo,9,7,4,20,20400,3097,17303,0.1518,0.9947058823529412,0.9941879237972231,0.9947985898399122,44.856380748436166,78.65406809000001,18.0,90.0,20292,108,18,90,0.0053,810.0,48000.0,48810.0,0.0,-225.0,,,,,,,,,20.0,5.0,15.0,160.0,True,0.95,0.8,0.0,133,0.8428,37.49,77.5,79.889,263,0.9998,0.9371,0.6769,0.12,0.72,0.243,7,0.0002,0.2736,0.6688,0.18,0.8,0.38,7,0.0,0.2708
10,October,s974,urgent_first,9,7,4,20,20400,3097,17303,0.1518,0.9942647058823529,1.0,0.9932381667918858,44.71384749047314,151.1108960533333,0.0,117.0,20283,117,0,117,0.0057,585.0,48000.0,48585.0,225.0,0.0,,,,,,,,,20.0,5.0,15.0,160.0,True,0.95,0.8,0.0,133,0.8427,37.34,180.66,80.562,256,1.0,0.9371,0.6771,0.12,0.72,0.254,9,0.0,0.2723,0.6687,0.18,0.82,0.384,8,0.0,0.2693
10,October,s974,rl3_dqn,9,7,4,20,20400,3097,17303,0.1518,0.9945588235294117,0.999354213755247,0.9937005143616714,45.284937712775374,82.77401433695334,2.0,109.0,20289,111,2,109,0.0054,585.0,48000.0,48585.0,225.0,0.0,0.1870362179959703,0.15031303972366147,0.16405433646812956,1.0,20349.0,18528.0,957.0,864.0,20.0,5.0,15.0,160.0,True,0.95,0.8,0.0,133,0.8428,37.92,82.31,80.863,260,1.0,0.9371,0.6769,0.11,0.68,0.235,7,0.0,0.2733,0.6688,0.17,0.82,0.37,7,0.0,0.2707
10,October,s963,fifo,9,6,3,18,20400,3097,17303,0.1518,0.9926960784313725,0.9932192444300937,0.9926024388834306,52.18898995973203,91.82741935,21.0,128.0,20251,149,21,128,0.0073,1060.0,43200.0,44260.0,0.0,-280.0,,,,,,,,,20.0,5.0,15.0,160.0,True,0.95,0.8,0.0,133,0.8428,37.49,77.5,79.889,263,0.9919,0.9355,0.7897,0.59,1.95,1.255,13,0.0081,0.3262,0.89,7.1,17.12,15.016,64,0.0,0.4394
10,October,s963,urgent_first,9,6,3,18,20400,3097,17303,0.1518,0.9923529411764705,1.0,0.990984222389181,53.29950693001136,163.96381719833335,0.0,156.0,20244,156,0,156,0.0076,780.0,43200.0,43980.0,280.0,0.0,,,,,,,,,20.0,5.0,15.0,160.0,True,0.95,0.8,0.0,133,0.8427,37.34,180.66,80.562,256,0.9723,0.9315,0.7899,0.67,2.18,1.422,17,0.0277,0.3272,0.8899,8.22,44.29,17.577,68,0.0,0.45
10,October,s963,rl3_dqn,9,6,3,18,20400,3097,17303,0.1518,0.9924509803921568,0.999354213755247,0.9912153961740738,53.64056073556991,97.87804659496666,2.0,152.0,20246,154,2,152,0.0075,800.0,43200.0,44000.0,260.0,-20.0,0.3290848952590959,0.15689018246949513,0.9225606608156943,1.0,22675.0,17866.0,1937.0,2872.0,20.0,5.0,15.0,160.0,True,0.95,0.8,0.0,133,0.8428,37.94,82.73,80.905,260,0.9949,0.9361,0.7897,0.63,2.27,1.324,13,0.0051,0.3262,0.89,8.08,19.53,17.072,68,0.0,0.4467
10,October,s965,fifo,9,6,5,20,20400,3097,17303,0.1518,0.9947058823529412,0.9941879237972231,0.9947985898399122,45.17001173601748,78.955161275,18.0,90.0,20292,108,18,90,0.0053,810.0,48000.0,48810.0,0.0,-220.0,,,,,,,,,20.0,5.0,15.0,160.0,True,0.95,0.8,0.0,133,0.8428,37.49,77.5,79.889,263,0.999,0.9369,0.7897,0.59,1.95,1.255,13,0.001,0.3247,0.535,0.02,0.1,0.032,3,0.0,0.2144
10,October,s965,urgent_first,9,6,5,20,20400,3097,17303,0.1518,0.9942156862745098,1.0,0.9931803733456626,45.09677134008152,151.32216844500013,0.0,118.0,20282,118,0,118,0.0058,590.0,48000.0,48590.0,220.0,0.0,,,,,,,,,20.0,5.0,15.0,160.0,True,0.95,0.8,0.0,133,0.8427,37.34,180.66,80.562,256,0.9971,0.9365,0.7899,0.67,2.18,1.422,17,0.0029,0.3222,0.535,0.01,0.1,0.031,3,0.0,0.2142
10,October,s965,rl3_dqn,9,6,5,20,20400,3097,17303,0.1518,0.9945098039215686,0.999354213755247,0.9936427209154481,45.64036009598085,83.18046594981,2.0,110.0,20288,112,2,110,0.0055,590.0,48000.0,48590.0,220.0,0.0,0.15949246492291702,0.15471385125794856,0.15843201306655777,1.0,23092.0,18085.0,4898.0,109.0,20.0,5.0,15.0,160.0,True,0.95,0.8,0.0,133,0.8428,37.94,82.58,80.897,259,0.9989,0.9369,0.7897,0.61,2.15,1.297,12,0.0011,0.325,0.535,0.01,0.08,0.03,3,0.0,0.2143
10,October,s753,fifo,7,5,3,15,20400,3097,17303,0.1518,0.8097549019607844,0.24539877300613497,0.9107669190313818,439.155552066047,756.067473115,2337.0,1544.0,18584,1816,272,1544,0.089,54460.0,36000.0,90460.0,0.0,-40825.0,,,,,,,,,20.0,5.0,15.0,160.0,False,0.95,0.8,0.7046,133,0.9913,431.54,790.65,911.694,1875,0.9988,0.9963,0.8674,0.37,1.45,0.725,9,0.0007,0.3477,0.8168,0.27,1.0,0.526,7,0.0005,0.3272
10,October,s753,urgent_first,7,5,3,15,20400,3097,17303,0.1518,0.8663235294117647,1.0,0.8423972721493382,247.44770851245102,307.50944443500055,0.0,2727.0,18530,1870,0,1870,0.0917,13635.0,36000.0,49635.0,40825.0,0.0,,,,,,,,,20.0,5.0,15.0,160.0,True,0.95,0.8,0.0,133,0.9913,239.62,1283.14,936.07,1935,0.9998,0.9965,0.8682,0.38,1.47,0.742,8,0.0001,0.3477,0.8172,0.28,1.05,0.548,7,0.0001,0.3272
10,October,s753,rl3_dqn,7,5,3,15,20400,3097,17303,0.1518,0.9093137254901961,0.9967710687762351,0.8936600589493151,437.701605686463,875.84940860214,10.0,1840.0,18550,1850,10,1840,0.0907,9400.0,36000.0,45400.0,45060.0,4235.0,0.24959504525964746,0.16646868250539956,0.7923280423280423,1.0,20990.0,18520.0,1512.0,958.0,20.0,5.0,15.0,160.0,True,0.95,0.8,0.0,133,0.9914,430.09,921.84,924.308,1904,0.9999,0.9965,0.8691,0.39,1.62,0.763,8,0.0001,0.3482,0.8184,0.28,1.07,0.541,6,0.0,0.3277
10,October,s11_7_5,fifo,11,7,5,23,20400,3097,17303,0.1518,0.9997058823529412,0.9990313206328705,0.9998266196613304,25.60933779330032,43.238602140000005,3.0,3.0,20394,6,3,3,0.0003,75.0,55200.0,55275.0,0.0,-30.0,,,,,,,,,20.0,5.0,15.0,160.0,True,0.95,0.8,0.0,133,0.6932,17.37,38.85,36.937,174,0.9962,0.8765,0.6804,1.09,3.3,2.318,24,0.0038,0.3036,0.5377,0.05,0.36,0.111,5,0.0,0.2178
10,October,s11_7_5,urgent_first,11,7,5,23,20400,3097,17303,0.1518,0.9995588235294117,1.0,0.9994798589839912,25.987170239890965,79.94802866666667,0.0,9.0,20391,9,0,9,0.0004,45.0,55200.0,55245.0,30.0,0.0,,,,,,,,,20.0,5.0,15.0,160.0,True,0.95,0.8,0.0,133,0.6932,17.69,111.48,37.607,176,0.9971,0.8767,0.6805,1.19,4.28,2.529,23,0.0029,0.2925,0.5377,0.06,0.37,0.118,5,0.0,0.2164
10,October,s11_7_5,rl3_dqn,11,7,5,23,20400,3097,17303,0.1518,0.9997058823529412,0.999354213755247,0.9997688262151072,25.83592743561261,46.399892473153336,2.0,4.0,20394,6,2,4,0.0003,60.0,55200.0,55260.0,15.0,-15.0,0.16428571428571428,0.15278179818213397,0.15412453432676956,1.0,27020.0,17273.0,9395.0,352.0,20.0,5.0,15.0,160.0,True,0.95,0.8,0.0,133,0.6932,17.57,42.29,37.343,177,0.9849,0.8743,0.6805,1.12,3.72,2.387,28,0.0151,0.3068,0.5377,0.05,0.37,0.113,4,0.0,0.2177
10,October,s10_7_4,fifo,10,7,4,21,20400,3097,17303,0.1518,0.9973529411764706,0.9958023894091056,0.9976304687048488,33.8790333860382,58.4844982,13.0,41.0,20346,54,13,41,0.0026,465.0,50400.0,50865.0,0.0,-175.0,,,,,,,,,20.0,5.0,15.0,160.0,True,0.95,0.8,0.0,133,0.7604,26.2,56.38,55.787,220,1.0,0.9042,0.6787,0.28,1.18,0.603,10,0.0,0.2783,0.6706,0.31,1.11,0.667,10,0.0,0.2749
10,October,s10_7_4,urgent_first,10,7,4,21,20400,3097,17303,0.1518,0.9971568627450981,1.0,0.9966479801190545,33.84438832575787,114.9157885166667,0.0,58.0,20342,58,0,58,0.0028,290.0,50400.0,50690.0,175.0,0.0,,,,,,,,,20.0,5.0,15.0,160.0,True,0.95,0.8,0.0,133,0.7605,26.22,147.83,56.279,206,0.9999,0.9042,0.6788,0.29,1.17,0.605,9,0.0001,0.2751,0.6705,0.31,1.07,0.656,12,0.0,0.2718
10,October,s10_7_4,rl3_dqn,10,7,4,21,20400,3097,17303,0.1518,0.9972058823529412,0.999354213755247,0.9968213604577241,34.18056135660615,62.33114695342333,2.0,55.0,20343,57,2,55,0.0028,315.0,50400.0,50715.0,150.0,-25.0,0.1979978738483345,0.14877208335612319,0.13148907103825136,1.0,22576.0,18283.0,2928.0,1365.0,20.0,5.0,15.0,160.0,True,0.95,0.8,0.0,133,0.7606,26.51,59.94,56.445,221,0.999,0.904,0.6788,0.28,1.18,0.595,11,0.001,0.2783,0.6706,0.32,1.2,0.676,10,0.0,0.275
10,October,s10_6_5,fifo,10,6,5,21,20400,3097,17303,0.1518,0.9958333333333333,0.9945108169195996,0.9960700456568226,38.13488311831323,66.29025089333334,17.0,68.0,20315,85,17,68,0.0042,680.0,50400.0,51080.0,0.0,-225.0,,,,,,,,,20.0,5.0,15.0,160.0,True,0.95,0.8,0.0,133,0.7604,26.2,56.38,55.787,220,0.989,0.902,0.7907,4.88,11.45,10.362,53,0.011,0.3971,0.5356,0.02,0.12,0.035,3,0.0,0.2149
10,October,s10_6_5,urgent_first,10,6,5,21,20400,3097,17303,0.1518,0.9955392156862745,1.0,0.994740796393689,38.4922972605651,123.63372759333335,0.0,91.0,20309,91,0,91,0.0045,455.0,50400.0,50855.0,225.0,0.0,,,,,,,,,20.0,5.0,15.0,160.0,True,0.95,0.8,0.0,133,0.7605,26.22,147.83,56.279,206,0.9954,0.9033,0.7907,5.25,22.57,11.333,51,0.0046,0.3856,0.5356,0.02,0.12,0.035,4,0.0,0.2145
10,October,s10_6_5,rl3_dqn,10,6,5,21,20400,3097,17303,0.1518,0.9955882352941177,0.9990313206328705,0.9949719701785817,38.85402176656193,71.00869175631166,3.0,87.0,20310,90,3,87,0.0044,495.0,50400.0,50895.0,185.0,-40.0,0.16909177365668093,0.16436224337104208,0.1672897831554619,1.0,31545.0,16707.0,14711.0,127.0,20.0,5.0,15.0,160.0,True,0.95,0.8,0.0,133,0.7605,26.52,60.17,56.489,221,0.9786,0.8999,0.7907,5.29,12.27,11.222,59,0.0214,0.4013,0.5356,0.02,0.12,0.035,3,0.0,0.2148
10,October,s975,fifo,9,7,5,21,20400,3097,17303,0.1518,0.9947058823529412,0.9941879237972231,0.9947985898399122,44.707990578254154,78.45818996333333,18.0,90.0,20292,108,18,90,0.0053,810.0,50400.0,51210.0,0.0,-225.0,,,,,,,,,20.0,5.0,15.0,160.0,True,0.95,0.8,0.0,133,0.8428,37.49,77.5,79.889,263,0.9998,0.9371,0.6769,0.12,0.72,0.243,7,0.0002,0.2736,0.535,0.03,0.25,0.066,5,0.0,0.2149
10,October,s975,urgent_first,9,7,5,21,20400,3097,17303,0.1518,0.9942647058823529,1.0,0.9932381667918858,44.56502499544445,151.02093188999999,0.0,117.0,20283,117,0,117,0.0057,585.0,50400.0,50985.0,225.0,0.0,,,,,,,,,20.0,5.0,15.0,160.0,True,0.95,0.8,0.0,133,0.8427,37.34,180.66,80.562,256,1.0,0.9371,0.6771,0.12,0.72,0.254,9,0.0,0.2723,0.535,0.03,0.27,0.069,4,0.0,0.2145
10,October,s975,rl3_dqn,9,7,5,21,20400,3097,17303,0.1518,0.9945588235294117,0.999354213755247,0.9937005143616714,45.1446178350091,82.71318996416667,2.0,109.0,20289,111,2,109,0.0054,585.0,50400.0,50985.0,225.0,0.0,0.15648308981301726,0.15143120960295475,0.07692307692307693,1.0,19574.0,18411.0,962.0,201.0,20.0,5.0,15.0,160.0,True,0.95,0.8,0.0,133,0.8428,37.92,82.44,80.867,260,1.0,0.9371,0.6769,0.11,0.68,0.238,8,0.0,0.2733,0.5351,0.03,0.25,0.066,4,0.0,0.2149
10,October,s854,fifo,8,5,4,17,20400,3097,17303,0.1518,0.9913235294117647,0.9922505650629642,0.9911576027278507,62.66374381794574,109.76928314999999,24.0,153.0,20223,177,24,153,0.0087,1245.0,40800.0,42045.0,0.0,-345.0,,,,,,,,,20.0,5.0,15.0,160.0,True,0.95,0.8,0.0,133,0.9454,52.87,106.35,112.642,302,0.9937,0.9769,0.9445,2.69,6.5,5.674,35,0.0063,0.4019,0.6666,0.04,0.28,0.074,4,0.0,0.2674
10,October,s854,urgent_first,8,5,4,17,20400,3097,17303,0.1518,0.9911764705882353,1.0,0.9895971796798243,63.33386795488212,196.81824372333338,0.0,180.0,20220,180,0,180,0.0088,900.0,40800.0,41700.0,345.0,0.0,,,,,,,,,20.0,5.0,15.0,160.0,True,0.95,0.8,0.0,133,0.9455,52.88,216.79,113.895,299,0.9938,0.977,0.9445,3.34,10.53,7.08,34,0.0062,0.4005,0.6667,0.03,0.28,0.073,4,0.0,0.2671
10,October,s854,rl3_dqn,8,5,4,17,20400,3097,17303,0.1518,0.9911274509803921,0.999354213755247,0.9896549731260476,63.69964732062151,114.31942652329,2.0,179.0,20219,181,2,179,0.0089,935.0,40800.0,41735.0,310.0,-35.0,0.24898981026001404,0.157311307938923,0.624941065535125,1.0,22768.0,18403.0,4242.0,123.0,20.0,5.0,15.0,160.0,True,0.95,0.8,0.0,133,0.9454,53.52,110.44,114.085,302,0.9906,0.9763,0.9446,3.08,8.07,6.501,38,0.0094,0.4065,0.6666,0.04,0.28,0.075,4,0.0,0.2674
10,October,s863,fifo,8,6,3,17,20400,3097,17303,0.1518,0.9917156862745098,0.9925734581853407,0.991562156851413,61.18195985174814,107.24802866666667,23.0,146.0,20231,169,23,146,0.0083,1190.0,40800.0,41990.0,0.0,-335.0,,,,,,,,,20.0,5.0,15.0,160.0,True,0.95,0.8,0.0,133,0.9454,52.87,106.35,112.642,302,1.0,0.9782,0.7875,0.19,0.97,0.41,8,0.0,0.3178,0.8891,1.04,3.32,2.184,19,0.0,0.3663
10,October,s863,urgent_first,8,6,3,17,20400,3097,17303,0.1518,0.9916176470588235,1.0,0.9901173206958331,61.23895265753539,194.97562723000001,0.0,171.0,20229,171,0,171,0.0084,855.0,40800.0,41655.0,335.0,0.0,,,,,,,,,20.0,5.0,15.0,160.0,True,0.95,0.8,0.0,133,0.9455,52.88,216.79,113.895,299,0.9997,0.9781,0.7874,0.2,1.0,0.419,8,0.0003,0.3167,0.8893,1.09,3.1,2.296,17,0.0,0.3623
10,October,s863,rl3_dqn,8,6,3,17,20400,3097,17303,0.1518,0.9915686274509804,0.998708427510494,0.9902907010345027,61.8930233864421,111.16478494624333,4.0,168.0,20228,172,4,168,0.0084,920.0,40800.0,41720.0,270.0,-65.0,0.2637307127112417,0.15364167995746944,0.8672150411280846,1.0,21776.0,18810.0,851.0,2115.0,20.0,5.0,15.0,160.0,True,0.95,0.8,0.0,133,0.9453,53.51,110.2,114.063,301,0.9988,0.9779,0.7875,0.2,1.02,0.413,8,0.0012,0.3181,0.8892,1.1,4.0,2.327,21,0.0,0.3678
10,October,s953,fifo,9,5,3,17,20400,3097,17303,0.1518,0.991421568627451,0.9922505650629642,0.9912731896202971,60.50967477052575,106.60989246333334,24.0,151.0,20225,175,24,151,0.0086,1235.0,40800.0,42035.0,0.0,-300.0,,,,,,,,,20.0,5.0,15.0,160.0,True,0.95,0.8,0.0,133,0.8428,37.49,77.5,79.889,263,0.9866,0.9344,0.9447,15.56,32.14,32.892,102,0.0134,0.546,0.8888,0.49,1.45,1.041,9,0.0,0.3622
10,October,s953,urgent_first,9,5,3,17,20400,3097,17303,0.1518,0.9908333333333333,1.0,0.989192625556262,62.09025023345454,180.52039425666666,0.0,187.0,20213,187,0,187,0.0092,935.0,40800.0,41735.0,300.0,0.0,,,,,,,,,20.0,5.0,15.0,160.0,True,0.95,0.8,0.0,133,0.8427,37.34,180.66,80.562,256,0.9949,0.9361,0.9447,17.14,130.39,36.65,107,0.0051,0.6276,0.8887,0.51,1.5,1.083,8,0.0,0.3596
10,October,s953,rl3_dqn,9,5,3,17,20400,3097,17303,0.1518,0.9913725490196078,0.998708427510494,0.9900595272496099,62.027260028187065,111.87745519717667,4.0,172.0,20224,176,4,172,0.0086,940.0,40800.0,41740.0,295.0,-5.0,0.255656660739811,0.15429362880886427,0.32643347354438784,1.0,28683.0,18050.0,9034.0,1599.0,20.0,5.0,15.0,160.0,True,0.95,0.8,0.0,133,0.8428,37.93,82.43,80.885,260,0.9904,0.9352,0.9447,16.6,34.16,35.086,105,0.0096,0.5485,0.889,0.53,1.7,1.112,11,0.0,0.3628
10,October,s764,fifo,7,6,4,17,20400,3097,17303,0.1518,0.8099509803921568,0.24669034549564095,0.9107669190313818,438.63617069856235,755.20225806,2333.0,1544.0,18584,1816,272,1544,0.089,54380.0,40800.0,95180.0,0.0,-40750.0,,,,,,,,,20.0,5.0,15.0,160.0,False,0.95,0.8,0.7033,133,0.9913,431.54,790.65,911.694,1875,0.9998,0.9965,0.7229,0.07,0.55,0.143,7,0.0001,0.2894,0.6126,0.05,0.4,0.102,5,0.0001,0.2452
10,October,s764,urgent_first,7,6,4,17,20400,3097,17303,0.1518,0.8663725490196078,1.0,0.8424550655955615,246.89901948807676,306.04014336666665,0.0,2726.0,18531,1869,0,1869,0.0916,13630.0,40800.0,54430.0,40750.0,0.0,,,,,,,,,20.0,5.0,15.0,160.0,True,0.95,0.8,0.0,133,0.9913,239.62,1283.14,936.07,1935,1.0,0.9965,0.7236,0.07,0.55,0.145,6,0.0,0.2896,0.6129,0.05,0.4,0.103,4,0.0,0.2453
10,October,s764,rl3_dqn,7,6,4,17,20400,3097,17303,0.1518,0.9094117647058824,0.9970939618986115,0.8937178523955384,437.1613823819447,875.3175806452067,9.0,1839.0,18552,1848,9,1839,0.0906,9375.0,40800.0,50175.0,45005.0,4255.0,0.18518711560512874,0.16645969440095026,0.5050761421319797,1.0,19186.0,18521.0,394.0,271.0,20.0,5.0,15.0,160.0,True,0.95,0.8,0.0,133,0.9915,430.06,921.67,924.294,1905,1.0,0.9966,0.7243,0.08,0.57,0.146,6,0.0,0.2899,0.6139,0.06,0.42,0.106,4,0.0,0.2457
11,November,s19_11_6,fifo,19,11,6,36,33600,7481,26119,0.2226,0.9092857142857143,0.5927015104932496,0.9999617136950113,209.14750779919248,512.1751851833333,3047.0,1.0,33599,1,0,1,0.0,60945.0,86400.0,147345.0,0.0,-54530.0,,,,,,,,,20.0,5.0,15.0,160.0,False,0.95,0.8,0.3573,134,0.8488,200.15,636.28,700.522,3056,0.9986,0.9393,0.7973,0.39,1.37,1.375,14,0.0009,0.32,0.7508,0.21,0.77,0.723,10,0.0004,0.3008
11,November,s19_11_6,urgent_first,19,11,6,36,33600,7481,26119,0.2226,0.9618154761904761,1.0,0.9508786706994908,216.62268860814507,852.8633333300003,0.0,1283.0,33599,1,0,1,0.0,6415.0,86400.0,92815.0,54530.0,0.0,,,,,,,,,20.0,5.0,15.0,160.0,True,0.95,0.8,0.0,134,0.8488,207.51,1195.52,726.297,3179,0.9997,0.9395,0.7973,0.49,1.67,1.705,24,0.0002,0.3197,0.7508,0.22,0.85,0.781,12,0.0001,0.3007
11,November,s19_11_6,rl3_dqn,19,11,6,36,33600,7481,26119,0.2226,0.9999702380952381,1.0,0.9999617136950113,214.53299398240526,598.0333333333466,0.0,1.0,33599,1,0,1,0.0,5.0,86400.0,86405.0,60940.0,6410.0,0.32239434206984313,0.22131251185433395,0.534926190838533,1.0,40863.0,31634.0,6571.0,2658.0,20.0,5.0,15.0,160.0,True,0.95,0.8,0.0,134,0.8488,205.38,741.84,718.847,3133,0.0,0.7395,0.7973,0.53,1.9,1.855,28,0.0,0.32,0.7508,0.22,0.87,0.765,10,0.0,0.3008
11,November,s18_11_6,fifo,18,11,6,35,33600,7481,26119,0.2226,0.8948511904761904,0.5280042775030076,0.9999234273900226,253.6757957293723,577.9624073983333,3531.0,2.0,33598,2,0,2,0.0001,70630.0,84000.0,154630.0,0.0,-61600.0,,,,,,,,,20.0,5.0,15.0,160.0,False,0.95,0.8,0.422,134,0.896,244.91,699.58,857.173,3153,0.9992,0.9582,0.7973,0.21,0.95,0.723,12,0.0004,0.3195,0.7507,0.16,0.68,0.547,10,0.0003,0.3007
11,November,s18_11_6,urgent_first,18,11,6,35,33600,7481,26119,0.2226,0.94625,1.0,0.9308549331903978,260.9366179123504,954.4959259199991,0.0,1806.0,33598,2,0,2,0.0001,9030.0,84000.0,93030.0,61600.0,0.0,,,,,,,,,20.0,5.0,15.0,160.0,True,0.95,0.8,0.0,134,0.896,252.13,1470.93,882.442,3278,0.9998,0.9584,0.7973,0.24,1.02,0.841,13,0.0001,0.3193,0.7507,0.17,0.72,0.582,10,0.0001,0.3005
11,November,s18_11_6,rl3_dqn,18,11,6,35,33600,7481,26119,0.2226,0.9999404761904762,1.0,0.9999234273900226,259.9511320669446,693.8318518518399,0.0,2.0,33598,2,0,2,0.0001,10.0,84000.0,84010.0,70620.0,9020.0,0.2964450745641672,0.2217201572219987,0.5542949756888168,1.0,38088.0,32311.0,3702.0,2075.0,20.0,5.0,15.0,160.0,True,0.95,0.8,0.0,134,0.896,251.15,807.64,879.031,3252,1.0,0.9584,0.7973,0.23,1.12,0.819,13,0.0,0.3194,0.7507,0.16,0.72,0.554,9,0.0,0.3006
11,November,s20_11_6,fifo,20,11,6,37,33600,7481,26119,0.2226,0.9236607142857143,0.6572650715145034,0.9999617136950113,177.35538948217902,467.8381481400001,2564.0,1.0,33599,1,0,1,0.0,51285.0,88800.0,140085.0,0.0,-45950.0,,,,,,,,,20.0,5.0,15.0,160.0,False,0.95,0.8,0.2927,134,0.8064,167.44,572.77,586.055,2949,0.9955,0.9217,0.7973,1.24,3.55,4.332,29,0.0038,0.3224,0.7508,0.28,0.9,0.964,11,0.0006,0.3011
11,November,s20_11_6,urgent_first,20,11,6,37,33600,7481,26119,0.2226,0.9682440476190476,1.0,0.9591485125770511,183.6550268721807,751.4903703633335,0.0,1067.0,33599,1,0,1,0.0,5335.0,88800.0,94135.0,45950.0,0.0,,,,,,,,,20.0,5.0,15.0,160.0,True,0.95,0.8,0.0,134,0.8064,173.04,1050.77,605.657,3058,0.9994,0.9224,0.7973,1.93,5.58,6.755,49,0.0005,0.322,0.7508,0.28,0.95,0.986,13,0.0001,0.3008
11,November,s20_11_6,rl3_dqn,20,11,6,37,33600,7481,26119,0.2226,0.9999702380952381,1.0,0.9999617136950113,182.89056166795143,546.11703703702,0.0,1.0,33599,1,0,1,0.0,5.0,88800.0,88805.0,51280.0,5330.0,0.33810882152588556,0.2225622523596302,0.45256450597860287,1.0,46976.0,31043.0,12712.0,3221.0,20.0,5.0,15.0,160.0,True,0.95,0.8,0.0,134,0.8064,171.91,667.43,601.685,3023,0.0,0.7226,0.7973,2.3,10.42,8.064,72,0.0,0.3248,0.7508,0.28,0.98,0.973,12,0.0,0.3009
11,November,s19_10_6,fifo,19,10,6,35,33600,7481,26119,0.2226,0.897797619047619,0.5411041304638418,0.9999617136950113,234.08295974716705,538.8733333300003,3433.0,1.0,33599,1,0,1,0.0,68665.0,84000.0,152665.0,0.0,-61535.0,,,,,,,,,20.0,5.0,15.0,160.0,False,0.95,0.8,0.4089,134,0.8488,200.15,636.28,700.522,3056,0.9153,0.9226,0.8771,25.43,74.85,88.986,369,0.0845,0.4162,0.7508,0.11,0.53,0.382,7,0.0002,0.3006
11,November,s19_10_6,urgent_first,19,10,6,35,33600,7481,26119,0.2226,0.9575595238095238,1.0,0.9454037290861059,246.49934515546298,898.0940740666666,0.0,1426.0,33599,1,0,1,0.0,7130.0,84000.0,91130.0,61535.0,0.0,,,,,,,,,20.0,5.0,15.0,160.0,True,0.95,0.8,0.0,134,0.8488,207.51,1195.52,726.297,3179,0.9214,0.9238,0.8771,30.48,65.53,106.663,376,0.0786,0.4023,0.7508,0.11,0.55,0.388,7,0.0001,0.3005
11,November,s19_10_6,rl3_dqn,19,10,6,35,33600,7481,26119,0.2226,0.9999702380952381,1.0,0.9999617136950113,245.73949219167733,651.8714814814934,0.0,1.0,33599,1,0,1,0.0,5.0,84000.0,84005.0,68660.0,7125.0,0.2731912497140142,0.22525586319740767,0.292557599867396,0.9486842105263158,56821.0,31169.0,24132.0,1520.0,20.0,5.0,15.0,160.0,True,0.95,0.8,0.0,134,0.8488,205.37,741.27,718.794,3132,0.0,0.7395,0.8771,31.86,92.62,111.513,391,0.0,0.4053,0.7508,0.11,0.55,0.381,7,0.0,0.3006
11,November,s19_12_6,fifo,19,12,6,37,33600,7481,26119,0.2226,0.9094345238095238,0.5933698703381901,0.9999617136950113,208.94228641363534,512.1751851833333,3042.0,1.0,33599,1,0,1,0.0,60845.0,88800.0,149645.0,0.0,-54430.0,,,,,,,,,20.0,5.0,15.0,160.0,False,0.95,0.8,0.3566,134,0.8488,200.15,636.28,700.522,3056,0.9991,0.9394,0.7309,0.13,0.72,0.449,12,0.0003,0.2928,0.7508,0.27,0.95,0.93,12,0.0006,0.301
11,November,s19_12_6,urgent_first,19,12,6,37,33600,7481,26119,0.2226,0.9618154761904761,1.0,0.9508786706994908,216.36609962236176,852.8333333300002,0.0,1283.0,33599,1,0,1,0.0,6415.0,88800.0,95215.0,54430.0,0.0,,,,,,,,,20.0,5.0,15.0,160.0,True,0.95,0.8,0.0,134,0.8488,207.51,1195.52,726.297,3179,0.9998,0.9395,0.7309,0.14,0.73,0.501,11,0.0001,0.2926,0.7508,0.31,1.05,1.086,16,0.0001,0.3008
11,November,s19_12_6,rl3_dqn,19,12,6,37,33600,7481,26119,0.2226,0.9999702380952381,1.0,0.9999617136950113,214.22962929893254,597.6418518518934,0.0,1.0,33599,1,0,1,0.0,5.0,88800.0,88805.0,60840.0,6410.0,0.3134261100066269,0.22081570806237769,0.5472118959107807,1.0,37725.0,31678.0,2690.0,3357.0,20.0,5.0,15.0,160.0,True,0.95,0.8,0.0,134,0.8488,205.38,741.85,718.831,3134,0.0,0.7395,0.7309,0.14,0.78,0.495,11,0.0,0.2927,0.7508,0.31,1.18,1.081,16,0.0,0.3009
11,November,s19_11_5,fifo,19,11,5,35,33600,7481,26119,0.2226,0.893422619047619,0.5226573987434835,0.9996171369501129,257.3758932715712,575.9796296166667,3571.0,10.0,33581,19,9,10,0.0006,71470.0,84000.0,155470.0,0.0,-63010.0,,,,,,,,,20.0,5.0,15.0,160.0,False,0.95,0.8,0.4273,134,0.8488,200.15,636.28,700.522,3056,0.85,0.9095,0.7973,0.39,1.37,1.375,14,0.0009,0.3199,0.9004,48.33,129.55,169.094,632,0.1491,0.4771
11,November,s19_11_5,urgent_first,19,11,5,35,33600,7481,26119,0.2226,0.9496428571428571,1.0,0.9352195719591102,271.8849802982256,979.1055555433338,0.0,1692.0,33579,21,0,21,0.0006,8460.0,84000.0,92460.0,63010.0,0.0,,,,,,,,,20.0,5.0,15.0,160.0,True,0.95,0.8,0.0,134,0.8488,207.51,1195.52,726.297,3179,0.8001,0.8996,0.7973,0.49,1.67,1.705,24,0.0003,0.3197,0.9004,55.37,327.59,193.819,683,0.1996,0.5086
11,November,s19_11_5,rl3_dqn,19,11,5,35,33600,7481,26119,0.2226,0.9993452380952381,1.0,0.9991577012902485,271.9342211500923,711.48574074072,0.0,22.0,33578,22,0,22,0.0007,110.0,84000.0,84110.0,71360.0,8350.0,0.46014297793835035,0.2676779197080292,0.670076726342711,1.0,39027.0,26304.0,5474.0,7249.0,20.0,5.0,15.0,160.0,True,0.95,0.8,0.0,134,0.8488,205.45,743.36,719.075,3134,0.9663,0.9328,0.7973,0.54,1.95,1.884,28,0.0337,0.3267,0.9004,57.43,168.44,200.891,671,0.0,0.4587
11,November,s19_11_7,fifo,19,11,7,37,33600,7481,26119,0.2226,0.9094345238095238,0.5933698703381901,0.9999617136950113,208.98541716157425,512.1751851833333,3042.0,1.0,33599,1,0,1,0.0,60845.0,88800.0,149645.0,0.0,-54430.0,,,,,,,,,20.0,5.0,15.0,160.0,False,0.95,0.8,0.3566,134,0.8488,200.15,636.28,700.522,3056,0.999,0.9393,0.7973,0.39,1.37,1.375,14,0.0009,0.32,0.6435,0.04,0.32,0.155,5,0.0001,0.2576
11,November,s19_11_7,urgent_first,19,11,7,37,33600,7481,26119,0.2226,0.9618154761904761,1.0,0.9508786706994908,216.4453390838537,852.8633333300003,0.0,1283.0,33599,1,0,1,0.0,6415.0,88800.0,95215.0,54430.0,0.0,,,,,,,,,20.0,5.0,15.0,160.0,True,0.95,0.8,0.0,134,0.8488,207.51,1195.52,726.297,3179,0.9998,0.9395,0.7973,0.49,1.67,1.705,24,0.0002,0.3197,0.6435,0.05,0.32,0.16,6,0.0,0.2575
11,November,s19_11_7,rl3_dqn,19,11,7,37,33600,7481,26119,0.2226,0.9999702380952381,1.0,0.9999617136950113,214.35198313882856,597.6751851852267,0.0,1.0,33599,1,0,1,0.0,5.0,88800.0,88805.0,60840.0,6410.0,0.29303378882626935,0.22110520991401114,0.5557297382034802,1.0,38859.0,31632.0,6379.0,848.0,20.0,5.0,15.0,160.0,True,0.95,0.8,0.0,134,0.8488,205.38,741.4,718.828,3134,0.0,0.7395,0.7973,0.53,1.88,1.849,30,0.0,0.32,0.6435,0.05,0.32,0.158,6,0.0,0.2575
11,November,s16_9_5,fifo,16,9,5,30,33600,7481,26119,0.2226,0.8052678571428571,0.24542173506215748,0.9656188981201425,435.23404999259975,809.0251851766668,5645.0,898.0,32447,1153,255,898,0.0343,117390.0,72000.0,189390.0,0.0,-93500.0,,,,,,,,,20.0,5.0,15.0,160.0,False,0.95,0.8,0.7046,134,0.9746,425.79,880.08,1463.1,3379,0.9982,0.9895,0.9417,0.79,2.18,2.676,17,0.0014,0.3778,0.87,0.25,0.87,0.83,10,0.0004,0.3484
11,November,s16_9_5,urgent_first,16,9,5,30,33600,7481,26119,0.2226,0.8577976190476191,1.0,0.817068034763965,404.81742279625456,1506.3287036916668,0.0,4778.0,32426,1174,0,1174,0.0349,23890.0,72000.0,95890.0,93500.0,0.0,,,,,,,,,20.0,5.0,15.0,160.0,True,0.95,0.8,0.0,134,0.9747,394.87,2273.02,1497.606,3508,0.9996,0.9898,0.9429,1.37,4.08,4.645,46,0.0003,0.3781,0.8714,0.26,0.93,0.886,10,0.0001,0.3488
11,November,s16_9_5,rl3_dqn,16,9,5,30,33600,7481,26119,0.2226,0.965297619047619,0.9993316401550595,0.9555495999081128,444.55387915973006,964.3670370369935,5.0,1161.0,32434,1166,5,1161,0.0347,5905.0,72000.0,77905.0,111485.0,17985.0,0.3336921174369074,0.23160558627800168,0.5163335482484419,1.0,43666.0,32007.0,9306.0,2353.0,20.0,5.0,15.0,160.0,True,0.95,0.8,0.0,134,0.9745,434.38,1083.18,1498.883,3489,0.9998,0.9898,0.9428,1.53,6.52,5.179,50,0.0002,0.3792,0.8715,0.25,0.92,0.836,9,0.0,0.3489
11,November,s22_13_7,fifo,22,13,7,42,33600,7481,26119,0.2226,0.9480952380952381,0.7670097580537362,0.9999617136950113,130.27702901510165,347.82777777,1743.0,1.0,33599,1,0,1,0.0,34865.0,100800.0,135665.0,0.0,-32755.0,,,,,,,,,20.0,5.0,15.0,160.0,False,0.95,0.8,0.183,134,0.7331,121.49,461.56,425.22,2735,0.9988,0.893,0.6747,0.23,0.98,0.793,14,0.0007,0.2708,0.6435,0.16,0.67,0.568,11,0.0004,0.2581
11,November,s22_13_7,urgent_first,22,13,7,42,33600,7481,26119,0.2226,0.9874404761904761,1.0,0.9838431792947663,134.619837828856,528.9281481466668,0.0,422.0,33599,1,0,1,0.0,2110.0,100800.0,102910.0,32755.0,0.0,,,,,,,,,20.0,5.0,15.0,160.0,True,0.95,0.8,0.0,134,0.7331,125.78,825.15,440.233,2831,0.9998,0.8932,0.6747,0.27,1.07,0.942,21,0.0001,0.2705,0.6435,0.17,0.7,0.606,11,0.0001,0.2578
11,November,s22_13_7,rl3_dqn,22,13,7,42,33600,7481,26119,0.2226,0.9999702380952381,1.0,0.9999617136950113,133.5946039509559,415.9514814815134,0.0,1.0,33599,1,0,1,0.0,5.0,100800.0,100805.0,34860.0,2105.0,0.31867767682067993,0.21470269514454504,0.5426260112009956,1.0,36209.0,28607.0,4821.0,2781.0,20.0,5.0,15.0,160.0,True,0.95,0.8,0.0,134,0.7331,124.76,529.93,436.689,2796,0.0,0.6932,0.6747,0.26,1.13,0.908,21,0.0,0.2707,0.6435,0.17,0.75,0.595,12,0.0,0.258
11,November,s20_12_6,fifo,20,12,6,38,33600,7481,26119,0.2226,0.9238095238095239,0.6579334313594439,0.9999617136950113,176.4762864334772,466.6929629566667,2559.0,1.0,33599,1,0,1,0.0,51185.0,91200.0,142385.0,0.0,-45860.0,,,,,,,,,20.0,5.0,15.0,160.0,False,0.95,0.8,0.2921,134,0.8064,167.44,572.77,586.055,2949,0.9985,0.9222,0.7309,0.22,0.97,0.779,13,0.0006,0.2931,0.7508,0.41,1.3,1.44,16,0.001,0.3014
11,November,s20_12_6,urgent_first,20,12,6,38,33600,7481,26119,0.2226,0.9683035714285714,1.0,0.9592250851870286,182.2150236974831,750.9881481433338,0.0,1065.0,33599,1,0,1,0.0,5325.0,91200.0,96525.0,45860.0,0.0,,,,,,,,,20.0,5.0,15.0,160.0,True,0.95,0.8,0.0,134,0.8064,173.04,1050.77,605.657,3058,0.9997,0.9225,0.7309,0.24,1.02,0.851,14,0.0001,0.2928,0.7508,0.53,1.62,1.85,22,0.0002,0.3012
11,November,s20_12_6,rl3_dqn,20,12,6,38,33600,7481,26119,0.2226,0.9999702380952381,1.0,0.9999617136950113,181.12299616500988,545.7462962963067,0.0,1.0,33599,1,0,1,0.0,5.0,91200.0,91205.0,51180.0,5320.0,0.34556290391530664,0.22160771704180066,0.5658303464755078,1.0,39767.0,31100.0,4185.0,4482.0,20.0,5.0,15.0,160.0,True,0.95,0.8,0.0,134,0.8064,171.89,667.75,601.629,3024,0.0,0.7226,0.7309,0.24,1.07,0.834,15,0.0,0.293,0.7508,0.59,1.78,2.074,38,0.0,0.3015
11,November,s20_11_7,fifo,20,11,7,38,33600,7481,26119,0.2226,0.9236607142857143,0.6572650715145034,0.9999617136950113,177.13104302345505,467.72481481,2564.0,1.0,33599,1,0,1,0.0,51285.0,91200.0,142485.0,0.0,-45955.0,,,,,,,,,20.0,5.0,15.0,160.0,False,0.95,0.8,0.2927,134,0.8064,167.44,572.77,586.055,2949,0.996,0.9218,0.7973,1.24,3.55,4.332,29,0.0038,0.3224,0.6435,0.05,0.33,0.179,7,0.0001,0.2576
11,November,s20_11_7,urgent_first,20,11,7,38,33600,7481,26119,0.2226,0.9682738095238095,1.0,0.95918679888204,183.4253702355745,751.4303703633335,0.0,1066.0,33599,1,0,1,0.0,5330.0,91200.0,96530.0,45955.0,0.0,,,,,,,,,20.0,5.0,15.0,160.0,True,0.95,0.8,0.0,134,0.8064,173.04,1050.77,605.657,3058,0.9995,0.9225,0.7973,1.93,5.58,6.755,49,0.0005,0.322,0.6435,0.05,0.35,0.182,6,0.0,0.2575
11,November,s20_11_7,rl3_dqn,20,11,7,38,33600,7481,26119,0.2226,0.9999702380952381,1.0,0.9999617136950113,182.65803441019574,545.9307407407734,0.0,1.0,33599,1,0,1,0.0,5.0,91200.0,91205.0,51280.0,5325.0,0.30831195715764365,0.22205418624107084,0.4691417940629297,1.0,44442.0,31078.0,12363.0,1001.0,20.0,5.0,15.0,160.0,True,0.95,0.8,0.0,134,0.8064,171.9,667.75,601.644,3023,0.0,0.7226,0.7973,2.31,10.47,8.087,73,0.0,0.3249,0.6435,0.05,0.35,0.179,6,0.0,0.2576
11,November,s19_12_7,fifo,19,12,7,38,33600,7481,26119,0.2226,0.9095535714285714,0.5939045582141425,0.9999617136950113,208.73976500922842,512.1751851833333,3038.0,1.0,33599,1,0,1,0.0,60765.0,91200.0,151965.0,0.0,-54350.0,,,,,,,,,20.0,5.0,15.0,160.0,False,0.95,0.8,0.3561,134,0.8488,200.15,636.28,700.522,3056,0.9996,0.9394,0.7309,0.13,0.72,0.449,12,0.0003,0.2928,0.6435,0.06,0.4,0.221,8,0.0001,0.2576
11,November,s19_12_7,urgent_first,19,12,7,38,33600,7481,26119,0.2226,0.9618154761904761,1.0,0.9508786706994908,216.12186616303262,852.8333333300002,0.0,1283.0,33599,1,0,1,0.0,6415.0,91200.0,97615.0,54350.0,0.0,,,,,,,,,20.0,5.0,15.0,160.0,True,0.95,0.8,0.0,134,0.8488,207.51,1195.52,726.297,3179,0.9999,0.9395,0.7309,0.14,0.73,0.501,11,0.0001,0.2926,0.6435,0.07,0.42,0.232,7,0.0,0.2575
11,November,s19_12_7,rl3_dqn,19,12,7,38,33600,7481,26119,0.2226,0.9999702380952381,1.0,0.9999617136950113,213.97627800871555,597.3496296296133,0.0,1.0,33599,1,0,1,0.0,5.0,91200.0,91205.0,60760.0,6410.0,0.2726557229592984,0.2203961895148571,0.5645161290322581,1.0,35576.0,31702.0,2666.0,1208.0,20.0,5.0,15.0,160.0,True,0.95,0.8,0.0,134,0.8488,205.37,741.62,718.802,3134,0.0,0.7395,0.7309,0.14,0.78,0.487,12,0.0,0.2927,0.6435,0.07,0.42,0.23,7,0.0,0.2576
11,November,s18_10_6,fifo,18,10,6,34,33600,7481,26119,0.2226,0.8947619047619048,0.5276032615960433,0.9999234273900226,254.3537924355254,578.6725925866666,3534.0,2.0,33598,2,0,2,0.0001,70690.0,81600.0,152290.0,0.0,-61660.0,,,,,,,,,20.0,5.0,15.0,160.0,False,0.95,0.8,0.4224,134,0.896,244.91,699.58,857.173,3153,0.9977,0.9579,0.877,0.94,2.53,3.282,20,0.0021,0.3527,0.7507,0.1,0.52,0.361,7,0.0002,0.3006
11,November,s18_10_6,urgent_first,18,10,6,34,33600,7481,26119,0.2226,0.94625,1.0,0.9308549331903978,262.41225931957706,956.2327777683312,0.0,1806.0,33598,2,0,2,0.0001,9030.0,81600.0,90630.0,61660.0,0.0,,,,,,,,,20.0,5.0,15.0,160.0,True,0.95,0.8,0.0,134,0.896,252.13,1470.93,882.442,3278,0.9996,0.9583,0.877,1.78,5.15,6.223,57,0.0004,0.3528,0.7507,0.1,0.53,0.365,8,0.0,0.3005
11,November,s18_10_6,rl3_dqn,18,10,6,34,33600,7481,26119,0.2226,0.9999404761904762,1.0,0.9999234273900226,261.4537730971646,694.8190740740599,0.0,2.0,33598,2,0,2,0.0001,10.0,81600.0,81610.0,70680.0,9020.0,0.3121360198139099,0.2227990549614524,0.48195234708392604,1.0,44817.0,32168.0,11248.0,1401.0,20.0,5.0,15.0,160.0,True,0.95,0.8,0.0,134,0.896,251.17,807.6,879.092,3253,1.0,0.9584,0.877,1.78,6.93,6.215,60,0.0,0.354,0.7507,0.1,0.53,0.357,7,0.0,0.3005
11,November,s18_11_5,fifo,18,11,5,34,33600,7481,26119,0.2226,0.8932738095238095,0.522122710867531,0.9995788506451242,259.9539561131367,581.7592592533333,3575.0,11.0,33579,21,10,11,0.0006,71555.0,81600.0,153155.0,0.0,-62285.0,,,,,,,,,20.0,5.0,15.0,160.0,False,0.95,0.8,0.4279,134,0.896,244.91,699.58,857.173,3153,0.9849,0.9554,0.7973,0.21,0.95,0.723,12,0.0004,0.3195,0.9003,6.31,15.37,22.067,92,0.0146,0.3724
11,November,s18_11_5,urgent_first,18,11,5,34,33600,7481,26119,0.2226,0.9448214285714286,1.0,0.9290171905509399,271.94113193172683,1017.712592586668,0.0,1854.0,33572,28,0,28,0.0008,9270.0,81600.0,90870.0,62285.0,0.0,,,,,,,,,20.0,5.0,15.0,160.0,True,0.95,0.8,0.0,134,0.896,252.13,1470.93,882.442,3278,0.9966,0.9577,0.7973,0.24,1.02,0.841,13,0.0001,0.3193,0.9002,11.0,28.64,38.612,108,0.0033,0.3722
11,November,s18_11_5,rl3_dqn,18,11,5,34,33600,7481,26119,0.2226,0.9992857142857143,1.0,0.9990811286802711,272.3099947383057,710.4564814815001,0.0,24.0,33576,24,0,24,0.0007,120.0,81600.0,81720.0,71435.0,9150.0,0.38671080633719557,0.22639782910513695,0.586417953949286,1.0,42290.0,31692.0,3431.0,7167.0,20.0,5.0,15.0,160.0,True,0.95,0.8,0.0,134,0.896,251.2,808.23,879.202,3253,0.9927,0.9569,0.7973,0.23,1.07,0.793,13,0.0073,0.3208,0.9003,12.33,32.1,43.123,129,0.0,0.3774
11,November,s19_10_5,fifo,19,10,5,34,33600,7481,26119,0.2226,0.8933928571428571,0.5225237267744954,0.9996171369501129,257.6322539791334,575.9990740616669,3572.0,10.0,33580,20,10,10,0.0006,71490.0,81600.0,153090.0,0.0,-63360.0,,,,,,,,,20.0,5.0,15.0,160.0,False,0.95,0.8,0.4275,134,0.8488,200.15,636.28,700.522,3056,0.8497,0.9095,0.8771,25.43,74.85,88.986,369,0.0815,0.4156,0.9003,23.54,63.57,82.357,317,0.0688,0.4165
11,November,s19_10_5,urgent_first,19,10,5,34,33600,7481,26119,0.2226,0.9516071428571429,1.0,0.9377464680883648,271.6508806075096,945.632222213334,0.0,1626.0,33575,25,0,25,0.0007,8130.0,81600.0,89730.0,63360.0,0.0,,,,,,,,,20.0,5.0,15.0,160.0,True,0.95,0.8,0.0,134,0.8488,207.51,1195.52,726.297,3179,0.8407,0.9077,0.8771,30.48,65.53,106.663,376,0.0771,0.402,0.9003,25.11,35.29,87.953,338,0.0822,0.4021
11,November,s19_10_5,rl3_dqn,19,10,5,34,33600,7481,26119,0.2226,0.999375,1.0,0.9991959875952372,272.0196243132563,710.0914814814868,0.0,21.0,33579,21,0,21,0.0006,105.0,81600.0,81705.0,71385.0,8025.0,0.415103527532675,0.23373046162015065,0.5265315248174095,0.924884437596302,51339.0,30133.0,13418.0,7788.0,20.0,5.0,15.0,160.0,True,0.95,0.8,0.0,134,0.8488,205.4,741.66,718.919,3133,0.5768,0.8549,0.8771,31.94,93.39,111.783,393,0.4232,0.4903,0.9004,26.15,80.37,91.471,336,0.0,0.4063
11,November,s17_11_6,fifo,17,11,6,34,33600,7481,26119,0.2226,0.8609821428571428,0.40890255313460766,0.9904667100578123,319.8244684145923,685.3962962833334,4422.0,249.0,33271,329,80,249,0.0098,89685.0,81600.0,171285.0,0.0,-74835.0,,,,,,,,,20.0,5.0,15.0,160.0,False,0.95,0.8,0.5411,134,0.9402,311.08,770.49,1081.256,3270,0.9996,0.976,0.7898,0.12,0.68,0.403,10,0.0002,0.3163,0.7433,0.11,0.58,0.399,9,0.0002,0.2976
11,November,s17_11_6,urgent_first,17,11,6,34,33600,7481,26119,0.2226,0.9116071428571428,1.0,0.8862896741835445,323.8410918864867,1203.9953703583333,0.0,2970.0,33266,334,0,334,0.0099,14850.0,81600.0,96450.0,74835.0,0.0,,,,,,,,,20.0,5.0,15.0,160.0,True,0.95,0.8,0.0,134,0.9402,315.21,1784.01,1115.09,3407,0.9999,0.9761,0.7901,0.13,0.72,0.44,11,0.0001,0.3162,0.7438,0.12,0.6,0.413,11,0.0001,0.2977
11,November,s17_11_6,rl3_dqn,17,11,6,34,33600,7481,26119,0.2226,0.9900892857142857,0.9994653121240475,0.9874038056587159,327.62648080791945,823.1222222222566,4.0,329.0,33267,333,4,329,0.0099,1725.0,81600.0,83325.0,87960.0,13125.0,0.2743095910122309,0.22423295976483557,0.5583126550868487,1.0,36138.0,32658.0,2015.0,1465.0,20.0,5.0,15.0,160.0,True,0.95,0.8,0.0,134,0.9401,318.91,932.11,1108.545,3366,0.9999,0.976,0.7899,0.12,0.73,0.431,11,0.0001,0.3163,0.7437,0.12,0.62,0.4,8,0.0,0.2977
12,December,s26_14_7,fifo,26,14,7,47,40800,10345,30455,0.2536,0.9001470588235294,0.7326244562590624,0.957051387292727,120.68829981399989,310.42903225,2766.0,1308.0,39036,1764,456,1308,0.0432,61860.0,112800.0,174660.0,0.0,-51585.0,,,,,,,,,20.0,5.0,15.0,160.0,False,0.95,0.8,0.2174,135,0.7848,110.68,330.29,467.389,2169,0.9962,0.9131,0.7616,0.61,1.8,2.47,20,0.002,0.3072,0.7527,0.49,1.48,1.997,24,0.0018,0.3032
12,December,s26_14_7,urgent_first,26,14,7,47,40800,10345,30455,0.2536,0.9496323529411764,1.0,0.9325233951732064,122.90624872706209,488.9214695300002,0.0,2055.0,38953,1847,0,1847,0.0453,10275.0,112800.0,123075.0,51585.0,0.0,,,,,,,,,20.0,5.0,15.0,160.0,True,0.95,0.8,0.0,135,0.7849,111.91,768.89,479.504,2213,0.9994,0.9138,0.7621,1.22,3.05,5.008,61,0.0004,0.3075,0.7533,0.72,1.92,2.943,33,0.0002,0.3029
12,December,s26_14_7,rl3_dqn,26,14,7,47,40800,10345,30455,0.2536,0.9545588235294118,0.9993233446109232,0.9393531439829256,123.47411488050717,370.73754480288335,7.0,1847.0,38946,1854,7,1847,0.0454,9375.0,112800.0,122175.0,52485.0,900.0,0.4320731662161662,0.26547776433855585,0.6091983556012333,1.0,54014.0,35551.0,11676.0,6787.0,20.0,5.0,15.0,160.0,True,0.95,0.8,0.0,135,0.7848,112.44,394.95,478.178,2222,0.9887,0.9116,0.7621,1.49,5.86,6.043,75,0.0113,0.3127,0.7532,0.68,2.37,2.771,23,0.0,0.3036
12,December,s25_14_7,fifo,25,14,7,46,40800,10345,30455,0.2536,0.8896813725490196,0.6943450942484292,0.9560334920374323,140.6407941369584,338.5835125333337,3162.0,1339.0,38997,1803,464,1339,0.0442,69935.0,110400.0,180335.0,0.0,-58940.0,,,,,,,,,20.0,5.0,15.0,160.0,False,0.95,0.8,0.2557,135,0.8153,131.08,375.04,550.465,2389,0.998,0.9257,0.7608,0.31,1.18,1.277,17,0.001,0.3056,0.7519,0.33,1.08,1.327,20,0.0011,0.3021
12,December,s25_14_7,urgent_first,25,14,7,46,40800,10345,30455,0.2536,0.9461764705882353,0.9999033349444176,0.9279264488589722,142.15102920083274,525.4557526800003,1.0,2195.0,38928,1872,1,1871,0.0459,10995.0,110400.0,121395.0,58940.0,0.0,,,,,,,,,20.0,5.0,15.0,160.0,True,0.95,0.8,0.0,135,0.8153,132.24,817.55,562.055,2432,0.9997,0.9261,0.7615,0.49,1.55,1.988,34,0.0001,0.3056,0.7528,0.43,1.23,1.727,26,0.0002,0.302
12,December,s25_14_7,rl3_dqn,25,14,7,46,40800,10345,30455,0.2536,0.9539705882352941,0.9994200096665056,0.9385322607125267,143.2316568897384,406.2186738350917,6.0,1872.0,38922,1878,6,1872,0.046,9480.0,110400.0,119880.0,60455.0,1515.0,0.41155079776910664,0.26546911703744647,0.6998111171073934,1.0,48949.0,36185.0,7412.0,5352.0,20.0,5.0,15.0,160.0,True,0.95,0.8,0.0,135,0.8153,133.34,443.92,563.307,2451,0.9959,0.9253,0.7617,0.55,1.97,2.243,44,0.0041,0.3072,0.7528,0.43,1.6,1.764,22,0.0,0.3025
12,December,s27_14_7,fifo,27,14,7,48,40800,10345,30455,0.2536,0.9100980392156863,0.7706138231029482,0.9574782465933345,108.40829097704322,277.828673825,2373.0,1295.0,39056,1744,449,1295,0.0427,53935.0,115200.0,169135.0,0.0,-44395.0,,,,,,,,,20.0,5.0,15.0,160.0,False,0.95,0.8,0.1794,135,0.7565,94.42,305.32,400.946,1942,0.9713,0.8969,0.7621,4.24,11.6,17.265,92,0.0248,0.3258,0.753,0.88,2.57,3.594,28,0.0039,0.3055
12,December,s27_14_7,urgent_first,27,14,7,48,40800,10345,30455,0.2536,0.9533823529411765,0.9998066698888352,0.9376128714496799,111.87619809716666,469.9154121733334,2.0,1900.0,38953,1847,2,1845,0.0453,9540.0,115200.0,124740.0,44395.0,0.0,,,,,,,,,20.0,5.0,15.0,160.0,True,0.95,0.8,0.0,135,0.7566,94.75,641.75,409.617,1980,0.98,0.8986,0.7622,7.06,15.87,29.052,115,0.0198,0.3256,0.7533,0.98,3.07,3.983,34,0.0002,0.304
12,December,s27_14_7,rl3_dqn,27,14,7,48,40800,10345,30455,0.2536,0.9546568627450981,0.9992266795553407,0.9395173206370054,112.89929692050822,334.9420788530399,8.0,1842.0,38950,1850,8,1842,0.0453,9370.0,115200.0,124570.0,44565.0,170.0,0.39747226031666877,0.2659285443019485,0.3966191610843861,0.9851832596828698,64168.0,34231.0,22243.0,7694.0,20.0,5.0,15.0,160.0,True,0.95,0.8,0.0,135,0.7566,95.81,366.22,410.181,1989,0.9879,0.9002,0.7621,7.36,21.23,29.944,119,0.0121,0.3327,0.7533,0.96,2.88,3.893,23,0.0,0.3047
12,December,s26_13_7,fifo,26,13,7,46,40800,10345,30455,0.2536,0.8889950980392157,0.6923151280811987,0.9558036447217205,143.42172828490607,341.23878135333337,3183.0,1346.0,38987,1813,467,1346,0.0444,70390.0,110400.0,180790.0,0.0,-59315.0,,,,,,,,,20.0,5.0,15.0,160.0,False,0.95,0.8,0.2577,135,0.7848,110.68,330.29,467.389,2169,0.8755,0.889,0.8191,23.67,77.35,96.185,472,0.124,0.4418,0.7517,0.19,0.7,0.781,9,0.0006,0.3016
12,December,s26_13_7,urgent_first,26,13,7,46,40800,10345,30455,0.2536,0.9457107843137255,1.0,0.9272697422426531,150.0626727527009,555.5867204266671,0.0,2215.0,38882,1918,0,1918,0.047,11075.0,110400.0,121475.0,59315.0,0.0,,,,,,,,,20.0,5.0,15.0,160.0,True,0.95,0.8,0.0,135,0.7849,111.91,768.89,479.504,2213,0.7428,0.8625,0.8192,28.73,66.1,117.05,508,0.2571,0.4372,0.752,0.19,0.73,0.785,10,0.0001,0.3013
12,December,s26_13_7,rl3_dqn,26,13,7,46,40800,10345,30455,0.2536,0.9528186274509803,0.9993233446109232,0.9370218354949926,150.2065472691868,416.94050179212667,7.0,1918.0,38875,1925,7,1918,0.0472,9730.0,110400.0,120130.0,60660.0,1345.0,0.3296511367537954,0.27041224163526323,0.33263290607270435,0.9137070736718521,66989.0,35028.0,28554.0,3407.0,20.0,5.0,15.0,160.0,True,0.95,0.8,0.0,135,0.7848,112.45,394.39,478.166,2223,0.9926,0.9124,0.8191,28.81,96.97,116.839,507,0.0074,0.4273,0.7519,0.19,0.75,0.783,10,0.0,0.3015
12,December,s26_15_7,fifo,26,15,7,48,40800,10345,30455,0.2536,0.9003676470588236,0.7333977767037216,0.957084222623543,120.4161404223439,310.17329748666674,2758.0,1307.0,39039,1761,454,1307,0.0432,61695.0,115200.0,176895.0,0.0,-51405.0,,,,,,,,,20.0,5.0,15.0,160.0,False,0.95,0.8,0.2166,135,0.7848,110.68,330.29,467.389,2169,0.9971,0.9133,0.7109,0.19,0.9,0.792,16,0.0006,0.2854,0.7527,0.63,1.82,2.558,29,0.0023,0.3037
12,December,s26_15_7,urgent_first,26,15,7,48,40800,10345,30455,0.2536,0.9496323529411764,0.9999033349444176,0.9325562305040224,122.55875446713992,488.79749103666666,1.0,2054.0,38953,1847,1,1846,0.0453,10290.0,115200.0,125490.0,51405.0,0.0,,,,,,,,,20.0,5.0,15.0,160.0,True,0.95,0.8,0.0,135,0.7849,111.91,768.89,479.504,2213,0.9996,0.9139,0.7117,0.23,0.95,0.919,16,0.0001,0.2853,0.7533,1.36,2.94,5.63,75,0.0003,0.3041
12,December,s26_15_7,rl3_dqn,26,15,7,48,40800,10345,30455,0.2536,0.9546323529411764,0.9995166747220879,0.9393859793137416,123.07278202513045,370.1760215054068,5.0,1846.0,38949,1851,5,1846,0.0454,9330.0,115200.0,124530.0,52365.0,960.0,0.42709545686574785,0.2647702407002188,0.675950253984936,1.0,48975.0,35646.0,5709.0,7620.0,20.0,5.0,15.0,160.0,True,0.95,0.8,0.0,135,0.7848,112.44,394.96,478.169,2222,0.9994,0.9138,0.7117,0.25,1.08,1.003,19,0.0006,0.2858,0.7533,1.52,7.38,6.199,86,0.0,0.3079
12,December,s26_14_6,fifo,26,14,6,46,40800,10345,30455,0.2536,0.8558333333333333,0.5725471242145964,0.9520604170087014,195.1149859067342,416.3038351166667,4422.0,1460.0,38849,1951,491,1460,0.0478,95740.0,110400.0,206140.0,0.0,-81070.0,,,,,,,,,20.0,5.0,15.0,160.0,False,0.95,0.8,0.3775,135,0.7848,110.68,330.29,467.389,2169,0.6676,0.8474,0.7616,0.61,1.8,2.47,20,0.0017,0.3072,0.874,74.99,206.25,303.87,1152,0.3307,0.6694
12,December,s26_14_6,urgent_first,26,14,6,46,40800,10345,30455,0.2536,0.9280882352941177,1.0,0.9036611393859794,204.78308302682424,767.9608602033335,0.0,2934.0,38728,2072,0,2072,0.0508,14670.0,110400.0,125070.0,81070.0,0.0,,,,,,,,,20.0,5.0,15.0,160.0,True,0.95,0.8,0.0,135,0.7849,111.91,768.89,479.504,2213,0.3,0.7739,0.7621,1.22,3.05,5.008,61,0.002,0.3078,0.874,82.2,620.27,339.118,1212,0.698,0.797
12,December,s26_14_6,rl3_dqn,26,14,6,46,40800,10345,30455,0.2536,0.9491421568627451,0.9996133397776704,0.931998029880151,206.62176587508264,504.0475627240333,4.0,2071.0,38725,2075,4,2071,0.0509,10435.0,110400.0,120835.0,85305.0,4235.0,0.5631215236811057,0.3608664423694855,0.6517824663514005,1.0,47464.0,26453.0,10996.0,10015.0,20.0,5.0,15.0,160.0,True,0.95,0.8,0.0,135,0.7848,112.49,395.84,478.434,2222,0.9529,0.9045,0.7621,1.49,6.15,6.065,75,0.0471,0.32,0.874,84.0,277.38,339.745,1224,0.0,0.6313
12,December,s26_14_8,fifo,26,14,8,48,40800,10345,30455,0.2536,0.9004166666666666,0.733494441759304,0.9571170579543589,120.27987873474643,309.702724,2757.0,1306.0,39040,1760,454,1306,0.0431,61670.0,115200.0,176870.0,0.0,-51445.0,,,,,,,,,20.0,5.0,15.0,160.0,False,0.95,0.8,0.2165,135,0.7848,110.68,330.29,467.389,2169,0.9977,0.9134,0.7616,0.61,1.8,2.47,20,0.002,0.3072,0.6586,0.08,0.43,0.323,7,0.0003,0.2639
12,December,s26_14_8,urgent_first,26,14,8,48,40800,10345,30455,0.2536,0.9498774509803921,1.0,0.932851748481366,122.25303710703402,488.51655912999996,0.0,2045.0,38963,1837,0,1837,0.045,10225.0,115200.0,125425.0,51445.0,0.0,,,,,,,,,20.0,5.0,15.0,160.0,True,0.95,0.8,0.0,135,0.7849,111.91,768.89,479.504,2213,0.9997,0.9139,0.7621,1.22,3.05,5.008,61,0.0003,0.3075,0.6593,0.08,0.45,0.34,8,0.0,0.264
12,December,s26_14_8,rl3_dqn,26,14,8,48,40800,10345,30455,0.2536,0.9548039215686275,0.9993233446109232,0.9396814972910852,122.88865806142547,370.37491039428335,7.0,1837.0,38956,1844,7,1837,0.0452,9325.0,115200.0,124525.0,52345.0,900.0,0.37187202399043623,0.26405107955977486,0.5971309025702332,0.9989653388515262,49353.0,35709.0,11711.0,1933.0,20.0,5.0,15.0,160.0,True,0.95,0.8,0.0,135,0.7848,112.45,395.08,478.154,2222,0.9943,0.9128,0.7621,1.49,6.05,6.057,74,0.0057,0.3117,0.6592,0.08,0.47,0.335,9,0.0,0.2641
12,December,s22_11_5,fifo,22,11,5,38,40800,10345,30455,0.2536,0.7191666666666666,0.19671338811019817,0.8966343785913643,462.2970094171487,791.5702150466667,8310.0,3148.0,36549,4251,1103,3148,0.1042,181940.0,91200.0,273140.0,0.0,-140570.0,,,,,,,,,20.0,5.0,15.0,160.0,False,0.95,0.8,0.7533,135,0.9052,246.78,574.17,1014.125,3054,0.578,0.8777,0.9323,56.0,129.27,222.914,622,0.1365,0.4895,0.9863,153.11,325.67,595.801,1415,0.2855,0.6815
12,December,s22_11_5,urgent_first,22,11,5,38,40800,10345,30455,0.2536,0.8025,0.9930401159980667,0.7377770481037597,413.5608603934922,1417.6921505233333,72.0,7986.0,36277,4523,72,4451,0.1109,41370.0,91200.0,132570.0,140570.0,0.0,,,,,,,,,20.0,5.0,15.0,160.0,False,0.95,0.8,0.0622,135,0.9053,219.4,1267.66,1030.966,3114,0.428,0.8477,0.9322,52.35,92.76,272.988,675,0.1467,0.4602,0.9863,138.98,1034.71,649.249,1498,0.4253,0.7781
12,December,s22_11_5,rl3_dqn,22,11,5,38,40800,10345,30455,0.2536,0.8890196078431373,0.9922667955534075,0.8539484485306189,469.9932585321111,1008.5753584229134,80.0,4448.0,36272,4528,80,4448,0.111,23840.0,91200.0,115040.0,158100.0,17530.0,0.5251559251559251,0.36307369335456785,0.7862165963431786,0.5908985775413438,57720.0,27628.0,12798.0,17294.0,20.0,5.0,15.0,160.0,True,0.95,0.8,0.0,135,0.9053,248.39,682.2,1038.642,3122,0.8369,0.9295,0.9322,64.69,179.01,268.51,680,0.1631,0.5099,0.9863,161.1,426.4,644.817,1508,0.0,0.6439
12,December,s30_17_9,fifo,30,17,9,56,40800,10345,30455,0.2536,0.9430882352941177,0.8880618656355728,0.9617796749302249,75.41596693267003,210.35215053000016,1158.0,1164.0,39223,1577,413,1164,0.0387,28980.0,134400.0,163380.0,0.0,-20795.0,,,,,,,,,20.0,5.0,15.0,160.0,False,0.95,0.8,0.0619,135,0.6831,66.24,253.83,285.112,1798,0.9986,0.873,0.6301,0.18,0.85,0.753,17,0.0009,0.2534,0.5882,0.1,0.5,0.397,11,0.0005,0.2361
12,December,s30_17_9,urgent_first,30,17,9,56,40800,10345,30455,0.2536,0.9599509803921569,0.9999033349444176,0.9463799047775406,75.23213689193136,333.0267921083333,1.0,1633.0,39166,1634,1,1633,0.04,8185.0,134400.0,142585.0,20795.0,0.0,,,,,,,,,20.0,5.0,15.0,160.0,True,0.95,0.8,0.0,135,0.6832,65.94,494.04,291.487,1846,0.9991,0.8731,0.6307,0.23,0.93,0.927,17,0.0009,0.2534,0.5889,0.11,0.53,0.455,12,0.0,0.2361
12,December,s30_17_9,rl3_dqn,30,17,9,56,40800,10345,30455,0.2536,0.9596323529411764,0.9993233446109232,0.9461500574618289,76.27592640195648,240.3844086021334,7.0,1640.0,39153,1647,7,1640,0.0404,8340.0,134400.0,142740.0,20640.0,-155.0,0.3573146448059169,0.24803595320594188,0.5535384615384615,0.9897350993377484,38669.0,29149.0,6500.0,3020.0,20.0,5.0,15.0,160.0,True,0.95,0.8,0.0,135,0.6832,67.04,296.82,291.62,1836,0.9996,0.8732,0.6307,0.24,1.05,0.986,22,0.0004,0.2538,0.5888,0.11,0.57,0.444,13,0.0,0.2362
12,December,s27_15_7,fifo,27,15,7,49,40800,10345,30455,0.2536,0.9138235294117647,0.7844369260512325,0.9577737645706781,105.90362570177548,271.84655913,2230.0,1286.0,39069,1731,445,1286,0.0424,51030.0,117600.0,168630.0,0.0,-41550.0,,,,,,,,,20.0,5.0,15.0,160.0,False,0.95,0.8,0.1656,135,0.7565,94.42,305.32,400.946,1942,0.9878,0.9002,0.7117,0.31,1.17,1.277,19,0.0012,0.2863,0.7533,2.29,7.13,9.328,57,0.011,0.3128
12,December,s27_15_7,urgent_first,27,15,7,49,40800,10345,30455,0.2536,0.9535294117647058,1.0,0.9377442127729437,109.16110832892086,463.91964157500024,0.0,1896.0,38958,1842,0,1842,0.0451,9480.0,117600.0,127080.0,41550.0,0.0,,,,,,,,,20.0,5.0,15.0,160.0,True,0.95,0.8,0.0,135,0.7566,94.75,641.75,409.617,1980,0.9947,0.9016,0.7124,0.5,1.53,2.047,36,0.0013,0.2866,0.7534,4.83,10.95,19.993,113,0.004,0.3137
12,December,s27_15_7,rl3_dqn,27,15,7,49,40800,10345,30455,0.2536,0.9547303921568627,0.9997100048332528,0.9394516499753734,110.16216138426991,328.22749103946666,3.0,1844.0,38953,1847,3,1844,0.0453,9280.0,117600.0,126880.0,41750.0,200.0,0.4401559749380075,0.26466472303206995,0.5460800667222686,1.0,52829.0,34300.0,9592.0,8937.0,20.0,5.0,15.0,160.0,True,0.95,0.8,0.0,135,0.7566,95.82,366.82,410.234,1989,0.9951,0.9017,0.7125,0.58,2.0,2.359,43,0.0049,0.2882,0.7533,5.01,17.6,20.366,120,0.0,0.3208
12,December,s27_14_8,fifo,27,14,8,49,40800,10345,30455,0.2536,0.9114950980392157,0.7752537457709038,0.9577737645706781,107.62591276654123,276.83724013666665,2325.0,1286.0,39069,1731,445,1286,0.0424,52930.0,117600.0,170530.0,0.0,-43430.0,,,,,,,,,20.0,5.0,15.0,160.0,False,0.95,0.8,0.1747,135,0.7565,94.42,305.32,400.946,1942,0.975,0.8976,0.7621,4.24,11.6,17.265,92,0.0247,0.3258,0.6591,0.09,0.45,0.354,8,0.0003,0.2642
12,December,s27_14_8,urgent_first,27,14,8,49,40800,10345,30455,0.2536,0.9535049019607843,0.9999033349444176,0.9377442127729437,110.97622415718037,468.59630823500015,1.0,1896.0,38958,1842,1,1841,0.0451,9500.0,117600.0,127100.0,43430.0,0.0,,,,,,,,,20.0,5.0,15.0,160.0,True,0.95,0.8,0.0,135,0.7566,94.75,641.75,409.617,1980,0.9802,0.8987,0.7622,7.06,15.87,29.052,115,0.0197,0.3256,0.6592,0.09,0.47,0.367,10,0.0001,0.264
12,December,s27_14_8,rl3_dqn,27,14,8,49,40800,10345,30455,0.2536,0.9549509803921569,0.9992266795553407,0.9399113446067969,112.04151221970058,333.9414874551601,8.0,1830.0,38962,1838,8,1830,0.045,9310.0,117600.0,126910.0,43620.0,190.0,0.33733064966256787,0.2641789308359025,0.3891975308641975,0.9868995633187773,59123.0,34382.0,22680.0,2061.0,20.0,5.0,15.0,160.0,True,0.95,0.8,0.0,135,0.7565,95.81,366.37,410.143,1990,0.9965,0.9019,0.7621,7.36,21.16,29.944,119,0.0035,0.3309,0.6593,0.09,0.47,0.351,8,0.0,0.2642
12,December,s26_15_8,fifo,26,15,8,49,40800,10345,30455,0.2536,0.9006372549019608,0.7343644272595456,0.9571170579543589,119.900462661251,309.1817204166666,2748.0,1306.0,39041,1759,453,1306,0.0431,61490.0,117600.0,179090.0,0.0,-51380.0,,,,,,,,,20.0,5.0,15.0,160.0,False,0.95,0.8,0.2156,135,0.7848,110.68,330.29,467.389,2169,0.999,0.9137,0.7109,0.19,0.9,0.792,16,0.0006,0.2854,0.6587,0.11,0.53,0.455,9,0.0004,0.2641
12,December,s26_15_8,urgent_first,26,15,8,49,40800,10345,30455,0.2536,0.9504411764705882,1.0,0.933606961090133,121.24655852101097,488.23189963333334,0.0,2022.0,38986,1814,0,1814,0.0445,10110.0,117600.0,127710.0,51380.0,0.0,,,,,,,,,20.0,5.0,15.0,160.0,True,0.95,0.8,0.0,135,0.7849,111.91,768.89,479.504,2213,0.9999,0.9139,0.7117,0.23,0.95,0.919,16,0.0001,0.2853,0.6596,0.12,0.58,0.501,13,0.0,0.2642
12,December,s26_15_8,rl3_dqn,26,15,8,49,40800,10345,30455,0.2536,0.9554411764705882,0.9995166747220879,0.9404695452306682,121.71338955448502,369.2250537634233,5.0,1813.0,38982,1818,5,1813,0.0446,9165.0,117600.0,126765.0,52325.0,945.0,0.35705042341135607,0.26285124888492417,0.658287795992714,0.9996275605214152,44047.0,35872.0,5490.0,2685.0,20.0,5.0,15.0,160.0,True,0.95,0.8,0.0,135,0.7848,112.44,394.97,478.161,2223,0.9999,0.9139,0.7117,0.24,1.07,0.977,18,0.0001,0.2857,0.6596,0.12,0.58,0.48,11,0.0,0.2644
12,December,s25_13_7,fifo,25,13,7,45,40800,10345,30455,0.2536,0.8887990196078431,0.6915418076365394,0.9558036447217205,144.50046606929575,343.02627238666673,3191.0,1346.0,38987,1813,467,1346,0.0444,70550.0,108000.0,178550.0,0.0,-59285.0,,,,,,,,,20.0,5.0,15.0,160.0,False,0.95,0.8,0.2585,135,0.8153,131.08,375.04,550.465,2389,0.9804,0.9222,0.8191,4.31,10.98,17.515,70,0.019,0.3435,0.7517,0.19,0.7,0.781,10,0.0006,0.3015
12,December,s25_13_7,urgent_first,25,13,7,45,40800,10345,30455,0.2536,0.9447794117647059,1.0,0.9260219996716467,150.26767564252626,539.5421146833332,0.0,2253.0,38876,1924,0,1924,0.0472,11265.0,108000.0,119265.0,59285.0,0.0,,,,,,,,,20.0,5.0,15.0,160.0,True,0.95,0.8,0.0,135,0.8153,132.24,817.55,562.055,2432,0.9926,0.9246,0.8191,8.71,20.68,35.558,121,0.0073,0.3449,0.7519,0.19,0.72,0.756,11,0.0001,0.3012
12,December,s25_13_7,rl3_dqn,25,13,7,45,40800,10345,30455,0.2536,0.9527450980392157,0.9993233446109232,0.9369233295025448,150.8007197826382,417.9143010752634,7.0,1921.0,38872,1928,7,1921,0.0473,9745.0,108000.0,117745.0,60805.0,1520.0,0.349950966995161,0.26736912341182684,0.3917445482866044,0.9919923126201153,62203.0,35969.0,23112.0,3122.0,20.0,5.0,15.0,160.0,True,0.95,0.8,0.0,135,0.8153,133.35,443.98,563.334,2449,0.9942,0.925,0.819,8.41,21.5,34.108,118,0.0058,0.35,0.7518,0.19,0.75,0.789,11,0.0,0.3014
12,December,s25_14_6,fifo,25,14,6,45,40800,10345,30455,0.2536,0.8557107843137255,0.5722571290478492,0.9519947463470695,195.34022981343261,416.66888888,4425.0,1462.0,38847,1953,491,1462,0.0479,95810.0,108000.0,203810.0,0.0,-81095.0,,,,,,,,,20.0,5.0,15.0,160.0,False,0.95,0.8,0.3777,135,0.8153,131.08,375.04,550.465,2389,0.7693,0.88,0.7608,0.31,1.18,1.277,17,0.0009,0.3056,0.874,55.03,149.67,222.926,826,0.2298,0.5561
12,December,s25_14_6,urgent_first,25,14,6,45,40800,10345,30455,0.2536,0.9279411764705883,0.9999033349444176,0.9034969627318995,205.41454183342327,782.8135663016673,1.0,2939.0,38724,2076,1,2075,0.0509,14715.0,108000.0,122715.0,81095.0,0.0,,,,,,,,,20.0,5.0,15.0,160.0,True,0.95,0.8,0.0,135,0.8153,132.24,817.55,562.055,2432,0.4547,0.8171,0.7615,0.49,1.55,1.988,34,0.0005,0.3057,0.874,63.45,465.06,262.09,891,0.5447,0.6707
12,December,s25_14_6,rl3_dqn,25,14,6,45,40800,10345,30455,0.2536,0.9490686274509804,0.9997100048332528,0.9318666885568873,206.7179014634053,503.8449462365634,3.0,2075.0,38722,2078,3,2075,0.0509,10435.0,108000.0,118435.0,85375.0,4280.0,0.5266389934953783,0.32947149623470884,0.6696838692245339,1.0,46736.0,29347.0,7402.0,9987.0,20.0,5.0,15.0,160.0,True,0.95,0.8,0.0,135,0.8154,133.39,444.73,563.559,2449,0.989,0.9239,0.7616,0.56,1.97,2.266,44,0.011,0.3086,0.874,64.01,200.57,258.86,895,0.0,0.5312
12,December,s26_13_6,fifo,26,13,6,45,40800,10345,30455,0.2536,0.8558333333333333,0.5726437892701788,0.9520275816778854,195.19454149671026,416.3188530383334,4421.0,1461.0,38848,1952,491,1461,0.0478,95725.0,108000.0,203725.0,0.0,-81130.0,,,,,,,,,20.0,5.0,15.0,160.0,False,0.95,0.8,0.3774,135,0.7848,110.68,330.29,467.389,2169,0.667,0.8473,0.8191,23.67,77.35,96.185,472,0.1166,0.4404,0.874,51.96,140.46,210.487,787,0.2164,0.5667
12,December,s26_13_6,urgent_first,26,13,6,45,40800,10345,30455,0.2536,0.9285294117647059,0.9999033349444176,0.9042850106714825,205.12606131072508,766.9996057233335,1.0,2915.0,38727,2073,1,2072,0.0508,14595.0,108000.0,122595.0,81130.0,0.0,,,,,,,,,20.0,5.0,15.0,160.0,True,0.95,0.8,0.0,135,0.7849,111.91,768.89,479.504,2213,0.3583,0.7856,0.8192,28.73,66.1,117.05,508,0.1155,0.4089,0.874,55.11,348.69,227.857,843,0.5262,0.6395
12,December,s26_13_6,rl3_dqn,26,13,6,45,40800,10345,30455,0.2536,0.949093137254902,0.9995166747220879,0.9319651945493351,206.57268576176222,503.1593548387133,5.0,2072.0,38723,2077,5,2072,0.0509,10460.0,108000.0,118460.0,85265.0,4135.0,0.4806043755999073,0.3024671782837572,0.5114819186608005,0.9723034913204603,60426.0,31534.0,18638.0,10254.0,20.0,5.0,15.0,160.0,True,0.95,0.8,0.0,135,0.7848,112.48,395.24,478.32,2223,0.8543,0.8848,0.8192,28.93,98.17,117.328,508,0.1457,0.4557,0.874,56.56,186.48,228.399,850,0.0,0.5392
12,December,s24_14_7,fifo,24,14,7,45,40800,10345,30455,0.2536,0.875,0.6395360077332044,0.9549827614513217,165.39948515028706,369.63333332000025,3729.0,1371.0,38959,1841,470,1371,0.0451,81435.0,108000.0,189435.0,0.0,-69015.0,,,,,,,,,20.0,5.0,15.0,160.0,False,0.95,0.8,0.3105,135,0.8483,156.04,429.43,651.913,2609,0.9988,0.9391,0.76,0.19,0.9,0.768,14,0.0005,0.3048,0.7512,0.23,0.88,0.952,13,0.0007,0.3013
12,December,s24_14_7,urgent_first,24,14,7,45,40800,10345,30455,0.2536,0.9391911764705883,0.9999033349444176,0.9185683795764242,166.70322924956247,600.7982078833334,1.0,2480.0,38891,1909,1,1908,0.0468,12420.0,108000.0,120420.0,69015.0,0.0,,,,,,,,,20.0,5.0,15.0,160.0,True,0.95,0.8,0.0,135,0.8482,157.18,871.82,663.11,2651,0.9999,0.9393,0.7608,0.23,0.95,0.917,16,0.0001,0.3048,0.7521,0.29,0.97,1.174,21,0.0001,0.3014
12,December,s24_14_7,rl3_dqn,24,14,7,45,40800,10345,30455,0.2536,0.9530882352941177,0.9993233446109232,0.9373830241339681,168.40368322752906,444.13539426523334,7.0,1907.0,38886,1914,7,1907,0.0469,9675.0,108000.0,117675.0,71760.0,2745.0,0.3807930988952951,0.26478658950743067,0.7481290926099158,1.0,45442.0,36807.0,4276.0,4359.0,20.0,5.0,15.0,160.0,True,0.95,0.8,0.0,135,0.8483,158.94,499.76,667.365,2670,0.9996,0.9393,0.7609,0.23,1.08,0.937,16,0.0004,0.3052,0.7521,0.29,1.17,1.184,17,0.0,0.3017
