month,month_name,regime,policy,picking_workers,packing_workers,dispatch_workers,total_workers,total_orders,urgent_orders,normal_orders,urgent_share,total_sla,urgent_sla,normal_sla,mean_system_time_min,p90_system_time_min,urgent_late_orders,normal_late_orders,estimated_late_cost,estimated_worker_cost,estimated_total_cost,p_urgent_overall,p_urgent_pick,p_urgent_pack,p_urgent_dispatch,decisions_total,decisions_pick,decisions_pack,decisions_dispatch,cost_late_urgent,cost_late_normal,worker_cost_per_hour,hours_per_worker_month
1,January,s111,fifo,1,1,1,3,31200,6250,24950,0.2003,0.0116025641025641,0.00208,0.0139879759519038,42598.52082905983,76111.58666666667,6237.0,24601.0,339565.0,8400.0,347965.0,,,,,,,,,15.0,10.0,17.5,160.0
1,January,s111,urgent_first,1,1,1,3,31200,6250,24950,0.2003,0.27,0.78896,0.14,43270.80402457264,102418.01833333334,1319.0,21457.0,234355.0,8400.0,242755.0,,,,,,,,,15.0,10.0,17.5,160.0
1,January,s111,rl3_dqn,1,1,1,3,31200,6250,24950,0.2003,0.0198717948717948,0.06832,0.0077354709418837,41707.3043974359,92048.97833333332,5823.0,24757.0,334915.0,8400.0,343315.0,0.0197826692672053,0.0197826692672053,0.0,0.0,25123.0,25123.0,0.0,0.0,15.0,10.0,17.5,160.0
1,January,s211,fifo,2,1,1,4,31200,6250,24950,0.2003,0.0485897435897435,0.0056,0.0593587174348697,14578.682322649574,25711.485,6215.0,23469.0,327915.0,11200.0,339115.0,,,,,,,,,15.0,10.0,17.5,160.0
1,January,s211,urgent_first,2,1,1,4,31200,6250,24950,0.2003,0.4766346153846154,0.88368,0.3746693386773547,15386.536653846151,46292.14000000001,727.0,15602.0,166925.0,11200.0,178125.0,,,,,,,,,15.0,10.0,17.5,160.0
1,January,s211,rl3_dqn,2,1,1,4,31200,6250,24950,0.2003,0.0414102564102564,0.08128,0.0314228456913827,13548.447840811965,40792.43666666667,5742.0,24166.0,327790.0,11200.0,338990.0,0.0377511170530908,0.0215170092559201,0.1546451240623196,0.0,28423.0,24957.0,3466.0,0.0,15.0,10.0,17.5,160.0
1,January,s121,fifo,1,2,1,4,31200,6250,24950,0.2003,0.0113782051282051,0.00208,0.0137074148296593,42630.58510202992,76152.95166666666,6237.0,24608.0,339635.0,11200.0,350835.0,,,,,,,,,15.0,10.0,17.5,160.0
1,January,s121,urgent_first,1,2,1,4,31200,6250,24950,0.2003,0.2704487179487179,0.78944,0.140440881763527,43325.60415918804,102251.27500000002,1316.0,21446.0,234200.0,11200.0,245400.0,,,,,,,,,15.0,10.0,17.5,160.0
1,January,s121,rl3_dqn,1,2,1,4,31200,6250,24950,0.2003,0.019775641025641,0.06768,0.0077755511022044,41737.14373183761,92064.70333333334,5827.0,24756.0,334965.0,11200.0,346165.0,0.0197810945273631,0.0197818818659449,0.0,0.0,25125.0,25124.0,0.0,1.0,15.0,10.0,17.5,160.0
1,January,s112,fifo,1,1,2,4,31200,6250,24950,0.2003,0.0116025641025641,0.00208,0.0139879759519038,42593.67327350427,76107.36166666666,6237.0,24601.0,339565.0,11200.0,350765.0,,,,,,,,,15.0,10.0,17.5,160.0
1,January,s112,urgent_first,1,1,2,4,31200,6250,24950,0.2003,0.2689423076923077,0.78864,0.1387575150300601,43389.326767628205,102443.19833333336,1321.0,21488.0,234695.0,11200.0,245895.0,,,,,,,,,15.0,10.0,17.5,160.0
1,January,s112,rl3_dqn,1,1,2,4,31200,6250,24950,0.2003,0.0197435897435897,0.06768,0.0077354709418837,41705.77942735043,92046.405,5827.0,24757.0,334975.0,11200.0,346175.0,0.0197834567311519,0.0197834567311519,0.0,0.0,25122.0,25122.0,0.0,0.0,15.0,10.0,17.5,160.0
1,January,s221,fifo,2,2,1,5,31200,6250,24950,0.2003,0.0557371794871794,0.00688,0.0679759519038076,10017.28516826923,17476.7,6207.0,23254.0,325645.0,14000.0,339645.0,,,,,,,,,15.0,10.0,17.5,160.0
1,January,s221,urgent_first,2,2,1,5,31200,6250,24950,0.2003,0.599551282051282,0.93584,0.515310621242485,10157.141745192308,37038.16833333334,401.0,12093.0,126945.0,14000.0,140945.0,,,,,,,,,15.0,10.0,17.5,160.0
1,January,s221,rl3_dqn,2,2,1,5,31200,6250,24950,0.2003,0.2277564102564102,0.97232,0.0412424849699398,10220.109350961538,19578.285,173.0,23921.0,241805.0,14000.0,255805.0,0.9535901926444834,0.9721400778210116,0.9565217391304348,0.6201117318435754,6852.0,6425.0,69.0,358.0,15.0,10.0,17.5,160.0
1,January,s212,fifo,2,1,2,5,31200,6250,24950,0.2003,0.048301282051282,0.00544,0.0590380761523046,14617.64335096154,25778.78166666667,6216.0,23477.0,328010.0,14000.0,342010.0,,,,,,,,,15.0,10.0,17.5,160.0
1,January,s212,urgent_first,2,1,2,5,31200,6250,24950,0.2003,0.4779166666666666,0.88576,0.375751503006012,15316.584295940173,46047.35,714.0,15575.0,166460.0,14000.0,180460.0,,,,,,,,,15.0,10.0,17.5,160.0
1,January,s212,rl3_dqn,2,1,2,5,31200,6250,24950,0.2003,0.0416346153846153,0.08144,0.0316633266533066,13559.32138888889,40810.49833333334,5741.0,24160.0,327715.0,14000.0,341715.0,0.0376381944933455,0.0214317189440371,0.1552776970049433,0.0,28402.0,24963.0,3439.0,0.0,15.0,10.0,17.5,160.0
1,January,s122,fifo,1,2,2,5,31200,6250,24950,0.2003,0.0113782051282051,0.00208,0.0137074148296593,42625.66885202992,76140.74333333333,6237.0,24608.0,339635.0,14000.0,353635.0,,,,,,,,,15.0,10.0,17.5,160.0
1,January,s122,urgent_first,1,2,2,5,31200,6250,24950,0.2003,0.268525641025641,0.78672,0.1387174348697394,43408.30690010684,102307.14666666668,1333.0,21489.0,234885.0,14000.0,248885.0,,,,,,,,,15.0,10.0,17.5,160.0
1,January,s122,rl3_dqn,1,2,2,5,31200,6250,24950,0.2003,0.019775641025641,0.06768,0.0077755511022044,41729.40582532052,92037.66166666668,5827.0,24756.0,334965.0,14000.0,348965.0,0.0197826692672053,0.0197826692672053,0.0,0.0,25123.0,25123.0,0.0,0.0,15.0,10.0,17.5,160.0
1,January,s311,fifo,3,1,1,5,31200,6250,24950,0.2003,0.0483653846153846,0.0056,0.0590781563126252,14665.07855929487,25888.463333333337,6215.0,23476.0,327985.0,14000.0,341985.0,,,,,,,,,15.0,10.0,17.5,160.0
1,January,s311,urgent_first,3,1,1,5,31200,6250,24950,0.2003,0.4248717948717949,0.8944,0.3072545090180361,15346.32644818376,49933.92166666667,660.0,17284.0,182740.0,14000.0,196740.0,,,,,,,,,15.0,10.0,17.5,160.0
1,January,s311,rl3_dqn,3,1,1,5,31200,6250,24950,0.2003,0.0417948717948718,0.08256,0.0315831663326653,13554.695254273503,40797.87666666667,5734.0,24162.0,327630.0,14000.0,341630.0,0.0221437740693196,0.0211841390548614,0.0231507870390669,0.0,46740.0,23933.0,22807.0,0.0,15.0,10.0,17.5,160.0
1,January,s231,fifo,2,3,1,6,31200,6250,24950,0.2003,0.0557371794871794,0.00688,0.0679759519038076,10017.20059455128,17463.046666666665,6207.0,23254.0,325645.0,16800.0,342445.0,,,,,,,,,15.0,10.0,17.5,160.0
1,January,s231,urgent_first,2,3,1,6,31200,6250,24950,0.2003,0.5984615384615385,0.93472,0.5142284569138277,10187.41086431624,36936.703333333375,408.0,12120.0,127320.0,16800.0,144120.0,,,,,,,,,15.0,10.0,17.5,160.0
1,January,s231,rl3_dqn,2,3,1,6,31200,6250,24950,0.2003,0.2271474358974358,0.96976,0.0411222444889779,10237.974619123932,19593.91333333333,189.0,23924.0,242075.0,16800.0,258875.0,0.9421120504370254,0.971384136858476,0.875,0.5951940850277264,6979.0,6430.0,8.0,541.0,15.0,10.0,17.5,160.0
1,January,s312,fifo,3,1,2,6,31200,6250,24950,0.2003,0.0481410256410256,0.00544,0.0588376753507014,14653.04595352564,25853.54333333333,6216.0,23482.0,328060.0,16800.0,344860.0,,,,,,,,,15.0,10.0,17.5,160.0
1,January,s312,urgent_first,3,1,2,6,31200,6250,24950,0.2003,0.4256089743589744,0.88688,0.3100601202404809,15391.925058226496,50127.748333333344,707.0,17214.0,182745.0,16800.0,199545.0,,,,,,,,,15.0,10.0,17.5,160.0
1,January,s312,rl3_dqn,3,1,2,6,31200,6250,24950,0.2003,0.0416025641025641,0.0824,0.0313827655310621,13569.636900641024,40822.715,5735.0,24167.0,327695.0,16800.0,344495.0,0.0219782571477486,0.0210702341137123,0.0229305506839705,0.0,46728.0,23920.0,22808.0,0.0,15.0,10.0,17.5,160.0
1,January,s222,fifo,2,2,2,6,31200,6250,24950,0.2003,0.0556730769230769,0.00688,0.0678957915831663,10044.047000534189,17510.183333333334,6207.0,23256.0,325665.0,16800.0,342465.0,,,,,,,,,15.0,10.0,17.5,160.0
1,January,s222,urgent_first,2,2,2,6,31200,6250,24950,0.2003,0.5997115384615385,0.93168,0.5165531062124249,10127.246699252137,37091.96833333334,427.0,12062.0,127025.0,16800.0,143825.0,,,,,,,,,15.0,10.0,17.5,160.0
1,January,s222,rl3_dqn,2,2,2,6,31200,6250,24950,0.2003,0.2273076923076923,0.97024,0.0412024048096192,10227.551364850427,19591.915,186.0,23922.0,242010.0,16800.0,258810.0,0.971753147067854,0.9721400778210116,0.935064935064935,1.0,6514.0,6425.0,77.0,12.0,15.0,10.0,17.5,160.0
1,January,s321,fifo,3,2,1,6,31200,6250,24950,0.2003,0.5368589743589743,0.22624,0.6146693386773547,1151.8133819444445,2199.398333333334,4836.0,9614.0,168680.0,16800.0,185480.0,,,,,,,,,15.0,10.0,17.5,160.0
1,January,s321,urgent_first,3,2,1,6,31200,6250,24950,0.2003,0.776474358974359,0.99968,0.720561122244489,1178.0263595085469,3927.6350000000007,2.0,6972.0,69750.0,16800.0,86550.0,,,,,,,,,15.0,10.0,17.5,160.0
1,January,s321,rl3_dqn,3,2,1,6,31200,6250,24950,0.2003,0.5922115384615385,1.0,0.4900601202404809,1175.7253317307693,2535.005,0.0,12723.0,127230.0,16800.0,144030.0,0.4586438543088065,0.5435706695005313,0.4646374216651746,0.2827424023154848,19054.0,11292.0,2234.0,5528.0,15.0,10.0,17.5,160.0
1,January,s322,fifo,3,2,2,7,31200,6250,24950,0.2003,0.5319871794871794,0.22288,0.6094188376753507,1158.7629818376067,2207.55,4857.0,9745.0,170305.0,19600.0,189905.0,,,,,,,,,15.0,10.0,17.5,160.0
1,January,s322,urgent_first,3,2,2,7,31200,6250,24950,0.2003,0.7754166666666666,0.99968,0.7192384769539079,1164.444608974359,3893.5883333333336,2.0,7005.0,70080.0,19600.0,89680.0,,,,,,,,,15.0,10.0,17.5,160.0
1,January,s322,rl3_dqn,3,2,2,7,31200,6250,24950,0.2003,0.5924358974358974,1.0,0.4903406813627254,1168.8861217948718,2523.188333333333,0.0,12716.0,127160.0,19600.0,146760.0,0.5471413486197013,0.550712940543449,0.527604416706673,0.5833333333333334,13258.0,11151.0,2083.0,24.0,15.0,10.0,17.5,160.0
1,January,s331,fifo,3,3,1,7,31200,6250,24950,0.2003,0.5355128205128206,0.22144,0.614188376753507,1153.5615865384616,2202.1083333333336,4866.0,9626.0,169250.0,19600.0,188850.0,,,,,,,,,15.0,10.0,17.5,160.0
1,January,s331,urgent_first,3,3,1,7,31200,6250,24950,0.2003,0.7743269230769231,0.99936,0.7179559118236473,1186.945809294872,3933.386666666672,4.0,7037.0,70430.0,19600.0,90030.0,,,,,,,,,15.0,10.0,17.5,160.0
1,January,s331,rl3_dqn,3,3,1,7,31200,6250,24950,0.2003,0.5923717948717949,1.0,0.4902605210420842,1183.8911191239315,2552.738333333333,0.0,12718.0,127180.0,19600.0,146780.0,0.4562583370386838,0.5462147495774398,0.6209677419354839,0.3005885015844273,17992.0,11241.0,124.0,6627.0,15.0,10.0,17.5,160.0
1,January,s332,fifo,3,3,2,8,31200,6250,24950,0.2003,0.5370192307692307,0.22384,0.6154709418837675,1151.422563568376,2198.401666666666,4851.0,9594.0,168705.0,22400.0,191105.0,,,,,,,,,15.0,10.0,17.5,160.0
1,January,s332,urgent_first,3,3,2,8,31200,6250,24950,0.2003,0.7743589743589744,0.99872,0.7181563126252505,1174.941278846154,3929.003333333335,8.0,7032.0,70440.0,22400.0,92840.0,,,,,,,,,15.0,10.0,17.5,160.0
1,January,s332,rl3_dqn,3,3,2,8,31200,6250,24950,0.2003,0.592948717948718,1.0,0.4909819639278557,1170.5127724358974,2526.6183333333333,0.0,12700.0,127000.0,22400.0,149400.0,0.5529151943462898,0.5553245344422347,0.4632352941176471,0.4344262295081967,11320.0,11062.0,136.0,122.0,15.0,10.0,17.5,160.0
1,January,s432,fifo,4,3,2,9,31200,6250,24950,0.2003,0.9051282051282052,0.5576,0.992184368737475,387.8081084401709,1099.653333333334,2765.0,195.0,43425.0,25200.0,68625.0,,,,,,,,,15.0,10.0,17.5,160.0
1,January,s432,urgent_first,4,3,2,9,31200,6250,24950,0.2003,0.8740384615384615,1.0,0.8424849699398798,394.5400870726495,1884.7250000000013,0.0,3930.0,39300.0,25200.0,64500.0,,,,,,,,,15.0,10.0,17.5,160.0
1,January,s432,rl3_dqn,4,3,2,9,31200,6250,24950,0.2003,0.950096153846154,1.0,0.9375951903807616,399.0543611111111,1216.4166666666667,0.0,1557.0,15570.0,25200.0,40770.0,0.42882895375442,0.4177683765203596,0.5256830601092897,0.6420664206642066,14423.0,13237.0,915.0,271.0,15.0,10.0,17.5,160.0
2,February,s111,fifo,1,1,1,3,26400,4742,21658,0.1796,0.0157575757575757,0.0048502741459299,0.018145719826392,33747.056873737376,62722.07166666667,4719.0,21265.0,283435.0,8400.0,291835.0,,,,,,,,,15.0,10.0,17.5,160.0
2,February,s111,urgent_first,1,1,1,3,26400,4742,21658,0.1796,0.3032575757575758,0.8393083087304934,0.1858897405115892,34267.44267550505,83658.16666666666,762.0,17632.0,187750.0,8400.0,196150.0,,,,,,,,,15.0,10.0,17.5,160.0
2,February,s111,rl3_dqn,1,1,1,3,26400,4742,21658,0.1796,0.0619696969696969,0.2937579080556727,0.0112198725644103,33330.608907196976,71691.265,3349.0,21415.0,264385.0,8400.0,272785.0,0.070730086395139,0.0702887537993921,1.0,0.0,21066.0,21056.0,10.0,0.0,15.0,10.0,17.5,160.0
2,February,s211,fifo,2,1,1,4,26400,4742,21658,0.1796,0.0963636363636363,0.009067903838043,0.1154769600147751,10118.96541540404,20296.14833333333,4699.0,19157.0,262055.0,11200.0,273255.0,,,,,,,,,15.0,10.0,17.5,160.0
2,February,s211,urgent_first,2,1,1,4,26400,4742,21658,0.1796,0.5335984848484848,0.9352593842260648,0.4456551851509834,10441.100832070708,33694.280000000006,307.0,12006.0,124665.0,11200.0,135865.0,,,,,,,,,15.0,10.0,17.5,160.0
2,February,s211,rl3_dqn,2,1,1,4,26400,4742,21658,0.1796,0.1787121212121212,0.6003795866722902,0.0863884015144519,10024.596725378788,17780.308333333334,1895.0,19787.0,226295.0,11200.0,237495.0,0.1679167606586961,0.165962119132583,0.1699808684561423,0.0,35464.0,18215.0,17249.0,0.0,15.0,10.0,17.5,160.0
2,February,s121,fifo,1,2,1,4,26400,4742,21658,0.1796,0.0158712121212121,0.0048502741459299,0.0182842367716317,33756.58349431818,62721.78833333334,4719.0,21262.0,283405.0,11200.0,294605.0,,,,,,,,,15.0,10.0,17.5,160.0
2,February,s121,urgent_first,1,2,1,4,26400,4742,21658,0.1796,0.303030303030303,0.8424715309995783,0.1849201218949118,34276.289973484854,83346.16000000002,747.0,17653.0,187735.0,11200.0,198935.0,,,,,,,,,15.0,10.0,17.5,160.0
2,February,s121,rl3_dqn,1,2,1,4,26400,4742,21658,0.1796,0.061780303030303,0.2937579080556727,0.0109890109890109,33370.54412247474,71726.12833333334,3349.0,21420.0,264435.0,11200.0,275635.0,0.0705033923233856,0.070371073360539,0.0,1.0,21077.0,21074.0,0.0,3.0,15.0,10.0,17.5,160.0
2,February,s112,fifo,1,1,2,4,26400,4742,21658,0.1796,0.0157196969696969,0.0048502741459299,0.0180995475113122,33742.288343434346,62714.13,4719.0,21266.0,283445.0,11200.0,294645.0,,,,,,,,,15.0,10.0,17.5,160.0
2,February,s112,urgent_first,1,1,2,4,26400,4742,21658,0.1796,0.3012121212121212,0.8401518346689161,0.1832117462369563,34372.79421780303,83514.11833333338,758.0,17690.0,188270.0,11200.0,199470.0,,,,,,,,,15.0,10.0,17.5,160.0
2,February,s112,rl3_dqn,1,1,2,4,26400,4742,21658,0.1796,0.0619696969696969,0.2937579080556727,0.0112198725644103,33332.79019128788,71695.24,3349.0,21415.0,264385.0,11200.0,275585.0,0.07108285090633,0.0702887537993921,1.0,0.0,21074.0,21056.0,18.0,0.0,15.0,10.0,17.5,160.0
2,February,s221,fifo,2,2,1,5,26400,4742,21658,0.1796,0.2431439393939393,0.0221425558835934,0.2915319974143504,6251.370371843434,13246.950000000004,4637.0,15344.0,222995.0,14000.0,236995.0,,,,,,,,,15.0,10.0,17.5,160.0
2,February,s221,urgent_first,2,2,1,5,26400,4742,21658,0.1796,0.6553787878787879,0.9816533108393084,0.5839412688152184,6303.53201010101,24008.046666666676,87.0,9011.0,91415.0,14000.0,105415.0,,,,,,,,,15.0,10.0,17.5,160.0
2,February,s221,rl3_dqn,2,2,1,5,26400,4742,21658,0.1796,0.3907954545454545,1.0,0.2574106565703204,6319.665468434344,14408.223333333332,0.0,16083.0,160830.0,14000.0,174830.0,0.6812726765280491,0.6966308665587759,0.6515151515151515,0.3432343234323432,7166.0,6797.0,66.0,303.0,15.0,10.0,17.5,160.0
2,February,s212,fifo,2,1,2,5,26400,4742,21658,0.1796,0.0990151515151515,0.0094896668072543,0.1186166774402068,10056.987740530303,20219.95166666667,4697.0,19089.0,261345.0,14000.0,275345.0,,,,,,,,,15.0,10.0,17.5,160.0
2,February,s212,urgent_first,2,1,2,5,26400,4742,21658,0.1796,0.5318939393939394,0.9386334879797554,0.4428386739311109,10419.50076199495,33699.090000000004,291.0,12067.0,125035.0,14000.0,139035.0,,,,,,,,,15.0,10.0,17.5,160.0
2,February,s212,rl3_dqn,2,1,2,5,26400,4742,21658,0.1796,0.1771590909090909,0.6005904681568959,0.084449164281097,10038.90726073232,17779.828333333335,1894.0,19829.0,226700.0,14000.0,240700.0,0.1673544375353307,0.1654007045354469,0.1694166860330002,0.0,35380.0,18168.0,17212.0,0.0,15.0,10.0,17.5,160.0
2,February,s122,fifo,1,2,2,5,26400,4742,21658,0.1796,0.0158712121212121,0.0048502741459299,0.0182842367716317,33753.74092739899,62719.93333333333,4719.0,21262.0,283405.0,14000.0,297405.0,,,,,,,,,15.0,10.0,17.5,160.0
2,February,s122,urgent_first,1,2,2,5,26400,4742,21658,0.1796,0.3026136363636363,0.8437368199072122,0.1841351925385538,34189.45396212121,83194.0416666667,741.0,17670.0,187815.0,14000.0,201815.0,,,,,,,,,15.0,10.0,17.5,160.0
2,February,s122,rl3_dqn,1,2,2,5,26400,4742,21658,0.1796,0.0617424242424242,0.293547026571067,0.0109890109890109,33440.50350126263,71859.58333333333,3350.0,21420.0,264450.0,14000.0,278450.0,0.0700697376535888,0.0700697376535888,0.0,0.0,21079.0,21079.0,0.0,0.0,15.0,10.0,17.5,160.0
2,February,s311,fifo,3,1,1,5,26400,4742,21658,0.1796,0.0976136363636363,0.009067903838043,0.1170006464124111,10043.800128156565,20181.81500000001,4699.0,19124.0,261725.0,14000.0,275725.0,,,,,,,,,15.0,10.0,17.5,160.0
2,February,s311,urgent_first,3,1,1,5,26400,4742,21658,0.1796,0.4948484848484848,0.9365246731336988,0.3981438729337889,10475.348587121212,36668.63500000002,301.0,13035.0,134865.0,14000.0,148865.0,,,,,,,,,15.0,10.0,17.5,160.0
2,February,s311,rl3_dqn,3,1,1,5,26400,4742,21658,0.1796,0.1739393939393939,0.5887811050189793,0.0831101671437805,10008.093666666668,17622.17,1950.0,19858.0,227830.0,14000.0,241830.0,0.1979218208807521,0.1828811973807296,0.2148109243697478,0.0,28294.0,14966.0,13328.0,0.0,15.0,10.0,17.5,160.0
2,February,s231,fifo,2,3,1,6,26400,4742,21658,0.1796,0.24375,0.0242513707296499,0.2918090313048296,6228.505691919191,13205.025,4627.0,15338.0,222785.0,16800.0,239585.0,,,,,,,,,15.0,10.0,17.5,160.0
2,February,s231,urgent_first,2,3,1,6,26400,4742,21658,0.1796,0.6538636363636363,0.9829185997469422,0.581817342321544,6288.887741161617,23858.05166666668,81.0,9057.0,91785.0,16800.0,108585.0,,,,,,,,,15.0,10.0,17.5,160.0
2,February,s231,rl3_dqn,2,3,1,6,26400,4742,21658,0.1796,0.3889772727272727,1.0,0.2551943854464862,6349.334530934344,14427.481666666668,0.0,16131.0,161310.0,16800.0,178110.0,0.6677966101694915,0.6904345290172061,1.0,0.361328125,7375.0,6858.0,5.0,512.0,15.0,10.0,17.5,160.0
2,February,s312,fifo,3,1,2,6,26400,4742,21658,0.1796,0.0946969696969697,0.009067903838043,0.1134453781512605,10095.000642045454,20249.771666666667,4699.0,19201.0,262495.0,16800.0,279295.0,,,,,,,,,15.0,10.0,17.5,160.0
2,February,s312,urgent_first,3,1,2,6,26400,4742,21658,0.1796,0.4933712121212121,0.9342049768030368,0.3968510481115523,10502.043731691918,36701.278333333365,312.0,13063.0,135310.0,16800.0,152110.0,,,,,,,,,15.0,10.0,17.5,160.0
2,February,s312,rl3_dqn,3,1,2,6,26400,4742,21658,0.1796,0.1749242424242424,0.5940531421341206,0.0831563394588604,10013.517035984847,17709.501666666667,1925.0,19857.0,227445.0,16800.0,244245.0,0.2022187343939502,0.1847579677290305,0.2223074562749309,0.0,28034.0,14998.0,13036.0,0.0,15.0,10.0,17.5,160.0
2,February,s222,fifo,2,2,2,6,26400,4742,21658,0.1796,0.2440530303030303,0.0242513707296499,0.2921784098254686,6215.137497474748,13198.870000000004,4627.0,15330.0,222705.0,16800.0,239505.0,,,,,,,,,15.0,10.0,17.5,160.0
2,February,s222,urgent_first,2,2,2,6,26400,4742,21658,0.1796,0.6563636363636364,0.981231547870097,0.5852340936374549,6274.903537878787,23819.57166666668,89.0,8983.0,91165.0,16800.0,107965.0,,,,,,,,,15.0,10.0,17.5,160.0
2,February,s222,rl3_dqn,2,2,2,6,26400,4742,21658,0.1796,0.3898106060606061,1.0,0.2562101763782436,6335.167420454546,14422.325,0.0,16109.0,161090.0,16800.0,177890.0,0.6983199415631848,0.6982745907683232,0.7213114754098361,0.3333333333333333,6845.0,6781.0,61.0,3.0,15.0,10.0,17.5,160.0
2,February,s321,fifo,3,2,1,6,26400,4742,21658,0.1796,0.5322727272727272,0.3745255166596373,0.5668113399205836,1245.8087518939394,2978.8700000000003,2966.0,9382.0,138310.0,16800.0,155110.0,,,,,,,,,15.0,10.0,17.5,160.0
2,February,s321,urgent_first,3,2,1,6,26400,4742,21658,0.1796,0.7978030303030303,1.0,0.7535321821036107,1258.8514974747477,4746.771666666667,0.0,5338.0,53380.0,16800.0,70180.0,,,,,,,,,15.0,10.0,17.5,160.0
2,February,s321,rl3_dqn,3,2,1,6,26400,4742,21658,0.1796,0.5961742424242424,1.0,0.5077569489334195,1265.0875290404042,3354.318333333334,0.0,10661.0,106610.0,16800.0,123410.0,0.5699457042478442,0.6208103378651232,0.675796178343949,0.4156028368794326,12524.0,7429.0,1570.0,3525.0,15.0,10.0,17.5,160.0
2,February,s322,fifo,3,2,2,7,26400,4742,21658,0.1796,0.5330303030303031,0.3749472796288486,0.5676424415920214,1243.036038510101,2971.790000000001,2964.0,9364.0,138100.0,19600.0,157700.0,,,,,,,,,15.0,10.0,17.5,160.0
2,February,s322,urgent_first,3,2,2,7,26400,4742,21658,0.1796,0.7985606060606061,1.0,0.7544556284052082,1265.0703661616164,4758.055000000005,0.0,5318.0,53180.0,19600.0,72780.0,,,,,,,,,15.0,10.0,17.5,160.0
2,February,s322,rl3_dqn,3,2,2,7,26400,4742,21658,0.1796,0.6001515151515151,1.0,0.5126050420168067,1267.364716540404,3376.1466666666674,0.0,10556.0,105560.0,19600.0,125160.0,0.642118281987857,0.6249491525423729,0.7248010610079576,0.8181818181818182,8894.0,7375.0,1508.0,11.0,15.0,10.0,17.5,160.0
2,February,s331,fifo,3,3,1,7,26400,4742,21658,0.1796,0.5329545454545455,0.3749472796288486,0.5675500969618616,1241.6682821969698,2967.246666666667,2964.0,9366.0,138120.0,19600.0,157720.0,,,,,,,,,15.0,10.0,17.5,160.0
2,February,s331,urgent_first,3,3,1,7,26400,4742,21658,0.1796,0.7995454545454546,1.0,0.755656108597285,1251.9544457070708,4730.638333333336,0.0,5292.0,52920.0,19600.0,72520.0,,,,,,,,,15.0,10.0,17.5,160.0
2,February,s331,rl3_dqn,3,3,1,7,26400,4742,21658,0.1796,0.5963257575757576,1.0,0.507941638193739,1269.434434974747,3373.44166666667,0.0,10657.0,106570.0,19600.0,126170.0,0.5473395595921515,0.6175880069602463,0.7142857142857143,0.4154071184787908,11671.0,7471.0,98.0,4102.0,15.0,10.0,17.5,160.0
2,February,s332,fifo,3,3,2,8,26400,4742,21658,0.1796,0.5325378787878788,0.3749472796288486,0.5670422014959831,1243.667196338384,2976.635,2964.0,9377.0,138230.0,22400.0,160630.0,,,,,,,,,15.0,10.0,17.5,160.0
2,February,s332,urgent_first,3,3,2,8,26400,4742,21658,0.1796,0.7998863636363637,1.0,0.7560716594330039,1255.119711489899,4661.996666666668,0.0,5283.0,52830.0,22400.0,75230.0,,,,,,,,,15.0,10.0,17.5,160.0
2,February,s332,rl3_dqn,3,3,2,8,26400,4742,21658,0.1796,0.6014015151515152,1.0,0.5141287284144427,1263.051018939394,3367.3566666666666,0.0,10523.0,105230.0,22400.0,127630.0,0.6197035287944379,0.6207918125504982,0.6701030927835051,0.49,7623.0,7426.0,97.0,100.0,15.0,10.0,17.5,160.0
2,February,s432,fifo,4,3,2,9,26400,4742,21658,0.1796,0.8539393939393939,0.5721214677351328,0.9156431803490628,442.3620561868687,1293.8700000000008,2029.0,1827.0,48705.0,25200.0,73905.0,,,,,,,,,15.0,10.0,17.5,160.0
2,February,s432,urgent_first,4,3,2,9,26400,4742,21658,0.1796,0.8829166666666667,1.0,0.8572813740880968,446.5773952020202,2013.6200000000003,0.0,3091.0,30910.0,25200.0,56110.0,,,,,,,,,15.0,10.0,17.5,160.0
2,February,s432,rl3_dqn,4,3,2,9,26400,4742,21658,0.1796,0.8946590909090909,1.0,0.871594791762859,449.3496477272728,1545.151666666667,0.0,2781.0,27810.0,25200.0,53010.0,0.4315126445426342,0.4168117129108221,0.5939306358381503,0.6067415730337079,10637.0,9767.0,692.0,178.0,15.0,10.0,17.5,160.0
3,March,s111,fifo,1,1,1,3,16800,2024,14776,0.1205,0.0969642857142857,0.0079051383399209,0.109163508391987,6073.852159722223,10665.588333333331,2008.0,13163.0,161750.0,8400.0,170150.0,,,,,,,,,15.0,10.0,17.5,160.0
3,March,s111,urgent_first,1,1,1,3,16800,2024,14776,0.1205,0.7241666666666666,1.0,0.6863833243096914,6258.31485515873,25618.23666666668,0.0,4634.0,46340.0,8400.0,54740.0,,,,,,,,,15.0,10.0,17.5,160.0
3,March,s111,rl3_dqn,1,1,1,3,16800,2024,14776,0.1205,0.194047619047619,1.0,0.0836491608012994,6195.679360119048,11516.028333333334,0.0,13540.0,135400.0,8400.0,143800.0,0.8641100458524386,0.864044463445917,0.8666666666666667,0.0,2399.0,2339.0,60.0,0.0,15.0,10.0,17.5,160.0
3,March,s211,fifo,2,1,1,4,16800,2024,14776,0.1205,0.9699404761904762,0.7504940711462451,1.0,164.9274593253968,299.2,505.0,0.0,7575.0,11200.0,18775.0,,,,,,,,,15.0,10.0,17.5,160.0
3,March,s211,urgent_first,2,1,1,4,16800,2024,14776,0.1205,1.0,1.0,1.0,168.9159990079365,586.3616666666667,0.0,0.0,0.0,11200.0,11200.0,,,,,,,,,15.0,10.0,17.5,160.0
3,March,s211,rl3_dqn,2,1,1,4,16800,2024,14776,0.1205,1.0,1.0,1.0,168.135998015873,321.3833333333333,0.0,0.0,0.0,11200.0,11200.0,1.0,1.0,1.0,0.0,3733.0,1818.0,1915.0,0.0,15.0,10.0,17.5,160.0
3,March,s121,fifo,1,2,1,4,16800,2024,14776,0.1205,0.0971428571428571,0.0079051383399209,0.1093665403356794,6105.404495039684,10749.445,2008.0,13160.0,161720.0,11200.0,172920.0,,,,,,,,,15.0,10.0,17.5,160.0
3,March,s121,urgent_first,1,2,1,4,16800,2024,14776,0.1205,0.72625,1.0,0.6887520303194369,6172.739465277778,25121.448333333337,0.0,4599.0,45990.0,11200.0,57190.0,,,,,,,,,15.0,10.0,17.5,160.0
3,March,s121,rl3_dqn,1,2,1,4,16800,2024,14776,0.1205,0.1942261904761904,1.0,0.0838521927449918,6180.3015744047625,11491.498333333331,0.0,13537.0,135370.0,11200.0,146570.0,0.8607218683651805,0.868127147766323,0.0,0.2222222222222222,2355.0,2328.0,0.0,27.0,15.0,10.0,17.5,160.0
3,March,s112,fifo,1,1,2,4,16800,2024,14776,0.1205,0.0973214285714285,0.0079051383399209,0.1095695722793719,6071.139547619048,10668.295,2008.0,13157.0,161690.0,11200.0,172890.0,,,,,,,,,15.0,10.0,17.5,160.0
3,March,s112,urgent_first,1,1,2,4,16800,2024,14776,0.1205,0.7272619047619048,1.0,0.6899025446670276,6158.573417658729,25012.048333333336,0.0,4582.0,45820.0,11200.0,57020.0,,,,,,,,,15.0,10.0,17.5,160.0
3,March,s112,rl3_dqn,1,1,2,4,16800,2024,14776,0.1205,0.1948214285714285,1.0,0.0845289658906334,6195.604104166667,11513.781666666668,0.0,13527.0,135270.0,11200.0,146470.0,0.8694374475230898,0.868127147766323,0.925925925925926,0.0,2382.0,2328.0,54.0,0.0,15.0,10.0,17.5,160.0
3,March,s221,fifo,2,2,1,5,16800,2024,14776,0.1205,1.0,1.0,1.0,53.065892857142856,100.50333333333334,0.0,0.0,0.0,14000.0,14000.0,,,,,,,,,15.0,10.0,17.5,160.0
3,March,s221,urgent_first,2,2,1,5,16800,2024,14776,0.1205,1.0,1.0,1.0,53.5429503968254,152.11833333333334,0.0,0.0,0.0,14000.0,14000.0,,,,,,,,,15.0,10.0,17.5,160.0
3,March,s221,rl3_dqn,2,2,1,5,16800,2024,14776,0.1205,1.0,1.0,1.0,53.707146825396826,109.9,0.0,0.0,0.0,14000.0,14000.0,1.0,1.0,1.0,1.0,2259.0,1814.0,91.0,354.0,15.0,10.0,17.5,160.0
3,March,s212,fifo,2,1,2,5,16800,2024,14776,0.1205,0.970297619047619,0.7534584980237155,1.0,164.18315873015874,297.9033333333333,499.0,0.0,7485.0,14000.0,21485.0,,,,,,,,,15.0,10.0,17.5,160.0
3,March,s212,urgent_first,2,1,2,5,16800,2024,14776,0.1205,1.0,1.0,1.0,168.4552728174603,582.3450000000001,0.0,0.0,0.0,14000.0,14000.0,,,,,,,,,15.0,10.0,17.5,160.0
3,March,s212,rl3_dqn,2,1,2,5,16800,2024,14776,0.1205,1.0,1.0,1.0,168.93537996031745,323.8,0.0,0.0,0.0,14000.0,14000.0,1.0,1.0,1.0,0.0,3735.0,1820.0,1915.0,0.0,15.0,10.0,17.5,160.0
3,March,s122,fifo,1,2,2,5,16800,2024,14776,0.1205,0.0967857142857142,0.0074110671936758,0.1090281537628587,6108.294606150793,10760.906666666668,2009.0,13165.0,161785.0,14000.0,175785.0,,,,,,,,,15.0,10.0,17.5,160.0
3,March,s122,urgent_first,1,2,2,5,16800,2024,14776,0.1205,0.72625,1.0,0.6887520303194369,6159.566586309525,24991.103333333333,0.0,4599.0,45990.0,14000.0,59990.0,,,,,,,,,15.0,10.0,17.5,160.0
3,March,s122,rl3_dqn,1,2,2,5,16800,2024,14776,0.1205,0.195,1.0,0.0847319978343259,6187.102648809524,11508.35,0.0,13524.0,135240.0,14000.0,149240.0,0.8693035253654342,0.8703703703703703,0.0,0.25,2326.0,2322.0,0.0,4.0,15.0,10.0,17.5,160.0
3,March,s311,fifo,3,1,1,5,16800,2024,14776,0.1205,0.9701785714285714,0.7524703557312253,1.0,163.25333333333333,297.4683333333333,501.0,0.0,7515.0,14000.0,21515.0,,,,,,,,,15.0,10.0,17.5,160.0
3,March,s311,urgent_first,3,1,1,5,16800,2024,14776,0.1205,1.0,1.0,1.0,167.62913194444445,654.1133333333335,0.0,0.0,0.0,14000.0,14000.0,,,,,,,,,15.0,10.0,17.5,160.0
3,March,s311,rl3_dqn,3,1,1,5,16800,2024,14776,0.1205,1.0,1.0,1.0,167.87012797619047,319.96666666666664,0.0,0.0,0.0,14000.0,14000.0,1.0,1.0,1.0,0.0,2701.0,774.0,1927.0,0.0,15.0,10.0,17.5,160.0
3,March,s231,fifo,2,3,1,6,16800,2024,14776,0.1205,1.0,1.0,1.0,52.72195337301587,100.25166666666668,0.0,0.0,0.0,16800.0,16800.0,,,,,,,,,15.0,10.0,17.5,160.0
3,March,s231,urgent_first,2,3,1,6,16800,2024,14776,0.1205,1.0,1.0,1.0,53.09154861111111,151.8383333333334,0.0,0.0,0.0,16800.0,16800.0,,,,,,,,,15.0,10.0,17.5,160.0
3,March,s231,rl3_dqn,2,3,1,6,16800,2024,14776,0.1205,1.0,1.0,1.0,54.10424305555556,111.83666666666667,0.0,0.0,0.0,16800.0,16800.0,1.0,1.0,1.0,1.0,2303.0,1813.0,9.0,481.0,15.0,10.0,17.5,160.0
3,March,s312,fifo,3,1,2,6,16800,2024,14776,0.1205,0.9710119047619048,0.7593873517786561,1.0,163.2898640873016,297.4,487.0,0.0,7305.0,16800.0,24105.0,,,,,,,,,15.0,10.0,17.5,160.0
3,March,s312,urgent_first,3,1,2,6,16800,2024,14776,0.1205,1.0,1.0,1.0,168.21290773809525,656.5533333333334,0.0,0.0,0.0,16800.0,16800.0,,,,,,,,,15.0,10.0,17.5,160.0
3,March,s312,rl3_dqn,3,1,2,6,16800,2024,14776,0.1205,1.0,1.0,1.0,168.32185416666667,321.93333333333334,0.0,0.0,0.0,16800.0,16800.0,1.0,1.0,1.0,0.0,2705.0,777.0,1928.0,0.0,15.0,10.0,17.5,160.0
3,March,s222,fifo,2,2,2,6,16800,2024,14776,0.1205,1.0,1.0,1.0,52.44092857142857,100.73333333333332,0.0,0.0,0.0,16800.0,16800.0,,,,,,,,,15.0,10.0,17.5,160.0
3,March,s222,urgent_first,2,2,2,6,16800,2024,14776,0.1205,1.0,1.0,1.0,51.72894841269841,146.30500000000004,0.0,0.0,0.0,16800.0,16800.0,,,,,,,,,15.0,10.0,17.5,160.0
3,March,s222,rl3_dqn,2,2,2,6,16800,2024,14776,0.1205,1.0,1.0,1.0,53.44150694444444,109.52,0.0,0.0,0.0,16800.0,16800.0,1.0,1.0,1.0,1.0,1917.0,1819.0,92.0,6.0,15.0,10.0,17.5,160.0
3,March,s321,fifo,3,2,1,6,16800,2024,14776,0.1205,1.0,1.0,1.0,11.136645833333333,18.48333333333333,0.0,0.0,0.0,16800.0,16800.0,,,,,,,,,15.0,10.0,17.5,160.0
3,March,s321,urgent_first,3,2,1,6,16800,2024,14776,0.1205,1.0,1.0,1.0,11.204821428571428,16.81833333333334,0.0,0.0,0.0,16800.0,16800.0,,,,,,,,,15.0,10.0,17.5,160.0
3,March,s321,rl3_dqn,3,2,1,6,16800,2024,14776,0.1205,1.0,1.0,1.0,11.26112103174603,19.1,0.0,0.0,0.0,16800.0,16800.0,1.0,1.0,1.0,1.0,2192.0,758.0,539.0,895.0,15.0,10.0,17.5,160.0
3,March,s322,fifo,3,2,2,7,16800,2024,14776,0.1205,1.0,1.0,1.0,9.056264880952382,14.566666666666666,0.0,0.0,0.0,19600.0,19600.0,,,,,,,,,15.0,10.0,17.5,160.0
3,March,s322,urgent_first,3,2,2,7,16800,2024,14776,0.1205,1.0,1.0,1.0,9.10511011904762,13.55,0.0,0.0,0.0,19600.0,19600.0,,,,,,,,,15.0,10.0,17.5,160.0
3,March,s322,rl3_dqn,3,2,2,7,16800,2024,14776,0.1205,1.0,1.0,1.0,9.118465277777776,14.65,0.0,0.0,0.0,19600.0,19600.0,1.0,1.0,1.0,1.0,1309.0,767.0,531.0,11.0,15.0,10.0,17.5,160.0
3,March,s331,fifo,3,3,1,7,16800,2024,14776,0.1205,1.0,1.0,1.0,10.90583134920635,18.23333333333333,0.0,0.0,0.0,19600.0,19600.0,,,,,,,,,15.0,10.0,17.5,160.0
3,March,s331,urgent_first,3,3,1,7,16800,2024,14776,0.1205,1.0,1.0,1.0,10.9353373015873,16.36833333333334,0.0,0.0,0.0,19600.0,19600.0,,,,,,,,,15.0,10.0,17.5,160.0
3,March,s331,rl3_dqn,3,3,1,7,16800,2024,14776,0.1205,1.0,1.0,1.0,10.984406746031745,18.6,0.0,0.0,0.0,19600.0,19600.0,1.0,1.0,1.0,1.0,1931.0,762.0,49.0,1120.0,15.0,10.0,17.5,160.0
3,March,s332,fifo,3,3,2,8,16800,2024,14776,0.1205,1.0,1.0,1.0,8.517036706349208,13.6,0.0,0.0,0.0,22400.0,22400.0,,,,,,,,,15.0,10.0,17.5,160.0
3,March,s332,urgent_first,3,3,2,8,16800,2024,14776,0.1205,1.0,1.0,1.0,8.501496031746031,12.533333333333331,0.0,0.0,0.0,22400.0,22400.0,,,,,,,,,15.0,10.0,17.5,160.0
3,March,s332,rl3_dqn,3,3,2,8,16800,2024,14776,0.1205,1.0,1.0,1.0,8.526848214285714,13.566666666666666,0.0,0.0,0.0,22400.0,22400.0,1.0,1.0,1.0,1.0,872.0,765.0,44.0,63.0,15.0,10.0,17.5,160.0
3,March,s432,fifo,4,3,2,9,16800,2024,14776,0.1205,1.0,1.0,1.0,7.216079365079365,10.65,0.0,0.0,0.0,25200.0,25200.0,,,,,,,,,15.0,10.0,17.5,160.0
3,March,s432,urgent_first,4,3,2,9,16800,2024,14776,0.1205,1.0,1.0,1.0,7.214180555555556,10.635000000000003,0.0,0.0,0.0,25200.0,25200.0,,,,,,,,,15.0,10.0,17.5,160.0
3,March,s432,rl3_dqn,4,3,2,9,16800,2024,14776,0.1205,1.0,1.0,1.0,7.223050595238095,10.666666666666666,0.0,0.0,0.0,25200.0,25200.0,1.0,1.0,1.0,1.0,472.0,264.0,139.0,69.0,15.0,10.0,17.5,160.0
4,April,s111,fifo,1,1,1,3,16800,2081,14719,0.1239,0.0747023809523809,0.0076886112445939,0.0841769141925402,6928.207598214286,11941.945,2065.0,13480.0,165775.0,8400.0,174175.0,,,,,,,,,15.0,10.0,17.5,160.0
4,April,s111,urgent_first,1,1,1,3,16800,2081,14719,0.1239,0.6961309523809524,1.0,0.653169372919356,7086.140676587302,27948.93666666667,0.0,5105.0,51050.0,8400.0,59450.0,,,,,,,,,15.0,10.0,17.5,160.0
4,April,s111,rl3_dqn,1,1,1,3,16800,2081,14719,0.1239,0.18125,1.0,0.0654935797268836,7059.37674404762,12687.31,0.0,13755.0,137550.0,8400.0,145950.0,0.9230436662343278,0.9235895157707684,0.9032258064516128,0.0,2313.0,2251.0,62.0,0.0,15.0,10.0,17.5,160.0
4,April,s211,fifo,2,1,1,4,16800,2081,14719,0.1239,0.9536904761904762,0.6261412782316195,1.0,187.80107837301588,339.27166666666665,778.0,0.0,11670.0,11200.0,22870.0,,,,,,,,,15.0,10.0,17.5,160.0
4,April,s211,urgent_first,2,1,1,4,16800,2081,14719,0.1239,1.0,1.0,1.0,195.54962103174603,654.4200000000001,0.0,0.0,0.0,11200.0,11200.0,,,,,,,,,15.0,10.0,17.5,160.0
4,April,s211,rl3_dqn,2,1,1,4,16800,2081,14719,0.1239,1.0,1.0,1.0,193.07459325396823,367.6166666666667,0.0,0.0,0.0,11200.0,11200.0,1.0,1.0,1.0,0.0,3883.0,1919.0,1964.0,0.0,15.0,10.0,17.5,160.0
4,April,s121,fifo,1,2,1,4,16800,2081,14719,0.1239,0.0750595238095238,0.0091302258529553,0.084380732386711,6921.240438492063,11938.263333333334,2062.0,13477.0,165700.0,11200.0,176900.0,,,,,,,,,15.0,10.0,17.5,160.0
4,April,s121,urgent_first,1,2,1,4,16800,2081,14719,0.1239,0.7004761904761905,1.0,0.6581289489775121,6997.567648809524,27811.94,0.0,5032.0,50320.0,11200.0,61520.0,,,,,,,,,15.0,10.0,17.5,160.0
4,April,s121,rl3_dqn,1,2,1,4,16800,2081,14719,0.1239,0.1808928571428571,1.0,0.065085943338542,7066.566095238094,12712.41,0.0,13761.0,137610.0,11200.0,148810.0,0.9163732394366196,0.9219512195121952,0.0,0.1764705882352941,2272.0,2255.0,0.0,17.0,15.0,10.0,17.5,160.0
4,April,s112,fifo,1,1,2,4,16800,2081,14719,0.1239,0.0746428571428571,0.0076886112445939,0.0841089747944833,6928.47310515873,11942.496666666666,2065.0,13481.0,165785.0,11200.0,176985.0,,,,,,,,,15.0,10.0,17.5,160.0
4,April,s112,urgent_first,1,1,2,4,16800,2081,14719,0.1239,0.6997619047619048,1.0,0.6573136762008288,6992.918099206349,27915.82833333333,0.0,5044.0,50440.0,11200.0,61640.0,,,,,,,,,15.0,10.0,17.5,160.0
4,April,s112,rl3_dqn,1,1,2,4,16800,2081,14719,0.1239,0.1813095238095238,1.0,0.0655615191249405,7058.762163690477,12680.083333333332,0.0,13754.0,137540.0,11200.0,148740.0,0.9249028916702632,0.9252336448598132,0.9142857142857144,0.0,2317.0,2247.0,70.0,0.0,15.0,10.0,17.5,160.0
4,April,s221,fifo,2,2,1,5,16800,2081,14719,0.1239,0.9995833333333334,0.9966362325804902,1.0,70.93385813492064,131.7716666666667,7.0,0.0,105.0,14000.0,14105.0,,,,,,,,,15.0,10.0,17.5,160.0
4,April,s221,urgent_first,2,2,1,5,16800,2081,14719,0.1239,1.0,1.0,1.0,72.34125992063493,246.3333333333336,0.0,0.0,0.0,14000.0,14000.0,,,,,,,,,15.0,10.0,17.5,160.0
4,April,s221,rl3_dqn,2,2,1,5,16800,2081,14719,0.1239,1.0,1.0,1.0,71.6194623015873,149.61666666666667,0.0,0.0,0.0,14000.0,14000.0,1.0,1.0,1.0,1.0,2376.0,1911.0,84.0,381.0,15.0,10.0,17.5,160.0
4,April,s212,fifo,2,1,2,5,16800,2081,14719,0.1239,0.9542857142857144,0.6309466602594906,1.0,188.13040873015876,340.13666666666666,768.0,0.0,11520.0,14000.0,25520.0,,,,,,,,,15.0,10.0,17.5,160.0
4,April,s212,urgent_first,2,1,2,5,16800,2081,14719,0.1239,1.0,1.0,1.0,192.9802986111111,650.32,0.0,0.0,0.0,14000.0,14000.0,,,,,,,,,15.0,10.0,17.5,160.0
4,April,s212,rl3_dqn,2,1,2,5,16800,2081,14719,0.1239,1.0,1.0,1.0,194.2863968253968,368.2533333333333,0.0,0.0,0.0,14000.0,14000.0,1.0,1.0,1.0,0.0,3880.0,1919.0,1961.0,0.0,15.0,10.0,17.5,160.0
4,April,s122,fifo,1,2,2,5,16800,2081,14719,0.1239,0.0749404761904762,0.008169149447381,0.084380732386711,6920.971950396825,11934.563333333334,2064.0,13477.0,165730.0,14000.0,179730.0,,,,,,,,,15.0,10.0,17.5,160.0
4,April,s122,urgent_first,1,2,2,5,16800,2081,14719,0.1239,0.6974404761904762,1.0,0.6546640396766085,7019.045856150794,27844.24666666667,0.0,5083.0,50830.0,14000.0,64830.0,,,,,,,,,15.0,10.0,17.5,160.0
4,April,s122,rl3_dqn,1,2,2,5,16800,2081,14719,0.1239,0.1810119047619047,1.0,0.0652218221346558,7112.328363095238,12780.02,0.0,13759.0,137590.0,14000.0,151590.0,0.924,0.9248220640569396,0.0,0.0,2250.0,2248.0,0.0,2.0,15.0,10.0,17.5,160.0
4,April,s311,fifo,3,1,1,5,16800,2081,14719,0.1239,0.9544642857142858,0.632388274867852,1.0,187.43679861111116,339.92,765.0,0.0,11475.0,14000.0,25475.0,,,,,,,,,15.0,10.0,17.5,160.0
4,April,s311,urgent_first,3,1,1,5,16800,2081,14719,0.1239,1.0,1.0,1.0,191.29205257936508,718.6600000000001,0.0,0.0,0.0,14000.0,14000.0,,,,,,,,,15.0,10.0,17.5,160.0
4,April,s311,rl3_dqn,3,1,1,5,16800,2081,14719,0.1239,1.0,1.0,1.0,192.98106349206356,368.05666666666673,0.0,0.0,0.0,14000.0,14000.0,1.0,1.0,1.0,0.0,2931.0,953.0,1978.0,0.0,15.0,10.0,17.5,160.0
4,April,s231,fifo,2,3,1,6,16800,2081,14719,0.1239,0.9995833333333334,0.9966362325804902,1.0,69.9173888888889,131.13333333333333,7.0,0.0,105.0,16800.0,16905.0,,,,,,,,,15.0,10.0,17.5,160.0
4,April,s231,urgent_first,2,3,1,6,16800,2081,14719,0.1239,1.0,1.0,1.0,71.68726488095238,240.76833333333332,0.0,0.0,0.0,16800.0,16800.0,,,,,,,,,15.0,10.0,17.5,160.0
4,April,s231,rl3_dqn,2,3,1,6,16800,2081,14719,0.1239,1.0,1.0,1.0,71.53905158730157,148.38666666666668,0.0,0.0,0.0,16800.0,16800.0,1.0,1.0,1.0,1.0,2458.0,1915.0,8.0,535.0,15.0,10.0,17.5,160.0
4,April,s312,fifo,3,1,2,6,16800,2081,14719,0.1239,0.9542857142857144,0.6309466602594906,1.0,187.2139642857143,340.1033333333333,768.0,0.0,11520.0,16800.0,28320.0,,,,,,,,,15.0,10.0,17.5,160.0
4,April,s312,urgent_first,3,1,2,6,16800,2081,14719,0.1239,1.0,1.0,1.0,189.17477777777776,708.8733333333333,0.0,0.0,0.0,16800.0,16800.0,,,,,,,,,15.0,10.0,17.5,160.0
4,April,s312,rl3_dqn,3,1,2,6,16800,2081,14719,0.1239,1.0,1.0,1.0,193.06667857142855,366.07,0.0,0.0,0.0,16800.0,16800.0,1.0,1.0,1.0,0.0,2914.0,936.0,1978.0,0.0,15.0,10.0,17.5,160.0
4,April,s222,fifo,2,2,2,6,16800,2081,14719,0.1239,0.9995238095238096,0.996155694377703,1.0,69.37350496031746,128.33333333333334,8.0,0.0,120.0,16800.0,16920.0,,,,,,,,,15.0,10.0,17.5,160.0
4,April,s222,urgent_first,2,2,2,6,16800,2081,14719,0.1239,1.0,1.0,1.0,71.46490972222223,246.10333333333347,0.0,0.0,0.0,16800.0,16800.0,,,,,,,,,15.0,10.0,17.5,160.0
4,April,s222,rl3_dqn,2,2,2,6,16800,2081,14719,0.1239,1.0,1.0,1.0,70.74368253968254,147.45666666666668,0.0,0.0,0.0,16800.0,16800.0,1.0,1.0,1.0,1.0,2000.0,1916.0,75.0,9.0,15.0,10.0,17.5,160.0
4,April,s321,fifo,3,2,1,6,16800,2081,14719,0.1239,1.0,1.0,1.0,12.538068452380951,21.78333333333333,0.0,0.0,0.0,16800.0,16800.0,,,,,,,,,15.0,10.0,17.5,160.0
4,April,s321,urgent_first,3,2,1,6,16800,2081,14719,0.1239,1.0,1.0,1.0,12.862482142857145,19.33333333333333,0.0,0.0,0.0,16800.0,16800.0,,,,,,,,,15.0,10.0,17.5,160.0
4,April,s321,rl3_dqn,3,2,1,6,16800,2081,14719,0.1239,1.0,1.0,1.0,12.78569742063492,23.585000000000004,0.0,0.0,0.0,16800.0,16800.0,1.0,1.0,1.0,1.0,2738.0,940.0,703.0,1095.0,15.0,10.0,17.5,160.0
4,April,s322,fifo,3,2,2,7,16800,2081,14719,0.1239,1.0,1.0,1.0,9.638065476190476,15.916666666666666,0.0,0.0,0.0,19600.0,19600.0,,,,,,,,,15.0,10.0,17.5,160.0
4,April,s322,urgent_first,3,2,2,7,16800,2081,14719,0.1239,1.0,1.0,1.0,9.677125992063493,14.633333333333333,0.0,0.0,0.0,19600.0,19600.0,,,,,,,,,15.0,10.0,17.5,160.0
4,April,s322,rl3_dqn,3,2,2,7,16800,2081,14719,0.1239,1.0,1.0,1.0,9.763777777777776,16.166666666666668,0.0,0.0,0.0,19600.0,19600.0,1.0,1.0,1.0,1.0,1675.0,947.0,717.0,11.0,15.0,10.0,17.5,160.0
4,April,s331,fifo,3,3,1,7,16800,2081,14719,0.1239,1.0,1.0,1.0,12.293656746031743,21.95,0.0,0.0,0.0,19600.0,19600.0,,,,,,,,,15.0,10.0,17.5,160.0
4,April,s331,urgent_first,3,3,1,7,16800,2081,14719,0.1239,1.0,1.0,1.0,12.55727976190476,18.566666666666663,0.0,0.0,0.0,19600.0,19600.0,,,,,,,,,15.0,10.0,17.5,160.0
4,April,s331,rl3_dqn,3,3,1,7,16800,2081,14719,0.1239,1.0,1.0,1.0,12.511875,23.218333333333337,0.0,0.0,0.0,19600.0,19600.0,1.0,1.0,1.0,1.0,2321.0,947.0,69.0,1305.0,15.0,10.0,17.5,160.0
4,April,s332,fifo,3,3,2,8,16800,2081,14719,0.1239,1.0,1.0,1.0,8.917048611111111,14.4,0.0,0.0,0.0,22400.0,22400.0,,,,,,,,,15.0,10.0,17.5,160.0
4,April,s332,urgent_first,3,3,2,8,16800,2081,14719,0.1239,1.0,1.0,1.0,9.002935515873016,13.35,0.0,0.0,0.0,22400.0,22400.0,,,,,,,,,15.0,10.0,17.5,160.0
4,April,s332,rl3_dqn,3,3,2,8,16800,2081,14719,0.1239,1.0,1.0,1.0,9.006795634920636,14.683333333333334,0.0,0.0,0.0,22400.0,22400.0,1.0,1.0,1.0,1.0,1075.0,940.0,69.0,66.0,15.0,10.0,17.5,160.0
4,April,s432,fifo,4,3,2,9,16800,2081,14719,0.1239,1.0,1.0,1.0,7.297071428571429,10.76833333333334,0.0,0.0,0.0,25200.0,25200.0,,,,,,,,,15.0,10.0,17.5,160.0
4,April,s432,urgent_first,4,3,2,9,16800,2081,14719,0.1239,1.0,1.0,1.0,7.302876984126985,10.8,0.0,0.0,0.0,25200.0,25200.0,,,,,,,,,15.0,10.0,17.5,160.0
4,April,s432,rl3_dqn,4,3,2,9,16800,2081,14719,0.1239,1.0,1.0,1.0,7.318756944444445,10.816666666666666,0.0,0.0,0.0,25200.0,25200.0,1.0,1.0,1.0,1.0,605.0,369.0,170.0,66.0,15.0,10.0,17.5,160.0
5,May,s111,fifo,1,1,1,3,10800,967,9833,0.0895,1.0,1.0,1.0,72.36600771604938,141.455,0.0,0.0,0.0,8400.0,8400.0,,,,,,,,,15.0,10.0,17.5,160.0
5,May,s111,urgent_first,1,1,1,3,10800,967,9833,0.0895,1.0,1.0,1.0,72.56787191358025,221.98333333333343,0.0,0.0,0.0,8400.0,8400.0,,,,,,,,,15.0,10.0,17.5,160.0
5,May,s111,rl3_dqn,1,1,1,3,10800,967,9833,0.0895,1.0,1.0,1.0,72.71366975308642,149.85500000000002,0.0,0.0,0.0,8400.0,8400.0,1.0,1.0,1.0,0.0,946.0,895.0,51.0,0.0,15.0,10.0,17.5,160.0
5,May,s211,fifo,2,1,1,4,10800,967,9833,0.0895,1.0,1.0,1.0,12.029560185185185,22.383333333333333,0.0,0.0,0.0,11200.0,11200.0,,,,,,,,,15.0,10.0,17.5,160.0
5,May,s211,urgent_first,2,1,1,4,10800,967,9833,0.0895,1.0,1.0,1.0,12.233547839506176,17.935000000000006,0.0,0.0,0.0,11200.0,11200.0,,,,,,,,,15.0,10.0,17.5,160.0
5,May,s211,rl3_dqn,2,1,1,4,10800,967,9833,0.0895,1.0,1.0,1.0,12.159912037037037,23.73333333333333,0.0,0.0,0.0,11200.0,11200.0,1.0,1.0,1.0,0.0,818.0,234.0,584.0,0.0,15.0,10.0,17.5,160.0
5,May,s121,fifo,1,2,1,4,10800,967,9833,0.0895,1.0,1.0,1.0,71.54165586419752,140.70333333333335,0.0,0.0,0.0,11200.0,11200.0,,,,,,,,,15.0,10.0,17.5,160.0
5,May,s121,urgent_first,1,2,1,4,10800,967,9833,0.0895,1.0,1.0,1.0,71.85595679012346,220.72333333333336,0.0,0.0,0.0,11200.0,11200.0,,,,,,,,,15.0,10.0,17.5,160.0
5,May,s121,rl3_dqn,1,2,1,4,10800,967,9833,0.0895,1.0,1.0,1.0,71.79793209876543,146.92166666666668,0.0,0.0,0.0,11200.0,11200.0,1.0,1.0,0.0,1.0,907.0,895.0,0.0,12.0,15.0,10.0,17.5,160.0
5,May,s112,fifo,1,1,2,4,10800,967,9833,0.0895,1.0,1.0,1.0,72.34139351851853,141.47000000000003,0.0,0.0,0.0,11200.0,11200.0,,,,,,,,,15.0,10.0,17.5,160.0
5,May,s112,urgent_first,1,1,2,4,10800,967,9833,0.0895,1.0,1.0,1.0,73.24704320987654,229.40000000000043,0.0,0.0,0.0,11200.0,11200.0,,,,,,,,,15.0,10.0,17.5,160.0
5,May,s112,rl3_dqn,1,1,2,4,10800,967,9833,0.0895,1.0,1.0,1.0,72.7193024691358,149.5216666666667,0.0,0.0,0.0,11200.0,11200.0,1.0,1.0,1.0,0.0,951.0,895.0,56.0,0.0,15.0,10.0,17.5,160.0
5,May,s221,fifo,2,2,1,5,10800,967,9833,0.0895,1.0,1.0,1.0,7.320273148148148,10.933333333333334,0.0,0.0,0.0,14000.0,14000.0,,,,,,,,,15.0,10.0,17.5,160.0
5,May,s221,urgent_first,2,2,1,5,10800,967,9833,0.0895,1.0,1.0,1.0,7.316774691358024,10.783333333333331,0.0,0.0,0.0,14000.0,14000.0,,,,,,,,,15.0,10.0,17.5,160.0
5,May,s221,rl3_dqn,2,2,1,5,10800,967,9833,0.0895,1.0,1.0,1.0,7.305640432098766,10.86833333333334,0.0,0.0,0.0,14000.0,14000.0,1.0,1.0,1.0,1.0,355.0,231.0,15.0,109.0,15.0,10.0,17.5,160.0
5,May,s212,fifo,2,1,2,5,10800,967,9833,0.0895,1.0,1.0,1.0,12.070779320987654,22.5,0.0,0.0,0.0,14000.0,14000.0,,,,,,,,,15.0,10.0,17.5,160.0
5,May,s212,urgent_first,2,1,2,5,10800,967,9833,0.0895,1.0,1.0,1.0,12.28288888888889,18.116666666666667,0.0,0.0,0.0,14000.0,14000.0,,,,,,,,,15.0,10.0,17.5,160.0
5,May,s212,rl3_dqn,2,1,2,5,10800,967,9833,0.0895,1.0,1.0,1.0,12.326242283950616,24.116666666666667,0.0,0.0,0.0,14000.0,14000.0,1.0,1.0,1.0,0.0,819.0,232.0,587.0,0.0,15.0,10.0,17.5,160.0
5,May,s122,fifo,1,2,2,5,10800,967,9833,0.0895,0.9999074074074074,0.998965873836608,1.0,71.54153858024692,140.47333333333336,1.0,0.0,15.0,14000.0,14015.0,,,,,,,,,15.0,10.0,17.5,160.0
5,May,s122,urgent_first,1,2,2,5,10800,967,9833,0.0895,1.0,1.0,1.0,72.08398302469135,224.7116666666668,0.0,0.0,0.0,14000.0,14000.0,,,,,,,,,15.0,10.0,17.5,160.0
5,May,s122,rl3_dqn,1,2,2,5,10800,967,9833,0.0895,1.0,1.0,1.0,71.6142299382716,145.985,0.0,0.0,0.0,14000.0,14000.0,1.0,1.0,0.0,1.0,896.0,895.0,0.0,1.0,15.0,10.0,17.5,160.0
5,May,s311,fifo,3,1,1,5,10800,967,9833,0.0895,1.0,1.0,1.0,12.000533950617283,22.766666666666666,0.0,0.0,0.0,14000.0,14000.0,,,,,,,,,15.0,10.0,17.5,160.0
5,May,s311,urgent_first,3,1,1,5,10800,967,9833,0.0895,1.0,1.0,1.0,12.054131172839506,17.216666666666665,0.0,0.0,0.0,14000.0,14000.0,,,,,,,,,15.0,10.0,17.5,160.0
5,May,s311,rl3_dqn,3,1,1,5,10800,967,9833,0.0895,1.0,1.0,1.0,12.070680555555557,23.85,0.0,0.0,0.0,14000.0,14000.0,1.0,1.0,1.0,0.0,693.0,67.0,626.0,0.0,15.0,10.0,17.5,160.0
5,May,s231,fifo,2,3,1,6,10800,967,9833,0.0895,1.0,1.0,1.0,7.285194444444445,10.933333333333334,0.0,0.0,0.0,16800.0,16800.0,,,,,,,,,15.0,10.0,17.5,160.0
5,May,s231,urgent_first,2,3,1,6,10800,967,9833,0.0895,1.0,1.0,1.0,7.284854938271605,10.733333333333333,0.0,0.0,0.0,16800.0,16800.0,,,,,,,,,15.0,10.0,17.5,160.0
5,May,s231,rl3_dqn,2,3,1,6,10800,967,9833,0.0895,1.0,1.0,1.0,7.278614197530864,10.851666666666672,0.0,0.0,0.0,16800.0,16800.0,1.0,1.0,1.0,1.0,399.0,234.0,4.0,161.0,15.0,10.0,17.5,160.0
5,May,s312,fifo,3,1,2,6,10800,967,9833,0.0895,1.0,1.0,1.0,12.06136574074074,23.018333333333334,0.0,0.0,0.0,16800.0,16800.0,,,,,,,,,15.0,10.0,17.5,160.0
5,May,s312,urgent_first,3,1,2,6,10800,967,9833,0.0895,1.0,1.0,1.0,12.033104938271604,17.25,0.0,0.0,0.0,16800.0,16800.0,,,,,,,,,15.0,10.0,17.5,160.0
5,May,s312,rl3_dqn,3,1,2,6,10800,967,9833,0.0895,1.0,1.0,1.0,12.092086419753086,23.91833333333334,0.0,0.0,0.0,16800.0,16800.0,1.0,1.0,1.0,0.0,686.0,64.0,622.0,0.0,15.0,10.0,17.5,160.0
5,May,s222,fifo,2,2,2,6,10800,967,9833,0.0895,1.0,1.0,1.0,6.895066358024691,10.3,0.0,0.0,0.0,16800.0,16800.0,,,,,,,,,15.0,10.0,17.5,160.0
5,May,s222,urgent_first,2,2,2,6,10800,967,9833,0.0895,1.0,1.0,1.0,6.8754737654320985,10.083333333333334,0.0,0.0,0.0,16800.0,16800.0,,,,,,,,,15.0,10.0,17.5,160.0
5,May,s222,rl3_dqn,2,2,2,6,10800,967,9833,0.0895,1.0,1.0,1.0,6.881445987654321,10.283333333333331,0.0,0.0,0.0,16800.0,16800.0,1.0,1.0,1.0,1.0,258.0,232.0,22.0,4.0,15.0,10.0,17.5,160.0
5,May,s321,fifo,3,2,1,6,10800,967,9833,0.0895,1.0,1.0,1.0,6.774145061728395,9.75,0.0,0.0,0.0,16800.0,16800.0,,,,,,,,,15.0,10.0,17.5,160.0
5,May,s321,urgent_first,3,2,1,6,10800,967,9833,0.0895,1.0,1.0,1.0,6.770813271604937,9.733333333333333,0.0,0.0,0.0,16800.0,16800.0,,,,,,,,,15.0,10.0,17.5,160.0
5,May,s321,rl3_dqn,3,2,1,6,10800,967,9833,0.0895,1.0,1.0,1.0,6.770183641975309,9.783333333333331,0.0,0.0,0.0,16800.0,16800.0,1.0,1.0,1.0,1.0,274.0,58.0,76.0,140.0,15.0,10.0,17.5,160.0
5,May,s322,fifo,3,2,2,7,10800,967,9833,0.0895,1.0,1.0,1.0,6.291047839506173,9.05,0.0,0.0,0.0,19600.0,19600.0,,,,,,,,,15.0,10.0,17.5,160.0
5,May,s322,urgent_first,3,2,2,7,10800,967,9833,0.0895,1.0,1.0,1.0,6.285848765432098,9.033333333333331,0.0,0.0,0.0,19600.0,19600.0,,,,,,,,,15.0,10.0,17.5,160.0
5,May,s322,rl3_dqn,3,2,2,7,10800,967,9833,0.0895,1.0,1.0,1.0,6.284692901234568,9.0,0.0,0.0,0.0,19600.0,19600.0,1.0,1.0,1.0,1.0,141.0,60.0,74.0,7.0,15.0,10.0,17.5,160.0
5,May,s331,fifo,3,3,1,7,10800,967,9833,0.0895,1.0,1.0,1.0,6.722876543209877,9.735000000000005,0.0,0.0,0.0,19600.0,19600.0,,,,,,,,,15.0,10.0,17.5,160.0
5,May,s331,urgent_first,3,3,1,7,10800,967,9833,0.0895,1.0,1.0,1.0,6.724558641975309,9.7,0.0,0.0,0.0,19600.0,19600.0,,,,,,,,,15.0,10.0,17.5,160.0
5,May,s331,rl3_dqn,3,3,1,7,10800,967,9833,0.0895,1.0,1.0,1.0,6.711084876543209,9.666666666666666,0.0,0.0,0.0,19600.0,19600.0,1.0,1.0,1.0,1.0,298.0,62.0,13.0,223.0,15.0,10.0,17.5,160.0
5,May,s332,fifo,3,3,2,8,10800,967,9833,0.0895,1.0,1.0,1.0,6.138550925925927,8.8,0.0,0.0,0.0,22400.0,22400.0,,,,,,,,,15.0,10.0,17.5,160.0
5,May,s332,urgent_first,3,3,2,8,10800,967,9833,0.0895,1.0,1.0,1.0,6.137782407407406,8.8,0.0,0.0,0.0,22400.0,22400.0,,,,,,,,,15.0,10.0,17.5,160.0
5,May,s332,rl3_dqn,3,3,2,8,10800,967,9833,0.0895,1.0,1.0,1.0,6.132283950617285,8.8,0.0,0.0,0.0,22400.0,22400.0,1.0,1.0,1.0,1.0,84.0,63.0,8.0,13.0,15.0,10.0,17.5,160.0
5,May,s432,fifo,4,3,2,9,10800,967,9833,0.0895,1.0,1.0,1.0,6.046282407407408,8.65,0.0,0.0,0.0,25200.0,25200.0,,,,,,,,,15.0,10.0,17.5,160.0
5,May,s432,urgent_first,4,3,2,9,10800,967,9833,0.0895,1.0,1.0,1.0,6.047478395061729,8.65,0.0,0.0,0.0,25200.0,25200.0,,,,,,,,,15.0,10.0,17.5,160.0
5,May,s432,rl3_dqn,4,3,2,9,10800,967,9833,0.0895,1.0,1.0,1.0,6.044220679012345,8.616666666666667,0.0,0.0,0.0,25200.0,25200.0,1.0,1.0,1.0,1.0,43.0,9.0,19.0,15.0,15.0,10.0,17.5,160.0
6,June,s111,fifo,1,1,1,3,9600,830,8770,0.0865,1.0,1.0,1.0,46.11480729166667,101.12,0.0,0.0,0.0,8400.0,8400.0,,,,,,,,,15.0,10.0,17.5,160.0
6,June,s111,urgent_first,1,1,1,3,9600,830,8770,0.0865,1.0,1.0,1.0,46.97155381944444,106.70166666666668,0.0,0.0,0.0,8400.0,8400.0,,,,,,,,,15.0,10.0,17.5,160.0
6,June,s111,rl3_dqn,1,1,1,3,9600,830,8770,0.0865,1.0,1.0,1.0,45.12402951388889,103.87,0.0,0.0,0.0,8400.0,8400.0,1.0,1.0,1.0,0.0,768.0,725.0,43.0,0.0,15.0,10.0,17.5,160.0
6,June,s211,fifo,2,1,1,4,9600,830,8770,0.0865,1.0,1.0,1.0,10.107241319444444,16.966666666666665,0.0,0.0,0.0,11200.0,11200.0,,,,,,,,,15.0,10.0,17.5,160.0
6,June,s211,urgent_first,2,1,1,4,9600,830,8770,0.0865,1.0,1.0,1.0,10.161157986111112,15.216666666666669,0.0,0.0,0.0,11200.0,11200.0,,,,,,,,,15.0,10.0,17.5,160.0
6,June,s211,rl3_dqn,2,1,1,4,9600,830,8770,0.0865,1.0,1.0,1.0,10.060366319444444,17.216666666666665,0.0,0.0,0.0,11200.0,11200.0,1.0,1.0,1.0,0.0,570.0,160.0,410.0,0.0,15.0,10.0,17.5,160.0
6,June,s121,fifo,1,2,1,4,9600,830,8770,0.0865,1.0,1.0,1.0,45.519980902777775,100.51666666666668,0.0,0.0,0.0,11200.0,11200.0,,,,,,,,,15.0,10.0,17.5,160.0
6,June,s121,urgent_first,1,2,1,4,9600,830,8770,0.0865,1.0,1.0,1.0,45.04130729166667,99.37,0.0,0.0,0.0,11200.0,11200.0,,,,,,,,,15.0,10.0,17.5,160.0
6,June,s121,rl3_dqn,1,2,1,4,9600,830,8770,0.0865,1.0,1.0,1.0,45.25558159722222,104.45166666666668,0.0,0.0,0.0,11200.0,11200.0,1.0,1.0,0.0,1.0,736.0,726.0,0.0,10.0,15.0,10.0,17.5,160.0
6,June,s112,fifo,1,1,2,4,9600,830,8770,0.0865,1.0,1.0,1.0,46.01672916666667,101.26666666666668,0.0,0.0,0.0,11200.0,11200.0,,,,,,,,,15.0,10.0,17.5,160.0
6,June,s112,urgent_first,1,1,2,4,9600,830,8770,0.0865,1.0,1.0,1.0,46.236354166666665,105.60500000000026,0.0,0.0,0.0,11200.0,11200.0,,,,,,,,,15.0,10.0,17.5,160.0
6,June,s112,rl3_dqn,1,1,2,4,9600,830,8770,0.0865,1.0,1.0,1.0,44.99189236111111,103.25166666666668,0.0,0.0,0.0,11200.0,11200.0,1.0,1.0,1.0,0.0,765.0,725.0,40.0,0.0,15.0,10.0,17.5,160.0
6,June,s221,fifo,2,2,1,5,9600,830,8770,0.0865,1.0,1.0,1.0,7.02040625,10.351666666666672,0.0,0.0,0.0,14000.0,14000.0,,,,,,,,,15.0,10.0,17.5,160.0
6,June,s221,urgent_first,2,2,1,5,9600,830,8770,0.0865,1.0,1.0,1.0,7.0292048611111095,10.25,0.0,0.0,0.0,14000.0,14000.0,,,,,,,,,15.0,10.0,17.5,160.0
6,June,s221,rl3_dqn,2,2,1,5,9600,830,8770,0.0865,1.0,1.0,1.0,7.0446840277777785,10.385000000000003,0.0,0.0,0.0,14000.0,14000.0,1.0,1.0,1.0,1.0,243.0,161.0,25.0,57.0,15.0,10.0,17.5,160.0
6,June,s212,fifo,2,1,2,5,9600,830,8770,0.0865,1.0,1.0,1.0,10.041322916666669,16.916666666666668,0.0,0.0,0.0,14000.0,14000.0,,,,,,,,,15.0,10.0,17.5,160.0
6,June,s212,urgent_first,2,1,2,5,9600,830,8770,0.0865,1.0,1.0,1.0,10.11190451388889,15.166666666666666,0.0,0.0,0.0,14000.0,14000.0,,,,,,,,,15.0,10.0,17.5,160.0
6,June,s212,rl3_dqn,2,1,2,5,9600,830,8770,0.0865,1.0,1.0,1.0,9.99028125,17.0,0.0,0.0,0.0,14000.0,14000.0,1.0,1.0,1.0,0.0,567.0,160.0,407.0,0.0,15.0,10.0,17.5,160.0
6,June,s122,fifo,1,2,2,5,9600,830,8770,0.0865,1.0,1.0,1.0,45.57018576388889,100.15166666666669,0.0,0.0,0.0,14000.0,14000.0,,,,,,,,,15.0,10.0,17.5,160.0
6,June,s122,urgent_first,1,2,2,5,9600,830,8770,0.0865,1.0,1.0,1.0,45.21407118055556,99.7033333333336,0.0,0.0,0.0,14000.0,14000.0,,,,,,,,,15.0,10.0,17.5,160.0
6,June,s122,rl3_dqn,1,2,2,5,9600,830,8770,0.0865,1.0,1.0,1.0,45.30961631944445,105.67333333333336,0.0,0.0,0.0,14000.0,14000.0,1.0,1.0,0.0,1.0,729.0,726.0,0.0,3.0,15.0,10.0,17.5,160.0
6,June,s311,fifo,3,1,1,5,9600,830,8770,0.0865,1.0,1.0,1.0,9.837710069444444,16.6,0.0,0.0,0.0,14000.0,14000.0,,,,,,,,,15.0,10.0,17.5,160.0
6,June,s311,urgent_first,3,1,1,5,9600,830,8770,0.0865,1.0,1.0,1.0,9.92884201388889,14.833333333333334,0.0,0.0,0.0,14000.0,14000.0,,,,,,,,,15.0,10.0,17.5,160.0
6,June,s311,rl3_dqn,3,1,1,5,9600,830,8770,0.0865,1.0,1.0,1.0,9.844097222222222,16.933333333333334,0.0,0.0,0.0,14000.0,14000.0,1.0,1.0,1.0,0.0,480.0,39.0,441.0,0.0,15.0,10.0,17.5,160.0
6,June,s231,fifo,2,3,1,6,9600,830,8770,0.0865,1.0,1.0,1.0,6.997427083333334,10.316666666666666,0.0,0.0,0.0,16800.0,16800.0,,,,,,,,,15.0,10.0,17.5,160.0
6,June,s231,urgent_first,2,3,1,6,9600,830,8770,0.0865,1.0,1.0,1.0,7.011963541666668,10.283333333333331,0.0,0.0,0.0,16800.0,16800.0,,,,,,,,,15.0,10.0,17.5,160.0
6,June,s231,rl3_dqn,2,3,1,6,9600,830,8770,0.0865,1.0,1.0,1.0,7.023597222222222,10.35,0.0,0.0,0.0,16800.0,16800.0,1.0,1.0,1.0,1.0,289.0,162.0,7.0,120.0,15.0,10.0,17.5,160.0
6,June,s312,fifo,3,1,2,6,9600,830,8770,0.0865,1.0,1.0,1.0,9.824022569444445,16.718333333333337,0.0,0.0,0.0,16800.0,16800.0,,,,,,,,,15.0,10.0,17.5,160.0
6,June,s312,urgent_first,3,1,2,6,9600,830,8770,0.0865,1.0,1.0,1.0,9.864104166666666,14.733333333333333,0.0,0.0,0.0,16800.0,16800.0,,,,,,,,,15.0,10.0,17.5,160.0
6,June,s312,rl3_dqn,3,1,2,6,9600,830,8770,0.0865,1.0,1.0,1.0,9.83722048611111,16.9,0.0,0.0,0.0,16800.0,16800.0,1.0,1.0,1.0,0.0,480.0,39.0,441.0,0.0,15.0,10.0,17.5,160.0
6,June,s222,fifo,2,2,2,6,9600,830,8770,0.0865,1.0,1.0,1.0,6.667588541666667,9.76833333333334,0.0,0.0,0.0,16800.0,16800.0,,,,,,,,,15.0,10.0,17.5,160.0
6,June,s222,urgent_first,2,2,2,6,9600,830,8770,0.0865,1.0,1.0,1.0,6.666991319444445,9.75,0.0,0.0,0.0,16800.0,16800.0,,,,,,,,,15.0,10.0,17.5,160.0
6,June,s222,rl3_dqn,2,2,2,6,9600,830,8770,0.0865,1.0,1.0,1.0,6.656998263888889,9.81833333333334,0.0,0.0,0.0,16800.0,16800.0,1.0,1.0,1.0,1.0,185.0,162.0,22.0,1.0,15.0,10.0,17.5,160.0
6,June,s321,fifo,3,2,1,6,9600,830,8770,0.0865,1.0,1.0,1.0,6.6201944444444445,9.46833333333334,0.0,0.0,0.0,16800.0,16800.0,,,,,,,,,15.0,10.0,17.5,160.0
6,June,s321,urgent_first,3,2,1,6,9600,830,8770,0.0865,1.0,1.0,1.0,6.625626736111111,9.5,0.0,0.0,0.0,16800.0,16800.0,,,,,,,,,15.0,10.0,17.5,160.0
6,June,s321,rl3_dqn,3,2,1,6,9600,830,8770,0.0865,1.0,1.0,1.0,6.61290625,9.516666666666667,0.0,0.0,0.0,16800.0,16800.0,1.0,1.0,1.0,1.0,172.0,39.0,50.0,83.0,15.0,10.0,17.5,160.0
6,June,s322,fifo,3,2,2,7,9600,830,8770,0.0865,1.0,1.0,1.0,6.217979166666667,8.916666666666666,0.0,0.0,0.0,19600.0,19600.0,,,,,,,,,15.0,10.0,17.5,160.0
6,June,s322,urgent_first,3,2,2,7,9600,830,8770,0.0865,1.0,1.0,1.0,6.220420138888889,8.916666666666666,0.0,0.0,0.0,19600.0,19600.0,,,,,,,,,15.0,10.0,17.5,160.0
6,June,s322,rl3_dqn,3,2,2,7,9600,830,8770,0.0865,1.0,1.0,1.0,6.208050347222223,8.9,0.0,0.0,0.0,19600.0,19600.0,1.0,1.0,1.0,0.0,88.0,39.0,49.0,0.0,15.0,10.0,17.5,160.0
6,June,s331,fifo,3,3,1,7,9600,830,8770,0.0865,1.0,1.0,1.0,6.57465625,9.466666666666669,0.0,0.0,0.0,19600.0,19600.0,,,,,,,,,15.0,10.0,17.5,160.0
6,June,s331,urgent_first,3,3,1,7,9600,830,8770,0.0865,1.0,1.0,1.0,6.581685763888889,9.45,0.0,0.0,0.0,19600.0,19600.0,,,,,,,,,15.0,10.0,17.5,160.0
6,June,s331,rl3_dqn,3,3,1,7,9600,830,8770,0.0865,1.0,1.0,1.0,6.565685763888888,9.45,0.0,0.0,0.0,19600.0,19600.0,1.0,1.0,1.0,1.0,207.0,38.0,12.0,157.0,15.0,10.0,17.5,160.0
6,June,s332,fifo,3,3,2,8,9600,830,8770,0.0865,1.0,1.0,1.0,6.096631944444445,8.685000000000006,0.0,0.0,0.0,22400.0,22400.0,,,,,,,,,15.0,10.0,17.5,160.0
6,June,s332,urgent_first,3,3,2,8,9600,830,8770,0.0865,1.0,1.0,1.0,6.098458333333333,8.7,0.0,0.0,0.0,22400.0,22400.0,,,,,,,,,15.0,10.0,17.5,160.0
6,June,s332,rl3_dqn,3,3,2,8,9600,830,8770,0.0865,1.0,1.0,1.0,6.080449652777777,8.7,0.0,0.0,0.0,22400.0,22400.0,1.0,1.0,1.0,1.0,54.0,37.0,10.0,7.0,15.0,10.0,17.5,160.0
6,June,s432,fifo,4,3,2,9,9600,830,8770,0.0865,1.0,1.0,1.0,6.031074652777778,8.6,0.0,0.0,0.0,25200.0,25200.0,,,,,,,,,15.0,10.0,17.5,160.0
6,June,s432,urgent_first,4,3,2,9,9600,830,8770,0.0865,1.0,1.0,1.0,6.030887152777777,8.6,0.0,0.0,0.0,25200.0,25200.0,,,,,,,,,15.0,10.0,17.5,160.0
6,June,s432,rl3_dqn,4,3,2,9,9600,830,8770,0.0865,1.0,1.0,1.0,6.019894097222223,8.616666666666667,0.0,0.0,0.0,25200.0,25200.0,1.0,1.0,1.0,1.0,24.0,7.0,10.0,7.0,15.0,10.0,17.5,160.0
7,July,s111,fifo,1,1,1,3,8400,663,7737,0.0789,1.0,1.0,1.0,18.92199801587301,39.90166666666667,0.0,0.0,0.0,8400.0,8400.0,,,,,,,,,15.0,10.0,17.5,160.0
7,July,s111,urgent_first,1,1,1,3,8400,663,7737,0.0789,1.0,1.0,1.0,19.0289503968254,26.70166666666667,0.0,0.0,0.0,8400.0,8400.0,,,,,,,,,15.0,10.0,17.5,160.0
7,July,s111,rl3_dqn,1,1,1,3,8400,663,7737,0.0789,1.0,1.0,1.0,18.88706547619047,41.885000000000005,0.0,0.0,0.0,8400.0,8400.0,1.0,1.0,1.0,0.0,512.0,482.0,30.0,0.0,15.0,10.0,17.5,160.0
7,July,s211,fifo,2,1,1,4,8400,663,7737,0.0789,1.0,1.0,1.0,8.280718253968253,13.266666666666667,0.0,0.0,0.0,11200.0,11200.0,,,,,,,,,15.0,10.0,17.5,160.0
7,July,s211,urgent_first,2,1,1,4,8400,663,7737,0.0789,1.0,1.0,1.0,8.30004761904762,12.816666666666666,0.0,0.0,0.0,11200.0,11200.0,,,,,,,,,15.0,10.0,17.5,160.0
7,July,s211,rl3_dqn,2,1,1,4,8400,663,7737,0.0789,1.0,1.0,1.0,8.299222222222223,13.416666666666666,0.0,0.0,0.0,11200.0,11200.0,1.0,1.0,1.0,0.0,341.0,96.0,245.0,0.0,15.0,10.0,17.5,160.0
7,July,s121,fifo,1,2,1,4,8400,663,7737,0.0789,1.0,1.0,1.0,18.697242063492062,40.00166666666667,0.0,0.0,0.0,11200.0,11200.0,,,,,,,,,15.0,10.0,17.5,160.0
7,July,s121,urgent_first,1,2,1,4,8400,663,7737,0.0789,1.0,1.0,1.0,19.013281746031744,26.72500000000003,0.0,0.0,0.0,11200.0,11200.0,,,,,,,,,15.0,10.0,17.5,160.0
7,July,s121,rl3_dqn,1,2,1,4,8400,663,7737,0.0789,1.0,1.0,1.0,18.703567460317466,41.35333333333335,0.0,0.0,0.0,11200.0,11200.0,1.0,1.0,0.0,1.0,488.0,478.0,0.0,10.0,15.0,10.0,17.5,160.0
7,July,s112,fifo,1,1,2,4,8400,663,7737,0.0789,1.0,1.0,1.0,18.898128968253967,39.90166666666667,0.0,0.0,0.0,11200.0,11200.0,,,,,,,,,15.0,10.0,17.5,160.0
7,July,s112,urgent_first,1,1,2,4,8400,663,7737,0.0789,1.0,1.0,1.0,19.02399801587301,26.86833333333334,0.0,0.0,0.0,11200.0,11200.0,,,,,,,,,15.0,10.0,17.5,160.0
7,July,s112,rl3_dqn,1,1,2,4,8400,663,7737,0.0789,1.0,1.0,1.0,18.884561507936507,41.91833333333334,0.0,0.0,0.0,11200.0,11200.0,1.0,1.0,1.0,0.0,512.0,481.0,31.0,0.0,15.0,10.0,17.5,160.0
7,July,s221,fifo,2,2,1,5,8400,663,7737,0.0789,1.0,1.0,1.0,6.76052380952381,9.85,0.0,0.0,0.0,14000.0,14000.0,,,,,,,,,15.0,10.0,17.5,160.0
7,July,s221,urgent_first,2,2,1,5,8400,663,7737,0.0789,1.0,1.0,1.0,6.765664682539682,9.833333333333334,0.0,0.0,0.0,14000.0,14000.0,,,,,,,,,15.0,10.0,17.5,160.0
7,July,s221,rl3_dqn,2,2,1,5,8400,663,7737,0.0789,1.0,1.0,1.0,6.764670634920636,9.866666666666667,0.0,0.0,0.0,14000.0,14000.0,1.0,1.0,1.0,1.0,150.0,97.0,7.0,46.0,15.0,10.0,17.5,160.0
7,July,s212,fifo,2,1,2,5,8400,663,7737,0.0789,1.0,1.0,1.0,8.268063492063492,13.316666666666666,0.0,0.0,0.0,14000.0,14000.0,,,,,,,,,15.0,10.0,17.5,160.0
7,July,s212,urgent_first,2,1,2,5,8400,663,7737,0.0789,1.0,1.0,1.0,8.278892857142857,12.8,0.0,0.0,0.0,14000.0,14000.0,,,,,,,,,15.0,10.0,17.5,160.0
7,July,s212,rl3_dqn,2,1,2,5,8400,663,7737,0.0789,1.0,1.0,1.0,8.268402777777778,13.4,0.0,0.0,0.0,14000.0,14000.0,1.0,1.0,1.0,0.0,338.0,94.0,244.0,0.0,15.0,10.0,17.5,160.0
7,July,s122,fifo,1,2,2,5,8400,663,7737,0.0789,1.0,1.0,1.0,18.65399007936508,40.18333333333333,0.0,0.0,0.0,14000.0,14000.0,,,,,,,,,15.0,10.0,17.5,160.0
7,July,s122,urgent_first,1,2,2,5,8400,663,7737,0.0789,1.0,1.0,1.0,18.939267857142852,27.03333333333333,0.0,0.0,0.0,14000.0,14000.0,,,,,,,,,15.0,10.0,17.5,160.0
7,July,s122,rl3_dqn,1,2,2,5,8400,663,7737,0.0789,1.0,1.0,1.0,18.61955357142857,41.45333333333335,0.0,0.0,0.0,14000.0,14000.0,1.0,1.0,0.0,1.0,482.0,481.0,0.0,1.0,15.0,10.0,17.5,160.0
7,July,s311,fifo,3,1,1,5,8400,663,7737,0.0789,1.0,1.0,1.0,8.132343253968255,13.0,0.0,0.0,0.0,14000.0,14000.0,,,,,,,,,15.0,10.0,17.5,160.0
7,July,s311,urgent_first,3,1,1,5,8400,663,7737,0.0789,1.0,1.0,1.0,8.194688492063493,12.516666666666667,0.0,0.0,0.0,14000.0,14000.0,,,,,,,,,15.0,10.0,17.5,160.0
7,July,s311,rl3_dqn,3,1,1,5,8400,663,7737,0.0789,1.0,1.0,1.0,8.158500000000002,13.183333333333334,0.0,0.0,0.0,14000.0,14000.0,1.0,1.0,1.0,0.0,293.0,17.0,276.0,0.0,15.0,10.0,17.5,160.0
7,July,s231,fifo,2,3,1,6,8400,663,7737,0.0789,1.0,1.0,1.0,6.742226190476191,9.833333333333334,0.0,0.0,0.0,16800.0,16800.0,,,,,,,,,15.0,10.0,17.5,160.0
7,July,s231,urgent_first,2,3,1,6,8400,663,7737,0.0789,1.0,1.0,1.0,6.747424603174603,9.783333333333331,0.0,0.0,0.0,16800.0,16800.0,,,,,,,,,15.0,10.0,17.5,160.0
7,July,s231,rl3_dqn,2,3,1,6,8400,663,7737,0.0789,1.0,1.0,1.0,6.745809523809524,9.81833333333334,0.0,0.0,0.0,16800.0,16800.0,1.0,1.0,1.0,1.0,177.0,99.0,2.0,76.0,15.0,10.0,17.5,160.0
7,July,s312,fifo,3,1,2,6,8400,663,7737,0.0789,1.0,1.0,1.0,8.129974206349205,12.966666666666669,0.0,0.0,0.0,16800.0,16800.0,,,,,,,,,15.0,10.0,17.5,160.0
7,July,s312,urgent_first,3,1,2,6,8400,663,7737,0.0789,1.0,1.0,1.0,8.142511904761905,12.516666666666667,0.0,0.0,0.0,16800.0,16800.0,,,,,,,,,15.0,10.0,17.5,160.0
7,July,s312,rl3_dqn,3,1,2,6,8400,663,7737,0.0789,1.0,1.0,1.0,8.144738095238095,13.183333333333334,0.0,0.0,0.0,16800.0,16800.0,1.0,1.0,1.0,0.0,293.0,17.0,276.0,0.0,15.0,10.0,17.5,160.0
7,July,s222,fifo,2,2,2,6,8400,663,7737,0.0789,1.0,1.0,1.0,6.471095238095238,9.383333333333333,0.0,0.0,0.0,16800.0,16800.0,,,,,,,,,15.0,10.0,17.5,160.0
7,July,s222,urgent_first,2,2,2,6,8400,663,7737,0.0789,1.0,1.0,1.0,6.469753968253968,9.316666666666666,0.0,0.0,0.0,16800.0,16800.0,,,,,,,,,15.0,10.0,17.5,160.0
7,July,s222,rl3_dqn,2,2,2,6,8400,663,7737,0.0789,1.0,1.0,1.0,6.469196428571428,9.416666666666666,0.0,0.0,0.0,16800.0,16800.0,1.0,1.0,1.0,1.0,108.0,97.0,8.0,3.0,15.0,10.0,17.5,160.0
7,July,s321,fifo,3,2,1,6,8400,663,7737,0.0789,1.0,1.0,1.0,6.462619047619048,9.2,0.0,0.0,0.0,16800.0,16800.0,,,,,,,,,15.0,10.0,17.5,160.0
7,July,s321,urgent_first,3,2,1,6,8400,663,7737,0.0789,1.0,1.0,1.0,6.465682539682541,9.183333333333334,0.0,0.0,0.0,16800.0,16800.0,,,,,,,,,15.0,10.0,17.5,160.0
7,July,s321,rl3_dqn,3,2,1,6,8400,663,7737,0.0789,1.0,1.0,1.0,6.453505952380952,9.2,0.0,0.0,0.0,16800.0,16800.0,1.0,1.0,1.0,1.0,116.0,19.0,31.0,66.0,15.0,10.0,17.5,160.0
7,July,s322,fifo,3,2,2,7,8400,663,7737,0.0789,1.0,1.0,1.0,6.152373015873016,8.816666666666666,0.0,0.0,0.0,19600.0,19600.0,,,,,,,,,15.0,10.0,17.5,160.0
7,July,s322,urgent_first,3,2,2,7,8400,663,7737,0.0789,1.0,1.0,1.0,6.154642857142857,8.816666666666666,0.0,0.0,0.0,19600.0,19600.0,,,,,,,,,15.0,10.0,17.5,160.0
7,July,s322,rl3_dqn,3,2,2,7,8400,663,7737,0.0789,1.0,1.0,1.0,6.143700396825397,8.76833333333334,0.0,0.0,0.0,19600.0,19600.0,1.0,1.0,1.0,1.0,57.0,19.0,33.0,5.0,15.0,10.0,17.5,160.0
7,July,s331,fifo,3,3,1,7,8400,663,7737,0.0789,1.0,1.0,1.0,6.42003373015873,9.166666666666666,0.0,0.0,0.0,19600.0,19600.0,,,,,,,,,15.0,10.0,17.5,160.0
7,July,s331,urgent_first,3,3,1,7,8400,663,7737,0.0789,1.0,1.0,1.0,6.420438492063492,9.15,0.0,0.0,0.0,19600.0,19600.0,,,,,,,,,15.0,10.0,17.5,160.0
7,July,s331,rl3_dqn,3,3,1,7,8400,663,7737,0.0789,1.0,1.0,1.0,6.421347222222222,9.1,0.0,0.0,0.0,19600.0,19600.0,1.0,1.0,1.0,1.0,116.0,18.0,4.0,94.0,15.0,10.0,17.5,160.0
7,July,s332,fifo,3,3,2,8,8400,663,7737,0.0789,1.0,1.0,1.0,6.068837301587301,8.65,0.0,0.0,0.0,22400.0,22400.0,,,,,,,,,15.0,10.0,17.5,160.0
7,July,s332,urgent_first,3,3,2,8,8400,663,7737,0.0789,1.0,1.0,1.0,6.070672619047619,8.65,0.0,0.0,0.0,22400.0,22400.0,,,,,,,,,15.0,10.0,17.5,160.0
7,July,s332,rl3_dqn,3,3,2,8,8400,663,7737,0.0789,1.0,1.0,1.0,6.06015873015873,8.6,0.0,0.0,0.0,22400.0,22400.0,1.0,1.0,1.0,1.0,25.0,18.0,3.0,4.0,15.0,10.0,17.5,160.0
7,July,s432,fifo,4,3,2,9,8400,663,7737,0.0789,1.0,1.0,1.0,6.016892857142857,8.566666666666666,0.0,0.0,0.0,25200.0,25200.0,,,,,,,,,15.0,10.0,17.5,160.0
7,July,s432,urgent_first,4,3,2,9,8400,663,7737,0.0789,1.0,1.0,1.0,6.017688492063493,8.566666666666666,0.0,0.0,0.0,25200.0,25200.0,,,,,,,,,15.0,10.0,17.5,160.0
7,July,s432,rl3_dqn,4,3,2,9,8400,663,7737,0.0789,1.0,1.0,1.0,6.0111349206349205,8.516666666666667,0.0,0.0,0.0,25200.0,25200.0,1.0,1.0,1.0,1.0,11.0,5.0,1.0,5.0,15.0,10.0,17.5,160.0
8,August,s111,fifo,1,1,1,3,8400,683,7717,0.0813,1.0,1.0,1.0,20.085751984126983,42.516666666666666,0.0,0.0,0.0,8400.0,8400.0,,,,,,,,,15.0,10.0,17.5,160.0
8,August,s111,urgent_first,1,1,1,3,8400,683,7717,0.0813,1.0,1.0,1.0,20.759746031746037,29.990000000000027,0.0,0.0,0.0,8400.0,8400.0,,,,,,,,,15.0,10.0,17.5,160.0
8,August,s111,rl3_dqn,1,1,1,3,8400,683,7717,0.0813,1.0,1.0,1.0,20.24473015873016,45.55166666666667,0.0,0.0,0.0,8400.0,8400.0,1.0,1.0,1.0,0.0,544.0,506.0,38.0,0.0,15.0,10.0,17.5,160.0
8,August,s211,fifo,2,1,1,4,8400,683,7717,0.0813,1.0,1.0,1.0,8.311392857142856,13.25,0.0,0.0,0.0,11200.0,11200.0,,,,,,,,,15.0,10.0,17.5,160.0
8,August,s211,urgent_first,2,1,1,4,8400,683,7717,0.0813,1.0,1.0,1.0,8.339055555555555,12.716666666666669,0.0,0.0,0.0,11200.0,11200.0,,,,,,,,,15.0,10.0,17.5,160.0
8,August,s211,rl3_dqn,2,1,1,4,8400,683,7717,0.0813,1.0,1.0,1.0,8.367011904761906,13.483333333333333,0.0,0.0,0.0,11200.0,11200.0,1.0,1.0,1.0,0.0,345.0,86.0,259.0,0.0,15.0,10.0,17.5,160.0
8,August,s121,fifo,1,2,1,4,8400,683,7717,0.0813,1.0,1.0,1.0,19.79573015873016,42.30333333333334,0.0,0.0,0.0,11200.0,11200.0,,,,,,,,,15.0,10.0,17.5,160.0
8,August,s121,urgent_first,1,2,1,4,8400,683,7717,0.0813,1.0,1.0,1.0,20.642611111111112,29.851666666666677,0.0,0.0,0.0,11200.0,11200.0,,,,,,,,,15.0,10.0,17.5,160.0
8,August,s121,rl3_dqn,1,2,1,4,8400,683,7717,0.0813,1.0,1.0,1.0,19.620626984126982,43.25,0.0,0.0,0.0,11200.0,11200.0,1.0,1.0,0.0,1.0,512.0,502.0,0.0,10.0,15.0,10.0,17.5,160.0
8,August,s112,fifo,1,1,2,4,8400,683,7717,0.0813,1.0,1.0,1.0,20.022869047619047,42.5,0.0,0.0,0.0,11200.0,11200.0,,,,,,,,,15.0,10.0,17.5,160.0
8,August,s112,urgent_first,1,1,2,4,8400,683,7717,0.0813,1.0,1.0,1.0,20.80109325396825,30.33333333333333,0.0,0.0,0.0,11200.0,11200.0,,,,,,,,,15.0,10.0,17.5,160.0
8,August,s112,rl3_dqn,1,1,2,4,8400,683,7717,0.0813,1.0,1.0,1.0,20.22362896825397,45.40333333333334,0.0,0.0,0.0,11200.0,11200.0,1.0,1.0,1.0,0.0,543.0,506.0,37.0,0.0,15.0,10.0,17.5,160.0
8,August,s221,fifo,2,2,1,5,8400,683,7717,0.0813,1.0,1.0,1.0,6.767605158730158,9.833333333333334,0.0,0.0,0.0,14000.0,14000.0,,,,,,,,,15.0,10.0,17.5,160.0
8,August,s221,urgent_first,2,2,1,5,8400,683,7717,0.0813,1.0,1.0,1.0,6.7750853174603165,9.833333333333334,0.0,0.0,0.0,14000.0,14000.0,,,,,,,,,15.0,10.0,17.5,160.0
8,August,s221,rl3_dqn,2,2,1,5,8400,683,7717,0.0813,1.0,1.0,1.0,6.778779761904762,9.85,0.0,0.0,0.0,14000.0,14000.0,1.0,1.0,1.0,1.0,145.0,86.0,11.0,48.0,15.0,10.0,17.5,160.0
8,August,s212,fifo,2,1,2,5,8400,683,7717,0.0813,1.0,1.0,1.0,8.305865079365079,13.316666666666666,0.0,0.0,0.0,14000.0,14000.0,,,,,,,,,15.0,10.0,17.5,160.0
8,August,s212,urgent_first,2,1,2,5,8400,683,7717,0.0813,1.0,1.0,1.0,8.324313492063492,12.701666666666672,0.0,0.0,0.0,14000.0,14000.0,,,,,,,,,15.0,10.0,17.5,160.0
8,August,s212,rl3_dqn,2,1,2,5,8400,683,7717,0.0813,1.0,1.0,1.0,8.344275793650795,13.466666666666669,0.0,0.0,0.0,14000.0,14000.0,1.0,1.0,1.0,0.0,347.0,85.0,262.0,0.0,15.0,10.0,17.5,160.0
8,August,s122,fifo,1,2,2,5,8400,683,7717,0.0813,1.0,1.0,1.0,19.679375,42.65,0.0,0.0,0.0,14000.0,14000.0,,,,,,,,,15.0,10.0,17.5,160.0
8,August,s122,urgent_first,1,2,2,5,8400,683,7717,0.0813,1.0,1.0,1.0,20.27649603174603,29.018333333333334,0.0,0.0,0.0,14000.0,14000.0,,,,,,,,,15.0,10.0,17.5,160.0
8,August,s122,rl3_dqn,1,2,2,5,8400,683,7717,0.0813,1.0,1.0,1.0,19.576071428571428,43.40166666666667,0.0,0.0,0.0,14000.0,14000.0,1.0,1.0,0.0,0.0,500.0,500.0,0.0,0.0,15.0,10.0,17.5,160.0
8,August,s311,fifo,3,1,1,5,8400,683,7717,0.0813,1.0,1.0,1.0,8.185257936507936,13.05,0.0,0.0,0.0,14000.0,14000.0,,,,,,,,,15.0,10.0,17.5,160.0
8,August,s311,urgent_first,3,1,1,5,8400,683,7717,0.0813,1.0,1.0,1.0,8.217658730158732,12.433333333333334,0.0,0.0,0.0,14000.0,14000.0,,,,,,,,,15.0,10.0,17.5,160.0
8,August,s311,rl3_dqn,3,1,1,5,8400,683,7717,0.0813,1.0,1.0,1.0,8.17778373015873,13.016666666666667,0.0,0.0,0.0,14000.0,14000.0,1.0,1.0,1.0,0.0,301.0,15.0,286.0,0.0,15.0,10.0,17.5,160.0
8,August,s231,fifo,2,3,1,6,8400,683,7717,0.0813,1.0,1.0,1.0,6.747404761904763,9.81833333333334,0.0,0.0,0.0,16800.0,16800.0,,,,,,,,,15.0,10.0,17.5,160.0
8,August,s231,urgent_first,2,3,1,6,8400,683,7717,0.0813,1.0,1.0,1.0,6.752484126984127,9.785000000000004,0.0,0.0,0.0,16800.0,16800.0,,,,,,,,,15.0,10.0,17.5,160.0
8,August,s231,rl3_dqn,2,3,1,6,8400,683,7717,0.0813,1.0,1.0,1.0,6.749244047619047,9.785000000000004,0.0,0.0,0.0,16800.0,16800.0,1.0,1.0,1.0,1.0,159.0,86.0,2.0,71.0,15.0,10.0,17.5,160.0
8,August,s312,fifo,3,1,2,6,8400,683,7717,0.0813,1.0,1.0,1.0,8.168573412698413,12.983333333333333,0.0,0.0,0.0,16800.0,16800.0,,,,,,,,,15.0,10.0,17.5,160.0
8,August,s312,urgent_first,3,1,2,6,8400,683,7717,0.0813,1.0,1.0,1.0,8.188275793650794,12.383333333333333,0.0,0.0,0.0,16800.0,16800.0,,,,,,,,,15.0,10.0,17.5,160.0
8,August,s312,rl3_dqn,3,1,2,6,8400,683,7717,0.0813,1.0,1.0,1.0,8.167295634920634,13.016666666666667,0.0,0.0,0.0,16800.0,16800.0,1.0,1.0,1.0,0.0,303.0,15.0,288.0,0.0,15.0,10.0,17.5,160.0
8,August,s222,fifo,2,2,2,6,8400,683,7717,0.0813,1.0,1.0,1.0,6.4762876984126985,9.333333333333334,0.0,0.0,0.0,16800.0,16800.0,,,,,,,,,15.0,10.0,17.5,160.0
8,August,s222,urgent_first,2,2,2,6,8400,683,7717,0.0813,1.0,1.0,1.0,6.479680555555555,9.351666666666672,0.0,0.0,0.0,16800.0,16800.0,,,,,,,,,15.0,10.0,17.5,160.0
8,August,s222,rl3_dqn,2,2,2,6,8400,683,7717,0.0813,1.0,1.0,1.0,6.471642857142857,9.4,0.0,0.0,0.0,16800.0,16800.0,1.0,1.0,1.0,1.0,104.0,88.0,12.0,4.0,15.0,10.0,17.5,160.0
8,August,s321,fifo,3,2,1,6,8400,683,7717,0.0813,1.0,1.0,1.0,6.4930595238095234,9.283333333333331,0.0,0.0,0.0,16800.0,16800.0,,,,,,,,,15.0,10.0,17.5,160.0
8,August,s321,urgent_first,3,2,1,6,8400,683,7717,0.0813,1.0,1.0,1.0,6.498128968253967,9.316666666666666,0.0,0.0,0.0,16800.0,16800.0,,,,,,,,,15.0,10.0,17.5,160.0
8,August,s321,rl3_dqn,3,2,1,6,8400,683,7717,0.0813,1.0,1.0,1.0,6.489978174603174,9.283333333333331,0.0,0.0,0.0,16800.0,16800.0,1.0,1.0,1.0,1.0,104.0,16.0,34.0,54.0,15.0,10.0,17.5,160.0
8,August,s322,fifo,3,2,2,7,8400,683,7717,0.0813,1.0,1.0,1.0,6.182517857142857,8.833333333333334,0.0,0.0,0.0,19600.0,19600.0,,,,,,,,,15.0,10.0,17.5,160.0
8,August,s322,urgent_first,3,2,2,7,8400,683,7717,0.0813,1.0,1.0,1.0,6.182728174603176,8.833333333333334,0.0,0.0,0.0,19600.0,19600.0,,,,,,,,,15.0,10.0,17.5,160.0
8,August,s322,rl3_dqn,3,2,2,7,8400,683,7717,0.0813,1.0,1.0,1.0,6.167964285714285,8.833333333333334,0.0,0.0,0.0,19600.0,19600.0,1.0,1.0,1.0,1.0,56.0,17.0,37.0,2.0,15.0,10.0,17.5,160.0
8,August,s331,fifo,3,3,1,7,8400,683,7717,0.0813,1.0,1.0,1.0,6.456343253968254,9.2,0.0,0.0,0.0,19600.0,19600.0,,,,,,,,,15.0,10.0,17.5,160.0
8,August,s331,urgent_first,3,3,1,7,8400,683,7717,0.0813,1.0,1.0,1.0,6.4608888888888885,9.2,0.0,0.0,0.0,19600.0,19600.0,,,,,,,,,15.0,10.0,17.5,160.0
8,August,s331,rl3_dqn,3,3,1,7,8400,683,7717,0.0813,1.0,1.0,1.0,6.448730158730159,9.25,0.0,0.0,0.0,19600.0,19600.0,1.0,1.0,1.0,1.0,119.0,16.0,9.0,94.0,15.0,10.0,17.5,160.0
8,August,s332,fifo,3,3,2,8,8400,683,7717,0.0813,1.0,1.0,1.0,6.087654761904762,8.716666666666667,0.0,0.0,0.0,22400.0,22400.0,,,,,,,,,15.0,10.0,17.5,160.0
8,August,s332,urgent_first,3,3,2,8,8400,683,7717,0.0813,1.0,1.0,1.0,6.087744047619048,8.716666666666667,0.0,0.0,0.0,22400.0,22400.0,,,,,,,,,15.0,10.0,17.5,160.0
8,August,s332,rl3_dqn,3,3,2,8,8400,683,7717,0.0813,1.0,1.0,1.0,6.078827380952381,8.716666666666667,0.0,0.0,0.0,22400.0,22400.0,1.0,1.0,1.0,1.0,36.0,17.0,8.0,11.0,15.0,10.0,17.5,160.0
8,August,s432,fifo,4,3,2,9,8400,683,7717,0.0813,1.0,1.0,1.0,6.047013888888888,8.65,0.0,0.0,0.0,25200.0,25200.0,,,,,,,,,15.0,10.0,17.5,160.0
8,August,s432,urgent_first,4,3,2,9,8400,683,7717,0.0813,1.0,1.0,1.0,6.047154761904761,8.65,0.0,0.0,0.0,25200.0,25200.0,,,,,,,,,15.0,10.0,17.5,160.0
8,August,s432,rl3_dqn,4,3,2,9,8400,683,7717,0.0813,1.0,1.0,1.0,6.036367063492064,8.65,0.0,0.0,0.0,25200.0,25200.0,1.0,1.0,1.0,1.0,25.0,5.0,9.0,11.0,15.0,10.0,17.5,160.0
9,September,s111,fifo,1,1,1,3,16800,2055,14745,0.1223,0.0732142857142857,0.0068126520681265,0.0824686334350627,8437.525875992063,15016.15,2041.0,13529.0,165905.0,8400.0,174305.0,,,,,,,,,15.0,10.0,17.5,160.0
9,September,s111,urgent_first,1,1,1,3,16800,2055,14745,0.1223,0.6633333333333333,1.0,0.6164123431671753,8413.413233134921,32974.8,0.0,5656.0,56560.0,8400.0,64960.0,,,,,,,,,15.0,10.0,17.5,160.0
9,September,s111,rl3_dqn,1,1,1,3,16800,2055,14745,0.1223,0.1763690476190476,1.0,0.0615801966768396,8530.610288690475,15678.823333333334,0.0,13837.0,138370.0,8400.0,146770.0,0.90995670995671,0.9100974313551816,0.903846153846154,0.0,2310.0,2258.0,52.0,0.0,15.0,10.0,17.5,160.0
9,September,s211,fifo,2,1,1,4,16800,2055,14745,0.1223,0.9485714285714286,0.5795620437956205,1.0,196.8898878968254,357.5783333333334,864.0,0.0,12960.0,11200.0,24160.0,,,,,,,,,15.0,10.0,17.5,160.0
9,September,s211,urgent_first,2,1,1,4,16800,2055,14745,0.1223,1.0,1.0,1.0,201.2990992063492,660.9116666666666,0.0,0.0,0.0,11200.0,11200.0,,,,,,,,,15.0,10.0,17.5,160.0
9,September,s211,rl3_dqn,2,1,1,4,16800,2055,14745,0.1223,1.0,1.0,1.0,202.44147123015875,384.1183333333333,0.0,0.0,0.0,11200.0,11200.0,1.0,1.0,1.0,0.0,3818.0,1895.0,1923.0,0.0,15.0,10.0,17.5,160.0
9,September,s121,fifo,1,2,1,4,16800,2055,14745,0.1223,0.0735714285714285,0.0068126520681265,0.0828755510342489,8403.073590277778,14958.675,2041.0,13523.0,165845.0,11200.0,177045.0,,,,,,,,,15.0,10.0,17.5,160.0
9,September,s121,urgent_first,1,2,1,4,16800,2055,14745,0.1223,0.6635119047619048,1.0,0.6166158019667684,8427.241096230158,33023.92,0.0,5653.0,56530.0,11200.0,67730.0,,,,,,,,,15.0,10.0,17.5,160.0
9,September,s121,rl3_dqn,1,2,1,4,16800,2055,14745,0.1223,0.1771428571428571,1.0,0.0624618514750763,8512.023528769842,15643.466666666667,0.0,13824.0,138240.0,11200.0,149440.0,0.9074482150727192,0.9113082039911308,0.0,0.2857142857142857,2269.0,2255.0,0.0,14.0,15.0,10.0,17.5,160.0
9,September,s112,fifo,1,1,2,4,16800,2055,14745,0.1223,0.0732142857142857,0.0068126520681265,0.0824686334350627,8434.540703373015,15008.833333333334,2041.0,13529.0,165905.0,11200.0,177105.0,,,,,,,,,15.0,10.0,17.5,160.0
9,September,s112,urgent_first,1,1,2,4,16800,2055,14745,0.1223,0.6635714285714286,1.0,0.6166836215666328,8489.147112103175,33217.87666666667,0.0,5652.0,56520.0,11200.0,67720.0,,,,,,,,,15.0,10.0,17.5,160.0
9,September,s112,rl3_dqn,1,1,2,4,16800,2055,14745,0.1223,0.1763690476190476,1.0,0.0615801966768396,8562.744805555556,15703.258333333331,0.0,13837.0,138370.0,11200.0,149570.0,0.9101511879049676,0.9105006645990252,0.896551724137931,0.0,2315.0,2257.0,58.0,0.0,15.0,10.0,17.5,160.0
9,September,s221,fifo,2,2,1,5,16800,2055,14745,0.1223,0.9996428571428572,0.997080291970803,1.0,89.45589880952382,167.85166666666666,6.0,0.0,90.0,14000.0,14090.0,,,,,,,,,15.0,10.0,17.5,160.0
9,September,s221,urgent_first,2,2,1,5,16800,2055,14745,0.1223,1.0,1.0,1.0,89.93628472222221,336.51500000000004,0.0,0.0,0.0,14000.0,14000.0,,,,,,,,,15.0,10.0,17.5,160.0
9,September,s221,rl3_dqn,2,2,1,5,16800,2055,14745,0.1223,1.0,1.0,1.0,90.80347123015872,187.92,0.0,0.0,0.0,14000.0,14000.0,1.0,1.0,1.0,1.0,2241.0,1893.0,67.0,281.0,15.0,10.0,17.5,160.0
9,September,s212,fifo,2,1,2,5,16800,2055,14745,0.1223,0.9488690476190476,0.5819951338199514,1.0,196.20453273809525,357.67,859.0,0.0,12885.0,14000.0,26885.0,,,,,,,,,15.0,10.0,17.5,160.0
9,September,s212,urgent_first,2,1,2,5,16800,2055,14745,0.1223,1.0,1.0,1.0,201.11515376984124,665.8833333333333,0.0,0.0,0.0,14000.0,14000.0,,,,,,,,,15.0,10.0,17.5,160.0
9,September,s212,rl3_dqn,2,1,2,5,16800,2055,14745,0.1223,1.0,1.0,1.0,201.74939285714285,382.9033333333333,0.0,0.0,0.0,14000.0,14000.0,1.0,1.0,1.0,0.0,3822.0,1895.0,1927.0,0.0,15.0,10.0,17.5,160.0
9,September,s122,fifo,1,2,2,5,16800,2055,14745,0.1223,0.0738690476190476,0.0068126520681265,0.0832146490335707,8399.27925595238,14951.053333333335,2041.0,13518.0,165795.0,14000.0,179795.0,,,,,,,,,15.0,10.0,17.5,160.0
9,September,s122,urgent_first,1,2,2,5,16800,2055,14745,0.1223,0.6639285714285714,1.0,0.6170905391658189,8424.59346230159,33155.405,0.0,5646.0,56460.0,14000.0,70460.0,,,,,,,,,15.0,10.0,17.5,160.0
9,September,s122,rl3_dqn,1,2,2,5,16800,2055,14745,0.1223,0.1770238095238095,1.0,0.0623262122753475,8565.514774801588,15715.465,0.0,13826.0,138260.0,14000.0,152260.0,0.910904255319149,0.9117125110913932,0.0,0.0,2256.0,2254.0,0.0,2.0,15.0,10.0,17.5,160.0
9,September,s311,fifo,3,1,1,5,16800,2055,14745,0.1223,0.9495238095238095,0.5873479318734793,1.0,194.78768948412696,357.23833333333334,848.0,0.0,12720.0,14000.0,26720.0,,,,,,,,,15.0,10.0,17.5,160.0
9,September,s311,urgent_first,3,1,1,5,16800,2055,14745,0.1223,1.0,1.0,1.0,199.5065228174603,736.7683333333333,0.0,0.0,0.0,14000.0,14000.0,,,,,,,,,15.0,10.0,17.5,160.0
9,September,s311,rl3_dqn,3,1,1,5,16800,2055,14745,0.1223,1.0,1.0,1.0,202.33811607142852,384.8683333333333,0.0,0.0,0.0,14000.0,14000.0,1.0,1.0,1.0,0.0,2976.0,1040.0,1936.0,0.0,15.0,10.0,17.5,160.0
9,September,s231,fifo,2,3,1,6,16800,2055,14745,0.1223,0.9995833333333334,0.9965936739659368,1.0,89.63601785714286,167.45166666666665,7.0,0.0,105.0,16800.0,16905.0,,,,,,,,,15.0,10.0,17.5,160.0
9,September,s231,urgent_first,2,3,1,6,16800,2055,14745,0.1223,1.0,1.0,1.0,90.2673878968254,338.54833333333346,0.0,0.0,0.0,16800.0,16800.0,,,,,,,,,15.0,10.0,17.5,160.0
9,September,s231,rl3_dqn,2,3,1,6,16800,2055,14745,0.1223,1.0,1.0,1.0,91.40990873015872,188.235,0.0,0.0,0.0,16800.0,16800.0,1.0,1.0,1.0,1.0,2322.0,1892.0,4.0,426.0,15.0,10.0,17.5,160.0
9,September,s312,fifo,3,1,2,6,16800,2055,14745,0.1223,0.9491071428571428,0.583941605839416,1.0,196.13545734126984,358.2183333333333,855.0,0.0,12825.0,16800.0,29625.0,,,,,,,,,15.0,10.0,17.5,160.0
9,September,s312,urgent_first,3,1,2,6,16800,2055,14745,0.1223,1.0,1.0,1.0,198.72693849206348,736.875,0.0,0.0,0.0,16800.0,16800.0,,,,,,,,,15.0,10.0,17.5,160.0
9,September,s312,rl3_dqn,3,1,2,6,16800,2055,14745,0.1223,1.0,1.0,1.0,201.8669375,384.485,0.0,0.0,0.0,16800.0,16800.0,1.0,1.0,1.0,0.0,2981.0,1044.0,1937.0,0.0,15.0,10.0,17.5,160.0
9,September,s222,fifo,2,2,2,6,16800,2055,14745,0.1223,0.999404761904762,0.9951338199513382,1.0,89.18871329365079,167.75833333333335,10.0,0.0,150.0,16800.0,16950.0,,,,,,,,,15.0,10.0,17.5,160.0
9,September,s222,urgent_first,2,2,2,6,16800,2055,14745,0.1223,1.0,1.0,1.0,90.96182043650794,346.35500000000013,0.0,0.0,0.0,16800.0,16800.0,,,,,,,,,15.0,10.0,17.5,160.0
9,September,s222,rl3_dqn,2,2,2,6,16800,2055,14745,0.1223,1.0,1.0,1.0,90.27246031746031,186.2,0.0,0.0,0.0,16800.0,16800.0,1.0,1.0,1.0,1.0,1985.0,1893.0,85.0,7.0,15.0,10.0,17.5,160.0
9,September,s321,fifo,3,2,1,6,16800,2055,14745,0.1223,1.0,1.0,1.0,12.782257936507936,21.98333333333333,0.0,0.0,0.0,16800.0,16800.0,,,,,,,,,15.0,10.0,17.5,160.0
9,September,s321,urgent_first,3,2,1,6,16800,2055,14745,0.1223,1.0,1.0,1.0,12.79312003968254,19.75,0.0,0.0,0.0,16800.0,16800.0,,,,,,,,,15.0,10.0,17.5,160.0
9,September,s321,rl3_dqn,3,2,1,6,16800,2055,14745,0.1223,1.0,1.0,1.0,12.907959325396826,23.085000000000004,0.0,0.0,0.0,16800.0,16800.0,1.0,1.0,1.0,1.0,2676.0,1059.0,613.0,1004.0,15.0,10.0,17.5,160.0
9,September,s322,fifo,3,2,2,7,16800,2055,14745,0.1223,1.0,1.0,1.0,10.58304365079365,17.633333333333333,0.0,0.0,0.0,19600.0,19600.0,,,,,,,,,15.0,10.0,17.5,160.0
9,September,s322,urgent_first,3,2,2,7,16800,2055,14745,0.1223,1.0,1.0,1.0,10.638671626984127,16.033333333333335,0.0,0.0,0.0,19600.0,19600.0,,,,,,,,,15.0,10.0,17.5,160.0
9,September,s322,rl3_dqn,3,2,2,7,16800,2055,14745,0.1223,1.0,1.0,1.0,10.605911706349206,18.016666666666666,0.0,0.0,0.0,19600.0,19600.0,1.0,1.0,1.0,1.0,1661.0,1065.0,585.0,11.0,15.0,10.0,17.5,160.0
9,September,s331,fifo,3,3,1,7,16800,2055,14745,0.1223,1.0,1.0,1.0,12.43545634920635,21.23333333333333,0.0,0.0,0.0,19600.0,19600.0,,,,,,,,,15.0,10.0,17.5,160.0
9,September,s331,urgent_first,3,3,1,7,16800,2055,14745,0.1223,1.0,1.0,1.0,12.502554563492064,19.33333333333333,0.0,0.0,0.0,19600.0,19600.0,,,,,,,,,15.0,10.0,17.5,160.0
9,September,s331,rl3_dqn,3,3,1,7,16800,2055,14745,0.1223,1.0,1.0,1.0,12.556277777777778,22.25,0.0,0.0,0.0,19600.0,19600.0,1.0,1.0,1.0,1.0,2287.0,1051.0,60.0,1176.0,15.0,10.0,17.5,160.0
9,September,s332,fifo,3,3,2,8,16800,2055,14745,0.1223,1.0,1.0,1.0,9.911054563492064,16.566666666666666,0.0,0.0,0.0,22400.0,22400.0,,,,,,,,,15.0,10.0,17.5,160.0
9,September,s332,urgent_first,3,3,2,8,16800,2055,14745,0.1223,1.0,1.0,1.0,9.955850198412698,14.9,0.0,0.0,0.0,22400.0,22400.0,,,,,,,,,15.0,10.0,17.5,160.0
9,September,s332,rl3_dqn,3,3,2,8,16800,2055,14745,0.1223,1.0,1.0,1.0,9.913308531746033,16.65,0.0,0.0,0.0,22400.0,22400.0,1.0,1.0,1.0,1.0,1135.0,1043.0,57.0,35.0,15.0,10.0,17.5,160.0
9,September,s432,fifo,4,3,2,9,16800,2055,14745,0.1223,1.0,1.0,1.0,7.6421150793650785,11.333333333333334,0.0,0.0,0.0,25200.0,25200.0,,,,,,,,,15.0,10.0,17.5,160.0
9,September,s432,urgent_first,4,3,2,9,16800,2055,14745,0.1223,1.0,1.0,1.0,7.6421994047619055,11.316666666666666,0.0,0.0,0.0,25200.0,25200.0,,,,,,,,,15.0,10.0,17.5,160.0
9,September,s432,rl3_dqn,4,3,2,9,16800,2055,14745,0.1223,1.0,1.0,1.0,7.649554563492063,11.433333333333334,0.0,0.0,0.0,25200.0,25200.0,1.0,1.0,1.0,1.0,610.0,393.0,166.0,51.0,15.0,10.0,17.5,160.0
10,October,s111,fifo,1,1,1,3,20400,3097,17303,0.1518,0.0387745098039215,0.0032289312237649,0.0451366815003178,14488.61032761438,25983.55833333333,3087.0,16522.0,211525.0,8400.0,219925.0,,,,,,,,,15.0,10.0,17.5,160.0
10,October,s111,urgent_first,1,1,1,3,20400,3097,17303,0.1518,0.5511764705882353,1.0,0.4708432063803964,14662.784194444444,49177.33333333334,0.0,9156.0,91560.0,8400.0,99960.0,,,,,,,,,15.0,10.0,17.5,160.0
10,October,s111,rl3_dqn,1,1,1,3,20400,3097,17303,0.1518,0.1755882352941176,1.0,0.0280298214182511,14696.410401143788,26762.67000000001,0.0,16818.0,168180.0,8400.0,176580.0,0.9859987554449284,0.9866156787762906,0.9605263157894736,0.0,3214.0,3138.0,76.0,0.0,15.0,10.0,17.5,160.0
10,October,s211,fifo,2,1,1,4,20400,3097,17303,0.1518,0.8159803921568628,0.0813690668388763,0.9474657573831128,817.4954942810457,1342.1416666666669,2845.0,909.0,51765.0,11200.0,62965.0,,,,,,,,,15.0,10.0,17.5,160.0
10,October,s211,urgent_first,2,1,1,4,20400,3097,17303,0.1518,0.9149019607843136,1.0,0.8996705773565278,818.7306356209151,1226.0850000000014,0.0,1736.0,17360.0,11200.0,28560.0,,,,,,,,,15.0,10.0,17.5,160.0
10,October,s211,rl3_dqn,2,1,1,4,20400,3097,17303,0.1518,0.8496078431372549,1.0,0.8226897069872277,810.7452140522876,1569.5166666666669,0.0,3068.0,30680.0,11200.0,41880.0,0.8317873459781254,0.9257849666983824,0.758968058968059,0.0,7223.0,3153.0,4070.0,0.0,15.0,10.0,17.5,160.0
10,October,s121,fifo,1,2,1,4,20400,3097,17303,0.1518,0.0387745098039215,0.0032289312237649,0.0451366815003178,14519.424930555557,26040.76166666667,3087.0,16522.0,211525.0,11200.0,222725.0,,,,,,,,,15.0,10.0,17.5,160.0
10,October,s121,urgent_first,1,2,1,4,20400,3097,17303,0.1518,0.5516176470588235,1.0,0.4713633473964052,14632.829954248366,49121.73,0.0,9147.0,91470.0,11200.0,102670.0,,,,,,,,,15.0,10.0,17.5,160.0
10,October,s121,rl3_dqn,1,2,1,4,20400,3097,17303,0.1518,0.1754901960784313,1.0,0.0279142345258047,14691.587873366014,26779.148333333334,0.0,16820.0,168200.0,11200.0,179400.0,0.981668773704172,0.9869301880777812,0.0,0.3703703703703703,3164.0,3137.0,0.0,27.0,15.0,10.0,17.5,160.0
10,October,s112,fifo,1,1,2,4,20400,3097,17303,0.1518,0.0387745098039215,0.0032289312237649,0.0451366815003178,14487.26796405229,25980.58666666667,3087.0,16522.0,211525.0,11200.0,222725.0,,,,,,,,,15.0,10.0,17.5,160.0
10,October,s112,urgent_first,1,1,2,4,20400,3097,17303,0.1518,0.55,1.0,0.4694561636710397,14603.901055555554,49080.27,0.0,9180.0,91800.0,11200.0,103000.0,,,,,,,,,15.0,10.0,17.5,160.0
10,October,s112,rl3_dqn,1,1,2,4,20400,3097,17303,0.1518,0.1752450980392156,1.0,0.0276252672946887,14725.000334150329,26809.136666666676,0.0,16825.0,168250.0,11200.0,179450.0,0.9875272840661052,0.9875598086124402,0.9861111111111112,0.0,3207.0,3135.0,72.0,0.0,15.0,10.0,17.5,160.0
10,October,s221,fifo,2,2,1,5,20400,3097,17303,0.1518,0.9551960784313726,0.7048756861478851,1.0,169.03131290849672,313.97166666666675,914.0,0.0,13710.0,14000.0,27710.0,,,,,,,,,15.0,10.0,17.5,160.0
10,October,s221,urgent_first,2,2,1,5,20400,3097,17303,0.1518,1.0,1.0,1.0,171.40335049019606,649.3416666666669,0.0,0.0,0.0,14000.0,14000.0,,,,,,,,,15.0,10.0,17.5,160.0
10,October,s221,rl3_dqn,2,2,1,5,20400,3097,17303,0.1518,1.0,1.0,1.0,170.37535702614375,337.7683333333334,0.0,0.0,0.0,14000.0,14000.0,0.9971461187214612,0.996584699453552,1.0,1.0,3504.0,2928.0,102.0,474.0,15.0,10.0,17.5,160.0
10,October,s212,fifo,2,1,2,5,20400,3097,17303,0.1518,0.8388235294117647,0.0855666774297707,0.9736461885222216,779.568512254902,1275.2016666666668,2832.0,456.0,47040.0,14000.0,61040.0,,,,,,,,,15.0,10.0,17.5,160.0
10,October,s212,urgent_first,2,1,2,5,20400,3097,17303,0.1518,0.9145098039215688,1.0,0.8992082297867422,817.6507998366013,1238.6916666666668,0.0,1744.0,17440.0,14000.0,31440.0,,,,,,,,,15.0,10.0,17.5,160.0
10,October,s212,rl3_dqn,2,1,2,5,20400,3097,17303,0.1518,0.8513725490196078,1.0,0.8247702710512628,822.7277385620915,1562.651666666667,0.0,3032.0,30320.0,14000.0,44320.0,0.8166621364501223,0.9205548549810844,0.7379359770664119,0.0,7358.0,3172.0,4186.0,0.0,15.0,10.0,17.5,160.0
10,October,s122,fifo,1,2,2,5,20400,3097,17303,0.1518,0.0387745098039215,0.0032289312237649,0.0451366815003178,14515.617569444445,26031.178333333333,3087.0,16522.0,211525.0,14000.0,225525.0,,,,,,,,,15.0,10.0,17.5,160.0
10,October,s122,urgent_first,1,2,2,5,20400,3097,17303,0.1518,0.5507352941176471,1.0,0.4703230653643876,14684.736820261438,49201.02000000001,0.0,9165.0,91650.0,14000.0,105650.0,,,,,,,,,15.0,10.0,17.5,160.0
10,October,s122,rl3_dqn,1,2,2,5,20400,3097,17303,0.1518,0.1754901960784313,1.0,0.0279142345258047,14691.071732843138,26778.511666666676,0.0,16820.0,168200.0,14000.0,182200.0,0.9856779121578612,0.9863013698630136,0.0,0.3333333333333333,3142.0,3139.0,0.0,3.0,15.0,10.0,17.5,160.0
10,October,s311,fifo,3,1,1,5,20400,3097,17303,0.1518,0.8392156862745098,0.0842751049402647,0.9743397098769,779.5237679738563,1277.5533333333333,2836.0,444.0,46980.0,14000.0,60980.0,,,,,,,,,15.0,10.0,17.5,160.0
10,October,s311,urgent_first,3,1,1,5,20400,3097,17303,0.1518,0.8904901960784314,1.0,0.870889441137375,811.8002091503267,1897.3133333333344,0.0,2234.0,22340.0,14000.0,36340.0,,,,,,,,,15.0,10.0,17.5,160.0
10,October,s311,rl3_dqn,3,1,1,5,20400,3097,17303,0.1518,0.8361764705882353,1.0,0.8068543027220714,827.0011486928105,1593.6950000000006,0.0,3342.0,33420.0,14000.0,47420.0,1.0,1.0,1.0,0.0,5481.0,2391.0,3090.0,0.0,15.0,10.0,17.5,160.0
10,October,s231,fifo,2,3,1,6,20400,3097,17303,0.1518,0.9556372549019608,0.7077817242492734,1.0,169.06314869281047,315.03333333333336,905.0,0.0,13575.0,16800.0,30375.0,,,,,,,,,15.0,10.0,17.5,160.0
10,October,s231,urgent_first,2,3,1,6,20400,3097,17303,0.1518,1.0,1.0,1.0,170.89269035947711,651.8483333333337,0.0,0.0,0.0,16800.0,16800.0,,,,,,,,,15.0,10.0,17.5,160.0
10,October,s231,rl3_dqn,2,3,1,6,20400,3097,17303,0.1518,1.0,1.0,1.0,170.31931535947712,338.31666666666666,0.0,0.0,0.0,16800.0,16800.0,0.9969308035714286,0.9969283276450512,1.0,0.9968944099378882,3584.0,2930.0,10.0,644.0,15.0,10.0,17.5,160.0
10,October,s312,fifo,3,1,2,6,20400,3097,17303,0.1518,0.8368627450980393,0.0845979980626412,0.9715078310119633,784.337533496732,1285.8566666666668,2835.0,493.0,47455.0,16800.0,64255.0,,,,,,,,,15.0,10.0,17.5,160.0
10,October,s312,urgent_first,3,1,2,6,20400,3097,17303,0.1518,0.8894607843137254,1.0,0.8696757787666879,820.6762834967319,1923.6683333333565,0.0,2255.0,22550.0,16800.0,39350.0,,,,,,,,,15.0,10.0,17.5,160.0
10,October,s312,rl3_dqn,3,1,2,6,20400,3097,17303,0.1518,0.841078431372549,1.0,0.8126336473443911,815.6058480392156,1592.5916666666667,0.0,3242.0,32420.0,16800.0,49220.0,1.0,1.0,1.0,0.0,5477.0,2387.0,3090.0,0.0,15.0,10.0,17.5,160.0
10,October,s222,fifo,2,2,2,6,20400,3097,17303,0.1518,0.955686274509804,0.70810461737165,1.0,168.46581454248368,312.76666666666665,904.0,0.0,13560.0,16800.0,30360.0,,,,,,,,,15.0,10.0,17.5,160.0
10,October,s222,urgent_first,2,2,2,6,20400,3097,17303,0.1518,1.0,1.0,1.0,171.302397875817,649.6083333333336,0.0,0.0,0.0,16800.0,16800.0,,,,,,,,,15.0,10.0,17.5,160.0
10,October,s222,rl3_dqn,2,2,2,6,20400,3097,17303,0.1518,1.0,1.0,1.0,170.01681209150328,337.68500000000006,0.0,0.0,0.0,16800.0,16800.0,0.9970588235294118,0.99692727893479,1.0,1.0,3060.0,2929.0,117.0,14.0,15.0,10.0,17.5,160.0
10,October,s321,fifo,3,2,1,6,20400,3097,17303,0.1518,1.0,1.0,1.0,31.96664950980392,62.333333333333336,0.0,0.0,0.0,16800.0,16800.0,,,,,,,,,15.0,10.0,17.5,160.0
10,October,s321,urgent_first,3,2,1,6,20400,3097,17303,0.1518,1.0,1.0,1.0,32.303432189542484,67.29500000000026,0.0,0.0,0.0,16800.0,16800.0,,,,,,,,,15.0,10.0,17.5,160.0
10,October,s321,rl3_dqn,3,2,1,6,20400,3097,17303,0.1518,1.0,1.0,1.0,32.48536111111111,70.33666666666673,0.0,0.0,0.0,16800.0,16800.0,1.0,1.0,1.0,1.0,6153.0,2396.0,1338.0,2419.0,15.0,10.0,17.5,160.0
10,October,s322,fifo,3,2,2,7,20400,3097,17303,0.1518,1.0,1.0,1.0,21.06467320261438,41.46666666666667,0.0,0.0,0.0,19600.0,19600.0,,,,,,,,,15.0,10.0,17.5,160.0
10,October,s322,urgent_first,3,2,2,7,20400,3097,17303,0.1518,1.0,1.0,1.0,21.370927287581697,31.75,0.0,0.0,0.0,19600.0,19600.0,,,,,,,,,15.0,10.0,17.5,160.0
10,October,s322,rl3_dqn,3,2,2,7,20400,3097,17303,0.1518,1.0,1.0,1.0,21.590375,45.53333333333333,0.0,0.0,0.0,19600.0,19600.0,1.0,1.0,1.0,1.0,3765.0,2395.0,1361.0,9.0,15.0,10.0,17.5,160.0
10,October,s331,fifo,3,3,1,7,20400,3097,17303,0.1518,1.0,1.0,1.0,31.486937091503265,61.88333333333333,0.0,0.0,0.0,19600.0,19600.0,,,,,,,,,15.0,10.0,17.5,160.0
10,October,s331,urgent_first,3,3,1,7,20400,3097,17303,0.1518,1.0,1.0,1.0,32.16366503267974,68.76666666666667,0.0,0.0,0.0,19600.0,19600.0,,,,,,,,,15.0,10.0,17.5,160.0
10,October,s331,rl3_dqn,3,3,1,7,20400,3097,17303,0.1518,1.0,1.0,1.0,32.26873284313725,70.61666666666666,0.0,0.0,0.0,19600.0,19600.0,1.0,1.0,1.0,1.0,5041.0,2376.0,114.0,2551.0,15.0,10.0,17.5,160.0
10,October,s332,fifo,3,3,2,8,20400,3097,17303,0.1518,1.0,1.0,1.0,20.103964869281043,40.71833333333337,0.0,0.0,0.0,22400.0,22400.0,,,,,,,,,15.0,10.0,17.5,160.0
10,October,s332,urgent_first,3,3,2,8,20400,3097,17303,0.1518,1.0,1.0,1.0,20.425639705882357,30.18666666666674,0.0,0.0,0.0,22400.0,22400.0,,,,,,,,,15.0,10.0,17.5,160.0
10,October,s332,rl3_dqn,3,3,2,8,20400,3097,17303,0.1518,1.0,1.0,1.0,20.39207598039216,44.40500000000011,0.0,0.0,0.0,22400.0,22400.0,1.0,1.0,1.0,1.0,2579.0,2378.0,91.0,110.0,15.0,10.0,17.5,160.0
10,October,s432,fifo,4,3,2,9,20400,3097,17303,0.1518,1.0,1.0,1.0,8.39424428104575,12.9,0.0,0.0,0.0,25200.0,25200.0,,,,,,,,,15.0,10.0,17.5,160.0
10,October,s432,urgent_first,4,3,2,9,20400,3097,17303,0.1518,1.0,1.0,1.0,8.426044934640524,12.583333333333334,0.0,0.0,0.0,25200.0,25200.0,,,,,,,,,15.0,10.0,17.5,160.0
10,October,s432,rl3_dqn,4,3,2,9,20400,3097,17303,0.1518,1.0,1.0,1.0,8.426159313725492,12.95,0.0,0.0,0.0,25200.0,25200.0,1.0,1.0,1.0,1.0,1479.0,1011.0,340.0,128.0,15.0,10.0,17.5,160.0
11,November,s111,fifo,1,1,1,3,33600,7481,26119,0.2226,0.0095535714285714,0.0021387515038096,0.0116773230215551,57047.25517361111,101404.96000000002,7465.0,25814.0,370115.0,8400.0,378515.0,,,,,,,,,15.0,10.0,17.5,160.0
11,November,s111,urgent_first,1,1,1,3,33600,7481,26119,0.2226,0.1802380952380952,0.6555273359176581,0.0441058233469887,58339.02769742063,126490.46333333332,2577.0,24967.0,288325.0,8400.0,296725.0,,,,,,,,,15.0,10.0,17.5,160.0
11,November,s111,rl3_dqn,1,1,1,3,33600,7481,26119,0.2226,0.0112797619047619,0.0118968052399411,0.0111030284467246,55709.11975892857,115126.64666666668,7392.0,25829.0,369170.0,8400.0,377570.0,0.0033228935910167,0.0033228935910167,0.0,0.0,26182.0,26182.0,0.0,0.0,15.0,10.0,17.5,160.0
11,November,s211,fifo,2,1,1,4,33600,7481,26119,0.2226,0.0185119047619047,0.0046785189145836,0.0224740610283701,21865.9257594246,38269.191666666666,7446.0,25532.0,367010.0,11200.0,378210.0,,,,,,,,,15.0,10.0,17.5,160.0
11,November,s211,urgent_first,2,1,1,4,33600,7481,26119,0.2226,0.3874107142857143,0.8450741879427884,0.2563268118993836,23013.74559871032,62508.55666666668,1159.0,19424.0,211625.0,11200.0,222825.0,,,,,,,,,15.0,10.0,17.5,160.0
11,November,s211,rl3_dqn,2,1,1,4,33600,7481,26119,0.2226,0.0215773809523809,0.0243282983558347,0.0207894636088671,20304.299082837304,52181.70333333333,7299.0,25576.0,365245.0,11200.0,376445.0,0.0130665139256819,0.0069727567155648,0.1077560686796921,0.0,27934.0,26245.0,1689.0,0.0,15.0,10.0,17.5,160.0
11,November,s121,fifo,1,2,1,4,33600,7481,26119,0.2226,0.0095535714285714,0.0021387515038096,0.0116773230215551,57056.759410218256,101442.02666666669,7465.0,25814.0,370115.0,11200.0,381315.0,,,,,,,,,15.0,10.0,17.5,160.0
11,November,s121,urgent_first,1,2,1,4,33600,7481,26119,0.2226,0.180297619047619,0.6577997593904559,0.0435315287721582,58354.509615079376,126346.01333333334,2560.0,24982.0,288220.0,11200.0,299420.0,,,,,,,,,15.0,10.0,17.5,160.0
11,November,s121,rl3_dqn,1,2,1,4,33600,7481,26119,0.2226,0.01125,0.011763133270953,0.0111030284467246,55710.327015873016,115157.78666666668,7393.0,25829.0,369185.0,11200.0,380385.0,0.0033230205110576,0.0033230205110576,0.0,0.0,26181.0,26181.0,0.0,0.0,15.0,10.0,17.5,160.0
11,November,s112,fifo,1,1,2,4,33600,7481,26119,0.2226,0.0095535714285714,0.0021387515038096,0.0116773230215551,57063.37136904762,101431.24333333336,7465.0,25814.0,370115.0,11200.0,381315.0,,,,,,,,,15.0,10.0,17.5,160.0
11,November,s112,urgent_first,1,1,2,4,33600,7481,26119,0.2226,0.1805952380952381,0.6563293677315867,0.044335541176921,58489.34978819445,126626.76333333334,2571.0,24961.0,288175.0,11200.0,299375.0,,,,,,,,,15.0,10.0,17.5,160.0
11,November,s112,rl3_dqn,1,1,2,4,33600,7481,26119,0.2226,0.0112797619047619,0.0118968052399411,0.0111030284467246,55707.68112400793,115121.79666666668,7392.0,25829.0,369170.0,11200.0,380370.0,0.0033228935910167,0.0033228935910167,0.0,0.0,26182.0,26182.0,0.0,0.0,15.0,10.0,17.5,160.0
11,November,s221,fifo,2,2,1,5,33600,7481,26119,0.2226,0.0205654761904761,0.0054805507285122,0.0248860982426586,18444.925691468256,32081.338333333333,7440.0,25469.0,366290.0,14000.0,380290.0,,,,,,,,,15.0,10.0,17.5,160.0
11,November,s221,urgent_first,2,2,1,5,33600,7481,26119,0.2226,0.4638690476190476,0.8766207726239807,0.3456487614380336,18845.7407296627,58736.97166666667,923.0,17091.0,184755.0,14000.0,198755.0,,,,,,,,,15.0,10.0,17.5,160.0
11,November,s221,rl3_dqn,2,2,1,5,33600,7481,26119,0.2226,0.0228571428571428,0.0331506483090495,0.0199088785941268,17788.718536706347,47009.418333333335,7233.0,25599.0,364485.0,14000.0,378485.0,0.0096135577763422,0.0095759233926128,0.0,1.0,26317.0,26316.0,0.0,1.0,15.0,10.0,17.5,160.0
11,November,s212,fifo,2,1,2,5,33600,7481,26119,0.2226,0.0181845238095238,0.0044111749766074,0.0221294842834718,21923.301702380955,38359.725,7448.0,25541.0,367130.0,14000.0,381130.0,,,,,,,,,15.0,10.0,17.5,160.0
11,November,s212,urgent_first,2,1,2,5,33600,7481,26119,0.2226,0.3876488095238095,0.8440048121908835,0.2569393927792028,23155.16663492063,62739.21333333336,1167.0,19408.0,211585.0,14000.0,225585.0,,,,,,,,,15.0,10.0,17.5,160.0
11,November,s212,rl3_dqn,2,1,2,5,33600,7481,26119,0.2226,0.0217559523809523,0.0241946263868466,0.021057467743788,20282.129226686506,52153.625,7300.0,25569.0,365190.0,14000.0,379190.0,0.0128595479456961,0.0068589719163205,0.1069295101553166,0.0,27917.0,26243.0,1674.0,0.0,15.0,10.0,17.5,160.0
11,November,s122,fifo,1,2,2,5,33600,7481,26119,0.2226,0.0095238095238095,0.0021387515038096,0.0116390367165664,57061.37253323412,101445.99333333336,7465.0,25815.0,370125.0,14000.0,384125.0,,,,,,,,,15.0,10.0,17.5,160.0
11,November,s122,urgent_first,1,2,2,5,33600,7481,26119,0.2226,0.1807142857142857,0.6582007752974202,0.0439526781270339,58576.05828174604,126776.98500000002,2557.0,24971.0,288065.0,14000.0,302065.0,,,,,,,,,15.0,10.0,17.5,160.0
11,November,s122,rl3_dqn,1,2,2,5,33600,7481,26119,0.2226,0.01125,0.011763133270953,0.0111030284467246,55708.02203670635,115142.74666666667,7393.0,25829.0,369185.0,14000.0,383185.0,0.0033230205110576,0.0033230205110576,0.0,0.0,26181.0,26181.0,0.0,0.0,15.0,10.0,17.5,160.0
11,November,s311,fifo,3,1,1,5,33600,7481,26119,0.2226,0.0185119047619047,0.0049458628525598,0.0223974884183927,21887.78578720238,38301.07166666667,7444.0,25534.0,367000.0,14000.0,381000.0,,,,,,,,,15.0,10.0,17.5,160.0
11,November,s311,urgent_first,3,1,1,5,33600,7481,26119,0.2226,0.3658630952380952,0.8411977008421334,0.2297178299322332,23078.28060218254,64137.13666666668,1188.0,20119.0,219010.0,14000.0,233010.0,,,,,,,,,15.0,10.0,17.5,160.0
11,November,s311,rl3_dqn,3,1,1,5,33600,7481,26119,0.2226,0.0219642857142857,0.0240609544178585,0.0213637581836976,20287.740152777777,52130.03833333334,7301.0,25561.0,365125.0,14000.0,379125.0,0.0076405469937052,0.0066394474758652,0.0089613854906106,0.0,46070.0,26207.0,19863.0,0.0,15.0,10.0,17.5,160.0
11,November,s231,fifo,2,3,1,6,33600,7481,26119,0.2226,0.0205357142857142,0.0053468787595241,0.0248860982426586,18454.568201388887,32114.635,7441.0,25469.0,366305.0,16800.0,383105.0,,,,,,,,,15.0,10.0,17.5,160.0
11,November,s231,urgent_first,2,3,1,6,33600,7481,26119,0.2226,0.4655059523809524,0.8748830370271354,0.3482522301772656,18770.802853670637,58547.483333333344,936.0,17023.0,184270.0,16800.0,201070.0,,,,,,,,,15.0,10.0,17.5,160.0
11,November,s231,rl3_dqn,2,3,1,6,33600,7481,26119,0.2226,0.0227678571428571,0.0335516642160139,0.0196791607641946,17775.427902777777,46985.57166666667,7230.0,25605.0,364500.0,16800.0,381300.0,0.0097264437689969,0.0097264437689969,0.0,0.0,26320.0,26320.0,0.0,0.0,15.0,10.0,17.5,160.0
11,November,s312,fifo,3,1,2,6,33600,7481,26119,0.2226,0.0183928571428571,0.0049458628525598,0.0222443431984379,21875.549373015878,38289.55666666666,7444.0,25538.0,367040.0,16800.0,383840.0,,,,,,,,,15.0,10.0,17.5,160.0
11,November,s312,urgent_first,3,1,2,6,33600,7481,26119,0.2226,0.365,0.8390589493383237,0.22922010796738,23048.31809424603,64109.84333333334,1204.0,20132.0,219380.0,16800.0,236180.0,,,,,,,,,15.0,10.0,17.5,160.0
11,November,s312,rl3_dqn,3,1,2,6,33600,7481,26119,0.2226,0.022470238095238,0.016842668092501,0.0240820858378957,20247.94296031746,52795.62833333335,7355.0,25490.0,365225.0,16800.0,382025.0,0.0054211922805276,0.0061082690692525,0.0047340892604894,0.0,52387.0,26194.0,26193.0,0.0,15.0,10.0,17.5,160.0
11,November,s222,fifo,2,2,2,6,33600,7481,26119,0.2226,0.020595238095238,0.0054805507285122,0.0249243845476473,18454.341491567466,32103.215,7440.0,25468.0,366280.0,16800.0,383080.0,,,,,,,,,15.0,10.0,17.5,160.0
11,November,s222,urgent_first,2,2,2,6,33600,7481,26119,0.2226,0.4647916666666666,0.8787595241277903,0.3462230560128642,18829.05954017857,58757.61666666667,907.0,17076.0,184365.0,16800.0,201165.0,,,,,,,,,15.0,10.0,17.5,160.0
11,November,s222,rl3_dqn,2,2,2,6,33600,7481,26119,0.2226,0.0227678571428571,0.033685336185002,0.0196408744592059,17820.587489087302,47018.70166666667,7229.0,25606.0,364495.0,16800.0,381295.0,0.0098013144398434,0.0098013144398434,0.0,0.0,26323.0,26323.0,0.0,0.0,15.0,10.0,17.5,160.0
11,November,s321,fifo,3,2,1,6,33600,7481,26119,0.2226,0.0324107142857142,0.0085550060152386,0.0392434626134231,5599.86055952381,8808.616666666667,7417.0,25094.0,362195.0,16800.0,378995.0,,,,,,,,,15.0,10.0,17.5,160.0
11,November,s321,urgent_first,3,2,1,6,33600,7481,26119,0.2226,0.6795238095238095,0.952145435102259,0.6014395650675753,5713.927828373016,20550.73833333334,358.0,10410.0,109470.0,16800.0,126270.0,,,,,,,,,15.0,10.0,17.5,160.0
11,November,s321,rl3_dqn,3,2,1,6,33600,7481,26119,0.2226,0.2345833333333333,1.0,0.0153528083004709,5679.257691964285,9611.245,0.0,25718.0,257180.0,16800.0,273980.0,0.9831163931333712,0.9966666666666668,0.9868522815158546,0.9242675511332228,10602.0,7500.0,1293.0,1809.0,15.0,10.0,17.5,160.0
11,November,s322,fifo,3,2,2,7,33600,7481,26119,0.2226,0.0325892857142857,0.0084213340462505,0.0395114667483441,5565.118841269841,8759.845000000001,7418.0,25087.0,362140.0,19600.0,381740.0,,,,,,,,,15.0,10.0,17.5,160.0
11,November,s322,urgent_first,3,2,2,7,33600,7481,26119,0.2226,0.6799404761904762,0.9525464510092234,0.601860714422451,5680.51709375,20571.140000000007,355.0,10399.0,109315.0,19600.0,128915.0,,,,,,,,,15.0,10.0,17.5,160.0
11,November,s322,rl3_dqn,3,2,2,7,33600,7481,26119,0.2226,0.2344642857142857,1.0,0.0151996630805161,5663.418298115079,9571.320000000002,0.0,25722.0,257220.0,19600.0,276820.0,0.9949060448268056,0.9957373118422804,0.993114001530222,0.8,8834.0,7507.0,1307.0,20.0,15.0,10.0,17.5,160.0
11,November,s331,fifo,3,3,1,7,33600,7481,26119,0.2226,0.032470238095238,0.0082876620772623,0.039396607833378,5576.807547619047,8769.615,7419.0,25090.0,362185.0,19600.0,381785.0,,,,,,,,,15.0,10.0,17.5,160.0
11,November,s331,urgent_first,3,3,1,7,33600,7481,26119,0.2226,0.6783333333333333,0.9493383237535088,0.6007121252727899,5717.607491071428,20715.57333333335,379.0,10429.0,109975.0,19600.0,129575.0,,,,,,,,,15.0,10.0,17.5,160.0
11,November,s331,rl3_dqn,3,3,1,7,33600,7481,26119,0.2226,0.2342559523809523,1.0,0.0149316589455951,5683.546538690476,9606.503333333334,0.0,25729.0,257290.0,19600.0,276890.0,0.9738297452103496,0.9987974345269908,1.0,0.8992125984251969,10126.0,7484.0,102.0,2540.0,15.0,10.0,17.5,160.0
11,November,s332,fifo,3,3,2,8,33600,7481,26119,0.2226,0.0327083333333333,0.0085550060152386,0.0396263256633102,5578.386409722222,8781.73,7417.0,25084.0,362095.0,22400.0,384495.0,,,,,,,,,15.0,10.0,17.5,160.0
11,November,s332,urgent_first,3,3,2,8,33600,7481,26119,0.2226,0.6778571428571428,0.9509423873813662,0.5996401087331061,5698.741973214285,20589.97666666667,367.0,10457.0,110075.0,22400.0,132475.0,,,,,,,,,15.0,10.0,17.5,160.0
11,November,s332,rl3_dqn,3,3,2,8,33600,7481,26119,0.2226,0.234375,1.0,0.0150848041655499,5678.6827946428575,9621.52,0.0,25725.0,257250.0,22400.0,279650.0,0.996342737722048,0.9967995732764368,1.0,0.951219512195122,7656.0,7499.0,75.0,82.0,15.0,10.0,17.5,160.0
11,November,s432,fifo,4,3,2,9,33600,7481,26119,0.2226,0.57625,0.2868600454484694,0.6591370266855546,1108.3324717261903,2541.735,5335.0,8903.0,169055.0,25200.0,194255.0,,,,,,,,,15.0,10.0,17.5,160.0
11,November,s432,urgent_first,4,3,2,9,33600,7481,26119,0.2226,0.7980059523809524,0.9989306242480952,0.7404571384815651,1141.314793154762,4331.468333333333,8.0,6779.0,67910.0,25200.0,93110.0,,,,,,,,,15.0,10.0,17.5,160.0
11,November,s432,rl3_dqn,4,3,2,9,33600,7481,26119,0.2226,0.6299404761904762,1.0,0.5239480837704353,1130.5388343253967,3058.8050000000003,0.0,12434.0,124340.0,25200.0,149540.0,0.5512989262209906,0.5469170906914098,0.6033057851239669,0.6160714285714286,14435.0,13364.0,847.0,224.0,15.0,10.0,17.5,160.0
12,December,s111,fifo,1,1,1,3,40800,10345,30455,0.2536,0.0067156862745098,0.0020299661672305,0.0083073386964373,79726.59393913398,142805.98166666666,10324.0,30202.0,456880.0,8400.0,465280.0,,,,,,,,,15.0,10.0,17.5,160.0
12,December,s111,urgent_first,1,1,1,3,40800,10345,30455,0.2536,0.1186274509803921,0.4660222329627839,0.0006238712855032,81952.70375735295,168222.02333333332,5524.0,30436.0,387220.0,8400.0,395620.0,,,,,,,,,15.0,10.0,17.5,160.0
12,December,s111,rl3_dqn,1,1,1,3,40800,10345,30455,0.2536,0.0084558823529411,0.0076365393910101,0.0087341979970448,77693.35745547386,153249.68166666667,10266.0,30189.0,455880.0,8400.0,464280.0,0.0024581298548064,0.0024581298548064,0.0,0.0,30511.0,30511.0,0.0,0.0,15.0,10.0,17.5,160.0
12,December,s211,fifo,2,1,1,4,40800,10345,30455,0.2536,0.013578431372549,0.0034799420009666,0.0170087013626662,31078.73463153595,55032.09666666667,10309.0,29937.0,454005.0,11200.0,465205.0,,,,,,,,,15.0,10.0,17.5,160.0
12,December,s211,urgent_first,2,1,1,4,40800,10345,30455,0.2536,0.2966911764705882,0.7717738037699372,0.1353143982925628,33011.142848447715,81285.40333333332,2361.0,26334.0,298755.0,11200.0,309955.0,,,,,,,,,15.0,10.0,17.5,160.0
12,December,s211,rl3_dqn,2,1,1,4,40800,10345,30455,0.2536,0.0168627450980392,0.014499758337361,0.0176654079789853,28806.276802287583,69477.69666666663,10195.0,29917.0,452095.0,11200.0,463295.0,0.0091834441126416,0.0046790131535894,0.2461273666092943,0.0,31143.0,30562.0,581.0,0.0,15.0,10.0,17.5,160.0
12,December,s121,fifo,1,2,1,4,40800,10345,30455,0.2536,0.0067156862745098,0.0020299661672305,0.0083073386964373,79738.8767377451,142865.255,10324.0,30202.0,456880.0,11200.0,468080.0,,,,,,,,,15.0,10.0,17.5,160.0
12,December,s121,urgent_first,1,2,1,4,40800,10345,30455,0.2536,0.1184558823529411,0.4652489125181247,0.0006567066163191,81865.01570465686,167988.60166666663,5532.0,30435.0,387330.0,11200.0,398530.0,,,,,,,,,15.0,10.0,17.5,160.0
12,December,s121,rl3_dqn,1,2,1,4,40800,10345,30455,0.2536,0.0084803921568627,0.0077332044465925,0.0087341979970448,77725.88761519607,153304.17833333334,10265.0,30189.0,455865.0,11200.0,467065.0,0.0024907416510995,0.0024907416510995,0.0,0.0,30513.0,30513.0,0.0,0.0,15.0,10.0,17.5,160.0
12,December,s112,fifo,1,1,2,4,40800,10345,30455,0.2536,0.0067156862745098,0.0020299661672305,0.0083073386964373,79725.63679697712,142803.365,10324.0,30202.0,456880.0,11200.0,468080.0,,,,,,,,,15.0,10.0,17.5,160.0
12,December,s112,urgent_first,1,1,2,4,40800,10345,30455,0.2536,0.1183333333333333,0.4648622522957951,0.0006238712855032,81787.97317933007,168078.70833333334,5536.0,30436.0,387400.0,11200.0,398600.0,,,,,,,,,15.0,10.0,17.5,160.0
12,December,s112,rl3_dqn,1,1,2,4,40800,10345,30455,0.2536,0.0084558823529411,0.0076365393910101,0.0087341979970448,77698.03119812091,153257.44666666666,10266.0,30189.0,455880.0,11200.0,467080.0,0.0024581298548064,0.0024581298548064,0.0,0.0,30511.0,30511.0,0.0,0.0,15.0,10.0,17.5,160.0
12,December,s221,fifo,2,2,1,5,40800,10345,30455,0.2536,0.0145588235294117,0.0037699371677138,0.0182236086028566,28738.29327736928,50741.72833333333,10306.0,29900.0,453590.0,14000.0,467590.0,,,,,,,,,15.0,10.0,17.5,160.0
12,December,s221,urgent_first,2,2,1,5,40800,10345,30455,0.2536,0.3441176470588235,0.8179797003383277,0.1831554752914135,29602.3657622549,78478.50666666664,1883.0,24877.0,277015.0,14000.0,291015.0,,,,,,,,,15.0,10.0,17.5,160.0
12,December,s221,rl3_dqn,2,2,1,5,40800,10345,30455,0.2536,0.0179901960784313,0.0174963750604156,0.0181579379412247,27677.32836805555,66770.62666666666,10164.0,29902.0,451480.0,14000.0,465480.0,0.005752761979473,0.0057202628052168,1.0,0.0,30594.0,30593.0,1.0,0.0,15.0,10.0,17.5,160.0
12,December,s212,fifo,2,1,2,5,40800,10345,30455,0.2536,0.0135294117647058,0.0034799420009666,0.0169430307010343,31003.500289624182,54878.665,10309.0,29939.0,454025.0,14000.0,468025.0,,,,,,,,,15.0,10.0,17.5,160.0
12,December,s212,urgent_first,2,1,2,5,40800,10345,30455,0.2536,0.2975,0.7768003866602223,0.1346905270070596,32979.96860375817,81344.66,2309.0,26353.0,298165.0,14000.0,312165.0,,,,,,,,,15.0,10.0,17.5,160.0
12,December,s212,rl3_dqn,2,1,2,5,40800,10345,30455,0.2536,0.0168382352941176,0.0146930884485258,0.0175669019865375,28800.00582720588,69389.61666666667,10193.0,29920.0,452095.0,14000.0,466095.0,0.009314575705017,0.0047442986617805,0.2539404553415061,0.0,31134.0,30563.0,571.0,0.0,15.0,10.0,17.5,160.0
12,December,s122,fifo,1,2,2,5,40800,10345,30455,0.2536,0.0067156862745098,0.0020299661672305,0.0083073386964373,79774.51869812091,142905.62166666667,10324.0,30202.0,456880.0,14000.0,470880.0,,,,,,,,,15.0,10.0,17.5,160.0
12,December,s122,urgent_first,1,2,2,5,40800,10345,30455,0.2536,0.1197303921568627,0.4702754954084098,0.0006567066163191,81865.54200857843,168251.96166666667,5480.0,30435.0,386550.0,14000.0,400550.0,,,,,,,,,15.0,10.0,17.5,160.0
12,December,s122,rl3_dqn,1,2,2,5,40800,10345,30455,0.2536,0.0085049019607843,0.0077332044465925,0.0087670333278607,77721.82169934642,153287.76166666666,10265.0,30188.0,455855.0,14000.0,469855.0,0.0024907416510995,0.0024907416510995,0.0,0.0,30513.0,30513.0,0.0,0.0,15.0,10.0,17.5,160.0
12,December,s311,fifo,3,1,1,5,40800,10345,30455,0.2536,0.0136274509803921,0.0034799420009666,0.0170743720242981,31060.710419117644,54972.17166666666,10309.0,29935.0,453985.0,14000.0,467985.0,,,,,,,,,15.0,10.0,17.5,160.0
12,December,s311,urgent_first,3,1,1,5,40800,10345,30455,0.2536,0.2923039215686274,0.7630739487675205,0.1323920538499425,33023.717895016336,81283.75833333333,2451.0,26423.0,300995.0,14000.0,314995.0,,,,,,,,,15.0,10.0,17.5,160.0
12,December,s311,rl3_dqn,3,1,1,5,40800,10345,30455,0.2536,0.0171323529411764,0.014983083615273,0.0178624199638811,28800.85850081699,69350.34333333331,10190.0,29911.0,451960.0,14000.0,465960.0,0.0071371349501128,0.0047803025342151,0.0138954088817951,0.0,41193.0,30542.0,10651.0,0.0,15.0,10.0,17.5,160.0
12,December,s231,fifo,2,3,1,6,40800,10345,30455,0.2536,0.0145588235294117,0.0037699371677138,0.0182236086028566,28697.997505310457,50706.18666666666,10306.0,29900.0,453590.0,16800.0,470390.0,,,,,,,,,15.0,10.0,17.5,160.0
12,December,s231,urgent_first,2,3,1,6,40800,10345,30455,0.2536,0.343921568627451,0.8165297245045916,0.1833853226071252,29542.20070261438,78053.87499999999,1898.0,24870.0,277170.0,16800.0,293970.0,,,,,,,,,15.0,10.0,17.5,160.0
12,December,s231,rl3_dqn,2,3,1,6,40800,10345,30455,0.2536,0.0177941176470588,0.0174963750604156,0.017895255294697,27757.014512663394,66899.14666666667,10164.0,29910.0,451560.0,16800.0,468360.0,0.0059152259877773,0.005752761979473,0.0,1.0,30599.0,30594.0,0.0,5.0,15.0,10.0,17.5,160.0
12,December,s312,fifo,3,1,2,6,40800,10345,30455,0.2536,0.0136764705882352,0.0034799420009666,0.01714004268593,31042.406199754903,54935.41666666666,10309.0,29933.0,453965.0,16800.0,470765.0,,,,,,,,,15.0,10.0,17.5,160.0
12,December,s312,urgent_first,3,1,2,6,40800,10345,30455,0.2536,0.2945588235294117,0.7686805219913001,0.1335084550976851,32993.95975898693,81133.59333333334,2393.0,26389.0,299785.0,16800.0,316585.0,,,,,,,,,15.0,10.0,17.5,160.0
12,December,s312,rl3_dqn,3,1,2,6,40800,10345,30455,0.2536,0.0170833333333333,0.0143064282261962,0.0180265966179609,28816.92484395425,69538.9416666665,10197.0,29906.0,452015.0,16800.0,468815.0,0.0068005731911689,0.004552153266743,0.0132543711223914,0.0,41173.0,30535.0,10638.0,0.0,15.0,10.0,17.5,160.0
12,December,s222,fifo,2,2,2,6,40800,10345,30455,0.2536,0.0145833333333333,0.0037699371677138,0.0182564439336726,28723.03118872549,50736.00166666666,10306.0,29899.0,453580.0,16800.0,470380.0,,,,,,,,,15.0,10.0,17.5,160.0
12,December,s222,urgent_first,2,2,2,6,40800,10345,30455,0.2536,0.3435539215686274,0.817109714838086,0.1826957806599901,29617.49738194445,78356.35333333333,1892.0,24891.0,277290.0,16800.0,294090.0,,,,,,,,,15.0,10.0,17.5,160.0
12,December,s222,rl3_dqn,2,2,2,6,40800,10345,30455,0.2536,0.017892156862745,0.0173997100048332,0.0180594319487768,27710.197867238567,66803.99333333333,10165.0,29905.0,451525.0,16800.0,468325.0,0.0057202628052168,0.0057202628052168,0.0,0.0,30593.0,30593.0,0.0,0.0,15.0,10.0,17.5,160.0
12,December,s321,fifo,3,2,1,6,40800,10345,30455,0.2536,0.0225,0.0063798936684388,0.0279757018551961,11724.953562091505,20131.963333333333,10279.0,29603.0,450215.0,16800.0,467015.0,,,,,,,,,15.0,10.0,17.5,160.0
12,December,s321,urgent_first,3,2,1,6,40800,10345,30455,0.2536,0.5444362745098039,0.8771387143547608,0.4314234115908718,12038.756116830067,43561.20833333331,1271.0,17316.0,192225.0,16800.0,209025.0,,,,,,,,,15.0,10.0,17.5,160.0
12,December,s321,rl3_dqn,3,2,1,6,40800,10345,30455,0.2536,0.088063725490196,0.0381826969550507,0.1050073879494336,11055.390074346406,37941.93,9950.0,27257.0,421820.0,16800.0,438620.0,0.0130827165303207,0.0126035406853987,0.8,0.7777777777777778,30804.0,30785.0,10.0,9.0,15.0,10.0,17.5,160.0
12,December,s322,fifo,3,2,2,7,40800,10345,30455,0.2536,0.0225,0.0063798936684388,0.0279757018551961,11690.890340277778,20096.00333333333,10279.0,29603.0,450215.0,19600.0,469815.0,,,,,,,,,15.0,10.0,17.5,160.0
12,December,s322,urgent_first,3,2,2,7,40800,10345,30455,0.2536,0.5440441176470588,0.8754954084098598,0.4314562469216877,12051.128281045752,43941.46666666664,1288.0,17315.0,192470.0,19600.0,212070.0,,,,,,,,,15.0,10.0,17.5,160.0
12,December,s322,rl3_dqn,3,2,2,7,40800,10345,30455,0.2536,0.0861029411764705,0.0381826969550507,0.1023805614841569,11040.661504493464,37280.89,9950.0,27337.0,422620.0,19600.0,442220.0,0.0137257446946589,0.0133735839257311,1.0,0.0,30818.0,30807.0,11.0,0.0,15.0,10.0,17.5,160.0
12,December,s331,fifo,3,3,1,7,40800,10345,30455,0.2536,0.0226225490196078,0.0063798936684388,0.0281398785092759,11712.10688112745,20090.326666666664,10279.0,29598.0,450165.0,19600.0,469765.0,,,,,,,,,15.0,10.0,17.5,160.0
12,December,s331,urgent_first,3,3,1,7,40800,10345,30455,0.2536,0.5432107843137255,0.8742387626872885,0.4307667049745526,12041.098104166667,43321.096666666665,1301.0,17336.0,192875.0,19600.0,212475.0,,,,,,,,,15.0,10.0,17.5,160.0
12,December,s331,rl3_dqn,3,3,1,7,40800,10345,30455,0.2536,0.090563725490196,0.0386660222329627,0.1081924150385815,11027.342900326796,37905.96333333333,9945.0,27160.0,420775.0,19600.0,440375.0,0.013180534363536,0.0127959468675911,0.0,1.0,30803.0,30791.0,0.0,12.0,15.0,10.0,17.5,160.0
12,December,s332,fifo,3,3,2,8,40800,10345,30455,0.2536,0.0226715686274509,0.0063798936684388,0.0282055491709078,11677.823187091502,20055.251666666667,10279.0,29596.0,450145.0,22400.0,472545.0,,,,,,,,,15.0,10.0,17.5,160.0
12,December,s332,urgent_first,3,3,2,8,40800,10345,30455,0.2536,0.5436764705882353,0.8768487191880135,0.430504022328025,12039.805930555556,43434.66833333332,1274.0,17344.0,192550.0,22400.0,214950.0,,,,,,,,,15.0,10.0,17.5,160.0
12,December,s332,rl3_dqn,3,3,2,8,40800,10345,30455,0.2536,0.0860049019607843,0.0383760270662155,0.1021835494992612,11075.492202205884,37448.64499999979,9948.0,27343.0,422650.0,22400.0,445050.0,0.0131164572578812,0.0130844155844155,1.0,0.0,30801.0,30800.0,1.0,0.0,15.0,10.0,17.5,160.0
12,December,s432,fifo,4,3,2,9,40800,10345,30455,0.2536,0.0636764705882352,0.0085065248912518,0.0824166803480545,3209.380611111111,5287.658333333333,10257.0,27945.0,433305.0,25200.0,458505.0,,,,,,,,,15.0,10.0,17.5,160.0
12,December,s432,urgent_first,4,3,2,9,40800,10345,30455,0.2536,0.6802696078431373,0.952054132431126,0.5879494335905434,3238.6698231209148,12774.271666666666,496.0,12549.0,132930.0,25200.0,158130.0,,,,,,,,,15.0,10.0,17.5,160.0
12,December,s432,rl3_dqn,4,3,2,9,40800,10345,30455,0.2536,0.2685294117647059,1.0,0.0200623871285503,3254.3675796568627,6353.703333333333,0.0,29844.0,298440.0,25200.0,323640.0,0.9782743089287292,0.9822209545540976,0.941358024691358,0.8662420382165605,11323.0,10518.0,648.0,157.0,15.0,10.0,17.5,160.0
