time_min,pick_queue_urgent,pick_queue_normal,pack_queue_urgent,pack_queue_normal,dispatch_queue_urgent,dispatch_queue_normal,picking_busy,packing_busy,dispatch_busy,completed_total,completed_urgent,completed_normal,in_system_total,in_system_urgent,in_system_normal
0.0,0,0,0,0,0,0,0,0,0,0,0,0,0,0,0
1.0,0,0,0,0,0,0,2,0,0,0,0,0,2,0,2
2.0,0,3,0,0,0,0,2,0,0,0,0,0,5,0,5
3.0,0,3,0,0,0,0,2,0,0,0,0,0,5,0,5
4.0,1,3,0,0,0,0,2,0,0,0,0,0,6,1,5
5.0,1,3,0,0,0,0,2,1,0,0,0,0,7,1,6
6.0,1,4,0,1,0,0,1,1,0,0,0,0,8,1,7
7.0,1,4,0,1,0,0,2,1,0,0,0,0,9,1,8
8.0,2,4,0,0,0,0,2,1,1,0,0,0,10,2,8
9.0,2,4,0,0,0,0,2,1,1,0,0,0,10,2,8
10.0,2,3,0,1,0,0,2,1,0,1,0,1,9,2,7
11.0,2,3,0,1,0,0,2,1,0,1,0,1,9,2,7
12.0,1,3,0,1,0,0,2,1,1,1,0,1,9,2,7
13.0,1,2,0,2,0,0,2,1,1,1,0,1,9,2,7
14.0,1,4,0,1,0,0,2,1,1,2,0,2,10,2,8
15.0,1,6,0,1,0,0,2,1,0,3,0,3,11,2,9
16.0,1,6,0,1,0,0,2,1,0,3,0,3,11,2,9
17.0,2,5,0,2,0,0,2,1,0,3,0,3,12,3,9
18.0,2,5,0,1,0,0,2,1,1,3,0,3,12,3,9
19.0,2,4,1,1,0,0,2,1,0,4,0,4,11,3,8
20.0,2,5,1,0,0,0,2,1,1,4,0,4,12,3,9
21.0,2,6,1,0,0,0,2,1,0,5,0,5,12,3,9
22.0,2,6,1,0,0,0,2,1,0,5,0,5,12,3,9
23.0,1,7,0,2,0,0,2,1,1,5,0,5,14,3,11
24.0,1,7,0,2,0,0,2,1,1,5,0,5,14,3,11
25.0,1,7,1,2,0,0,2,1,0,6,0,6,14,3,11
26.0,1,7,1,2,0,0,2,1,0,6,0,6,14,3,11
27.0,1,9,1,2,0,0,2,1,0,6,0,6,16,3,13
28.0,1,9,1,1,0,0,2,1,1,6,0,6,16,3,13
29.0,1,9,1,1,0,0,2,1,1,6,0,6,16,3,13
30.0,2,7,1,3,0,0,2,1,0,7,1,6,16,3,13
31.0,2,8,1,2,0,0,2,1,1,7,1,6,17,3,14
32.0,2,8,1,2,0,0,2,1,1,7,1,6,17,3,14
33.0,2,9,1,2,0,0,2,1,0,8,1,7,17,3,14
34.0,1,10,0,3,0,0,2,1,1,8,1,7,18,3,15
35.0,1,10,0,3,0,0,2,1,0,9,1,8,17,3,14
36.0,1,9,0,3,0,0,2,1,1,9,1,8,17,3,14
37.0,1,8,1,3,0,0,2,1,0,10,2,8,16,2,14
38.0,1,8,1,3,0,0,2,1,0,10,2,8,16,2,14
39.0,1,10,1,2,0,0,2,1,1,10,2,8,18,2,16
40.0,1,11,1,2,0,0,2,1,1,10,2,8,19,2,17
41.0,2,11,1,2,0,0,2,1,0,11,2,9,19,3,16
42.0,3,11,1,1,0,0,2,1,1,11,2,9,20,4,16
43.0,3,11,1,0,0,0,2,1,1,12,2,10,19,4,15
44.0,3,11,1,0,0,0,2,1,1,12,2,10,19,4,15
45.0,3,11,1,1,0,0,2,1,0,13,2,11,19,4,15
46.0,3,12,0,1,0,0,2,1,1,13,2,11,20,4,16
47.0,3,13,0,2,0,0,2,1,0,14,2,12,21,4,17
48.0,3,13,0,1,0,0,2,1,1,14,2,12,21,4,17
49.0,3,14,0,1,0,0,2,1,1,14,2,12,22,4,18
50.0,3,15,0,1,0,0,2,1,0,15,3,12,22,3,19
51.0,3,15,0,1,0,0,2,1,1,15,3,12,23,3,20
52.0,3,17,0,1,0,0,2,1,1,15,3,12,25,3,22
53.0,3,17,0,1,0,0,2,1,0,16,3,13,24,3,21
54.0,3,16,0,2,0,0,2,1,0,16,3,13,24,3,21
55.0,4,16,0,2,0,0,2,1,0,16,3,13,25,4,21
56.0,4,17,0,2,0,0,2,1,0,16,3,13,26,4,22
57.0,4,18,0,1,0,0,2,1,1,16,3,13,27,4,23
58.0,4,19,0,1,0,0,2,1,1,16,3,13,28,4,24
59.0,5,18,0,1,0,0,2,1,1,17,3,14,28,5,23
60.0,4,19,0,2,0,0,2,1,1,17,3,14,29,5,24
61.0,4,19,0,3,0,0,2,1,0,18,3,15,29,5,24
62.0,4,19,0,3,0,0,2,1,0,18,3,15,29,5,24
63.0,4,19,0,3,0,0,2,1,0,18,3,15,29,5,24
64.0,4,19,1,3,0,0,2,1,0,18,3,15,30,5,25
65.0,4,21,1,2,0,0,2,1,1,18,3,15,32,5,27
66.0,5,21,1,3,0,0,1,1,1,18,3,15,33,6,27
67.0,5,21,1,2,0,0,2,1,1,19,3,16,33,6,27
68.0,5,22,1,3,0,0,2,1,1,19,3,16,35,6,29
69.0,6,22,1,3,0,0,2,1,0,20,3,17,35,7,28
70.0,6,21,1,4,0,0,2,1,0,20,3,17,35,7,28
71.0,6,21,1,4,0,0,2,1,0,20,3,17,35,7,28
72.0,6,24,1,4,0,0,2,1,0,20,3,17,38,7,31
73.0,6,23,1,4,0,0,2,1,1,20,3,17,38,7,31
74.0,6,24,0,4,0,0,2,1,0,21,3,18,38,7,31
75.0,7,24,0,4,0,0,2,1,1,21,3,18,39,8,31
76.0,7,24,0,4,0,0,2,1,0,22,3,19,38,8,30
77.0,7,26,0,3,0,0,2,1,1,22,3,19,40,8,32
78.0,7,27,0,3,0,0,2,1,0,23,4,19,40,7,33
79.0,7,28,0,3,0,0,2,1,0,23,4,19,41,7,34
80.0,7,31,0,2,0,0,2,1,1,23,4,19,44,7,37
81.0,6,35,0,3,0,0,2,1,0,24,4,20,47,7,40
82.0,5,35,0,3,0,0,2,1,1,24,4,20,47,7,40
83.0,5,36,0,3,0,0,2,1,1,24,4,20,48,7,41
84.0,5,37,1,3,0,0,2,1,0,25,4,21,49,7,42
85.0,5,38,1,2,0,0,2,1,1,25,4,21,50,7,43
86.0,5,39,2,2,0,0,2,1,0,26,4,22,51,7,44
87.0,5,40,2,2,0,0,2,1,0,26,4,22,52,7,45
88.0,6,40,2,1,0,0,2,1,1,26,4,22,53,8,45
89.0,6,41,2,1,0,0,2,1,0,27,4,23,53,8,45
90.0,6,41,2,2,0,0,2,1,0,27,4,23,54,8,46
91.0,6,42,2,2,0,0,2,1,0,27,4,23,55,8,47
92.0,6,45,2,1,0,0,2,1,1,27,4,23,58,8,50
93.0,6,46,2,2,0,0,2,1,1,27,4,23,60,8,52
94.0,6,47,2,3,0,0,2,1,0,28,4,24,61,8,53
95.0,6,47,2,3,0,0,2,1,0,28,4,24,61,8,53
96.0,6,48,2,3,0,0,2,1,0,28,4,24,62,8,54
97.0,6,48,2,3,0,0,2,1,0,28,4,24,62,8,54
98.0,6,49,2,4,0,0,2,1,0,28,4,24,64,8,56
99.0,6,48,1,5,0,0,2,1,1,28,4,24,64,8,56
100.0,6,48,1,5,0,0,2,1,1,28,4,24,64,8,56
101.0,6,49,0,6,1,0,2,1,1,28,4,24,66,8,58
102.0,6,49,0,6,0,0,2,1,1,29,4,25,65,8,57
103.0,6,50,0,5,0,0,2,1,1,30,5,25,65,7,58
104.0,6,51,0,6,0,0,2,1,0,31,6,25,66,6,60
105.0,6,52,0,6,0,0,2,1,0,31,6,25,67,6,61
106.0,6,53,0,5,0,0,2,1,1,31,6,25,68,6,62
107.0,5,54,0,6,0,0,2,1,0,32,6,26,68,6,62
108.0,5,55,0,6,0,0,2,1,0,32,6,26,69,6,63
109.0,5,55,0,6,0,0,2,1,0,32,6,26,69,6,63
110.0,5,55,0,5,0,0,2,1,1,32,6,26,69,6,63
111.0,5,54,0,6,0,0,2,1,1,32,6,26,69,6,63
112.0,5,54,1,6,0,0,2,1,0,33,6,27,69,6,63
113.0,5,56,1,5,0,0,2,1,1,33,6,27,71,6,65
114.0,6,58,1,5,0,0,2,1,1,33,6,27,74,7,67
115.0,6,59,1,4,0,0,2,1,1,34,6,28,74,7,67
116.0,6,59,1,4,0,0,2,1,0,35,6,29,73,7,66
117.0,6,61,1,4,0,0,2,1,0,35,6,29,75,7,68
118.0,6,62,1,4,0,0,2,1,1,35,6,29,77,7,70
119.0,6,64,1,4,0,0,2,1,0,36,6,30,78,7,71
120.0,6,65,1,3,0,0,2,1,1,36,6,30,79,7,72
121.0,6,68,1,5,0,0,2,1,0,37,6,31,83,8,75
122.0,7,69,1,4,0,0,2,1,1,37,6,31,85,9,76
123.0,7,72,1,4,0,0,2,1,1,37,6,31,88,9,79
124.0,7,71,1,5,0,0,2,1,0,38,6,32,87,9,78
125.0,7,74,1,4,0,0,2,1,1,38,6,32,90,9,81
126.0,7,76,1,4,0,0,2,1,0,39,6,33,91,9,82
127.0,8,77,1,4,0,0,2,1,0,39,6,33,93,10,83
128.0,8,77,2,4,0,0,2,1,0,39,6,33,94,10,84
129.0,9,79,1,5,0,0,2,1,1,39,6,33,98,11,87
130.0,9,80,1,5,0,0,2,1,1,39,6,33,99,11,88
131.0,9,80,1,5,0,0,2,1,1,39,6,33,99,11,88
132.0,9,81,1,5,0,0,2,1,1,40,6,34,100,11,89
133.0,9,85,1,5,0,0,2,1,1,40,6,34,104,11,93
134.0,9,89,1,5,0,0,2,1,0,41,7,34,107,10,97
135.0,9,88,1,6,0,0,2,1,1,41,7,34,108,11,97
136.0,10,90,1,6,0,0,2,1,1,41,7,34,111,12,99
137.0,11,91,1,5,0,0,2,1,1,42,7,35,112,13,99
138.0,12,91,1,5,0,0,2,1,0,43,7,36,112,14,98
139.0,12,92,1,5,0,0,2,1,0,43,7,36,113,14,99
140.0,13,94,1,6,0,0,2,1,0,43,7,36,117,15,102
141.0,13,95,1,6,0,0,2,1,0,43,7,36,118,15,103
142.0,13,96,1,6,0,0,2,1,0,43,7,36,119,15,104
143.0,13,95,2,5,0,0,2,1,1,43,7,36,119,15,104
144.0,13,99,2,6,0,0,1,1,1,43,7,36,123,15,108
145.0,13,100,1,6,0,0,2,1,1,44,7,37,124,16,108
146.0,13,101,1,6,0,0,2,1,0,45,7,38,124,16,108
147.0,13,102,1,6,0,0,2,1,0,45,7,38,125,16,109
148.0,14,102,2,6,0,0,2,1,0,45,7,38,127,17,110
149.0,15,107,2,5,0,0,2,1,1,45,7,38,133,18,115
150.0,15,109,2,5,0,0,2,1,0,46,8,38,134,17,117
151.0,16,110,2,4,0,0,2,1,1,46,8,38,136,18,118
152.0,16,111,2,4,0,0,2,1,0,47,8,39,136,18,118
153.0,16,111,2,4,0,0,2,1,0,47,8,39,136,18,118
154.0,16,114,2,3,0,0,2,1,1,47,8,39,139,18,121
155.0,16,114,2,3,0,0,2,1,1,48,8,40,139,18,121
156.0,16,116,2,3,0,0,2,1,0,49,8,41,140,18,122
157.0,18,114,2,5,0,0,2,1,0,49,8,41,142,20,122
158.0,19,115,2,4,0,0,2,1,1,49,8,41,144,21,123
159.0,19,115,2,4,0,0,2,1,1,49,8,41,144,21,123
160.0,19,116,1,4,0,0,2,1,1,50,8,42,144,21,123
161.0,19,118,1,4,0,0,2,1,0,51,8,43,145,21,124
162.0,18,118,1,5,0,0,2,1,0,51,8,43,145,21,124
163.0,18,119,1,6,0,0,2,1,0,51,8,43,147,21,126
164.0,19,120,2,5,0,0,1,1,1,51,8,43,149,22,127
165.0,19,119,2,5,0,0,2,1,1,51,8,43,149,22,127
166.0,19,120,2,5,0,0,2,1,0,52,9,43,149,21,128
167.0,19,122,2,5,0,0,2,1,0,52,9,43,151,21,130
168.0,19,122,1,5,0,0,2,1,1,52,9,43,151,21,130
169.0,19,123,1,4,0,0,2,1,1,53,9,44,151,21,130
170.0,19,124,1,4,0,0,2,1,1,53,9,44,152,21,131
171.0,19,126,1,4,0,0,2,1,0,54,10,44,153,20,133
172.0,22,127,1,5,0,0,2,1,0,54,10,44,158,23,135
173.0,22,128,1,5,0,0,2,1,0,54,10,44,159,23,136
174.0,22,129,1,6,0,0,2,1,0,54,10,44,161,23,138
175.0,23,132,1,6,0,0,2,1,0,54,10,44,165,24,141
176.0,23,133,1,6,0,0,2,1,0,54,10,44,166,24,142
177.0,23,133,1,5,0,0,2,1,1,54,10,44,166,24,142
178.0,23,132,1,6,0,0,2,1,1,54,10,44,166,24,142
179.0,24,133,1,6,0,0,2,1,0,55,10,45,167,25,142
180.0,25,134,1,6,0,0,2,1,0,55,10,45,169,26,143
181.0,26,134,1,6,0,0,2,1,1,55,10,45,171,27,144
182.0,26,137,1,6,0,0,2,1,1,55,10,45,174,27,147
183.0,26,138,1,5,0,0,2,1,1,56,10,46,174,27,147
184.0,26,139,1,5,0,0,2,1,0,57,10,47,174,27,147
185.0,26,139,1,6,0,0,2,1,0,57,10,47,175,27,148
186.0,26,141,1,5,0,0,2,1,1,57,10,47,177,27,150
187.0,26,141,1,6,0,0,2,1,1,57,10,47,178,27,151
188.0,26,142,1,6,0,0,2,1,0,58,10,48,178,27,151
189.0,26,144,1,6,0,0,2,1,0,58,10,48,180,27,153
190.0,26,145,0,7,0,0,2,1,1,58,10,48,182,27,155
191.0,26,146,0,8,0,0,2,1,0,59,10,49,183,27,156
192.0,27,146,0,7,0,0,2,1,1,59,10,49,184,28,156
193.0,27,148,0,7,0,0,2,1,0,60,11,49,185,27,158
194.0,27,149,0,7,0,0,2,1,0,60,11,49,186,27,159
195.0,27,148,0,8,0,0,2,1,0,60,11,49,186,27,159
196.0,27,148,0,9,0,0,2,1,0,60,11,49,187,27,160
197.0,27,148,0,8,0,0,2,1,1,60,11,49,187,27,160
198.0,27,149,0,8,0,0,2,1,0,61,11,50,187,27,160
199.0,27,149,0,8,0,0,2,1,0,61,11,50,187,27,160
200.0,27,150,0,9,0,0,2,1,0,61,11,50,189,27,162
201.0,27,156,0,8,0,0,2,1,1,61,11,50,195,27,168
202.0,28,158,0,8,0,0,2,1,1,61,11,50,198,28,170
203.0,28,160,0,9,0,0,2,1,0,62,11,51,200,28,172
204.0,29,163,0,8,0,0,2,1,1,62,11,51,204,29,175
205.0,29,163,0,9,0,0,2,1,0,63,11,52,204,29,175
206.0,29,166,0,9,0,0,2,1,0,63,11,52,207,29,178
207.0,29,166,0,8,0,0,2,1,1,63,11,52,207,29,178
208.0,29,166,0,9,0,0,2,1,0,64,11,53,207,29,178
209.0,30,168,0,9,0,0,2,1,0,64,11,53,210,30,180
210.0,31,169,0,8,0,0,2,1,1,64,11,53,212,31,181
211.0,32,168,0,9,0,0,2,1,1,64,11,53,213,32,181
212.0,32,170,0,9,0,0,2,1,0,65,11,54,214,32,182
213.0,32,170,0,9,0,0,2,1,0,65,11,54,214,32,182
214.0,32,171,0,10,0,0,2,1,0,65,11,54,216,32,184
215.0,32,173,0,9,0,0,2,1,1,65,11,54,218,32,186
216.0,31,173,0,10,0,0,2,1,1,65,11,54,218,32,186
217.0,32,176,0,10,0,0,2,1,0,66,11,55,221,33,188
218.0,32,178,0,10,0,0,2,1,0,66,11,55,223,33,190
219.0,32,178,0,9,0,0,2,1,1,66,11,55,223,33,190
220.0,34,180,0,9,0,0,2,1,1,66,11,55,227,35,192
221.0,34,181,0,9,0,0,2,1,0,67,11,56,227,35,192
222.0,34,182,0,9,0,0,2,1,0,67,11,56,228,35,193
223.0,34,183,0,9,0,0,2,1,0,67,11,56,229,35,194
224.0,34,185,0,8,0,0,2,1,1,67,11,56,231,35,196
225.0,34,187,0,8,0,0,2,1,1,67,11,56,233,35,198
226.0,35,187,0,9,0,0,2,1,0,68,11,57,234,36,198
227.0,36,190,0,8,0,0,2,1,1,68,11,57,238,37,201
228.0,36,191,0,8,0,0,2,1,0,69,11,58,238,37,201
229.0,36,191,0,7,0,0,2,1,1,69,11,58,238,37,201
230.0,36,191,0,7,0,0,2,1,0,70,11,59,237,37,200
231.0,36,190,1,8,0,0,2,1,0,70,11,59,238,37,201
232.0,37,192,1,7,0,0,2,1,1,70,11,59,241,38,203
233.0,39,193,1,7,0,0,2,1,1,70,11,59,244,40,204
234.0,39,194,1,7,0,0,2,1,0,71,11,60,244,40,204
235.0,40,195,1,7,0,0,2,1,0,71,11,60,246,41,205
236.0,41,195,1,7,0,0,2,1,0,71,11,60,247,42,205
237.0,42,198,1,6,0,0,2,1,1,71,11,60,251,43,208
238.0,42,199,1,6,0,0,2,1,0,72,11,61,251,43,208
239.0,42,201,1,6,0,0,2,1,0,72,11,61,253,43,210
240.0,42,202,1,6,0,0,2,1,1,72,11,61,255,43,212
241.0,42,203,1,6,0,0,2,1,0,73,11,62,255,43,212
242.0,42,204,1,5,0,0,2,1,1,73,11,62,256,43,213
243.0,43,204,1,5,0,0,2,1,0,74,11,63,256,44,212
244.0,43,205,1,4,0,0,2,1,1,74,11,63,257,44,213
245.0,43,206,1,4,0,0,2,1,1,74,11,63,258,44,214
246.0,43,206,1,4,0,0,2,1,1,75,11,64,258,44,214
247.0,43,207,1,4,0,0,2,1,0,76,11,65,258,44,214
248.0,43,209,1,3,0,0,2,1,1,76,11,65,260,44,216
249.0,44,212,1,4,0,0,2,1,0,77,11,66,264,45,219
250.0,44,213,1,4,0,0,2,1,0,77,11,66,265,45,220
251.0,44,213,1,5,0,0,2,1,0,77,11,66,266,45,221
252.0,44,214,1,6,0,0,2,1,0,77,11,66,268,45,223
253.0,44,214,1,6,0,0,2,1,0,77,11,66,268,45,223
254.0,44,215,1,6,0,0,2,1,0,77,11,66,269,45,224
255.0,44,218,1,5,0,0,2,1,1,77,11,66,272,45,227
256.0,44,218,1,6,0,0,2,1,1,77,11,66,273,45,228
257.0,44,218,1,6,0,0,2,1,0,78,11,67,272,45,227
258.0,45,218,1,6,0,0,2,1,0,78,11,67,273,46,227
259.0,45,218,0,7,0,0,2,1,1,78,11,67,274,46,228
260.0,45,220,0,7,0,0,2,1,1,78,11,67,276,46,230
261.0,46,220,0,8,0,0,2,1,0,79,11,68,277,47,230
262.0,46,221,0,8,0,0,2,1,0,79,11,68,278,47,231
263.0,47,222,0,8,0,0,2,1,0,79,11,68,280,48,232
264.0,47,223,0,8,0,0,2,1,0,79,11,68,281,48,233
265.0,47,224,0,7,0,0,2,1,1,79,11,68,282,48,234
266.0,47,223,0,8,0,0,2,1,1,79,11,68,282,48,234
267.0,47,225,0,8,0,0,2,1,1,79,11,68,284,48,236
268.0,48,224,0,9,0,0,2,1,0,80,12,68,284,48,236
269.0,48,225,0,9,0,0,2,1,0,80,12,68,285,48,237
270.0,48,226,0,8,0,0,2,1,1,80,12,68,286,48,238
271.0,48,226,0,8,0,0,2,1,1,80,12,68,286,48,238
272.0,50,228,0,9,0,0,2,1,1,80,12,68,291,50,241
273.0,50,228,0,9,0,0,2,1,0,81,12,69,290,50,240
274.0,50,230,0,9,0,0,2,1,0,81,12,69,292,50,242
275.0,50,230,0,9,0,0,2,1,0,81,12,69,292,50,242
276.0,50,228,0,10,0,0,2,1,1,81,12,69,292,50,242
277.0,50,229,0,10,0,0,2,1,1,81,12,69,293,50,243
278.0,50,229,0,10,0,0,2,1,0,82,12,70,292,50,242
279.0,50,228,0,12,0,1,2,0,0,82,12,70,293,50,243
280.0,50,228,0,11,0,0,2,1,1,82,12,70,293,50,243
281.0,50,228,0,11,0,0,2,1,1,82,12,70,293,50,243
282.0,51,226,0,12,0,0,2,1,1,83,12,71,293,51,242
283.0,51,226,0,12,0,0,2,1,0,84,12,72,292,51,241
284.0,51,226,0,13,0,0,2,1,0,84,12,72,293,51,242
285.0,52,226,0,12,0,0,2,1,1,84,12,72,294,52,242
286.0,52,226,0,12,0,0,2,1,0,85,12,73,293,52,241
287.0,52,226,0,13,0,0,2,1,0,85,12,73,294,52,242
288.0,52,225,0,13,0,0,2,1,1,85,12,73,294,52,242
289.0,52,226,0,13,0,0,2,1,0,86,12,74,294,52,242
290.0,53,226,0,13,0,0,2,1,0,86,12,74,295,53,242
291.0,53,226,0,13,0,0,2,1,0,86,12,74,295,53,242
292.0,53,227,0,12,0,0,2,1,1,86,12,74,296,53,243
293.0,54,229,0,13,0,0,2,1,0,87,12,75,299,54,245
294.0,54,228,0,13,0,0,2,1,1,87,12,75,299,54,245
295.0,54,229,0,13,0,0,2,1,1,87,12,75,300,54,246
296.0,54,231,0,13,0,0,2,1,0,88,12,76,301,54,247
297.0,53,233,0,13,0,0,2,1,1,88,12,76,303,54,249
298.0,53,234,0,13,0,0,2,1,1,88,12,76,304,54,250
299.0,53,233,0,13,0,0,2,1,1,89,12,77,303,54,249
300.0,53,233,0,13,0,0,2,1,0,90,12,78,302,54,248
301.0,53,231,1,14,0,0,2,1,0,90,12,78,302,54,248
302.0,53,232,1,14,0,0,2,1,0,90,12,78,303,54,249
303.0,53,231,1,14,0,0,2,1,1,90,12,78,303,54,249
304.0,53,231,1,14,0,0,2,1,0,91,12,79,302,54,248
305.0,53,232,1,13,0,0,2,1,1,91,12,79,303,54,249
306.0,54,231,1,14,0,0,2,1,0,92,12,80,303,55,248
307.0,54,231,1,14,0,0,2,1,0,92,12,80,303,55,248
308.0,54,232,1,13,0,0,2,1,1,92,12,80,304,55,249
309.0,54,232,1,13,0,0,2,1,1,92,12,80,304,55,249
310.0,54,232,1,12,0,0,2,1,1,93,12,81,303,55,248
311.0,54,233,1,13,0,0,2,1,1,93,12,81,305,55,250
312.0,54,233,1,12,0,0,2,1,1,94,12,82,304,55,249
313.0,54,233,1,12,0,1,2,0,0,95,12,83,303,55,248
314.0,54,232,1,12,0,0,2,1,1,95,12,83,303,55,248
315.0,54,232,1,12,0,0,2,1,0,96,12,84,302,55,247
316.0,54,232,1,12,0,0,2,1,1,96,12,84,303,55,248
317.0,54,232,1,11,0,0,2,1,1,97,12,85,302,55,247
318.0,54,233,1,11,0,0,2,1,0,98,12,86,302,55,247
319.0,54,233,1,13,0,0,2,1,0,98,12,86,304,55,249
320.0,54,233,1,12,0,0,2,1,1,98,12,86,304,55,249
321.0,54,234,1,12,0,0,2,1,1,98,12,86,305,55,250
322.0,54,236,1,11,0,0,2,1,1,99,12,87,306,55,251
323.0,53,237,1,12,0,0,2,1,1,99,12,87,307,55,252
324.0,53,237,1,12,0,0,2,1,0,100,12,88,306,55,251
325.0,54,237,1,11,0,0,2,1,1,100,12,88,307,56,251
326.0,54,238,1,11,0,0,2,1,0,101,12,89,307,56,251
327.0,54,237,2,12,0,0,2,1,0,101,12,89,308,56,252
328.0,55,238,2,11,0,0,2,1,1,101,12,89,310,57,253
329.0,55,238,2,11,0,0,2,1,1,101,12,89,310,57,253
330.0,55,238,2,10,0,0,2,1,1,102,12,90,309,57,252
331.0,56,236,2,12,0,0,2,1,0,103,12,91,309,58,251
332.0,56,237,2,12,0,0,2,1,0,103,12,91,310,58,252
333.0,56,236,2,13,0,0,2,1,0,103,12,91,310,58,252
334.0,56,238,1,13,0,0,2,1,1,103,12,91,312,58,254
335.0,56,240,1,13,0,0,2,1,1,103,12,91,314,58,256
336.0,56,240,1,12,0,0,2,1,1,104,12,92,313,58,255
337.0,56,241,1,12,0,0,2,1,0,105,13,92,313,57,256
338.0,56,241,1,11,0,0,2,1,1,105,13,92,313,57,256
339.0,55,242,1,12,0,0,2,1,0,106,13,93,313,57,256
340.0,55,245,1,11,0,0,2,1,1,106,13,93,316,57,259
341.0,55,244,1,12,0,0,2,1,0,107,13,94,315,57,258
342.0,55,244,2,12,0,0,2,1,0,107,13,94,316,57,259
343.0,55,244,2,11,0,0,2,1,1,107,13,94,316,57,259
344.0,55,247,2,11,0,0,2,1,0,108,13,95,318,57,261
345.0,56,248,2,12,0,0,2,1,0,108,13,95,321,58,263
346.0,56,248,2,12,0,0,2,1,0,108,13,95,321,58,263
347.0,56,247,2,13,0,0,2,1,0,108,13,95,321,58,263
348.0,56,247,2,12,0,0,2,1,1,108,13,95,321,58,263
349.0,56,247,2,12,0,0,2,1,0,109,13,96,320,58,262
350.0,56,246,2,12,0,0,2,1,1,109,13,96,320,58,262
351.0,57,246,2,12,0,0,2,1,1,109,13,96,321,59,262
352.0,57,246,2,12,0,0,2,1,0,110,13,97,320,59,261
353.0,57,246,2,13,0,0,2,1,0,110,13,97,321,59,262
354.0,57,247,2,13,0,0,2,1,0,110,13,97,322,59,263
355.0,57,247,2,13,0,0,2,1,0,110,13,97,322,59,263
356.0,57,247,2,12,0,0,2,1,1,110,13,97,322,59,263
357.0,57,247,2,13,0,0,2,1,1,110,13,97,323,59,264
358.0,57,247,2,14,0,0,2,1,0,111,13,98,323,59,264
359.0,57,248,2,13,0,0,2,1,1,111,13,98,324,59,265
360.0,57,250,2,13,0,0,2,1,1,111,13,98,326,59,267
361.0,56,249,2,14,0,0,2,1,1,112,13,99,325,59,266
362.0,56,250,2,14,0,0,2,1,0,113,13,100,325,59,266
363.0,56,250,2,14,0,0,2,1,1,113,13,100,326,59,267
364.0,56,250,2,14,0,0,2,1,0,114,13,101,325,59,266
365.0,56,250,2,13,0,0,2,1,1,114,13,101,325,59,266
366.0,56,249,2,14,0,0,2,1,1,114,13,101,325,59,266
367.0,56,249,2,14,0,0,2,1,0,115,14,101,324,58,266
368.0,56,249,2,14,0,0,2,1,0,115,14,101,324,58,266
369.0,56,249,2,13,0,0,2,1,1,115,14,101,324,58,266
370.0,56,248,2,14,0,0,2,1,1,115,14,101,324,58,266
371.0,56,249,2,13,0,0,2,1,1,116,14,102,324,58,266
372.0,56,249,2,13,0,0,2,1,0,117,14,103,323,58,265
373.0,55,250,2,14,0,0,2,1,0,117,14,103,324,58,266
374.0,55,249,2,14,0,0,2,1,1,117,14,103,324,58,266
375.0,55,248,3,14,0,0,2,1,0,118,14,104,323,58,265
376.0,55,250,3,13,0,0,2,1,1,118,14,104,325,58,267
377.0,55,252,3,13,0,0,2,1,0,119,14,105,326,58,268
378.0,55,251,3,14,0,0,2,1,0,119,14,105,326,58,268
379.0,55,252,3,13,0,0,2,1,1,119,14,105,327,58,269
380.0,55,253,3,13,0,0,2,1,0,120,14,106,327,58,269
381.0,55,253,3,14,0,0,2,1,0,120,14,106,328,58,270
382.0,55,253,2,14,0,0,2,1,1,120,14,106,328,58,270
383.0,55,252,2,15,0,0,2,1,1,120,14,106,328,58,270
384.0,55,254,2,14,0,0,2,1,1,121,14,107,329,58,271
385.0,55,252,2,15,0,0,2,1,1,122,15,107,328,57,271
386.0,55,254,2,15,0,0,2,1,0,123,15,108,329,57,272
387.0,55,253,2,15,0,0,2,1,1,123,15,108,329,57,272
388.0,55,253,2,15,0,0,2,1,0,124,15,109,328,57,271
389.0,55,253,2,14,0,0,2,1,1,124,15,109,328,57,271
390.0,55,253,2,14,0,0,2,1,1,124,15,109,328,57,271
391.0,55,254,2,14,0,0,2,1,0,125,15,110,328,57,271
392.0,55,255,2,13,0,0,2,1,1,125,15,110,329,57,272
393.0,55,258,2,13,0,0,2,1,1,125,15,110,332,57,275
394.0,55,258,2,13,0,0,2,1,0,126,15,111,331,57,274
395.0,55,259,2,13,0,0,2,1,0,126,15,111,332,57,275
396.0,55,260,2,13,0,0,2,1,0,126,15,111,333,57,276
397.0,55,260,2,13,0,0,2,1,1,126,15,111,334,57,277
398.0,55,261,2,13,0,0,2,1,1,126,15,111,335,57,278
399.0,55,261,2,13,0,0,2,1,0,127,15,112,334,57,277
400.0,55,261,2,12,0,0,2,1,1,127,15,112,334,57,277
401.0,55,262,2,11,0,1,2,1,1,127,15,112,335,57,278
402.0,55,263,2,12,0,0,2,1,1,128,15,113,336,57,279
403.0,55,264,1,12,0,0,2,1,1,129,15,114,336,57,279
404.0,56,264,1,13,0,0,2,1,0,130,15,115,337,58,279
405.0,56,264,1,13,0,0,2,1,1,130,15,115,338,58,280
406.0,56,264,1,13,0,0,2,1,0,131,16,115,337,57,280
407.0,56,265,1,12,0,0,2,1,1,131,16,115,338,57,281
408.0,56,265,1,12,0,0,2,1,0,132,16,116,337,57,280
409.0,55,265,1,13,0,0,2,1,0,132,16,116,337,57,280
410.0,56,265,1,12,0,0,2,1,1,132,16,116,338,58,280
411.0,56,264,1,13,0,0,2,1,1,132,16,116,338,58,280
412.0,56,265,1,13,0,0,2,1,0,133,16,117,338,58,280
413.0,56,266,1,12,0,0,2,1,1,133,16,117,339,58,281
414.0,56,266,0,12,0,0,2,1,1,134,16,118,338,58,280
415.0,55,268,0,13,0,0,2,1,0,135,16,119,339,58,281
416.0,55,267,1,13,0,0,2,1,0,135,16,119,339,58,281
417.0,55,268,1,12,0,0,2,1,1,135,16,119,340,58,282
418.0,55,270,1,13,0,0,2,1,0,136,17,119,342,57,285
419.0,55,271,1,12,0,0,2,1,1,136,17,119,343,57,286
420.0,55,271,1,12,0,0,2,1,1,136,17,119,343,57,286
421.0,55,271,2,12,0,0,2,1,0,137,17,120,343,58,285
422.0,56,272,2,11,0,0,2,1,1,137,17,120,345,59,286
423.0,55,272,2,12,0,0,2,1,0,138,17,121,344,59,285
424.0,55,273,2,12,0,0,2,1,0,138,17,121,345,59,286
425.0,55,273,2,11,0,0,2,1,1,138,17,121,345,59,286
426.0,54,273,4,11,0,0,2,1,1,138,17,121,346,59,287
427.0,55,273,4,10,0,0,2,1,1,139,17,122,346,60,286
428.0,55,274,4,11,0,0,2,1,0,140,17,123,347,60,287
429.0,56,274,4,10,0,0,2,1,1,140,17,123,348,61,287
430.0,56,275,4,10,0,0,2,1,1,140,17,123,349,61,288
431.0,56,277,4,10,0,0,2,1,0,141,17,124,350,61,289
432.0,56,277,4,9,0,0,2,1,1,141,17,124,350,61,289
433.0,56,275,5,10,0,0,2,1,0,142,17,125,349,61,288
434.0,56,277,5,10,0,0,2,1,0,142,17,125,351,61,290
435.0,56,276,5,11,0,0,2,1,1,142,17,125,352,61,291
436.0,56,276,5,11,0,0,2,1,1,142,17,125,352,61,291
437.0,56,277,5,10,0,0,2,1,1,143,17,126,352,61,291
438.0,56,280,5,10,0,0,2,1,1,143,17,126,355,61,294
439.0,56,279,5,11,0,0,2,1,0,144,17,127,354,61,293
440.0,56,279,5,12,0,0,2,1,0,144,17,127,355,61,294
441.0,56,278,5,13,0,0,2,1,0,144,17,127,355,61,294
442.0,56,279,5,13,0,0,2,1,0,144,17,127,356,61,295
443.0,56,280,5,13,0,0,2,1,0,144,17,127,357,61,296
444.0,56,279,5,14,0,0,2,1,0,144,17,127,357,61,296
445.0,56,281,5,14,0,0,2,1,0,144,17,127,359,61,298
446.0,56,281,5,14,0,0,2,1,0,144,17,127,359,61,298
447.0,56,281,5,14,0,0,2,1,0,144,17,127,359,61,298
448.0,56,283,5,13,0,0,2,1,1,144,17,127,361,61,300
449.0,55,282,5,15,0,0,2,1,1,144,17,127,361,61,300
450.0,55,282,5,14,0,1,2,1,1,144,17,127,361,61,300
451.0,55,282,5,14,0,0,2,1,1,145,17,128,360,61,299
452.0,55,282,5,14,0,0,2,1,0,146,17,129,359,61,298
453.0,55,282,5,14,0,0,2,1,0,146,17,129,359,61,298
454.0,55,283,5,14,0,0,2,1,0,146,17,129,360,61,299
455.0,55,283,5,13,0,0,2,1,1,146,17,129,360,61,299
456.0,55,283,5,14,0,0,2,1,1,146,17,129,361,61,300
457.0,55,284,6,14,0,0,2,1,0,147,17,130,362,61,301
458.0,55,285,6,14,0,0,2,1,0,147,17,130,363,61,302
459.0,55,285,6,13,0,0,2,1,1,147,17,130,363,61,302
460.0,56,285,6,13,0,0,2,1,0,148,17,131,363,62,301
461.0,56,285,5,13,0,0,2,1,1,148,17,131,363,62,301
462.0,56,286,5,13,0,0,2,1,1,148,17,131,364,62,302
463.0,56,285,5,14,0,0,2,1,0,149,17,132,363,62,301
464.0,56,285,5,13,0,0,2,1,1,149,17,132,363,62,301
465.0,56,285,4,13,0,0,2,1,1,150,18,132,362,61,301
466.0,56,285,4,13,0,0,2,1,0,151,18,133,361,61,300
467.0,55,285,4,15,0,0,2,1,0,151,18,133,362,61,301
468.0,56,287,4,15,0,0,2,1,0,151,18,133,365,62,303
469.0,56,287,4,15,0,0,2,1,0,151,18,133,365,62,303
470.0,55,288,4,16,0,0,2,1,0,151,18,133,366,62,304
471.0,55,288,4,15,0,0,2,1,1,151,18,133,366,62,304
472.0,56,289,4,15,0,0,2,1,1,151,18,133,368,63,305
473.0,56,289,4,15,0,0,2,1,0,152,19,133,367,62,305
474.0,56,288,5,15,0,0,1,1,1,152,19,133,367,62,305
475.0,56,288,5,15,0,0,2,1,0,153,19,134,367,62,305
476.0,56,290,4,15,0,0,2,1,1,153,19,134,369,62,307
477.0,56,289,4,16,0,0,2,1,0,154,20,134,368,61,307
478.0,56,290,4,15,0,0,2,1,1,154,20,134,369,61,308
479.0,56,289,4,17,0,0,2,1,0,155,21,134,369,60,309
480.0,56,290,3,17,0,0,2,1,1,155,21,134,370,60,310
481.0,56,290,3,17,0,0,2,1,0,156,21,135,369,60,309
482.0,56,292,3,17,0,0,2,1,0,156,21,135,371,60,311
483.0,56,294,3,17,0,0,2,1,0,156,21,135,373,60,313
484.0,56,295,3,16,0,0,2,1,1,156,21,135,374,60,314
485.0,56,296,3,17,0,0,2,1,1,156,21,135,376,60,316
486.0,55,300,3,18,0,0,2,1,0,157,22,135,379,59,320
487.0,55,300,3,17,0,0,2,1,1,157,22,135,379,59,320
488.0,55,302,3,17,0,0,2,1,1,157,22,135,381,59,322
489.0,55,302,4,16,0,0,2,1,1,158,22,136,381,59,322
490.0,55,302,4,17,0,0,2,1,0,159,22,137,381,59,322
491.0,56,303,4,16,0,0,2,1,1,159,22,137,383,60,323
492.0,56,304,4,16,0,0,2,1,0,160,22,138,383,60,323
493.0,56,305,4,17,0,0,2,1,0,160,22,138,385,60,325
494.0,57,307,4,16,0,0,2,1,1,160,22,138,388,61,327
495.0,57,308,4,15,0,0,2,1,1,161,22,139,388,61,327
496.0,57,308,4,16,0,0,2,1,0,162,22,140,388,61,327
497.0,58,309,4,16,0,0,2,1,0,162,22,140,390,62,328
498.0,58,310,4,16,0,0,2,1,1,162,22,140,392,62,330
499.0,58,311,4,17,0,0,2,1,0,163,22,141,393,62,331
500.0,58,314,4,16,0,0,2,1,1,163,22,141,396,62,334
501.0,58,316,4,16,0,0,2,1,0,164,22,142,397,62,335
502.0,58,317,4,15,0,0,2,1,1,164,22,142,398,62,336
503.0,58,317,4,16,0,0,2,1,0,165,22,143,398,62,336
504.0,58,318,4,17,0,0,2,1,0,165,22,143,400,62,338
505.0,58,319,4,17,0,0,2,1,0,165,22,143,401,62,339
506.0,58,320,4,16,0,0,2,1,1,165,22,143,402,62,340
507.0,58,321,4,16,0,0,2,1,1,165,22,143,403,62,341
508.0,60,321,4,16,0,0,2,1,0,166,22,144,404,64,340
509.0,60,321,4,16,0,0,2,1,0,166,22,144,404,64,340
510.0,60,323,3,16,0,0,2,1,1,166,22,144,406,64,342
511.0,58,324,3,18,0,0,2,1,1,166,22,144,407,64,343
512.0,58,325,3,18,0,0,2,1,0,167,22,145,407,64,343
513.0,58,328,3,18,0,0,2,1,0,167,22,145,410,64,346
514.0,58,329,3,17,0,0,2,1,1,167,22,145,411,64,347
515.0,58,330,4,17,0,0,2,1,0,168,23,145,412,64,348
516.0,58,329,5,16,0,0,2,1,1,168,23,145,412,64,348
517.0,58,329,6,16,0,0,2,1,1,168,23,145,413,64,349
518.0,58,329,6,16,0,0,2,1,0,169,23,146,412,64,348
519.0,58,330,6,16,0,0,2,1,0,169,23,146,413,64,349
520.0,58,331,6,17,0,0,2,1,0,169,23,146,415,64,351
521.0,58,331,6,17,0,0,2,1,0,169,23,146,415,64,351
522.0,58,331,6,16,0,0,2,1,1,169,23,146,415,64,351
523.0,58,332,6,17,0,0,2,1,1,169,23,146,417,64,353
524.0,58,333,6,17,0,0,2,1,1,169,23,146,418,64,354
525.0,60,335,6,16,0,0,2,1,1,170,23,147,421,66,355
526.0,60,337,5,16,0,0,2,1,1,171,23,148,422,66,356
527.0,60,338,5,17,0,0,2,1,0,172,23,149,423,66,357
528.0,61,337,5,18,0,0,2,1,0,172,23,149,424,67,357
529.0,62,340,4,18,0,0,2,1,1,172,23,149,428,68,360
530.0,62,340,4,19,0,0,2,1,0,173,24,149,428,68,360
531.0,62,339,4,20,0,0,2,1,0,173,24,149,428,68,360
532.0,62,341,4,20,0,0,2,1,0,173,24,149,430,68,362
533.0,62,343,4,20,0,0,2,1,0,173,24,149,432,68,364
534.0,62,343,4,19,0,0,2,1,1,173,24,149,432,68,364
535.0,62,345,4,19,0,0,2,1,1,173,24,149,434,68,366
536.0,63,344,4,20,0,0,2,1,1,173,24,149,435,69,366
537.0,63,344,4,19,0,0,2,1,1,174,25,149,434,68,366
538.0,63,344,5,18,0,0,2,1,1,175,25,150,434,68,366
539.0,63,344,5,18,0,0,2,1,1,175,25,150,434,68,366
540.0,63,344,5,18,0,0,2,1,0,176,25,151,433,68,365
541.0,63,344,5,19,0,0,2,1,1,176,25,151,435,68,367
542.0,63,344,5,19,0,0,2,1,0,177,25,152,434,68,366
543.0,63,345,5,19,0,0,2,1,0,177,25,152,435,68,367
544.0,63,347,5,19,0,0,2,1,0,177,25,152,437,68,369
545.0,63,350,5,19,0,0,2,1,0,177,25,152,440,68,372
546.0,64,350,5,18,0,0,2,1,1,177,25,152,441,69,372
547.0,64,350,5,20,0,0,2,1,0,178,25,153,442,69,373
548.0,64,350,5,20,0,0,2,1,0,178,25,153,442,69,373
549.0,64,351,4,20,0,0,2,1,1,178,25,153,443,69,374
550.0,64,351,4,20,0,0,2,1,1,178,25,153,443,69,374
551.0,64,354,4,19,0,0,2,1,1,179,25,154,445,69,376
552.0,64,355,4,20,0,0,2,1,0,180,26,154,446,68,378
553.0,65,356,4,20,0,0,2,1,0,180,26,154,448,69,379
554.0,65,356,4,20,0,0,2,1,0,180,26,154,448,69,379
555.0,65,357,4,19,0,0,2,1,1,180,26,154,449,69,380
556.0,64,358,4,20,0,0,2,1,0,181,26,155,449,69,380
557.0,64,357,4,21,0,0,2,1,0,181,26,155,449,69,380
558.0,64,357,4,20,0,0,2,1,1,181,26,155,449,69,380
559.0,64,358,5,20,0,0,2,1,1,181,26,155,451,70,381
560.0,64,359,5,20,0,0,2,1,0,182,26,156,451,70,381
561.0,65,359,5,20,0,0,2,1,1,182,26,156,453,71,382
562.0,66,360,5,20,0,0,2,1,0,183,26,157,454,72,382
563.0,66,360,5,19,0,0,2,1,1,183,26,157,454,72,382
564.0,66,361,5,19,0,0,2,1,0,184,26,158,454,72,382
565.0,65,362,5,20,0,0,2,1,0,184,26,158,455,72,383
566.0,65,363,5,19,0,0,2,1,1,184,26,158,456,72,384
567.0,65,363,5,19,0,0,2,1,0,185,26,159,455,72,383
568.0,65,364,5,19,0,0,2,1,0,185,26,159,456,72,384
569.0,66,367,5,19,0,0,2,1,0,185,26,159,460,73,387
570.0,66,366,6,18,0,0,2,1,1,185,26,159,460,73,387
571.0,66,366,6,18,0,0,2,1,1,185,26,159,460,73,387
572.0,67,367,6,18,0,0,2,1,0,186,26,160,461,74,387
573.0,67,367,6,17,0,0,2,1,1,186,26,160,461,74,387
574.0,67,366,7,17,0,0,2,1,1,186,26,160,461,74,387
575.0,67,366,7,17,0,0,2,1,0,187,26,161,460,74,386
576.0,67,366,7,18,0,0,2,1,0,187,26,161,461,74,387
577.0,67,366,7,19,0,0,2,1,0,187,26,161,462,74,388
578.0,67,366,7,18,0,0,2,1,1,187,26,161,462,74,388
579.0,66,367,7,19,0,0,2,1,1,187,26,161,463,74,389
580.0,66,367,7,19,0,0,2,1,0,188,26,162,462,74,388
581.0,67,368,7,19,0,0,2,1,0,188,26,162,464,75,389
582.0,67,366,7,20,0,0,2,1,1,188,26,162,464,75,389
583.0,67,366,6,20,0,0,2,1,1,189,26,163,463,75,388
584.0,67,366,6,20,0,0,2,1,1,189,26,163,463,75,388
585.0,67,367,5,20,0,0,2,1,1,190,27,163,463,74,389
586.0,67,367,5,20,0,0,2,1,0,191,28,163,462,73,389
587.0,67,367,5,19,0,0,2,1,1,191,28,163,462,73,389
588.0,67,368,5,19,0,0,2,1,1,191,28,163,463,73,390
589.0,67,368,5,19,0,0,2,1,0,192,29,163,462,72,390
590.0,67,369,5,20,0,0,2,1,0,192,29,163,464,72,392
591.0,66,369,5,20,0,0,2,1,1,192,29,163,464,72,392
592.0,66,370,5,20,0,0,2,1,0,193,29,164,464,72,392
593.0,66,369,5,20,0,0,2,1,1,193,29,164,464,72,392
594.0,66,371,5,20,0,0,2,1,0,194,29,165,465,72,393
595.0,66,372,5,20,0,0,2,1,0,194,29,165,466,72,394
596.0,67,372,5,21,0,0,2,1,0,194,29,165,468,73,395
597.0,67,372,5,21,0,0,2,1,0,194,29,165,468,73,395
598.0,66,372,6,20,0,0,2,1,1,194,29,165,468,73,395
599.0,66,371,6,21,0,0,2,1,1,194,29,165,468,73,395
600.0,66,371,6,21,0,0,2,1,0,195,29,166,467,73,394
601.0,65,371,6,22,0,0,2,1,0,195,29,166,467,73,394
602.0,65,372,6,22,0,0,2,1,0,195,29,166,468,73,395
603.0,65,372,6,21,0,0,2,1,1,195,29,166,468,73,395
604.0,65,372,6,20,0,0,2,1,1,196,29,167,467,73,394
605.0,65,371,7,20,0,0,2,1,0,197,29,168,466,73,393
606.0,65,371,7,19,0,0,2,1,1,197,29,168,466,73,393
607.0,65,371,7,19,0,0,2,1,0,198,29,169,465,73,392
608.0,65,371,7,19,0,0,2,1,0,198,29,169,465,73,392
609.0,65,370,7,20,0,0,2,1,0,198,29,169,465,73,392
610.0,65,369,7,20,0,0,2,1,1,198,29,169,465,73,392
611.0,65,368,7,21,0,0,2,1,0,199,29,170,464,73,391
612.0,65,368,7,21,0,0,2,1,0,199,29,170,464,73,391
613.0,65,368,7,21,0,0,2,1,0,199,29,170,464,73,391
614.0,65,368,7,20,0,0,2,1,1,199,29,170,464,73,391
615.0,65,367,7,21,0,0,2,1,1,199,29,170,464,73,391
616.0,65,367,7,21,0,0,2,1,0,200,30,170,463,72,391
617.0,65,369,7,20,0,0,2,1,1,200,30,170,465,72,393
618.0,65,368,7,21,0,0,2,1,1,200,30,170,465,72,393
619.0,65,369,7,21,0,0,2,1,0,201,30,171,465,72,393
620.0,66,369,7,21,0,0,2,1,0,201,30,171,466,73,393
621.0,66,371,7,20,0,0,2,1,1,201,30,171,468,73,395
622.0,66,370,7,21,0,0,2,1,0,202,30,172,467,73,394
623.0,66,372,7,21,0,0,2,1,0,202,30,172,469,73,396
624.0,67,374,7,21,0,0,2,1,0,202,30,172,472,74,398
625.0,67,375,7,20,0,0,2,1,1,202,30,172,473,74,399
626.0,67,375,7,21,0,0,2,1,0,203,30,173,473,74,399
627.0,67,376,7,21,0,0,2,1,0,203,30,173,474,74,400
628.0,67,376,7,21,0,0,2,1,1,203,30,173,475,74,401
629.0,67,376,7,21,0,0,2,1,0,204,30,174,474,74,400
630.0,67,375,7,21,0,0,2,1,1,204,30,174,474,74,400
631.0,67,374,7,22,0,0,2,1,0,205,30,175,473,74,399
632.0,67,374,7,21,0,0,2,1,1,205,30,175,473,74,399
633.0,67,374,7,21,0,0,2,1,0,206,30,176,472,74,398
634.0,67,376,6,21,0,0,2,1,1,206,30,176,474,74,400
635.0,67,377,6,22,0,0,2,1,1,206,30,176,476,74,402
636.0,67,377,6,21,0,0,2,1,1,207,30,177,475,74,401
637.0,67,376,6,22,0,0,2,1,0,208,31,177,474,73,401
638.0,67,377,6,22,0,0,2,1,0,208,31,177,475,73,402
639.0,67,377,6,21,0,0,2,1,1,208,31,177,475,73,402
640.0,67,376,6,23,0,0,2,1,0,209,31,178,475,73,402
641.0,67,377,6,23,0,0,2,1,0,209,31,178,476,73,403
642.0,67,377,5,23,0,0,2,1,1,209,31,178,476,73,403
643.0,67,376,5,24,0,0,2,1,1,209,31,178,476,73,403
644.0,66,377,5,25,0,0,2,1,0,210,31,179,476,73,403
645.0,66,377,4,25,0,0,2,1,1,210,31,179,476,73,403
646.0,66,376,4,26,0,0,2,1,1,210,31,179,476,73,403
647.0,66,377,4,26,0,0,2,1,0,211,32,179,476,72,404
648.0,66,375,5,26,0,0,2,1,1,211,32,179,476,72,404
649.0,66,377,5,25,0,0,2,1,1,212,33,179,477,71,406
650.0,66,377,5,25,0,0,2,1,0,213,33,180,476,71,405
651.0,66,377,5,24,0,0,2,1,1,213,33,180,476,71,405
652.0,66,376,5,25,0,0,2,1,0,214,33,181,475,71,404
653.0,66,376,5,25,0,0,2,1,0,214,33,181,475,71,404
654.0,66,376,4,25,0,0,2,1,1,214,33,181,475,71,404
655.0,66,377,4,25,0,0,2,1,0,215,33,182,475,71,404
656.0,66,378,4,24,0,0,2,1,1,215,33,182,476,71,405
657.0,66,376,4,26,0,0,2,1,0,216,34,182,475,70,405
658.0,66,376,4,25,0,0,2,1,1,216,34,182,475,70,405
659.0,67,376,4,25,0,0,2,1,1,216,34,182,476,71,405
660.0,67,376,4,26,0,0,2,1,0,217,34,183,476,71,405
661.0,67,376,4,25,0,0,2,1,1,217,34,183,476,71,405
662.0,67,376,4,25,0,0,2,1,1,217,34,183,476,71,405
663.0,67,377,4,25,0,0,2,1,0,218,34,184,476,71,405
664.0,67,377,4,25,0,0,2,1,0,218,34,184,476,71,405
665.0,67,377,4,25,0,0,2,1,0,218,34,184,476,71,405
666.0,67,377,4,25,0,0,2,1,0,218,34,184,476,71,405
667.0,67,377,4,25,0,0,2,1,1,218,34,184,477,71,406
668.0,67,377,4,25,0,0,2,1,1,218,34,184,477,71,406
669.0,67,377,4,24,0,0,2,1,1,219,34,185,476,71,405
670.0,67,376,4,25,0,0,2,1,0,220,34,186,475,71,404
671.0,67,376,3,25,0,0,2,1,1,220,34,186,475,71,404
672.0,67,376,3,25,0,0,2,1,1,220,34,186,475,71,404
673.0,67,376,3,25,0,0,2,1,0,221,34,187,474,71,403
674.0,67,376,3,25,0,0,2,1,0,221,34,187,474,71,403
675.0,67,376,3,25,0,0,2,1,0,221,34,187,474,71,403
676.0,67,376,3,24,0,0,2,1,1,221,34,187,474,71,403
677.0,67,374,3,25,0,1,2,1,1,221,34,187,474,71,403
678.0,67,374,3,25,0,0,2,1,1,222,35,187,473,70,403
679.0,67,374,2,25,0,1,2,1,1,222,35,187,473,70,403
680.0,67,374,2,25,0,0,2,1,1,223,35,188,472,70,402
681.0,67,374,2,25,0,0,2,1,0,224,35,189,471,70,401
682.0,67,374,2,24,0,0,2,1,1,224,35,189,471,70,401
683.0,67,374,2,25,0,0,2,1,0,225,36,189,471,69,402
684.0,67,374,1,25,0,0,2,1,1,225,36,189,471,69,402
685.0,67,374,1,25,0,0,2,1,0,226,36,190,470,69,401
686.0,67,373,1,26,0,0,2,1,0,226,36,190,470,69,401
687.0,67,372,1,26,0,0,2,1,1,226,36,190,470,69,401
688.0,67,372,1,25,0,0,2,1,1,227,37,190,469,68,401
689.0,66,372,1,25,0,0,2,1,1,228,37,191,468,68,400
690.0,66,372,1,25,0,0,2,1,0,229,37,192,467,68,399
691.0,66,372,1,25,0,0,2,1,0,229,37,192,467,68,399
692.0,66,372,1,25,0,0,2,1,0,229,37,192,467,68,399
693.0,66,372,1,25,0,0,2,1,0,229,37,192,467,68,399
694.0,67,372,1,25,0,0,2,1,0,229,37,192,468,69,399
695.0,67,372,1,25,0,0,2,1,0,229,37,192,468,69,399
696.0,67,371,2,24,0,0,2,1,1,229,37,192,468,69,399
697.0,68,370,2,25,0,0,2,1,1,229,37,192,469,70,399
698.0,68,370,2,24,0,0,2,1,1,230,37,193,468,70,398
699.0,68,369,2,25,0,0,2,1,0,231,37,194,467,70,397
700.0,68,369,2,26,0,0,2,1,0,231,37,194,468,70,398
701.0,68,369,2,27,0,0,2,1,0,231,37,194,469,70,399
702.0,68,369,2,27,0,0,2,1,0,231,37,194,469,70,399
703.0,68,369,2,26,0,0,2,1,1,231,37,194,469,70,399
704.0,68,368,2,27,0,0,2,1,1,231,37,194,469,70,399
705.0,68,368,2,27,0,0,2,1,0,232,37,195,468,70,398
706.0,68,367,2,27,0,0,2,1,1,232,37,195,468,70,398
707.0,68,367,2,27,0,0,2,1,0,233,37,196,467,70,397
708.0,68,367,2,26,0,0,2,1,1,233,37,196,467,70,397
709.0,67,367,2,27,0,0,2,1,0,234,37,197,466,70,396
710.0,67,368,2,27,0,0,2,1,0,234,37,197,467,70,397
711.0,67,367,2,27,0,0,2,1,1,234,37,197,467,70,397
712.0,67,367,2,27,0,0,2,1,0,235,37,198,466,70,396
713.0,67,367,2,27,0,0,2,1,0,235,37,198,466,70,396
714.0,67,366,2,27,0,0,2,1,1,235,37,198,466,70,396
715.0,67,367,3,27,0,0,2,1,0,236,37,199,467,70,397
716.0,67,370,3,27,0,0,2,1,0,236,37,199,470,70,400
717.0,67,370,3,26,0,0,2,1,1,236,37,199,470,70,400
718.0,67,369,3,27,0,0,2,1,1,236,37,199,470,70,400
719.0,67,370,3,27,0,0,2,1,0,237,37,200,470,70,400
720.0,67,370,3,26,0,0,2,1,1,237,37,200,470,70,400
721.0,67,370,3,26,0,0,2,1,0,238,37,201,469,70,399
722.0,67,369,3,27,0,0,2,1,0,238,37,201,469,70,399
723.0,66,369,3,28,0,0,2,1,0,238,37,201,469,70,399
724.0,66,369,3,27,0,0,2,1,1,238,37,201,469,70,399
725.0,66,369,3,26,0,0,2,1,1,239,37,202,468,70,398
726.0,66,369,3,25,0,1,2,1,1,239,37,202,468,70,398
727.0,66,369,3,25,0,0,2,1,1,240,37,203,467,70,397
728.0,66,368,4,25,0,0,2,1,0,241,37,204,466,70,396
729.0,66,368,4,24,0,0,2,1,1,241,37,204,466,70,396
730.0,66,368,4,24,0,0,2,1,1,241,37,204,466,70,396
731.0,66,368,3,24,0,0,2,1,1,242,37,205,465,70,395
732.0,66,367,3,24,0,0,2,1,1,243,37,206,464,70,394
733.0,66,367,3,24,0,0,2,1,0,244,38,206,463,69,394
734.0,65,367,3,25,0,0,2,1,0,244,38,206,463,69,394
735.0,65,367,3,25,0,0,2,1,0,244,38,206,463,69,394
736.0,65,366,4,25,0,0,2,1,0,244,38,206,463,69,394
737.0,65,366,4,24,0,0,2,1,1,244,38,206,463,69,394
738.0,65,366,4,24,0,0,2,1,1,244,38,206,463,69,394
739.0,65,366,4,24,0,0,2,1,0,245,38,207,462,69,393
740.0,64,365,4,25,0,0,2,1,1,245,38,207,462,69,393
741.0,64,365,4,25,0,0,2,1,1,245,38,207,462,69,393
742.0,64,365,4,25,0,0,2,1,0,246,38,208,461,69,392
743.0,64,364,5,25,0,0,2,1,0,246,38,208,461,69,392
744.0,64,363,5,25,0,0,2,1,1,246,38,208,461,69,392
745.0,64,363,5,25,0,0,2,1,0,247,38,209,460,69,391
746.0,64,363,5,25,0,0,2,1,0,247,38,209,460,69,391
747.0,64,363,5,24,0,0,2,1,1,247,38,209,460,69,391
748.0,64,362,5,25,0,0,2,1,0,248,38,210,459,69,390
749.0,64,362,5,25,0,0,2,1,0,248,38,210,459,69,390
750.0,64,361,5,26,0,0,2,1,0,248,38,210,459,69,390
751.0,64,361,5,26,0,0,2,1,0,248,38,210,459,69,390
752.0,64,361,5,25,0,0,2,1,1,248,38,210,459,69,390
753.0,64,360,5,26,0,0,2,1,0,249,38,211,458,69,389
754.0,64,360,5,25,0,0,2,1,1,249,38,211,458,69,389
755.0,64,360,5,25,0,0,2,1,0,250,38,212,457,69,388
756.0,64,360,5,25,0,0,2,1,0,250,38,212,457,69,388
757.0,64,360,5,25,0,0,2,1,0,250,38,212,457,69,388
758.0,64,359,5,25,0,0,2,1,1,250,38,212,457,69,388
759.0,64,358,5,26,0,0,2,1,1,250,38,212,457,69,388
760.0,63,358,5,27,0,0,2,1,0,251,38,213,456,69,387
761.0,63,358,5,27,0,0,2,1,0,251,38,213,456,69,387
762.0,63,358,5,27,0,0,2,1,0,251,38,213,456,69,387
763.0,63,358,5,26,0,0,2,1,1,251,38,213,456,69,387
764.0,63,357,5,27,0,0,2,1,1,251,38,213,456,69,387
765.0,63,356,6,26,0,0,2,1,1,252,38,214,455,69,386
766.0,63,356,6,26,0,0,2,1,0,253,38,215,454,69,385
767.0,63,355,6,26,0,0,2,1,1,253,38,215,454,69,385
768.0,63,355,6,26,0,0,2,1,0,254,38,216,453,69,384
769.0,63,355,6,26,0,0,2,1,0,254,38,216,453,69,384
770.0,62,355,6,26,0,0,2,1,1,254,38,216,453,69,384
771.0,62,355,5,26,0,0,2,1,1,255,38,217,452,69,383
772.0,62,355,5,26,0,0,2,1,0,256,38,218,451,69,382
773.0,62,355,5,26,0,0,2,1,0,256,38,218,451,69,382
774.0,61,355,6,26,0,0,2,1,0,256,38,218,451,69,382
775.0,61,355,6,25,0,0,2,1,1,256,38,218,451,69,382
776.0,61,354,6,26,0,0,2,1,1,256,38,218,451,69,382
777.0,61,354,6,26,0,0,2,1,0,257,39,218,450,68,382
778.0,61,354,6,26,0,0,2,1,0,257,39,218,450,68,382
779.0,61,354,6,26,0,0,2,1,0,257,39,218,450,68,382
780.0,61,354,6,25,0,0,2,1,1,257,39,218,450,68,382
781.0,61,354,6,25,0,0,2,1,1,257,39,218,450,68,382
782.0,61,353,7,25,0,0,2,1,1,257,39,218,450,68,382
783.0,61,352,7,25,0,0,2,1,1,258,39,219,449,68,381
784.0,61,352,7,25,0,0,2,1,0,259,39,220,448,68,380
785.0,61,352,7,24,0,0,2,1,1,259,39,220,448,68,380
786.0,61,350,7,25,0,0,2,1,1,260,39,221,447,68,379
787.0,61,350,7,25,0,0,2,1,0,261,39,222,446,68,378
788.0,61,350,7,25,0,0,2,1,0,261,39,222,446,68,378
789.0,61,350,7,24,0,0,2,1,1,261,39,222,446,68,378
790.0,61,349,7,25,0,0,2,1,1,261,39,222,446,68,378
791.0,61,349,7,25,0,0,2,1,0,262,39,223,445,68,377
792.0,61,349,7,25,0,0,2,1,0,262,39,223,445,68,377
793.0,61,348,7,26,0,0,2,1,0,262,39,223,445,68,377
794.0,61,348,7,25,0,0,2,1,1,262,39,223,445,68,377
795.0,61,348,7,25,0,0,2,1,0,263,39,224,444,68,376
796.0,61,347,7,25,0,0,2,1,1,263,39,224,444,68,376
797.0,61,347,7,25,0,0,2,1,0,264,39,225,443,68,375
798.0,61,347,7,25,0,0,2,1,0,264,39,225,443,68,375
799.0,61,347,7,24,0,0,2,1,1,264,39,225,443,68,375
800.0,61,346,7,25,0,0,2,1,0,265,39,226,442,68,374
801.0,61,346,6,25,0,0,2,1,1,265,39,226,442,68,374
802.0,60,345,6,27,0,0,2,1,0,266,39,227,441,68,373
803.0,60,345,6,27,0,0,2,1,0,266,39,227,441,68,373
804.0,60,345,6,27,0,0,2,1,0,266,39,227,441,68,373
805.0,60,345,6,26,0,0,2,1,1,266,39,227,441,68,373
806.0,60,345,6,26,0,0,2,1,1,266,39,227,441,68,373
807.0,59,345,6,26,0,0,2,1,1,267,40,227,440,67,373
808.0,59,345,6,26,0,0,2,1,0,268,40,228,439,67,372
809.0,59,345,6,25,0,0,2,1,1,268,40,228,439,67,372
810.0,59,344,7,25,0,0,2,1,1,268,40,228,439,67,372
811.0,59,343,8,25,0,0,2,1,0,269,40,229,438,67,371
812.0,59,343,7,25,0,0,2,1,1,269,40,229,438,67,371
813.0,59,342,7,26,0,0,2,1,1,269,40,229,438,67,371
814.0,59,342,7,26,0,0,2,1,0,270,40,230,437,67,370
815.0,59,342,7,25,0,0,2,1,1,270,40,230,437,67,370
816.0,59,341,7,26,0,0,2,1,0,271,41,230,436,66,370
817.0,59,341,7,25,0,0,2,1,1,271,41,230,436,66,370
818.0,59,340,7,26,0,0,2,1,0,272,41,231,435,66,369
819.0,59,340,7,26,0,0,2,1,0,272,41,231,435,66,369
820.0,59,340,7,26,0,0,2,1,0,272,41,231,435,66,369
821.0,59,340,7,26,0,0,2,1,0,272,41,231,435,66,369
822.0,59,339,6,27,0,0,2,1,1,272,41,231,435,66,369
823.0,59,339,6,27,0,0,2,1,1,272,41,231,435,66,369
824.0,59,339,6,27,0,0,2,1,0,273,41,232,434,66,368
825.0,59,338,6,27,0,0,2,1,1,273,41,232,434,66,368
826.0,58,338,6,28,0,0,2,1,0,274,42,232,433,65,368
827.0,58,338,6,27,0,0,2,1,1,274,42,232,433,65,368
828.0,58,338,6,27,0,0,2,1,0,275,42,233,432,65,367
829.0,58,338,5,27,0,0,2,1,1,275,42,233,432,65,367
830.0,58,337,5,28,0,0,2,1,1,275,42,233,432,65,367
831.0,58,337,5,27,0,0,2,1,1,276,42,234,431,65,366
832.0,58,337,5,27,0,0,2,1,1,276,42,234,431,65,366
833.0,56,337,6,27,0,0,2,1,1,277,43,234,430,64,366
834.0,56,337,6,27,0,0,2,1,0,278,43,235,429,64,365
835.0,56,337,6,27,0,0,2,1,0,278,43,235,429,64,365
836.0,56,336,7,27,0,0,2,1,0,278,43,235,429,64,365
837.0,56,336,7,26,0,0,2,1,1,278,43,235,429,64,365
838.0,56,336,7,26,0,0,2,1,0,279,43,236,428,64,364
839.0,56,336,7,26,0,0,2,1,0,279,43,236,428,64,364
840.0,56,336,7,25,0,0,2,1,1,279,43,236,428,64,364
841.0,56,335,8,24,0,0,2,1,1,280,43,237,427,64,363
842.0,55,335,8,25,0,0,2,1,1,280,43,237,427,64,363
843.0,55,335,8,25,0,0,2,1,0,281,43,238,426,64,362
844.0,54,335,8,26,0,0,2,1,0,281,43,238,426,64,362
845.0,54,335,8,25,0,0,2,1,1,281,43,238,426,64,362
846.0,54,334,9,25,0,0,2,1,0,282,43,239,425,64,361
847.0,54,334,9,25,0,0,2,1,0,282,43,239,425,64,361
848.0,54,334,9,25,0,0,2,1,0,282,43,239,425,64,361
849.0,54,334,9,25,0,0,2,1,0,282,43,239,425,64,361
850.0,54,334,9,25,0,0,2,1,0,282,43,239,425,64,361
851.0,54,334,9,25,0,0,2,1,0,282,43,239,425,64,361
852.0,53,333,10,25,0,0,2,1,1,282,43,239,425,64,361
853.0,53,333,10,24,0,1,2,1,1,282,43,239,425,64,361
854.0,53,333,10,24,0,1,2,1,1,282,43,239,425,64,361
855.0,53,333,10,24,0,0,2,1,1,283,43,240,424,64,360
856.0,53,331,11,25,0,0,2,1,0,284,43,241,423,64,359
857.0,53,331,11,25,0,1,2,0,0,284,43,241,423,64,359
858.0,53,331,10,25,0,0,2,1,1,284,43,241,423,64,359
859.0,53,331,10,25,0,0,2,1,0,285,43,242,422,64,358
860.0,53,330,10,25,0,0,2,1,1,285,43,242,422,64,358
861.0,53,330,10,25,0,0,2,1,0,286,44,242,421,63,358
862.0,53,330,10,25,0,0,2,1,0,286,44,242,421,63,358
863.0,53,330,10,24,0,0,2,1,1,286,44,242,421,63,358
864.0,53,329,9,25,0,0,2,1,1,287,44,243,420,63,357
865.0,53,329,9,25,0,0,2,1,0,288,44,244,419,63,356
866.0,53,329,9,25,0,0,2,1,0,288,44,244,419,63,356
867.0,53,329,9,24,0,0,2,1,1,288,44,244,419,63,356
868.0,53,329,9,24,0,0,2,1,0,289,45,244,418,62,356
869.0,53,328,9,25,0,0,2,1,0,289,45,244,418,62,356
870.0,53,327,9,26,0,0,2,1,0,289,45,244,418,62,356
871.0,53,327,9,26,0,0,2,1,0,289,45,244,418,62,356
872.0,53,327,9,26,0,0,2,1,0,289,45,244,418,62,356
873.0,53,327,9,26,0,0,2,1,0,289,45,244,418,62,356
874.0,53,326,9,27,0,0,2,1,0,289,45,244,418,62,356
875.0,53,325,9,28,0,0,2,1,0,289,45,244,418,62,356
876.0,53,325,8,28,0,0,2,1,1,289,45,244,418,62,356
877.0,53,325,8,28,0,0,2,1,1,289,45,244,418,62,356
878.0,53,325,8,28,0,0,2,1,0,290,45,245,417,62,355
879.0,52,325,8,29,0,0,2,1,0,290,45,245,417,62,355
880.0,52,324,8,29,0,0,2,1,1,290,45,245,417,62,355
881.0,52,324,8,29,0,0,2,1,0,291,46,245,416,61,355
882.0,52,324,8,29,0,0,2,1,0,291,46,245,416,61,355
883.0,52,324,8,28,0,0,2,1,1,291,46,245,416,61,355
884.0,52,324,8,27,0,1,2,1,1,291,46,245,416,61,355
885.0,52,324,8,27,0,0,2,1,1,292,46,246,415,61,354
886.0,52,323,8,27,0,0,2,1,1,293,46,247,414,61,353
887.0,52,323,8,27,0,0,2,1,1,293,46,247,414,61,353
888.0,52,323,8,27,0,0,2,1,0,294,46,248,413,61,352
889.0,52,323,8,27,0,0,2,1,0,294,46,248,413,61,352
890.0,52,321,9,27,0,0,2,1,1,294,46,248,413,61,352
891.0,52,321,9,27,0,0,2,1,0,295,46,249,412,61,351
892.0,52,321,9,27,0,0,2,1,0,295,46,249,412,61,351
893.0,52,321,9,26,0,0,2,1,1,295,46,249,412,61,351
894.0,52,320,9,27,0,0,2,1,0,296,46,250,411,61,350
895.0,52,320,9,27,0,0,2,1,0,296,46,250,411,61,350
896.0,52,320,9,26,0,0,2,1,1,296,46,250,411,61,350
897.0,52,320,9,26,0,0,2,1,0,297,46,251,410,61,349
898.0,52,320,9,25,0,0,2,1,1,297,46,251,410,61,349
899.0,52,318,9,27,0,0,2,1,0,298,46,252,409,61,348
900.0,52,318,9,27,0,0,2,1,0,298,46,252,409,61,348
901.0,52,318,9,27,0,0,2,1,0,298,46,252,409,61,348
902.0,52,318,9,26,0,0,2,1,1,298,46,252,409,61,348
903.0,52,318,9,25,0,1,2,1,1,298,46,252,409,61,348
904.0,52,318,9,25,0,0,2,1,1,299,46,253,408,61,347
905.0,52,318,8,25,0,0,2,1,1,300,46,254,407,61,346
906.0,51,318,8,26,0,0,2,1,1,300,46,254,407,61,346
907.0,51,318,8,26,0,0,2,1,0,301,46,255,406,61,345
908.0,51,317,7,27,0,0,2,1,1,301,46,255,406,61,345
909.0,51,317,7,27,0,0,2,1,1,301,46,255,406,61,345
910.0,51,317,7,27,0,0,2,1,0,302,47,255,405,60,345
911.0,51,316,8,26,0,0,2,1,1,302,47,255,405,60,345
912.0,51,315,8,27,0,0,2,1,0,303,48,255,404,59,345
913.0,51,314,8,27,0,0,2,1,1,303,48,255,404,59,345
914.0,51,314,8,27,0,0,2,1,1,303,48,255,404,59,345
915.0,51,312,8,29,0,0,2,1,0,304,48,256,403,59,344
916.0,51,312,8,28,0,0,2,1,1,304,48,256,403,59,344
917.0,51,312,8,28,0,0,2,1,0,305,48,257,402,59,343
918.0,51,312,8,27,0,0,2,1,1,305,48,257,402,59,343
919.0,51,311,8,28,0,0,2,1,0,306,48,258,401,59,342
920.0,51,311,8,28,0,0,2,1,0,306,48,258,401,59,342
921.0,51,311,8,28,0,0,2,1,0,306,48,258,401,59,342
922.0,51,310,8,29,0,0,2,1,0,306,48,258,401,59,342
923.0,51,309,8,30,0,0,2,1,0,306,48,258,401,59,342
924.0,51,309,8,29,0,0,2,1,1,306,48,258,401,59,342
925.0,51,308,8,30,0,0,2,1,0,307,48,259,400,59,341
926.0,51,308,8,30,0,0,2,1,0,307,48,259,400,59,341
927.0,51,308,8,29,0,0,2,1,1,307,48,259,400,59,341
928.0,51,307,8,30,0,0,2,1,0,308,48,260,399,59,340
929.0,51,307,8,30,0,0,2,1,0,308,48,260,399,59,340
930.0,51,307,8,29,0,0,2,1,1,308,48,260,399,59,340
931.0,51,307,8,29,0,0,2,1,1,308,48,260,399,59,340
932.0,51,307,8,29,0,0,2,1,0,309,48,261,398,59,339
933.0,51,307,8,28,0,0,2,1,1,309,48,261,398,59,339
934.0,51,307,8,28,0,0,2,1,0,310,48,262,397,59,338
935.0,51,307,7,28,0,0,2,1,1,310,48,262,397,59,338
936.0,51,306,7,30,0,0,1,1,0,311,48,263,396,59,337
937.0,50,306,7,30,0,0,2,1,0,311,48,263,396,59,337
938.0,50,306,7,30,0,0,2,1,0,311,48,263,396,59,337
939.0,50,305,7,31,0,0,2,1,0,311,48,263,396,59,337
940.0,50,305,6,31,0,0,2,1,1,311,48,263,396,59,337
941.0,50,305,6,31,0,0,2,1,0,312,49,263,395,58,337
942.0,50,305,5,31,0,0,2,1,1,312,49,263,395,58,337
943.0,50,304,5,32,0,0,2,1,0,313,50,263,394,57,337
944.0,50,304,5,32,0,0,2,1,0,313,50,263,394,57,337
945.0,50,303,6,32,0,0,2,1,0,313,50,263,394,57,337
946.0,50,303,6,31,0,0,2,1,1,313,50,263,394,57,337
947.0,50,303,6,31,0,0,2,1,1,313,50,263,394,57,337
948.0,50,302,6,31,0,0,2,1,1,314,51,263,393,56,337
949.0,50,302,6,31,0,0,2,1,1,314,51,263,393,56,337
950.0,49,302,6,32,0,0,2,1,0,315,51,264,392,56,336
951.0,49,302,6,32,0,0,2,1,0,315,51,264,392,56,336
952.0,49,301,5,33,0,0,2,1,1,315,51,264,392,56,336
953.0,49,301,5,33,0,0,2,1,0,316,51,265,391,56,335
954.0,48,301,5,33,0,0,2,1,1,316,51,265,391,56,335
955.0,48,300,6,33,0,0,2,1,0,317,52,265,390,55,335
956.0,48,300,6,33,0,0,2,1,0,317,52,265,390,55,335
957.0,48,300,5,33,0,0,2,1,1,317,52,265,390,55,335
958.0,48,300,5,33,0,0,2,1,1,317,52,265,390,55,335
959.0,48,300,5,33,0,0,2,1,0,318,52,266,389,55,334
960.0,48,299,6,33,0,0,2,1,0,318,52,266,389,55,334
961.0,48,298,6,34,0,0,2,1,0,318,52,266,389,55,334
962.0,48,298,6,33,0,0,2,1,1,318,52,266,389,55,334
963.0,48,297,6,34,0,0,2,1,1,318,52,266,389,55,334
964.0,48,297,5,34,0,0,2,1,1,319,53,266,388,54,334
965.0,48,297,5,34,0,0,2,1,0,320,53,267,387,54,333
966.0,48,296,5,34,0,0,2,1,1,320,53,267,387,54,333
967.0,47,296,5,35,0,0,2,1,0,321,54,267,386,53,333
968.0,47,296,5,34,0,0,2,1,1,321,54,267,386,53,333
969.0,47,296,5,34,0,0,2,1,0,322,54,268,385,53,332
970.0,47,294,6,35,0,0,2,1,0,322,54,268,385,53,332
971.0,47,294,6,34,0,0,2,1,1,322,54,268,385,53,332
972.0,47,294,6,34,0,0,2,1,0,323,54,269,384,53,331
973.0,47,294,6,33,0,0,2,1,1,323,54,269,384,53,331
974.0,47,294,6,33,0,0,2,1,0,324,54,270,383,53,330
975.0,47,294,6,33,0,0,2,1,0,324,54,270,383,53,330
976.0,47,293,6,34,0,0,2,1,0,324,54,270,383,53,330
977.0,47,292,6,35,0,0,2,1,0,324,54,270,383,53,330
978.0,47,292,6,35,0,0,2,1,0,324,54,270,383,53,330
979.0,47,292,6,35,0,0,2,1,0,324,54,270,383,53,330
980.0,47,292,6,35,0,0,2,1,0,324,54,270,383,53,330
981.0,47,292,6,34,0,0,2,1,1,324,54,270,383,53,330
982.0,46,292,6,34,0,1,2,1,1,324,54,270,383,53,330
983.0,46,292,6,34,0,0,2,1,1,325,54,271,382,53,329
984.0,46,292,6,33,0,0,2,1,1,326,54,272,381,53,328
985.0,46,291,6,34,0,0,2,1,1,326,54,272,381,53,328
986.0,45,291,7,34,0,0,2,1,0,327,54,273,380,53,327
987.0,45,291,7,33,0,0,2,1,1,327,54,273,380,53,327
988.0,45,291,7,33,0,0,2,1,0,328,54,274,379,53,326
989.0,45,291,7,33,0,0,2,1,0,328,54,274,379,53,326
990.0,45,291,7,33,0,0,2,1,0,328,54,274,379,53,326
991.0,45,289,8,33,0,0,2,1,1,328,54,274,379,53,326
992.0,45,289,8,33,0,0,2,1,0,329,54,275,378,53,325
993.0,45,289,7,33,0,0,2,1,1,329,54,275,378,53,325
994.0,45,289,7,33,0,0,2,1,1,329,54,275,378,53,325
995.0,45,289,7,33,0,0,2,1,0,330,54,276,377,53,324
996.0,45,289,7,33,0,0,2,1,0,330,54,276,377,53,324
997.0,45,288,7,33,0,0,2,1,1,330,54,276,377,53,324
998.0,45,288,7,33,0,0,2,1,1,330,54,276,377,53,324
999.0,45,288,7,33,0,0,2,1,1,330,54,276,377,53,324
1000.0,45,288,7,32,0,0,2,1,1,331,55,276,376,52,324
1001.0,45,287,7,33,0,0,2,1,0,332,55,277,375,52,323
1002.0,45,287,7,32,0,0,2,1,1,332,55,277,375,52,323
1003.0,44,287,7,33,0,0,2,1,0,333,55,278,374,52,322
1004.0,44,287,7,33,0,0,2,1,0,333,55,278,374,52,322
1005.0,44,287,7,33,0,0,2,1,0,333,55,278,374,52,322
1006.0,44,287,7,33,0,0,2,1,0,333,55,278,374,52,322
1007.0,43,286,8,34,0,0,2,1,0,333,55,278,374,52,322
1008.0,43,286,8,33,0,0,2,1,1,333,55,278,374,52,322
1009.0,43,286,8,33,0,0,2,1,1,333,55,278,374,52,322
1010.0,43,285,8,34,0,0,2,1,0,334,55,279,373,52,321
1011.0,43,284,9,33,0,0,2,1,1,334,55,279,373,52,321
1012.0,43,284,9,33,0,0,2,1,1,334,55,279,373,52,321
1013.0,42,284,9,34,0,0,2,1,0,335,55,280,372,52,320
1014.0,42,283,9,35,0,0,2,1,0,335,55,280,372,52,320
1015.0,42,283,9,35,0,0,2,1,0,335,55,280,372,52,320
1016.0,42,283,9,35,0,0,2,1,0,335,55,280,372,52,320
1017.0,42,283,9,34,0,0,2,1,1,335,55,280,372,52,320
1018.0,42,283,9,34,0,0,2,1,1,335,55,280,372,52,320
1019.0,41,283,10,34,0,0,2,1,0,336,55,281,371,52,319
1020.0,41,283,9,34,0,0,2,1,1,336,55,281,371,52,319
1021.0,41,282,9,35,0,0,2,1,1,336,55,281,371,52,319
1022.0,41,280,10,36,0,0,2,1,0,337,55,282,370,52,318
1023.0,41,280,10,35,0,0,2,1,1,337,55,282,370,52,318
1024.0,41,280,10,35,0,0,2,1,0,338,56,282,369,51,318
1025.0,41,280,10,34,0,0,2,1,1,338,56,282,369,51,318
1026.0,41,280,10,33,0,0,2,1,1,339,56,283,368,51,317
1027.0,41,280,10,33,0,0,2,1,0,340,56,284,367,51,316
1028.0,41,278,10,34,0,0,2,1,1,340,56,284,367,51,316
1029.0,41,278,10,34,0,0,2,1,0,341,56,285,366,51,315
1030.0,41,278,10,33,0,0,2,1,1,341,56,285,366,51,315
1031.0,41,278,10,33,0,0,2,1,0,342,56,286,365,51,314
1032.0,41,278,10,32,0,0,2,1,1,342,56,286,365,51,314
1033.0,41,277,10,33,0,0,2,1,1,342,56,286,365,51,314
1034.0,41,276,10,33,0,0,2,1,1,343,56,287,364,51,313
1035.0,41,276,10,33,0,0,2,1,0,344,56,288,363,51,312
1036.0,41,276,10,33,0,0,2,1,0,344,56,288,363,51,312
1037.0,41,275,10,34,0,0,2,1,0,344,56,288,363,51,312
1038.0,41,274,10,35,0,0,2,1,0,344,56,288,363,51,312
1039.0,41,274,10,35,0,0,2,1,0,344,56,288,363,51,312
1040.0,41,273,10,35,0,0,2,1,1,344,56,288,363,51,312
1041.0,41,273,10,35,0,0,2,1,1,344,56,288,363,51,312
1042.0,41,273,10,34,0,0,2,1,1,345,56,289,362,51,311
1043.0,41,273,10,34,0,0,2,1,1,345,56,289,362,51,311
1044.0,41,272,10,35,0,0,2,1,0,346,56,290,361,51,310
1045.0,41,272,10,34,0,0,2,1,1,346,56,290,361,51,310
1046.0,41,272,10,34,0,0,2,1,1,346,56,290,361,51,310
1047.0,40,271,10,36,0,0,2,1,0,347,56,291,360,51,309
1048.0,40,271,10,35,0,0,2,1,1,347,56,291,360,51,309
1049.0,40,271,10,35,0,0,2,1,1,347,56,291,360,51,309
1050.0,40,271,10,35,0,0,2,1,1,347,56,291,360,51,309
1051.0,40,271,10,35,0,0,2,1,0,348,56,292,359,51,308
1052.0,40,270,10,35,0,0,2,1,1,348,56,292,359,51,308
1053.0,40,270,10,35,0,0,2,1,1,348,56,292,359,51,308
1054.0,40,270,10,34,0,1,2,1,1,348,56,292,359,51,308
1055.0,40,270,10,34,0,0,2,1,1,349,56,293,358,51,307
1056.0,40,269,10,34,0,0,2,1,1,350,56,294,357,51,306
1057.0,40,268,10,35,0,0,2,1,0,351,56,295,356,51,305
1058.0,40,268,10,35,0,0,2,1,0,351,56,295,356,51,305
1059.0,40,266,10,37,0,0,2,1,0,351,56,295,356,51,305
1060.0,40,266,10,37,0,0,2,1,0,351,56,295,356,51,305
1061.0,40,266,10,36,0,0,2,1,1,351,56,295,356,51,305
1062.0,40,265,10,37,0,0,2,1,1,351,56,295,356,51,305
1063.0,40,265,10,37,0,0,2,1,0,352,57,295,355,50,305
1064.0,40,263,10,38,0,0,2,1,1,352,57,295,355,50,305
1065.0,40,263,10,38,0,0,2,1,1,352,57,295,355,50,305
1066.0,40,263,10,37,0,0,2,1,1,353,57,296,354,50,304
1067.0,40,263,10,37,0,0,2,1,1,353,57,296,354,50,304
1068.0,40,263,10,37,0,0,2,1,0,354,57,297,353,50,303
1069.0,40,262,10,38,0,0,2,1,0,354,57,297,353,50,303
1070.0,40,261,10,38,0,0,2,1,1,354,57,297,353,50,303
1071.0,40,261,9,38,0,0,2,1,1,355,57,298,352,50,302
1072.0,40,261,9,38,0,0,2,1,0,356,57,299,351,50,301
1073.0,39,261,9,39,0,0,2,1,0,356,57,299,351,50,301
1074.0,39,261,8,39,0,0,2,1,1,356,57,299,351,50,301
1075.0,39,260,8,40,0,0,2,1,0,357,58,299,350,49,301
1076.0,39,259,9,40,0,0,2,1,0,357,58,299,350,49,301
1077.0,39,259,9,40,0,0,2,1,0,357,58,299,350,49,301
1078.0,39,259,9,39,0,0,2,1,1,357,58,299,350,49,301
1079.0,39,258,9,40,0,0,2,1,0,358,59,299,349,48,301
1080.0,39,258,9,40,0,0,2,1,0,358,59,299,349,48,301
1081.0,39,258,9,39,0,0,2,1,1,358,59,299,349,48,301
1082.0,38,258,9,40,0,0,2,1,1,358,59,299,349,48,301
1083.0,38,258,9,39,0,0,2,1,1,359,59,300,348,48,300
1084.0,38,258,9,39,0,0,2,1,0,360,59,301,347,48,299
1085.0,37,258,10,39,0,0,2,1,0,360,59,301,347,48,299
1086.0,37,258,10,38,0,0,2,1,1,360,59,301,347,48,299
1087.0,37,258,10,38,0,0,2,1,0,361,59,302,346,48,298
1088.0,37,258,10,37,0,0,2,1,1,361,59,302,346,48,298
1089.0,37,257,11,37,0,0,2,1,0,362,59,303,345,48,297
1090.0,37,256,10,38,0,0,2,1,1,362,59,303,345,48,297
1091.0,37,256,10,37,1,0,2,1,1,362,59,303,345,48,297
1092.0,37,255,10,38,0,0,2,1,1,363,59,304,344,48,296
1093.0,37,255,10,38,0,0,2,1,0,364,60,304,343,47,296
1094.0,37,255,10,37,0,0,2,1,1,364,60,304,343,47,296
1095.0,37,255,10,37,0,0,2,1,1,364,60,304,343,47,296
1096.0,37,254,10,38,0,0,2,1,0,365,60,305,342,47,295
1097.0,37,254,10,38,0,0,2,1,0,365,60,305,342,47,295
1098.0,37,253,10,39,0,0,2,1,0,365,60,305,342,47,295
1099.0,37,252,10,39,0,0,2,1,1,365,60,305,342,47,295
1100.0,37,252,10,39,0,0,2,1,1,365,60,305,342,47,295
1101.0,37,252,10,38,0,0,2,1,1,366,60,306,341,47,294
1102.0,37,251,10,39,0,0,2,1,1,366,60,306,341,47,294
1103.0,37,250,10,40,0,0,2,1,0,367,60,307,340,47,293
1104.0,37,250,9,40,0,0,2,1,1,367,60,307,340,47,293
1105.0,37,249,9,41,0,0,2,1,1,367,60,307,340,47,293
1106.0,37,249,8,41,0,0,2,1,1,368,60,308,339,47,292
1107.0,37,249,8,41,0,0,2,1,0,369,61,308,338,46,292
1108.0,37,248,8,42,0,0,2,1,0,369,61,308,338,46,292
1109.0,37,248,8,41,0,0,2,1,1,369,61,308,338,46,292
1110.0,37,248,8,41,0,0,2,1,0,370,62,308,337,45,292
1111.0,37,247,8,42,0,0,2,1,0,370,62,308,337,45,292
1112.0,37,247,8,43,0,0,1,1,0,370,62,308,337,45,292
1113.0,37,245,8,43,0,0,2,1,1,370,62,308,337,45,292
1114.0,37,245,8,43,0,0,2,1,1,370,62,308,337,45,292
1115.0,37,245,8,43,0,0,2,1,0,371,62,309,336,45,291
1116.0,37,244,8,43,0,0,2,1,1,371,62,309,336,45,291
1117.0,37,243,8,44,0,0,2,1,0,372,62,310,335,45,290
1118.0,37,243,8,43,0,0,2,1,1,372,62,310,335,45,290
1119.0,37,243,8,43,0,0,2,1,1,372,62,310,335,45,290
1120.0,37,243,8,43,0,0,2,1,0,373,62,311,334,45,289
1121.0,36,243,8,44,0,0,2,1,0,373,62,311,334,45,289
1122.0,36,242,8,44,0,0,2,1,1,373,62,311,334,45,289
1123.0,36,242,8,44,0,0,2,1,1,373,62,311,334,45,289
1124.0,36,242,7,44,0,0,2,1,1,374,62,312,333,45,288
1125.0,35,242,8,44,0,0,2,1,0,375,62,313,332,45,287
1126.0,35,242,8,43,0,0,2,1,1,375,62,313,332,45,287
1127.0,35,242,8,43,0,0,2,1,1,375,62,313,332,45,287
1128.0,35,240,8,44,0,0,2,1,1,376,63,313,331,44,287
1129.0,35,240,8,44,0,0,2,1,0,377,63,314,330,44,286
1130.0,35,240,8,43,0,0,2,1,1,377,63,314,330,44,286
1131.0,35,240,8,44,0,0,1,1,1,377,63,314,330,44,286
1132.0,35,239,8,43,0,0,2,1,1,378,64,314,329,43,286
1133.0,35,239,8,43,0,0,2,1,0,379,64,315,328,43,285
1134.0,35,238,8,44,0,0,2,1,0,379,64,315,328,43,285
1135.0,35,238,7,44,0,0,2,1,1,379,64,315,328,43,285
1136.0,35,237,7,45,0,0,2,1,0,380,64,316,327,43,284
1137.0,35,236,7,45,0,0,2,1,1,380,64,316,327,43,284
1138.0,35,236,7,45,0,0,2,1,1,380,64,316,327,43,284
1139.0,35,235,6,46,0,0,2,1,1,381,65,316,326,42,284
1140.0,35,235,6,46,0,0,2,1,0,382,65,317,325,42,283
1141.0,35,234,6,46,0,0,2,1,1,382,65,317,325,42,283
1142.0,35,233,6,46,0,0,2,1,1,383,66,317,324,41,283
1143.0,35,233,6,46,0,0,2,1,0,384,66,318,323,41,282
1144.0,35,233,6,46,0,0,2,1,0,384,66,318,323,41,282
1145.0,35,232,6,46,0,0,2,1,1,384,66,318,323,41,282
1146.0,35,231,6,47,0,0,2,1,1,384,66,318,323,41,282
1147.0,35,231,6,47,0,0,2,1,0,385,66,319,322,41,281
1148.0,35,231,6,46,0,0,2,1,1,385,66,319,322,41,281
1149.0,35,231,6,46,0,0,2,1,0,386,66,320,321,41,280
1150.0,35,230,6,46,0,0,2,1,1,386,66,320,321,41,280
1151.0,35,229,6,47,0,0,2,1,0,387,66,321,320,41,279
1152.0,35,229,6,47,0,0,2,1,0,387,66,321,320,41,279
1153.0,35,229,6,46,0,0,2,1,1,387,66,321,320,41,279
1154.0,35,229,6,46,0,0,2,1,1,387,66,321,320,41,279
1155.0,35,228,6,47,0,0,2,1,0,388,66,322,319,41,278
1156.0,35,228,6,46,0,0,2,1,1,388,66,322,319,41,278
1157.0,35,227,6,47,0,0,2,1,1,388,66,322,319,41,278
1158.0,35,226,6,48,0,0,2,1,0,389,66,323,318,41,277
1159.0,35,226,6,47,0,0,2,1,1,389,66,323,318,41,277
1160.0,35,225,6,48,0,1,2,0,0,390,66,324,317,41,276
1161.0,35,225,6,47,0,0,2,1,1,390,66,324,317,41,276
1162.0,35,225,6,47,0,0,2,1,0,391,66,325,316,41,275
1163.0,35,225,6,47,0,0,2,1,0,391,66,325,316,41,275
1164.0,35,224,6,47,0,0,2,1,1,391,66,325,316,41,275
1165.0,35,224,6,46,0,0,2,1,1,392,66,326,315,41,274
1166.0,35,223,6,47,0,0,2,1,0,393,66,327,314,41,273
1167.0,35,223,6,47,0,0,2,1,0,393,66,327,314,41,273
1168.0,35,223,6,47,0,0,2,1,0,393,66,327,314,41,273
1169.0,35,223,6,47,0,0,2,1,0,393,66,327,314,41,273
1170.0,35,221,6,48,0,0,2,1,1,393,66,327,314,41,273
1171.0,35,221,6,48,0,0,2,1,1,393,66,327,314,41,273
1172.0,35,221,6,48,0,0,2,1,0,394,66,328,313,41,272
1173.0,35,220,6,49,0,0,2,1,0,394,66,328,313,41,272
1174.0,35,220,5,49,0,0,2,1,1,394,66,328,313,41,272
1175.0,35,219,5,50,0,0,2,1,0,395,66,329,312,41,271
1176.0,35,219,5,50,0,0,2,1,0,395,66,329,312,41,271
1177.0,35,219,5,50,0,0,2,1,0,395,66,329,312,41,271
1178.0,35,217,5,52,0,0,2,1,0,395,66,329,312,41,271
1179.0,35,217,5,52,0,0,2,1,0,395,66,329,312,41,271
1180.0,35,217,5,52,0,0,2,1,0,395,66,329,312,41,271
1181.0,35,215,5,53,0,0,2,1,1,395,66,329,312,41,271
1182.0,35,215,5,53,0,0,2,1,1,395,66,329,312,41,271
1183.0,35,215,5,53,0,0,2,1,1,395,66,329,312,41,271
1184.0,35,215,5,52,0,0,2,1,1,396,67,329,311,40,271
1185.0,35,215,5,51,0,0,2,1,1,397,67,330,310,40,270
1186.0,35,215,5,51,0,0,2,1,0,398,67,331,309,40,269
1187.0,35,214,5,51,0,0,2,1,1,398,67,331,309,40,269
1188.0,35,214,5,51,0,0,2,1,0,399,67,332,308,40,268
1189.0,35,213,5,51,0,0,2,1,1,399,67,332,308,40,268
1190.0,35,212,5,52,0,0,2,1,0,400,67,333,307,40,267
1191.0,35,212,5,52,0,0,2,1,0,400,67,333,307,40,267
1192.0,35,212,5,52,0,0,2,1,0,400,67,333,307,40,267
1193.0,35,211,5,53,0,0,2,1,0,400,67,333,307,40,267
1194.0,35,210,5,53,0,0,2,1,1,400,67,333,307,40,267
1195.0,35,209,5,54,0,0,2,1,1,400,67,333,307,40,267
1196.0,35,209,5,53,0,0,2,1,1,401,67,334,306,40,266
1197.0,35,209,5,53,0,0,2,1,0,402,67,335,305,40,265
1198.0,35,209,5,53,0,0,2,1,0,402,67,335,305,40,265
1199.0,35,209,5,53,0,0,2,1,0,402,67,335,305,40,265
1200.0,35,208,5,54,0,0,2,1,0,402,67,335,305,40,265
1201.0,35,208,5,53,0,0,2,1,1,402,67,335,305,40,265
1202.0,35,208,5,53,0,0,2,1,1,402,67,335,305,40,265
1203.0,35,208,5,53,0,0,2,1,0,403,67,336,304,40,264
1204.0,35,208,5,53,0,0,2,1,0,403,67,336,304,40,264
1205.0,35,207,5,54,0,0,2,1,0,403,67,336,304,40,264
1206.0,35,207,5,53,0,0,2,1,1,403,67,336,304,40,264
1207.0,35,207,5,53,0,0,2,1,1,403,67,336,304,40,264
1208.0,35,206,5,54,0,0,2,1,0,404,67,337,303,40,263
1209.0,35,206,5,54,0,0,2,1,0,404,67,337,303,40,263
1210.0,35,206,5,53,0,0,2,1,1,404,67,337,303,40,263
1211.0,35,206,5,53,0,0,2,1,1,404,67,337,303,40,263
1212.0,34,206,5,54,0,0,2,1,0,405,67,338,302,40,262
1213.0,34,206,5,54,0,0,2,1,0,405,67,338,302,40,262
1214.0,34,206,4,54,0,0,2,1,1,405,67,338,302,40,262
1215.0,34,206,4,54,0,0,2,1,1,405,67,338,302,40,262
1216.0,34,205,5,54,1,0,2,0,0,406,67,339,301,40,261
1217.0,34,205,5,53,0,0,2,1,1,406,67,339,301,40,261
1218.0,34,204,5,54,0,0,2,1,0,407,68,339,300,39,261
1219.0,34,204,5,53,0,0,2,1,1,407,68,339,300,39,261
1220.0,33,204,5,54,0,0,2,1,0,408,68,340,299,39,260
1221.0,33,204,5,54,0,0,2,1,0,408,68,340,299,39,260
1222.0,33,204,5,54,0,0,2,1,0,408,68,340,299,39,260
1223.0,33,204,5,54,0,0,2,1,0,408,68,340,299,39,260
1224.0,33,204,4,54,0,0,2,1,1,408,68,340,299,39,260
1225.0,33,204,4,54,0,0,2,1,1,408,68,340,299,39,260
1226.0,33,204,4,54,0,0,2,1,1,408,68,340,299,39,260
1227.0,33,204,3,54,0,0,2,1,1,409,68,341,298,39,259
1228.0,33,204,3,54,0,0,2,1,1,409,68,341,298,39,259
1229.0,33,203,3,54,0,0,2,1,1,410,69,341,297,38,259
1230.0,33,202,4,54,0,0,2,1,0,411,70,341,296,37,259
1231.0,33,202,4,54,0,0,2,1,0,411,70,341,296,37,259
1232.0,33,202,4,54,0,0,2,1,0,411,70,341,296,37,259
1233.0,33,202,4,54,0,0,2,1,0,411,70,341,296,37,259
1234.0,33,201,4,55,0,0,2,1,0,411,70,341,296,37,259
1235.0,33,200,4,55,0,0,2,1,1,411,70,341,296,37,259
1236.0,33,200,4,54,0,1,2,1,1,411,70,341,296,37,259
1237.0,33,200,4,54,0,0,2,1,1,412,70,342,295,37,258
1238.0,33,200,4,53,0,0,2,1,1,413,70,343,294,37,257
1239.0,33,199,4,54,0,0,2,1,0,414,70,344,293,37,256
1240.0,33,199,4,53,0,0,2,1,1,414,70,344,293,37,256
1241.0,33,198,4,54,0,0,2,1,0,415,70,345,292,37,255
1242.0,33,197,4,55,0,0,2,1,0,415,70,345,292,37,255
1243.0,33,197,4,54,0,0,2,1,1,415,70,345,292,37,255
1244.0,33,197,4,53,0,0,2,1,1,416,70,346,291,37,254
1245.0,33,196,4,54,0,0,2,1,0,417,70,347,290,37,253
1246.0,33,195,4,55,0,0,2,1,0,417,70,347,290,37,253
1247.0,33,195,4,55,0,0,2,1,0,417,70,347,290,37,253
1248.0,33,195,4,54,0,0,2,1,1,417,70,347,290,37,253
1249.0,33,195,4,54,0,0,2,1,1,417,70,347,290,37,253
1250.0,33,195,4,53,0,0,2,1,1,418,70,348,289,37,252
1251.0,33,195,4,53,0,0,2,1,1,418,70,348,289,37,252
1252.0,32,195,4,54,0,0,2,1,0,419,70,349,288,37,251
1253.0,32,195,4,54,0,0,2,1,0,419,70,349,288,37,251
1254.0,32,195,4,53,0,0,2,1,1,419,70,349,288,37,251
1255.0,32,195,4,53,0,0,2,1,0,420,70,350,287,37,250
1256.0,32,195,4,52,0,0,2,1,1,420,70,350,287,37,250
1257.0,32,194,5,51,0,1,2,1,1,420,70,350,287,37,250
1258.0,32,194,5,51,0,0,2,1,1,421,70,351,286,37,249
1259.0,32,194,5,51,0,0,2,1,0,422,70,352,285,37,248
1260.0,32,194,5,51,0,0,2,1,0,422,70,352,285,37,248
1261.0,31,194,5,51,0,0,2,1,1,422,70,352,285,37,248
1262.0,31,194,5,51,0,0,2,1,0,423,70,353,284,37,247
1263.0,31,193,6,51,0,0,2,1,0,423,70,353,284,37,247
1264.0,31,192,6,51,0,0,2,1,1,423,70,353,284,37,247
1265.0,30,192,6,51,0,0,2,1,1,424,70,354,283,37,246
1266.0,30,192,6,51,0,0,2,1,0,425,70,355,282,37,245
1267.0,30,192,6,51,0,0,2,1,0,425,70,355,282,37,245
1268.0,30,190,7,51,0,0,2,1,1,425,70,355,282,37,245
1269.0,30,190,7,51,0,0,2,1,1,425,70,355,282,37,245
1270.0,30,190,6,51,0,0,2,1,1,426,70,356,281,37,244
1271.0,29,190,6,52,0,0,2,1,1,426,70,356,281,37,244
1272.0,29,190,6,52,0,0,2,1,0,427,70,357,280,37,243
1273.0,29,190,5,52,0,0,2,1,1,427,70,357,280,37,243
1274.0,29,190,5,52,0,0,2,1,0,428,71,357,279,36,243
1275.0,29,190,5,51,0,0,2,1,1,428,71,357,279,36,243
1276.0,29,190,5,51,0,0,2,1,0,429,72,357,278,35,243
1277.0,29,190,5,51,0,0,2,1,0,429,72,357,278,35,243
1278.0,29,190,5,51,0,0,2,1,0,429,72,357,278,35,243
1279.0,29,189,6,50,0,0,2,1,1,429,72,357,278,35,243
1280.0,29,189,6,50,0,0,2,1,1,429,72,357,278,35,243
1281.0,29,188,6,50,0,0,2,1,1,430,72,358,277,35,242
1282.0,29,187,6,51,0,0,2,1,0,431,72,359,276,35,241
1283.0,29,187,6,51,0,0,2,1,0,431,72,359,276,35,241
1284.0,29,187,6,51,0,0,2,1,0,431,72,359,276,35,241
1285.0,29,187,6,51,0,0,2,1,0,431,72,359,276,35,241
1286.0,29,187,6,50,0,0,2,1,1,431,72,359,276,35,241
1287.0,29,185,6,52,0,0,2,1,1,431,72,359,276,35,241
1288.0,29,185,6,51,0,1,2,1,1,431,72,359,276,35,241
1289.0,29,184,6,52,0,0,2,1,1,432,72,360,275,35,240
1290.0,29,184,6,52,0,0,2,1,0,433,72,361,274,35,239
1291.0,29,184,6,51,0,0,2,1,1,433,72,361,274,35,239
1292.0,29,183,6,52,0,0,2,1,0,434,72,362,273,35,238
1293.0,29,183,6,52,0,0,2,1,0,434,72,362,273,35,238
1294.0,29,182,6,52,0,0,2,1,1,434,72,362,273,35,238
1295.0,29,182,6,52,0,0,2,1,0,435,72,363,272,35,237
1296.0,29,182,6,52,0,0,2,1,0,435,72,363,272,35,237
1297.0,29,181,6,52,0,0,2,1,1,435,72,363,272,35,237
1298.0,29,180,6,52,0,0,2,1,1,436,72,364,271,35,236
1299.0,29,180,6,52,0,0,2,1,0,437,72,365,270,35,235
1300.0,29,180,6,52,0,0,2,1,0,437,72,365,270,35,235
1301.0,29,179,6,52,0,0,2,1,1,437,72,365,270,35,235
1302.0,29,178,6,53,0,0,2,1,0,438,72,366,269,35,234
1303.0,29,178,6,52,0,0,2,1,1,438,72,366,269,35,234
1304.0,29,177,6,53,0,0,2,1,0,439,72,367,268,35,233
1305.0,29,177,6,53,0,0,2,1,0,439,72,367,268,35,233
1306.0,29,177,6,52,0,0,2,1,1,439,72,367,268,35,233
1307.0,29,177,6,52,0,0,2,1,0,440,72,368,267,35,232
1308.0,29,177,6,52,0,0,2,1,0,440,72,368,267,35,232
1309.0,29,176,6,52,0,0,2,1,1,440,72,368,267,35,232
1310.0,29,175,6,53,0,0,2,1,1,440,72,368,267,35,232
1311.0,29,175,6,53,0,0,2,1,0,441,72,369,266,35,231
1312.0,29,175,6,52,0,0,2,1,1,441,72,369,266,35,231
1313.0,29,175,6,52,0,0,2,1,1,441,72,369,266,35,231
1314.0,29,175,6,52,0,0,2,1,0,442,72,370,265,35,230
1315.0,29,175,6,51,0,0,2,1,1,442,72,370,265,35,230
1316.0,29,174,6,52,0,0,2,1,1,442,72,370,265,35,230
1317.0,29,174,6,51,0,0,2,1,1,443,72,371,264,35,229
1318.0,29,174,6,51,0,0,2,1,0,444,72,372,263,35,228
1319.0,29,173,6,51,0,0,2,1,1,444,72,372,263,35,228
1320.0,29,173,6,51,0,0,2,1,1,444,72,372,263,35,228
1321.0,29,171,6,52,0,0,2,1,1,445,72,373,262,35,227
1322.0,29,171,6,52,0,0,2,1,0,446,72,374,261,35,226
1323.0,29,171,6,52,0,0,2,1,0,446,72,374,261,35,226
1324.0,29,171,6,52,0,0,2,1,0,446,72,374,261,35,226
1325.0,29,171,6,52,0,0,2,1,0,446,72,374,261,35,226
1326.0,29,171,6,52,0,0,2,1,0,446,72,374,261,35,226
1327.0,29,170,6,53,0,0,2,1,0,446,72,374,261,35,226
1328.0,29,170,6,52,0,0,2,1,1,446,72,374,261,35,226
1329.0,29,170,6,52,0,0,2,1,1,446,72,374,261,35,226
1330.0,29,170,6,51,0,1,2,1,1,446,72,374,261,35,226
1331.0,29,170,6,51,0,0,2,1,1,447,72,375,260,35,225
1332.0,29,170,6,50,0,0,2,1,1,448,72,376,259,35,224
1333.0,29,169,6,51,0,0,2,1,0,449,72,377,258,35,223
1334.0,29,168,6,51,0,0,2,1,1,449,72,377,258,35,223
1335.0,28,168,6,52,0,0,2,1,1,449,72,377,258,35,223
1336.0,28,168,6,51,0,0,2,1,1,450,72,378,257,35,222
1337.0,28,168,6,50,0,0,2,1,1,451,72,379,256,35,221
1338.0,28,168,6,50,0,0,2,1,0,452,72,380,255,35,220
1339.0,28,168,6,49,0,0,2,1,1,452,72,380,255,35,220
1340.0,28,167,6,50,0,0,2,1,0,453,72,381,254,35,219
1341.0,28,167,6,49,0,0,2,1,1,453,72,381,254,35,219
1342.0,28,167,6,48,0,0,2,1,1,454,72,382,253,35,218
1343.0,28,166,7,48,0,0,2,1,1,454,72,382,253,35,218
1344.0,28,166,7,48,0,0,2,1,0,455,72,383,252,35,217
1345.0,28,166,7,47,0,0,2,1,1,455,72,383,252,35,217
1346.0,28,166,7,47,0,0,2,1,0,456,72,384,251,35,216
1347.0,28,166,7,47,0,0,2,1,0,456,72,384,251,35,216
1348.0,28,166,7,47,0,0,2,1,0,456,72,384,251,35,216
1349.0,28,166,7,47,0,0,2,1,0,456,72,384,251,35,216
1350.0,28,165,7,47,0,0,2,1,1,456,72,384,251,35,216
1351.0,28,165,7,47,0,0,2,1,0,457,72,385,250,35,215
1352.0,28,165,7,47,0,0,2,1,0,457,72,385,250,35,215
1353.0,28,165,7,46,0,0,2,1,1,457,72,385,250,35,215
1354.0,27,165,7,47,0,0,2,1,0,458,72,386,249,35,214
1355.0,27,165,7,46,0,0,2,1,1,458,72,386,249,35,214
1356.0,27,165,7,46,0,0,2,1,0,459,72,387,248,35,213
1357.0,27,165,7,46,0,0,2,1,0,459,72,387,248,35,213
1358.0,27,165,7,46,0,0,2,1,0,459,72,387,248,35,213
1359.0,27,164,7,46,0,0,2,1,1,459,72,387,248,35,213
1360.0,27,164,7,46,0,0,2,1,1,459,72,387,248,35,213
1361.0,27,164,7,46,0,0,2,1,0,460,72,388,247,35,212
1362.0,27,164,7,45,0,0,2,1,1,460,72,388,247,35,212
1363.0,27,164,7,45,0,0,2,1,1,460,72,388,247,35,212
1364.0,27,164,7,44,0,0,2,1,1,461,72,389,246,35,211
1365.0,27,163,8,44,0,0,2,1,0,462,72,390,245,35,210
1366.0,27,163,8,44,0,0,2,1,0,462,72,390,245,35,210
1367.0,26,163,8,44,0,0,2,1,1,462,72,390,245,35,210
1368.0,26,163,8,44,0,0,2,1,0,463,72,391,244,35,209
1369.0,26,163,8,44,0,0,2,1,0,463,72,391,244,35,209
1370.0,26,162,8,45,0,0,2,1,0,463,72,391,244,35,209
1371.0,26,161,9,45,0,0,2,1,0,463,72,391,244,35,209
1372.0,26,161,9,45,0,0,2,1,0,463,72,391,244,35,209
1373.0,26,161,9,45,0,0,2,1,0,463,72,391,244,35,209
1374.0,26,160,9,45,0,0,2,1,1,463,72,391,244,35,209
1375.0,26,160,9,45,0,0,2,1,1,463,72,391,244,35,209
1376.0,26,160,9,45,0,0,2,1,0,464,72,392,243,35,208
1377.0,26,160,9,45,0,0,2,1,0,464,72,392,243,35,208
1378.0,26,159,9,46,0,0,2,1,0,464,72,392,243,35,208
1379.0,26,159,8,46,0,0,2,1,1,464,72,392,243,35,208
1380.0,26,159,8,46,0,0,2,1,1,464,72,392,243,35,208
1381.0,26,158,8,47,0,0,2,1,0,465,72,393,242,35,207
1382.0,26,157,8,47,0,0,2,1,1,465,72,393,242,35,207
1383.0,26,157,8,47,0,0,2,1,1,465,72,393,242,35,207
1384.0,26,157,8,47,0,0,2,1,0,466,73,393,241,34,207
1385.0,26,156,8,48,0,0,2,1,0,466,73,393,241,34,207
1386.0,26,156,8,48,0,0,2,1,0,466,73,393,241,34,207
1387.0,26,155,8,48,0,0,2,1,1,466,73,393,241,34,207
1388.0,26,155,8,48,0,0,2,1,0,467,73,394,240,34,206
1389.0,26,155,8,47,0,0,2,1,1,467,73,394,240,34,206
1390.0,26,154,8,48,0,0,2,1,1,467,73,394,240,34,206
1391.0,26,154,8,48,0,0,2,1,0,468,73,395,239,34,205
1392.0,26,154,8,48,0,0,2,1,0,468,73,395,239,34,205
1393.0,26,154,8,48,0,0,2,1,0,468,73,395,239,34,205
1394.0,26,154,8,48,0,0,2,1,0,468,73,395,239,34,205
1395.0,26,154,8,48,0,0,2,1,0,468,73,395,239,34,205
1396.0,26,153,8,49,0,0,2,1,0,468,73,395,239,34,205
1397.0,26,153,7,49,0,0,2,1,1,468,73,395,239,34,205
1398.0,26,153,7,49,0,0,2,1,1,468,73,395,239,34,205
1399.0,26,151,7,51,0,0,2,1,0,469,73,396,238,34,204
1400.0,26,150,7,52,0,0,2,1,0,469,73,396,238,34,204
1401.0,26,150,7,52,0,0,2,1,0,469,73,396,238,34,204
1402.0,26,150,7,51,0,0,2,1,1,469,73,396,238,34,204
1403.0,26,150,7,51,0,0,2,1,1,469,73,396,238,34,204
1404.0,26,149,7,52,0,0,2,1,1,469,73,396,238,34,204
1405.0,26,148,7,52,0,0,2,1,1,470,74,396,237,33,204
1406.0,26,148,7,52,0,0,2,1,0,471,74,397,236,33,203
1407.0,26,147,7,53,0,0,2,1,0,471,74,397,236,33,203
1408.0,26,147,7,52,0,0,2,1,1,471,74,397,236,33,203
1409.0,26,147,7,52,0,0,2,1,1,471,74,397,236,33,203
1410.0,26,146,7,53,0,0,2,1,0,472,74,398,235,33,202
1411.0,26,145,7,53,0,0,2,1,1,472,74,398,235,33,202
1412.0,26,145,7,53,0,0,2,1,0,473,74,399,234,33,201
1413.0,26,145,7,53,0,0,2,1,0,473,74,399,234,33,201
1414.0,26,145,7,52,0,0,2,1,1,473,74,399,234,33,201
1415.0,26,144,7,53,0,0,2,1,0,474,74,400,233,33,200
1416.0,26,144,7,52,0,0,2,1,1,474,74,400,233,33,200
1417.0,26,142,7,54,0,0,2,1,0,475,74,401,232,33,199
1418.0,26,142,7,54,0,0,2,1,0,475,74,401,232,33,199
1419.0,26,142,7,53,0,0,2,1,1,475,74,401,232,33,199
1420.0,26,142,7,53,0,0,2,1,0,476,74,402,231,33,198
1421.0,26,141,7,53,0,0,2,1,1,476,74,402,231,33,198
1422.0,26,141,7,53,0,0,2,1,0,477,74,403,230,33,197
1423.0,26,141,7,53,0,0,2,1,0,477,74,403,230,33,197
1424.0,25,140,7,55,0,0,2,1,0,477,74,403,230,33,197
1425.0,25,140,7,55,0,0,2,1,0,477,74,403,230,33,197
1426.0,25,140,6,55,0,0,2,1,1,477,74,403,230,33,197
1427.0,25,139,7,55,0,0,2,1,1,477,74,403,230,33,197
1428.0,25,139,7,55,0,0,2,1,1,477,74,403,230,33,197
1429.0,25,139,7,54,0,0,2,1,1,478,74,404,229,33,196
1430.0,25,138,7,55,0,0,2,1,1,478,74,404,229,33,196
1431.0,25,138,6,55,0,0,2,1,1,479,75,404,228,32,196
1432.0,25,138,6,55,0,0,2,1,1,479,75,404,228,32,196
1433.0,25,138,6,54,0,0,2,1,1,480,75,405,227,32,195
1434.0,25,138,6,54,0,0,2,1,0,481,76,405,226,31,195
1435.0,25,136,6,56,0,0,2,1,0,481,76,405,226,31,195
1436.0,25,136,6,56,0,0,2,1,0,481,76,405,226,31,195
1437.0,25,136,6,56,0,0,2,1,0,481,76,405,226,31,195
1438.0,25,135,6,57,0,0,2,1,0,481,76,405,226,31,195
1439.0,25,135,6,57,0,0,2,1,0,481,76,405,226,31,195
1440.0,25,135,6,56,0,0,2,1,1,481,76,405,226,31,195
1441.0,24,136,5,57,0,1,2,1,1,481,76,405,227,31,196
1442.0,24,137,5,57,0,1,2,1,1,481,76,405,228,31,197
1443.0,24,136,5,58,0,1,2,1,1,481,76,405,228,31,197
1444.0,24,138,5,57,1,0,2,1,1,482,76,406,229,31,198
1445.0,24,137,6,57,0,0,2,1,1,483,76,407,228,31,197
1446.0,24,137,6,57,0,0,2,1,0,484,77,407,227,30,197
1447.0,24,138,6,56,0,0,2,1,1,484,77,407,228,30,198
1448.0,24,137,5,57,0,0,2,1,1,485,77,408,227,30,197
1449.0,23,138,5,58,0,0,2,1,1,485,77,408,228,30,198
1450.0,23,138,5,59,0,0,2,1,0,486,77,409,228,30,198
1451.0,23,138,5,59,0,0,2,1,0,486,77,409,228,30,198
1452.0,24,137,6,59,0,0,2,1,0,486,77,409,229,31,198
1453.0,24,138,6,58,0,0,2,1,1,486,77,409,230,31,199
1454.0,24,138,6,57,0,1,2,1,1,486,77,409,230,31,199
1455.0,24,137,6,58,0,0,2,1,1,487,78,409,229,30,199
1456.0,24,137,6,58,0,0,2,1,0,488,78,410,228,30,198
1457.0,24,137,6,58,0,0,2,1,0,488,78,410,228,30,198
1458.0,24,138,6,59,0,0,2,1,0,488,78,410,230,30,200
1459.0,24,138,6,59,0,0,2,1,0,488,78,410,230,30,200
1460.0,24,138,6,59,0,0,2,1,0,488,78,410,230,30,200
1461.0,24,137,6,60,0,0,2,1,0,488,78,410,230,30,200
1462.0,24,137,6,60,0,1,2,0,0,488,78,410,230,30,200
1463.0,24,138,6,59,0,0,2,1,1,488,78,410,231,30,201
1464.0,24,138,6,59,0,0,2,1,1,488,78,410,231,30,201
1465.0,24,138,6,58,0,1,2,1,1,488,78,410,231,30,201
1466.0,24,137,6,59,0,0,2,1,1,489,78,411,230,30,200
1467.0,24,139,6,59,0,0,2,1,1,490,78,412,232,30,202
1468.0,24,140,6,59,0,0,2,1,1,490,78,412,233,30,203
1469.0,24,140,6,59,0,0,2,1,0,491,78,413,232,30,202
1470.0,24,140,6,58,0,0,2,1,1,491,78,413,232,30,202
1471.0,24,143,6,58,0,0,2,1,0,492,78,414,234,30,204
1472.0,24,143,6,58,0,0,2,1,0,492,78,414,234,30,204
1473.0,24,143,6,57,0,0,2,1,1,492,78,414,234,30,204
1474.0,24,143,6,57,0,0,2,1,1,493,78,415,234,30,204
1475.0,24,144,6,57,0,0,2,1,1,493,78,415,235,30,205
1476.0,24,144,6,56,0,0,2,1,1,494,78,416,234,30,204
1477.0,24,145,6,57,0,0,1,1,0,495,78,417,234,30,204
1478.0,24,145,6,57,0,0,2,1,0,495,78,417,235,30,205
1479.0,24,145,6,57,0,0,2,1,0,495,78,417,235,30,205
1480.0,24,145,6,56,0,0,2,1,1,495,78,417,235,30,205
1481.0,25,146,6,56,0,0,2,1,1,495,78,417,237,31,206
1482.0,25,146,6,57,0,0,2,1,0,496,78,418,237,31,206
1483.0,25,147,6,56,0,0,2,1,1,496,78,418,238,31,207
1484.0,25,147,6,55,0,0,2,1,1,497,78,419,237,31,206
1485.0,25,146,6,55,0,0,2,1,1,498,78,420,236,31,205
1486.0,25,146,6,55,0,0,2,1,1,498,78,420,236,31,205
1487.0,25,146,6,55,0,0,2,1,0,499,78,421,235,31,204
1488.0,25,146,6,56,0,0,2,1,0,499,78,421,236,31,205
1489.0,25,146,6,55,0,0,2,1,1,499,78,421,236,31,205
1490.0,25,146,6,55,0,0,2,1,1,499,78,421,236,31,205
1491.0,25,146,6,56,0,0,2,1,0,500,78,422,236,31,205
1492.0,25,146,6,55,0,0,2,1,1,500,78,422,236,31,205
1493.0,26,144,6,57,0,0,2,1,0,501,78,423,236,32,204
1494.0,26,144,6,57,0,0,2,1,0,501,78,423,236,32,204
1495.0,26,144,6,57,0,0,2,1,0,501,78,423,236,32,204
1496.0,26,145,6,56,0,0,2,1,1,501,78,423,237,32,205
1497.0,26,147,6,56,0,0,2,1,0,502,78,424,238,32,206
1498.0,26,146,6,57,0,0,2,1,0,502,78,424,238,32,206
1499.0,26,146,6,56,0,0,2,1,1,502,78,424,238,32,206
1500.0,25,146,6,57,0,0,2,1,0,503,78,425,237,32,205
1501.0,25,147,6,56,0,0,2,1,1,503,78,425,238,32,206
1502.0,25,148,6,56,0,0,2,1,0,504,78,426,238,32,206
1503.0,25,150,6,55,0,0,2,1,1,504,78,426,240,32,208
1504.0,24,152,6,56,0,0,2,1,0,505,78,427,241,32,209
1505.0,24,152,7,55,0,0,2,1,1,505,78,427,242,32,210
1506.0,24,152,7,55,0,0,2,1,0,506,78,428,241,32,209
1507.0,26,154,7,55,0,0,2,1,0,506,78,428,245,34,211
1508.0,26,154,7,55,0,0,2,1,0,506,78,428,245,34,211
1509.0,26,154,7,54,0,0,2,1,1,506,78,428,245,34,211
1510.0,26,155,7,54,0,0,2,1,0,507,78,429,245,34,211
1511.0,26,155,8,55,0,0,2,1,0,507,78,429,247,34,213
1512.0,26,157,8,55,0,0,2,1,0,507,78,429,249,34,215
1513.0,26,158,8,55,0,0,2,1,0,507,78,429,250,34,216
1514.0,26,158,8,55,0,0,2,1,0,507,78,429,250,34,216
1515.0,26,157,8,56,0,0,2,1,0,507,78,429,250,34,216
1516.0,26,157,8,55,0,0,2,1,1,507,78,429,250,34,216
1517.0,26,159,8,54,0,1,2,1,1,507,78,429,252,34,218
1518.0,27,160,8,54,0,1,2,1,1,507,78,429,254,35,219
1519.0,27,162,7,55,0,1,2,1,1,508,78,430,256,35,221
1520.0,27,162,7,55,0,0,2,1,1,509,78,431,255,35,220
1521.0,27,162,7,55,0,0,2,1,0,510,78,432,254,35,219
1522.0,27,162,7,56,0,0,2,1,0,510,78,432,255,35,220
1523.0,27,164,7,55,0,0,2,1,1,510,78,432,257,35,222
1524.0,27,164,7,56,0,0,2,1,0,511,79,432,257,34,223
1525.0,27,163,7,57,0,0,2,1,0,511,79,432,257,34,223
1526.0,27,163,7,57,0,0,2,1,0,511,79,432,257,34,223
1527.0,26,164,7,58,0,0,2,1,0,511,79,432,258,34,224
1528.0,26,165,7,57,0,0,2,1,1,511,79,432,259,34,225
1529.0,26,164,7,58,0,0,2,1,1,511,79,432,259,34,225
1530.0,26,165,7,58,0,0,2,1,0,512,79,433,259,34,225
1531.0,26,165,7,57,0,0,2,1,1,512,79,433,259,34,225
1532.0,26,167,7,57,0,0,2,1,0,513,79,434,260,34,226
1533.0,27,170,7,57,0,0,2,1,0,513,79,434,264,35,229
1534.0,27,170,7,58,0,0,2,1,0,513,79,434,265,35,230
1535.0,27,170,6,58,0,0,2,1,1,513,79,434,265,35,230
1536.0,27,170,6,58,0,0,2,1,1,513,79,434,265,35,230
1537.0,27,170,6,59,0,0,2,1,1,513,79,434,266,35,231
1538.0,27,171,6,59,0,0,2,1,0,514,79,435,266,35,231
1539.0,27,170,7,59,0,0,2,1,0,514,79,435,266,35,231
1540.0,27,171,7,58,0,0,2,1,1,514,79,435,267,35,232
1541.0,27,171,7,59,0,0,2,1,1,514,79,435,268,35,233
1542.0,27,171,7,60,0,0,2,1,0,515,80,435,268,34,234
1543.0,27,173,7,59,0,0,2,1,1,515,80,435,270,34,236
1544.0,27,174,7,59,0,0,2,1,1,515,80,435,271,34,237
1545.0,28,174,7,59,0,0,2,1,0,516,80,436,271,35,236
1546.0,28,174,7,59,0,0,2,1,0,516,80,436,271,35,236
1547.0,28,175,6,59,0,0,2,1,1,516,80,436,272,35,237
1548.0,28,177,6,59,0,0,2,1,1,516,80,436,274,35,239
1549.0,28,177,6,58,0,0,2,1,1,517,80,437,273,35,238
1550.0,29,177,6,59,0,0,2,1,0,518,81,437,274,35,239
1551.0,29,179,6,58,0,0,2,1,1,518,81,437,276,35,241
1552.0,29,181,6,58,0,0,2,1,0,519,81,438,277,35,242
1553.0,29,180,6,59,0,0,2,1,0,519,81,438,277,35,242
1554.0,29,182,6,59,0,0,2,1,0,519,81,438,279,35,244
1555.0,29,184,6,59,0,0,2,1,0,519,81,438,281,35,246
1556.0,29,185,6,60,0,0,2,1,0,519,81,438,283,35,248
1557.0,29,188,6,59,0,0,2,1,1,519,81,438,286,35,251
1558.0,28,190,6,60,0,0,2,1,0,520,81,439,287,35,252
1559.0,28,192,6,59,0,0,2,1,1,520,81,439,289,35,254
1560.0,28,193,6,59,0,0,2,1,0,521,81,440,289,35,254
1561.0,28,193,6,58,0,0,2,1,1,521,81,440,289,35,254
1562.0,28,195,6,58,0,0,2,1,1,521,81,440,291,35,256
1563.0,27,197,7,59,0,0,2,1,0,522,81,441,293,35,258
1564.0,27,198,7,58,0,0,2,1,1,522,81,441,294,35,259
1565.0,28,198,7,58,0,0,2,1,1,522,81,441,295,36,259
1566.0,28,198,8,58,0,0,2,1,0,523,81,442,295,36,259
1567.0,29,199,8,58,0,0,2,1,0,523,81,442,297,37,260
1568.0,29,200,8,58,0,0,2,1,1,523,81,442,299,37,262
1569.0,29,201,8,58,0,0,2,1,1,523,81,442,300,37,263
1570.0,29,202,8,57,0,0,2,1,1,524,81,443,300,37,263
1571.0,31,204,8,58,0,0,2,1,1,524,81,443,305,39,266
1572.0,31,203,8,59,0,0,2,1,0,525,81,444,304,39,265
1573.0,31,204,8,58,0,0,2,1,1,525,81,444,305,39,266
1574.0,31,206,8,58,0,0,2,1,1,525,81,444,307,39,268
1575.0,31,207,8,58,0,0,2,1,0,526,81,445,307,39,268
1576.0,31,209,8,58,0,0,2,1,0,526,81,445,309,39,270
1577.0,30,209,8,59,0,0,2,1,0,526,81,445,309,39,270
1578.0,31,209,8,59,0,0,2,1,0,526,81,445,310,40,270
1579.0,30,208,9,59,0,0,2,1,1,526,81,445,310,40,270
1580.0,30,211,9,59,0,0,2,1,1,526,81,445,313,40,273
1581.0,30,212,9,59,0,0,2,1,0,527,81,446,313,40,273
1582.0,30,212,9,59,0,0,2,1,1,527,81,446,314,40,274
1583.0,31,213,9,59,0,0,2,1,0,528,81,447,315,41,274
1584.0,31,213,9,58,0,0,2,1,1,528,81,447,315,41,274
1585.0,31,215,9,58,0,0,2,1,0,529,81,448,316,41,275
1586.0,33,218,9,58,0,0,2,1,0,529,81,448,321,43,278
1587.0,34,219,9,57,0,0,2,1,1,529,81,448,323,44,279
1588.0,34,221,10,57,0,0,2,1,0,530,81,449,325,44,281
1589.0,34,224,10,57,0,0,2,1,0,530,81,449,328,44,284
1590.0,34,227,10,57,0,0,2,1,0,530,81,449,331,44,287
1591.0,33,230,10,58,0,0,2,1,0,530,81,449,334,44,290
1592.0,34,231,10,57,0,0,2,1,1,530,81,449,336,45,291
1593.0,34,231,10,56,0,1,2,1,1,530,81,449,336,45,291
1594.0,34,231,10,56,0,0,2,1,1,531,81,450,335,45,290
1595.0,34,231,11,55,0,0,2,1,1,532,81,451,335,45,290
1596.0,35,233,11,56,0,0,2,1,1,532,81,451,339,46,293
1597.0,36,235,11,56,0,0,2,1,0,533,81,452,341,47,294
1598.0,36,238,11,56,0,0,2,1,0,533,81,452,344,47,297
1599.0,37,239,11,55,0,0,2,1,1,533,81,452,346,48,298
1600.0,37,239,11,56,0,0,2,1,0,534,81,453,346,48,298
1601.0,38,240,11,56,0,0,2,1,0,534,81,453,348,49,299
1602.0,38,240,11,56,0,0,2,1,1,534,81,453,349,49,300
1603.0,38,243,11,56,0,0,2,1,0,535,81,454,351,49,302
1604.0,38,245,11,56,0,0,2,1,1,535,81,454,354,49,305
1605.0,38,246,11,56,0,0,2,1,1,535,81,454,355,49,306
1606.0,38,250,11,56,0,0,2,1,1,536,81,455,359,49,310
1607.0,37,251,11,57,0,0,2,1,0,537,81,456,359,49,310
1608.0,38,253,11,56,0,0,2,1,1,537,81,456,362,50,312
1609.0,38,253,12,56,0,0,2,1,1,537,81,456,363,50,313
1610.0,38,255,12,55,0,0,2,1,1,538,81,457,364,50,314
1611.0,38,256,12,55,0,0,2,1,1,538,81,457,365,50,315
1612.0,38,256,11,55,0,0,2,1,1,539,81,458,364,50,314
1613.0,38,257,11,55,0,0,2,1,0,540,81,459,364,50,314
1614.0,39,256,11,55,0,0,2,1,1,540,81,459,365,51,314
1615.0,39,258,11,55,0,0,2,1,0,541,82,459,366,50,316
1616.0,39,259,11,56,0,0,2,1,0,541,82,459,368,50,318
1617.0,39,261,11,55,0,0,2,1,1,541,82,459,370,50,320
1618.0,39,263,11,55,0,0,2,1,0,542,82,460,371,50,321
1619.0,40,263,11,56,0,0,2,1,0,542,82,460,373,51,322
1620.0,40,266,11,56,0,0,2,1,0,542,82,460,376,51,325
1621.0,40,266,11,55,0,0,2,1,1,542,82,460,376,51,325
1622.0,40,266,11,56,0,0,2,1,0,543,82,461,376,51,325
1623.0,40,268,11,55,0,0,2,1,1,543,82,461,378,51,327
1624.0,40,268,11,55,0,0,2,1,0,544,82,462,377,51,326
1625.0,40,270,11,55,0,0,2,1,0,544,82,462,379,51,328
1626.0,40,271,11,54,0,0,2,1,1,544,82,462,380,51,329
1627.0,40,272,11,54,0,0,2,1,0,545,82,463,380,51,329
1628.0,40,274,11,54,0,0,2,1,0,545,82,463,382,51,331
1629.0,40,273,11,55,0,0,2,1,0,545,82,463,382,51,331
1630.0,40,275,11,54,0,0,2,1,1,545,82,463,384,51,333
1631.0,40,277,11,54,0,0,2,1,1,545,82,463,386,51,335
1632.0,41,278,11,54,0,0,2,1,0,546,82,464,387,52,335
1633.0,41,279,10,55,0,0,2,1,1,546,82,464,389,52,337
1634.0,42,280,10,56,0,0,2,1,1,546,82,464,392,53,339
1635.0,42,282,10,55,0,0,2,1,1,547,82,465,393,53,340
1636.0,42,283,10,55,0,0,2,1,0,548,83,465,393,52,341
1637.0,44,284,10,55,0,0,2,1,0,548,83,465,396,54,342
1638.0,45,283,10,56,0,0,2,1,0,548,83,465,397,55,342
1639.0,45,284,10,55,0,0,2,1,1,548,83,465,398,55,343
1640.0,45,285,10,55,0,0,2,1,0,549,83,466,398,55,343
1641.0,44,286,10,55,0,0,2,1,1,549,83,466,399,55,344
1642.0,44,287,10,55,0,0,2,1,0,550,83,467,399,55,344
1643.0,44,286,9,56,0,0,2,1,1,550,83,467,399,55,344
1644.0,44,286,9,56,0,0,2,1,0,551,83,468,398,55,343
1645.0,44,290,9,56,0,0,2,1,1,551,83,468,403,55,348
1646.0,45,291,9,56,0,0,2,1,0,552,84,468,404,55,349
1647.0,45,291,9,56,0,0,2,1,1,552,84,468,405,55,350
1648.0,45,294,9,56,0,0,2,1,1,552,84,468,408,55,353
1649.0,45,296,9,56,0,0,2,1,0,553,84,469,409,55,354
1650.0,45,296,10,56,0,0,2,1,1,553,84,469,411,55,356
1651.0,45,297,10,56,0,0,2,1,0,554,84,470,411,55,356
1652.0,45,297,10,56,0,0,2,1,0,554,84,470,411,55,356
1653.0,45,296,10,58,0,0,2,1,0,554,84,470,412,55,357
1654.0,45,300,10,58,0,0,2,1,0,554,84,470,416,55,361
1655.0,45,300,10,58,0,0,2,1,0,554,84,470,416,55,361
1656.0,45,302,10,58,0,0,2,1,0,554,84,470,418,55,363
1657.0,46,303,10,58,0,0,2,1,1,554,84,470,421,56,365
1658.0,46,305,10,58,0,0,2,1,1,554,84,470,423,56,367
1659.0,46,305,10,57,0,0,2,1,1,555,84,471,422,56,366
1660.0,46,306,10,57,0,0,2,1,1,555,84,471,423,56,367
1661.0,46,308,10,58,0,0,2,1,1,555,84,471,426,56,370
1662.0,46,310,10,57,0,0,2,1,1,556,84,472,427,56,371
1663.0,45,311,10,58,0,0,2,1,0,557,84,473,427,56,371
1664.0,45,313,10,58,0,0,2,1,0,557,84,473,429,56,373
1665.0,45,316,10,57,0,0,2,1,1,557,84,473,432,56,376
1666.0,45,317,11,57,0,0,2,1,1,557,84,473,434,56,378
1667.0,46,319,11,56,0,0,2,1,1,558,84,474,436,57,379
1668.0,45,319,11,57,0,0,2,1,1,559,84,475,436,57,379
1669.0,45,320,11,57,0,0,2,1,1,559,84,475,437,57,380
1670.0,45,323,11,57,0,0,2,1,0,560,84,476,439,57,382
1671.0,46,323,12,57,0,0,2,1,0,560,84,476,441,58,383
1672.0,46,323,12,56,0,0,2,1,1,560,84,476,441,58,383
1673.0,45,324,12,58,0,0,2,1,1,560,84,476,443,58,385
1674.0,45,327,12,58,0,0,2,1,1,561,84,477,446,58,388
1675.0,45,328,12,58,0,0,2,1,0,562,84,478,446,58,388
1676.0,45,329,12,57,0,0,2,1,1,562,84,478,447,58,389
1677.0,46,329,12,57,0,0,2,1,1,562,84,478,448,59,389
1678.0,46,331,12,57,0,0,2,1,0,563,84,479,449,59,390
1679.0,46,333,12,57,0,0,2,1,0,563,84,479,451,59,392
1680.0,45,338,12,58,0,0,2,1,0,563,84,479,456,59,397
1681.0,45,339,12,57,0,0,2,1,1,563,84,479,457,59,398
1682.0,45,338,13,57,0,0,2,1,1,563,84,479,457,59,398
1683.0,46,338,14,56,0,0,2,1,1,564,84,480,458,60,398
1684.0,46,340,14,56,0,0,2,1,0,565,84,481,459,60,399
1685.0,46,340,14,56,0,0,2,1,0,565,84,481,459,60,399
1686.0,46,342,14,55,0,0,2,1,1,565,84,481,461,60,401
1687.0,46,342,14,55,0,0,2,1,0,566,84,482,460,60,400
1688.0,46,343,14,57,0,0,2,1,0,566,84,482,463,60,403
1689.0,46,344,14,56,0,0,2,1,1,566,84,482,464,60,404
1690.0,46,347,14,56,0,0,2,1,1,566,84,482,467,60,407
1691.0,47,347,14,56,0,0,2,1,0,567,84,483,467,61,406
1692.0,47,349,14,56,0,0,2,1,0,567,84,483,469,61,408
1693.0,46,349,14,58,0,0,2,1,0,567,84,483,470,61,409
1694.0,46,351,13,58,0,0,2,1,1,567,84,483,472,61,411
1695.0,46,352,12,58,1,0,2,1,1,567,84,483,473,61,412
1696.0,47,352,12,58,0,0,2,1,1,568,84,484,473,62,411
1697.0,47,351,13,58,0,0,2,1,1,568,84,484,473,62,411
1698.0,47,353,13,58,0,0,2,1,1,569,85,484,475,61,414
1699.0,47,354,13,58,0,0,2,1,1,569,85,484,476,61,415
1700.0,47,353,13,59,0,0,2,1,0,570,86,484,475,60,415
1701.0,47,354,13,59,0,0,2,1,0,570,86,484,476,60,416
1702.0,47,354,13,58,0,0,2,1,1,570,86,484,476,60,416
1703.0,47,356,13,58,0,0,2,1,1,570,86,484,478,60,418
1704.0,47,356,13,58,0,0,2,1,0,571,86,485,477,60,417
1705.0,47,357,13,58,0,0,2,1,0,571,86,485,478,60,418
1706.0,46,358,13,58,0,0,2,1,1,571,86,485,479,60,419
1707.0,46,359,13,58,0,0,2,1,0,572,86,486,479,60,419
1708.0,46,359,13,58,0,0,2,1,0,572,86,486,479,60,419
1709.0,46,359,13,57,0,0,2,1,1,572,86,486,479,60,419
1710.0,46,360,14,57,0,0,2,1,0,573,86,487,480,60,420
1711.0,46,361,14,57,0,0,2,1,0,573,86,487,481,60,421
1712.0,47,363,14,57,0,0,2,1,1,573,86,487,485,61,424
1713.0,47,363,14,58,0,0,2,1,1,573,86,487,486,61,425
1714.0,47,363,14,58,0,0,2,1,0,574,86,488,485,61,424
1715.0,47,364,14,57,0,0,2,1,1,574,86,488,486,61,425
1716.0,47,362,14,59,0,0,2,1,1,574,86,488,486,61,425
1717.0,47,364,14,58,0,0,2,1,1,575,86,489,487,61,426
1718.0,47,366,14,58,0,0,2,1,0,576,86,490,488,61,427
1719.0,46,365,14,59,0,0,2,1,1,576,86,490,488,61,427
1720.0,46,366,14,59,0,0,2,1,1,576,86,490,489,61,428
1721.0,46,367,14,58,0,0,2,1,1,577,86,491,489,61,428
1722.0,46,366,15,58,0,0,2,1,0,578,86,492,488,61,427
1723.0,46,366,15,57,0,0,2,1,1,578,86,492,488,61,427
1724.0,46,369,15,58,0,0,1,1,0,579,86,493,490,61,429
1725.0,47,370,14,58,0,0,2,1,1,579,86,493,493,62,431
1726.0,47,371,14,58,0,0,2,1,0,580,86,494,493,62,431
1727.0,47,373,14,58,0,0,2,1,0,580,86,494,495,62,433
1728.0,47,376,14,57,0,0,2,1,1,580,86,494,498,62,436
1729.0,48,377,14,57,0,0,2,1,0,581,87,494,499,62,437
1730.0,49,376,14,57,0,0,2,1,1,581,87,494,500,63,437
1731.0,49,377,14,57,0,0,2,1,0,582,87,495,500,63,437
1732.0,50,377,14,58,0,0,2,1,1,582,87,495,503,64,439
1733.0,50,379,14,58,0,0,2,1,0,583,87,496,504,64,440
1734.0,50,379,14,58,0,0,2,1,0,583,87,496,504,64,440
1735.0,50,380,14,57,0,0,2,1,1,583,87,496,505,64,441
1736.0,51,382,14,57,0,0,2,1,1,583,87,496,508,65,443
1737.0,52,381,14,58,0,0,2,1,0,584,87,497,508,66,442
1738.0,52,383,14,58,0,0,2,1,0,584,87,497,510,66,444
1739.0,52,384,14,57,0,0,2,1,1,584,87,497,511,66,445
1740.0,52,386,14,57,0,0,2,1,0,585,87,498,512,66,446
1741.0,53,385,14,58,0,0,2,1,0,585,87,498,513,67,446
1742.0,54,385,14,58,0,0,2,1,0,585,87,498,514,68,446
1743.0,55,385,14,57,0,0,2,1,1,585,87,498,515,69,446
1744.0,55,386,13,57,0,1,2,1,1,585,87,498,516,69,447
1745.0,55,386,13,57,0,0,2,1,1,586,87,499,515,69,446
1746.0,54,386,13,59,0,0,2,1,0,587,87,500,515,69,446
1747.0,54,388,13,58,0,0,2,1,1,587,87,500,517,69,448
1748.0,54,387,13,59,0,0,2,1,0,588,88,500,516,68,448
1749.0,54,386,14,59,0,0,2,1,0,588,88,500,516,68,448
1750.0,54,386,14,59,0,0,2,1,0,588,88,500,516,68,448
1751.0,54,386,13,59,0,0,2,1,1,588,88,500,516,68,448
1752.0,54,386,13,59,1,0,2,0,1,588,88,500,516,68,448
1753.0,54,388,13,58,0,0,2,1,1,589,88,501,517,68,449
1754.0,54,387,13,59,0,0,2,1,0,590,89,501,516,67,449
1755.0,54,386,13,59,0,0,2,1,1,590,89,501,516,67,449
1756.0,54,386,13,59,0,0,2,1,0,591,89,502,515,67,448
1757.0,54,386,13,59,0,0,2,1,0,591,89,502,515,67,448
1758.0,53,387,13,59,0,0,2,1,1,591,89,502,516,67,449
1759.0,53,387,13,59,0,0,2,1,0,592,89,503,515,67,448
1760.0,53,388,13,59,0,0,2,1,0,592,89,503,516,67,449
1761.0,53,388,13,59,0,0,2,1,1,592,89,503,517,67,450
1762.0,53,388,13,59,0,0,2,1,0,593,89,504,516,67,449
1763.0,53,389,13,58,0,0,2,1,1,593,89,504,517,67,450
1764.0,53,389,14,58,0,0,2,1,0,594,89,505,517,67,450
1765.0,53,389,13,58,0,0,2,1,1,594,89,505,517,67,450
1766.0,53,388,13,60,0,0,2,1,0,595,89,506,517,67,450
1767.0,54,388,13,59,0,0,2,1,1,595,89,506,518,68,450
1768.0,54,388,12,60,0,0,2,1,1,596,90,506,518,67,451
1769.0,54,387,12,61,0,0,2,1,0,597,90,507,517,67,450
1770.0,54,387,12,61,0,0,2,1,0,597,90,507,517,67,450
1771.0,54,388,12,61,1,0,2,0,0,597,90,507,518,67,451
1772.0,54,388,12,60,0,0,2,1,1,597,90,507,518,67,451
1773.0,53,388,11,61,0,1,2,1,1,597,90,507,518,67,451
1774.0,53,387,11,62,0,0,2,1,1,598,91,507,517,66,451
1775.0,53,388,11,61,0,0,2,1,1,599,91,508,517,66,451
1776.0,53,388,11,61,0,0,2,1,0,600,92,508,516,65,451
1777.0,53,388,11,61,0,0,2,1,0,600,92,508,516,65,451
1778.0,53,389,11,62,0,0,2,1,0,600,92,508,518,65,453
1779.0,53,388,12,62,0,0,2,1,0,600,92,508,518,65,453
1780.0,53,388,12,62,0,0,2,1,0,600,92,508,518,65,453
1781.0,53,388,12,61,0,0,2,1,1,600,92,508,518,65,453
1782.0,53,387,12,62,0,0,2,1,1,600,92,508,518,65,453
1783.0,53,388,12,62,0,0,2,1,0,601,92,509,518,65,453
1784.0,54,388,12,61,0,0,2,1,1,601,92,509,519,66,453
1785.0,54,388,12,61,0,0,2,1,0,602,92,510,518,66,452
1786.0,54,386,12,62,0,0,2,1,1,602,92,510,518,66,452
1787.0,54,387,12,62,0,0,2,1,1,602,92,510,519,66,453
1788.0,54,388,12,61,0,0,2,1,1,603,92,511,519,66,453
1789.0,54,388,12,61,0,0,2,1,0,604,92,512,518,66,452
1790.0,54,388,12,61,0,0,2,1,1,604,92,512,519,66,453
1791.0,54,388,12,61,0,0,2,1,0,605,92,513,518,66,452
1792.0,54,388,11,61,0,0,2,1,1,605,92,513,518,66,452
1793.0,54,388,11,62,1,0,2,0,0,606,92,514,518,66,452
1794.0,54,387,11,62,0,0,2,1,0,607,93,514,517,65,452
1795.0,54,388,11,62,0,0,2,1,0,607,93,514,518,65,453
1796.0,54,388,11,62,0,0,2,1,0,607,93,514,518,65,453
1797.0,54,388,11,61,0,0,2,1,1,607,93,514,518,65,453
1798.0,54,389,11,61,0,0,2,1,1,607,93,514,519,65,454
1799.0,54,389,11,62,0,0,2,1,0,608,93,515,519,65,454
1800.0,54,389,11,62,0,0,2,1,0,608,93,515,519,65,454
1801.0,54,389,11,61,0,0,2,1,1,608,93,515,519,65,454
1802.0,54,388,11,62,0,0,2,1,1,608,93,515,519,65,454
1803.0,54,388,11,62,0,0,2,1,1,609,93,516,519,65,454
1804.0,54,388,11,62,0,0,2,1,0,610,93,517,518,65,453
1805.0,54,390,11,63,0,0,1,1,0,610,93,517,520,65,455
1806.0,54,389,11,63,0,0,2,1,0,610,93,517,520,65,455
1807.0,54,389,11,63,0,0,2,1,0,610,93,517,520,65,455
1808.0,54,388,11,63,0,0,2,1,1,610,93,517,520,65,455
1809.0,54,389,11,63,0,0,2,1,1,610,93,517,521,65,456
1810.0,54,390,11,63,0,1,2,0,1,610,93,517,522,65,457
1811.0,54,390,11,63,0,0,2,1,1,611,93,518,522,65,457
1812.0,54,390,11,63,0,0,2,1,0,612,93,519,521,65,456
1813.0,54,390,11,63,0,0,2,1,0,612,93,519,521,65,456
1814.0,54,389,11,63,0,0,2,1,1,612,93,519,521,65,456
1815.0,54,389,11,63,0,0,2,1,1,612,93,519,521,65,456
1816.0,54,390,11,63,0,0,2,1,1,612,93,519,522,65,457
1817.0,54,389,11,64,0,0,2,1,1,612,93,519,522,65,457
1818.0,54,389,11,63,0,0,2,1,1,613,93,520,521,65,456
1819.0,54,390,11,63,0,0,2,1,1,613,93,520,522,65,457
1820.0,54,390,11,63,0,0,2,1,0,614,93,521,521,65,456
1821.0,53,390,11,64,0,0,2,1,1,614,93,521,522,65,457
1822.0,53,390,11,64,0,0,2,1,1,614,93,521,522,65,457
1823.0,53,389,12,64,0,0,2,1,0,615,93,522,521,65,456
1824.0,53,390,12,64,0,0,2,1,0,615,93,522,522,65,457
1825.0,53,390,12,65,0,0,2,1,0,615,93,522,523,65,458
1826.0,53,393,12,65,0,0,2,1,0,615,93,522,526,65,461
1827.0,53,394,12,64,0,0,2,1,1,615,93,522,527,65,462
1828.0,53,393,12,65,0,0,2,1,1,615,93,522,527,65,462
1829.0,53,394,12,64,0,0,2,1,1,616,93,523,527,65,462
1830.0,52,394,12,65,0,0,2,1,1,616,93,523,527,65,462
1831.0,51,394,12,65,0,0,2,1,1,617,93,524,526,65,461
1832.0,52,394,11,65,0,0,2,1,1,618,93,525,526,66,460
1833.0,52,394,11,65,0,0,2,1,1,618,93,525,526,66,460
1834.0,52,393,12,65,0,0,2,1,0,619,93,526,525,66,459
1835.0,52,393,12,65,0,0,2,1,0,619,93,526,525,66,459
1836.0,52,393,12,65,0,0,2,1,0,619,93,526,525,66,459
1837.0,52,392,12,66,0,0,2,1,0,619,93,526,525,66,459
1838.0,52,393,12,65,0,0,2,1,1,619,93,526,526,66,460
1839.0,52,392,13,66,0,0,2,1,1,619,93,526,527,66,461
1840.0,52,392,13,65,0,0,2,1,1,620,94,526,526,65,461
1841.0,52,392,13,65,0,0,2,1,1,620,94,526,526,65,461
1842.0,52,393,13,64,0,0,2,1,1,621,94,527,526,65,461
1843.0,52,394,13,64,0,0,2,1,0,622,94,528,526,65,461
1844.0,52,394,13,63,0,0,2,1,1,622,94,528,526,65,461
1845.0,52,395,13,63,0,0,2,1,0,623,94,529,526,65,461
1846.0,52,394,13,65,0,0,2,1,0,623,94,529,527,65,462
1847.0,52,396,13,64,0,0,2,1,1,623,94,529,529,65,464
1848.0,52,395,13,65,0,0,2,1,0,624,94,530,528,65,463
1849.0,52,395,13,65,0,0,2,1,0,624,94,530,528,65,463
1850.0,52,395,13,65,0,0,2,1,0,624,94,530,528,65,463
1851.0,52,393,13,66,0,0,2,1,1,624,94,530,528,65,463
1852.0,52,393,13,66,0,0,2,1,0,625,94,531,527,65,462
1853.0,52,394,13,66,0,0,2,1,0,625,94,531,528,65,463
1854.0,52,394,12,66,0,0,2,1,1,625,94,531,528,65,463
1855.0,52,393,12,67,0,0,2,1,1,625,94,531,528,65,463
1856.0,53,392,12,67,0,0,2,1,1,626,94,532,528,66,462
1857.0,53,392,12,67,0,0,2,1,1,626,94,532,528,66,462
1858.0,53,391,12,68,0,0,2,1,0,627,95,532,527,65,462
1859.0,53,390,12,69,0,0,2,1,0,627,95,532,527,65,462
1860.0,53,390,12,68,0,0,2,1,1,627,95,532,527,65,462
1861.0,53,390,12,68,0,0,2,1,0,628,95,533,526,65,461
1862.0,54,390,11,68,0,0,2,1,1,628,95,533,527,66,461
1863.0,54,389,11,69,0,0,2,1,1,629,95,534,527,66,461
1864.0,54,390,11,69,0,0,2,1,0,630,96,534,527,65,462
1865.0,55,391,11,68,0,0,2,1,1,630,96,534,529,66,463
1866.0,55,392,11,68,0,0,2,1,1,630,96,534,530,66,464
1867.0,55,393,11,67,0,0,2,1,1,631,96,535,530,66,464
1868.0,55,392,11,68,0,0,2,1,0,632,96,536,529,66,463
1869.0,55,394,11,67,0,0,2,1,1,632,96,536,531,66,465
1870.0,55,394,11,67,0,0,2,1,0,633,96,537,530,66,464
1871.0,55,394,10,67,0,0,2,1,1,633,96,537,530,66,464
1872.0,54,394,10,68,0,0,2,1,1,633,96,537,530,66,464
1873.0,54,394,10,68,0,0,2,1,0,634,96,538,529,66,463
1874.0,54,396,9,68,0,0,2,1,1,634,96,538,531,66,465
1875.0,54,396,9,68,1,0,2,0,1,634,96,538,531,66,465
1876.0,54,395,9,68,0,0,2,1,1,635,97,538,530,65,465
1877.0,54,396,9,68,0,0,2,1,0,636,98,538,530,64,466
1878.0,54,395,10,67,0,0,2,1,1,636,98,538,530,64,466
1879.0,54,394,10,68,0,0,2,1,0,637,98,539,529,64,465
1880.0,54,396,10,68,0,0,2,1,0,637,98,539,531,64,467
1881.0,54,398,10,67,0,0,2,1,1,637,98,539,533,64,469
1882.0,54,397,10,68,0,0,2,1,1,637,98,539,533,64,469
1883.0,54,397,10,68,0,0,2,1,0,638,98,540,532,64,468
1884.0,55,397,10,67,0,0,2,1,1,638,98,540,533,65,468
1885.0,55,398,10,67,0,0,2,1,0,639,98,541,533,65,468
1886.0,55,399,9,68,0,0,2,1,1,639,98,541,535,65,470
1887.0,55,401,9,68,0,0,2,1,1,639,98,541,537,65,472
1888.0,55,402,9,69,0,0,2,1,0,640,98,542,538,65,473
1889.0,55,406,9,68,0,0,2,1,1,640,98,542,542,65,477
1890.0,55,407,9,68,0,0,2,1,0,641,99,542,542,64,478
1891.0,55,410,9,67,0,0,2,1,1,641,99,542,545,64,481
1892.0,55,412,9,67,0,0,2,1,0,642,99,543,546,64,482
1893.0,55,412,9,67,0,0,2,1,1,642,99,543,547,64,483
1894.0,56,414,9,67,0,0,2,1,0,643,99,544,549,65,484
1895.0,56,414,8,67,0,0,2,1,1,643,99,544,549,65,484
1896.0,56,417,8,67,0,0,2,1,1,643,99,544,552,65,487
1897.0,56,416,8,68,0,0,2,1,0,644,99,545,551,65,486
1898.0,57,420,8,67,0,0,2,1,1,644,99,545,556,66,490
1899.0,57,420,8,67,0,0,2,1,0,645,100,545,555,65,490
1900.0,57,420,8,67,0,0,2,1,0,645,100,545,555,65,490
1901.0,57,419,8,68,0,0,2,1,0,645,100,545,555,65,490
1902.0,57,419,8,68,0,0,2,1,0,645,100,545,555,65,490
1903.0,57,419,8,68,0,0,2,1,0,645,100,545,555,65,490
1904.0,57,419,8,67,0,0,2,1,1,645,100,545,555,65,490
1905.0,57,417,8,69,0,0,2,1,1,645,100,545,555,65,490
1906.0,57,417,8,68,0,1,2,1,1,645,100,545,555,65,490
1907.0,57,416,8,69,0,0,2,1,1,646,100,546,554,65,489
1908.0,57,416,8,68,0,0,2,1,1,647,100,547,553,65,488
1909.0,57,415,8,69,0,0,2,1,0,648,100,548,552,65,487
1910.0,57,415,8,69,0,0,2,1,0,648,100,548,552,65,487
1911.0,57,415,8,68,0,0,2,1,1,648,100,548,552,65,487
1912.0,57,415,8,68,0,0,2,1,0,649,100,549,551,65,486
1913.0,57,415,8,67,0,0,2,1,1,649,100,549,551,65,486
1914.0,57,414,8,68,0,0,2,1,0,650,100,550,550,65,485
1915.0,57,414,7,68,0,0,2,1,1,650,100,550,550,65,485
1916.0,57,414,7,68,0,0,2,1,0,651,100,551,549,65,484
1917.0,57,414,7,68,0,0,2,1,0,651,100,551,549,65,484
1918.0,57,414,7,67,0,0,2,1,1,651,100,551,549,65,484
1919.0,57,413,7,67,0,0,2,1,1,652,101,551,548,64,484
1920.0,57,413,7,67,0,0,2,1,0,653,101,552,547,64,483
1921.0,57,413,7,67,0,0,2,1,0,653,101,552,547,64,483
1922.0,57,413,7,67,0,0,2,1,0,653,101,552,547,64,483
1923.0,57,413,7,66,0,0,2,1,1,653,101,552,547,64,483
1924.0,57,413,7,66,0,0,2,1,1,653,101,552,547,64,483
1925.0,57,412,7,66,0,0,2,1,1,654,101,553,546,64,482
1926.0,57,412,7,66,0,0,2,1,0,655,101,554,545,64,481
1927.0,57,412,7,66,0,0,2,1,0,655,101,554,545,64,481
1928.0,57,412,7,66,0,0,2,1,0,655,101,554,545,64,481
1929.0,57,412,7,66,0,0,2,1,0,655,101,554,545,64,481
1930.0,56,412,7,67,0,0,2,1,0,655,101,554,545,64,481
1931.0,56,412,7,67,0,0,2,1,0,655,101,554,545,64,481
1932.0,56,412,7,67,0,1,2,0,0,655,101,554,545,64,481
1933.0,56,411,7,67,0,0,2,1,1,655,101,554,545,64,481
1934.0,56,410,8,66,0,1,2,1,1,655,101,554,545,64,481
1935.0,56,409,8,67,0,1,2,1,1,655,101,554,545,64,481
1936.0,56,409,8,67,0,0,2,1,1,656,101,555,544,64,480
1937.0,56,409,8,66,0,0,2,1,1,657,101,556,543,64,479
1938.0,56,409,8,66,0,0,2,1,0,658,101,557,542,64,478
1939.0,56,409,8,66,0,0,2,1,0,658,101,557,542,64,478
1940.0,56,409,8,66,0,0,2,1,0,658,101,557,542,64,478
1941.0,56,408,8,67,0,0,2,1,0,658,101,557,542,64,478
1942.0,56,408,8,66,0,0,2,1,1,658,101,557,542,64,478
1943.0,55,408,8,67,0,0,2,1,0,659,101,558,541,64,477
1944.0,55,408,8,67,0,0,2,1,0,659,101,558,541,64,477
1945.0,55,408,8,67,0,0,2,1,0,659,101,558,541,64,477
1946.0,55,408,8,67,0,0,2,1,0,659,101,558,541,64,477
1947.0,55,408,8,66,0,0,2,1,1,659,101,558,541,64,477
1948.0,55,408,7,66,0,1,2,1,1,659,101,558,541,64,477
1949.0,55,408,7,66,0,0,2,1,1,660,101,559,540,64,476
1950.0,55,408,7,65,0,0,2,1,1,661,101,560,539,64,475
1951.0,55,407,8,65,0,0,2,1,0,662,102,560,538,63,475
1952.0,55,407,8,65,0,0,2,1,0,662,102,560,538,63,475
1953.0,55,407,8,64,0,0,2,1,1,662,102,560,538,63,475
1954.0,55,406,8,65,0,0,2,1,0,663,102,561,537,63,474
1955.0,55,406,8,64,0,0,2,1,1,663,102,561,537,63,474
1956.0,55,406,8,64,0,0,2,1,1,663,102,561,537,63,474
1957.0,55,405,8,64,0,0,2,1,1,664,102,562,536,63,473
1958.0,55,405,8,64,0,0,2,1,1,664,102,562,536,63,473
1959.0,55,405,8,64,0,0,2,1,0,665,102,563,535,63,472
1960.0,55,405,7,64,0,0,2,1,1,665,102,563,535,63,472
1961.0,55,404,7,65,0,0,2,1,0,666,102,564,534,63,471
1962.0,55,404,7,65,0,0,2,1,0,666,102,564,534,63,471
1963.0,55,403,7,66,0,0,2,1,0,666,102,564,534,63,471
1964.0,55,403,7,66,0,0,2,1,0,666,102,564,534,63,471
1965.0,55,403,7,65,0,0,2,1,1,666,102,564,534,63,471
1966.0,55,402,7,66,0,0,2,1,1,666,102,564,534,63,471
1967.0,55,402,7,65,0,0,2,1,1,667,103,564,533,62,471
1968.0,55,402,7,65,0,0,2,1,0,668,103,565,532,62,470
1969.0,55,402,7,64,0,0,2,1,1,668,103,565,532,62,470
1970.0,55,401,7,64,0,0,2,1,1,669,103,566,531,62,469
1971.0,55,401,7,64,0,0,2,1,1,669,103,566,531,62,469
1972.0,55,401,7,64,0,0,2,1,0,670,103,567,530,62,468
1973.0,55,400,7,64,0,0,2,1,1,670,103,567,530,62,468
1974.0,55,399,7,65,0,0,2,1,0,671,103,568,529,62,467
1975.0,55,399,7,65,0,0,2,1,0,671,103,568,529,62,467
1976.0,55,399,7,64,0,0,2,1,1,671,103,568,529,62,467
1977.0,55,398,7,65,0,0,2,1,0,672,103,569,528,62,466
1978.0,55,398,7,64,0,0,2,1,1,672,103,569,528,62,466
1979.0,55,398,7,64,0,0,2,1,1,672,103,569,528,62,466
1980.0,54,398,6,65,0,0,2,1,1,673,103,570,527,62,465
1981.0,54,398,6,65,0,0,2,1,0,674,103,571,526,62,464
1982.0,54,397,6,66,0,0,2,1,0,674,103,571,526,62,464
1983.0,54,397,6,65,0,0,2,1,1,674,103,571,526,62,464
1984.0,53,397,6,66,0,0,2,1,0,675,104,571,525,61,464
1985.0,53,397,6,65,0,0,2,1,1,675,104,571,525,61,464
1986.0,53,396,7,65,0,0,2,1,0,676,104,572,524,61,463
1987.0,53,396,7,65,0,0,2,1,0,676,104,572,524,61,463
1988.0,53,396,7,65,0,0,2,1,0,676,104,572,524,61,463
1989.0,53,395,8,65,0,0,2,1,0,676,104,572,524,61,463
1990.0,53,395,8,65,0,0,2,1,0,676,104,572,524,61,463
1991.0,53,394,8,65,0,0,2,1,1,676,104,572,524,61,463
1992.0,53,394,8,65,0,0,2,1,1,676,104,572,524,61,463
1993.0,53,393,8,66,0,0,2,1,0,677,104,573,523,61,462
1994.0,53,393,8,65,0,0,2,1,1,677,104,573,523,61,462
1995.0,53,393,8,65,0,0,2,1,0,678,104,574,522,61,461
1996.0,53,393,8,65,0,1,2,0,0,678,104,574,522,61,461
1997.0,53,393,8,64,0,0,2,1,1,678,104,574,522,61,461
1998.0,53,393,8,64,0,0,2,1,0,679,104,575,521,61,460
1999.0,53,393,8,63,0,0,2,1,1,679,104,575,521,61,460
2000.0,53,393,8,63,0,0,2,1,1,679,104,575,521,61,460
2001.0,53,392,8,63,0,0,2,1,1,680,104,576,520,61,459
2002.0,53,392,8,63,0,0,2,1,1,680,104,576,520,61,459
2003.0,53,392,8,62,0,0,2,1,1,681,104,577,519,61,458
2004.0,53,391,8,63,0,0,2,1,1,681,104,577,519,61,458
2005.0,53,390,8,64,0,0,2,1,0,682,104,578,518,61,457
2006.0,53,390,8,63,0,0,2,1,1,682,104,578,518,61,457
2007.0,53,390,8,63,0,0,2,1,0,683,104,579,517,61,456
2008.0,53,390,8,63,0,0,2,1,0,683,104,579,517,61,456
2009.0,53,390,8,62,0,0,2,1,1,683,104,579,517,61,456
2010.0,53,389,8,63,0,0,2,1,1,683,104,579,517,61,456
2011.0,53,388,8,63,0,0,2,1,1,684,104,580,516,61,455
2012.0,53,388,8,63,0,0,2,1,0,685,104,581,515,61,454
2013.0,53,388,8,63,0,0,2,1,0,685,104,581,515,61,454
2014.0,53,387,8,64,0,0,2,1,0,685,104,581,515,61,454
2015.0,53,387,8,63,0,0,2,1,1,685,104,581,515,61,454
2016.0,52,387,8,64,0,0,2,1,0,686,104,582,514,61,453
2017.0,52,387,8,63,0,0,2,1,1,686,104,582,514,61,453
2018.0,52,386,8,64,0,0,2,1,0,687,104,583,513,61,452
2019.0,52,386,8,63,0,0,2,1,1,687,104,583,513,61,452
2020.0,52,385,9,64,0,0,1,1,0,688,104,584,512,61,451
2021.0,52,384,9,64,0,0,2,1,0,688,104,584,512,61,451
2022.0,52,384,9,64,0,0,2,1,0,688,104,584,512,61,451
2023.0,52,384,9,64,0,0,2,1,0,688,104,584,512,61,451
2024.0,52,384,9,64,0,0,2,1,0,688,104,584,512,61,451
2025.0,52,384,9,63,0,0,2,1,1,688,104,584,512,61,451
2026.0,52,384,9,63,0,0,2,1,1,688,104,584,512,61,451
2027.0,52,383,9,64,0,0,2,1,1,688,104,584,512,61,451
2028.0,52,383,9,64,0,0,2,1,0,689,104,585,511,61,450
2029.0,52,381,9,65,0,0,2,1,1,689,104,585,511,61,450
2030.0,52,381,9,65,0,0,2,1,0,690,104,586,510,61,449
2031.0,52,381,8,65,0,0,2,1,1,690,104,586,510,61,449
2032.0,52,380,8,66,0,0,2,1,1,690,104,586,510,61,449
2033.0,52,380,8,65,0,0,2,1,1,691,104,587,509,61,448
2034.0,52,380,8,65,0,0,2,1,1,691,104,587,509,61,448
2035.0,52,380,8,64,0,0,2,1,1,692,105,587,508,60,448
2036.0,52,379,8,65,0,0,2,1,0,693,105,588,507,60,447
2037.0,52,378,8,66,0,0,2,1,0,693,105,588,507,60,447
2038.0,52,378,8,66,0,0,2,1,0,693,105,588,507,60,447
2039.0,52,377,8,66,0,0,2,1,1,693,105,588,507,60,447
2040.0,52,377,8,66,0,0,2,1,1,693,105,588,507,60,447
2041.0,52,377,8,66,0,0,2,1,0,694,105,589,506,60,446
2042.0,52,377,8,65,0,0,2,1,1,694,105,589,506,60,446
2043.0,52,377,8,65,0,0,2,1,0,695,105,590,505,60,445
2044.0,52,377,7,65,0,0,2,1,1,695,105,590,505,60,445
2045.0,52,376,7,65,0,0,2,1,1,696,105,591,504,60,444
2046.0,52,376,7,65,0,0,2,1,0,697,106,591,503,59,444
2047.0,52,376,6,65,0,0,2,1,1,697,106,591,503,59,444
2048.0,52,376,6,65,0,0,2,1,0,698,106,592,502,59,443
2049.0,52,375,6,66,0,0,2,1,0,698,106,592,502,59,443
2050.0,52,375,6,66,0,0,2,1,0,698,106,592,502,59,443
2051.0,52,374,6,66,0,0,2,1,1,698,106,592,502,59,443
2052.0,52,374,6,66,0,0,2,1,1,698,106,592,502,59,443
2053.0,52,374,6,65,0,0,2,1,1,699,107,592,501,58,443
2054.0,52,373,6,66,0,0,2,1,0,700,107,593,500,58,442
2055.0,52,372,6,67,0,0,2,1,0,700,107,593,500,58,442
2056.0,52,372,6,67,0,0,2,1,0,700,107,593,500,58,442
2057.0,52,372,6,66,0,0,2,1,1,700,107,593,500,58,442
2058.0,52,372,6,66,0,0,2,1,1,700,107,593,500,58,442
2059.0,52,372,6,66,0,0,2,1,0,701,107,594,499,58,441
2060.0,51,371,6,67,0,0,2,1,1,701,107,594,499,58,441
2061.0,51,371,6,67,0,0,2,1,1,701,107,594,499,58,441
2062.0,51,371,6,66,0,0,2,1,1,702,107,595,498,58,440
2063.0,51,371,6,66,0,0,2,1,0,703,107,596,497,58,439
2064.0,51,371,6,66,0,0,2,1,0,703,107,596,497,58,439
2065.0,51,370,6,66,0,0,2,1,1,703,107,596,497,58,439
2066.0,51,370,6,66,0,0,2,1,0,704,107,597,496,58,438
2067.0,51,370,6,65,0,0,2,1,1,704,107,597,496,58,438
2068.0,51,370,6,65,0,0,2,1,1,704,107,597,496,58,438
2069.0,51,370,6,64,0,0,2,1,1,705,107,598,495,58,437
2070.0,51,370,6,64,0,0,2,1,0,706,107,599,494,58,436
2071.0,51,370,6,63,0,0,2,1,1,706,107,599,494,58,436
2072.0,51,370,6,62,0,1,2,1,1,706,107,599,494,58,436
2073.0,51,369,6,63,0,0,2,1,1,707,107,600,493,58,435
2074.0,51,369,6,63,0,0,2,1,0,708,107,601,492,58,434
2075.0,51,369,6,62,0,0,2,1,1,708,107,601,492,58,434
2076.0,51,368,7,62,0,0,2,1,0,709,107,602,491,58,433
2077.0,51,368,7,61,0,0,2,1,1,709,107,602,491,58,433
2078.0,51,367,7,62,0,0,2,1,0,710,107,603,490,58,432
2079.0,51,367,7,61,0,0,2,1,1,710,107,603,490,58,432
2080.0,51,366,7,62,0,0,2,1,0,711,107,604,489,58,431
2081.0,51,366,7,62,0,0,2,1,0,711,107,604,489,58,431
2082.0,51,365,7,63,0,0,2,1,0,711,107,604,489,58,431
2083.0,51,365,7,63,0,0,2,1,0,711,107,604,489,58,431
2084.0,51,365,7,62,0,0,2,1,1,711,107,604,489,58,431
2085.0,51,365,7,62,0,0,2,1,1,711,107,604,489,58,431
2086.0,51,365,7,61,0,0,2,1,1,712,107,605,488,58,430
2087.0,51,365,7,61,0,0,2,1,0,713,107,606,487,58,429
2088.0,51,365,7,61,0,0,2,1,0,713,107,606,487,58,429
2089.0,51,364,7,62,0,0,2,1,0,713,107,606,487,58,429
2090.0,51,364,7,62,0,0,2,1,0,713,107,606,487,58,429
2091.0,51,364,7,62,0,0,2,1,0,713,107,606,487,58,429
2092.0,51,363,6,63,0,0,2,1,1,713,107,606,487,58,429
2093.0,51,363,6,63,0,0,2,1,1,713,107,606,487,58,429
2094.0,50,363,6,63,0,0,2,1,1,714,107,607,486,58,428
2095.0,50,362,6,64,0,0,2,1,1,714,107,607,486,58,428
2096.0,50,362,6,63,0,0,2,1,1,715,108,607,485,57,428
2097.0,50,362,6,63,0,0,2,1,0,716,108,608,484,57,427
2098.0,50,362,6,63,0,0,2,1,0,716,108,608,484,57,427
2099.0,50,362,6,62,0,0,2,1,1,716,108,608,484,57,427
2100.0,50,361,7,62,0,0,2,1,0,717,108,609,483,57,426
2101.0,50,361,7,62,0,0,2,1,0,717,108,609,483,57,426
2102.0,50,360,7,63,0,0,2,1,0,717,108,609,483,57,426
2103.0,50,360,7,62,0,0,2,1,1,717,108,609,483,57,426
2104.0,50,360,7,62,0,0,2,1,1,717,108,609,483,57,426
2105.0,49,360,7,63,0,0,2,1,0,718,108,610,482,57,425
2106.0,49,360,7,63,0,0,2,1,0,718,108,610,482,57,425
2107.0,49,360,7,63,0,0,2,1,0,718,108,610,482,57,425
2108.0,49,358,8,63,0,0,2,1,1,718,108,610,482,57,425
2109.0,49,358,8,63,0,0,2,1,1,718,108,610,482,57,425
2110.0,49,358,8,63,0,0,2,1,0,719,108,611,481,57,424
2111.0,49,358,8,62,0,0,2,1,1,719,108,611,481,57,424
2112.0,49,357,8,63,0,0,2,1,0,720,108,612,480,57,423
2113.0,49,356,8,63,0,0,2,1,1,720,108,612,480,57,423
2114.0,49,356,8,63,0,0,2,1,0,721,108,613,479,57,422
2115.0,49,356,8,62,0,0,2,1,1,721,108,613,479,57,422
2116.0,49,356,8,62,0,0,2,1,1,721,108,613,479,57,422
2117.0,49,356,8,62,0,0,2,1,0,722,108,614,478,57,421
2118.0,49,355,8,62,0,0,2,1,1,722,108,614,478,57,421
2119.0,49,355,8,62,0,0,2,1,0,723,108,615,477,57,420
2120.0,49,355,8,62,0,0,2,1,0,723,108,615,477,57,420
2121.0,49,355,8,62,0,0,2,1,0,723,108,615,477,57,420
2122.0,49,354,8,62,0,0,2,1,1,723,108,615,477,57,420
2123.0,49,354,8,61,0,1,2,1,1,723,108,615,477,57,420
2124.0,49,354,8,61,0,0,2,1,1,724,108,616,476,57,419
2125.0,49,353,8,62,0,0,2,1,0,725,108,617,475,57,418
2126.0,49,353,8,61,0,0,2,1,1,725,108,617,475,57,418
2127.0,49,352,8,62,0,0,2,1,1,725,108,617,475,57,418
2128.0,49,352,8,62,0,0,2,1,0,726,108,618,474,57,417
2129.0,49,352,8,62,0,0,2,1,0,726,108,618,474,57,417
2130.0,49,352,8,61,0,0,2,1,1,726,108,618,474,57,417
2131.0,49,352,8,61,0,0,2,1,1,726,108,618,474,57,417
2132.0,49,352,8,61,0,0,2,1,0,727,108,619,473,57,416
2133.0,49,351,8,61,0,0,2,1,1,727,108,619,473,57,416
2134.0,49,350,8,62,0,0,2,1,0,728,108,620,472,57,415
2135.0,49,350,8,62,0,0,2,1,0,728,108,620,472,57,415
2136.0,49,350,8,62,0,0,2,1,0,728,108,620,472,57,415
2137.0,49,349,8,63,0,0,2,1,0,728,108,620,472,57,415
2138.0,49,349,8,63,0,0,2,1,0,728,108,620,472,57,415
2139.0,49,348,8,63,0,0,2,1,1,728,108,620,472,57,415
2140.0,49,347,8,64,0,0,2,1,1,728,108,620,472,57,415
2141.0,49,347,8,64,0,0,2,1,1,728,108,620,472,57,415
2142.0,49,347,8,64,0,0,2,1,0,729,108,621,471,57,414
2143.0,49,347,8,63,0,0,2,1,1,729,108,621,471,57,414
2144.0,49,347,8,63,0,0,2,1,1,729,108,621,471,57,414
2145.0,49,347,8,63,0,0,2,1,0,730,108,622,470,57,413
2146.0,49,346,8,64,0,0,2,1,0,730,108,622,470,57,413
2147.0,49,345,7,65,0,0,2,1,1,730,108,622,470,57,413
2148.0,49,345,7,64,1,0,2,1,1,730,108,622,470,57,413
2149.0,49,345,7,64,0,0,2,1,1,731,108,623,469,57,412
2150.0,49,345,7,63,0,0,2,1,1,732,109,623,468,56,412
2151.0,49,345,7,63,0,0,2,1,0,733,109,624,467,56,411
2152.0,49,345,7,63,0,0,2,1,0,733,109,624,467,56,411
2153.0,49,345,7,62,0,0,2,1,1,733,109,624,467,56,411
2154.0,49,344,7,63,0,0,2,1,1,733,109,624,467,56,411
2155.0,49,344,7,63,0,0,2,1,0,734,109,625,466,56,410
2156.0,49,344,7,63,0,0,2,1,0,734,109,625,466,56,410
2157.0,49,344,7,63,0,0,2,1,0,734,109,625,466,56,410
2158.0,49,344,6,63,0,0,2,1,1,734,109,625,466,56,410
2159.0,49,343,6,64,0,0,2,1,1,734,109,625,466,56,410
2160.0,49,343,6,64,0,0,2,1,0,735,109,626,465,56,409
2161.0,49,343,6,63,0,0,2,1,1,735,109,626,465,56,409
2162.0,49,342,6,64,0,0,2,1,1,735,109,626,465,56,409
2163.0,49,342,6,64,0,0,2,1,0,736,110,626,464,55,409
2164.0,49,342,6,64,0,0,2,1,0,736,110,626,464,55,409
2165.0,49,341,6,65,0,0,2,1,0,736,110,626,464,55,409
2166.0,49,340,6,66,0,0,2,1,0,736,110,626,464,55,409
2167.0,49,340,6,66,0,0,2,1,0,736,110,626,464,55,409
2168.0,49,339,6,67,0,0,2,1,0,736,110,626,464,55,409
2169.0,49,339,6,67,0,0,2,1,0,736,110,626,464,55,409
2170.0,49,339,6,66,0,0,2,1,1,736,110,626,464,55,409
2171.0,49,337,6,68,0,0,2,1,1,736,110,626,464,55,409
2172.0,49,337,6,67,0,1,2,1,1,736,110,626,464,55,409
2173.0,49,337,6,67,0,1,2,1,1,736,110,626,464,55,409
2174.0,49,337,6,67,0,0,2,1,1,737,110,627,463,55,408
2175.0,49,336,6,67,0,0,2,1,1,738,110,628,462,55,407
2176.0,49,335,6,68,0,0,2,1,0,739,110,629,461,55,406
2177.0,49,335,6,68,0,0,2,1,0,739,110,629,461,55,406
2178.0,49,335,6,68,0,0,2,1,0,739,110,629,461,55,406
2179.0,49,335,6,68,0,0,2,1,0,739,110,629,461,55,406
2180.0,49,335,6,68,0,0,2,1,0,739,110,629,461,55,406
2181.0,48,335,6,68,0,0,2,1,1,739,110,629,461,55,406
2182.0,48,335,6,67,0,1,2,1,1,739,110,629,461,55,406
2183.0,48,334,7,67,0,1,2,1,1,739,110,629,461,55,406
2184.0,48,334,7,66,0,1,2,1,1,740,110,630,460,55,405
2185.0,48,334,7,66,0,0,2,1,1,741,110,631,459,55,404
2186.0,48,334,7,66,0,0,2,1,0,742,110,632,458,55,403
2187.0,48,333,7,66,0,0,2,1,1,742,110,632,458,55,403
2188.0,47,333,7,67,0,0,2,1,0,743,110,633,457,55,402
2189.0,47,333,7,67,0,0,2,1,0,743,110,633,457,55,402
2190.0,47,332,8,67,0,0,2,1,0,743,110,633,457,55,402
2191.0,47,332,8,67,0,0,2,1,0,743,110,633,457,55,402
2192.0,47,332,8,67,0,0,2,1,0,743,110,633,457,55,402
2193.0,47,331,8,67,0,0,2,1,1,743,110,633,457,55,402
2194.0,47,331,8,67,0,0,2,1,1,743,110,633,457,55,402
2195.0,47,330,8,67,0,1,2,1,1,743,110,633,457,55,402
2196.0,47,330,8,67,0,0,2,1,1,744,110,634,456,55,401
2197.0,47,329,8,67,0,0,2,1,1,745,110,635,455,55,400
2198.0,47,329,8,67,0,0,2,1,1,745,110,635,455,55,400
2199.0,47,329,8,67,0,0,2,1,0,746,110,636,454,55,399
2200.0,47,329,8,67,0,0,2,1,0,746,110,636,454,55,399
2201.0,46,329,8,67,0,0,2,1,1,746,110,636,454,55,399
2202.0,46,328,9,67,0,1,2,0,1,746,110,636,454,55,399
2203.0,46,327,8,68,0,0,2,1,1,747,110,637,453,55,398
2204.0,46,327,8,68,0,0,2,1,1,747,110,637,453,55,398
2205.0,46,326,7,69,0,0,2,1,1,748,110,638,452,55,397
2206.0,46,326,7,69,0,0,2,1,1,748,110,638,452,55,397
2207.0,46,326,7,69,0,0,2,1,0,749,111,638,451,54,397
2208.0,46,326,7,68,0,0,2,1,1,749,111,638,451,54,397
2209.0,45,326,7,69,0,0,2,1,0,750,112,638,450,53,397
2210.0,45,325,7,70,0,0,2,1,0,750,112,638,450,53,397
2211.0,45,325,7,69,0,0,2,1,1,750,112,638,450,53,397
2212.0,45,324,8,69,0,0,2,1,1,750,112,638,450,53,397
2213.0,45,324,8,69,0,0,2,1,0,751,112,639,449,53,396
2214.0,45,323,8,69,0,0,2,1,1,751,112,639,449,53,396
2215.0,45,322,8,70,0,0,2,1,0,752,112,640,448,53,395
2216.0,45,322,8,70,0,0,2,1,0,752,112,640,448,53,395
2217.0,45,322,8,69,0,0,2,1,1,752,112,640,448,53,395
2218.0,45,321,8,70,0,0,2,1,0,753,112,641,447,53,394
2219.0,45,321,8,70,0,0,2,1,0,753,112,641,447,53,394
2220.0,45,320,8,71,0,0,2,1,0,753,112,641,447,53,394
2221.0,45,320,8,71,0,0,2,1,0,753,112,641,447,53,394
2222.0,45,320,8,71,0,0,2,1,0,753,112,641,447,53,394
2223.0,44,320,8,72,0,0,2,1,0,753,112,641,447,53,394
2224.0,44,319,8,72,0,0,2,1,1,753,112,641,447,53,394
2225.0,44,319,8,71,0,1,2,1,1,753,112,641,447,53,394
2226.0,44,318,9,71,0,0,2,1,1,754,112,642,446,53,393
2227.0,44,318,9,71,0,0,2,1,0,755,112,643,445,53,392
2228.0,44,316,9,72,0,0,2,1,1,755,112,643,445,53,392
2229.0,44,316,9,72,0,0,2,1,0,756,112,644,444,53,391
2230.0,44,316,9,71,0,0,2,1,1,756,112,644,444,53,391
2231.0,44,316,9,71,0,0,2,1,1,756,112,644,444,53,391
2232.0,44,314,9,72,0,0,2,1,1,757,112,645,443,53,390
2233.0,44,314,9,72,0,0,2,1,1,757,112,645,443,53,390
2234.0,44,314,9,71,0,0,2,1,1,758,112,646,442,53,389
2235.0,44,314,9,71,0,0,2,1,0,759,112,647,441,53,388
2236.0,43,314,9,71,0,0,2,1,1,759,112,647,441,53,388
2237.0,43,314,9,71,0,0,2,1,0,760,112,648,440,53,387
2238.0,43,313,8,72,0,0,2,1,1,760,112,648,440,53,387
2239.0,43,313,8,72,0,0,2,1,0,761,112,649,439,53,386
2240.0,43,312,8,72,0,0,2,1,1,761,112,649,439,53,386
2241.0,43,312,8,72,0,0,2,1,1,761,112,649,439,53,386
2242.0,43,312,8,72,0,0,2,1,0,762,113,649,438,52,386
2243.0,43,312,8,71,0,0,2,1,1,762,113,649,438,52,386
2244.0,43,311,8,72,0,0,2,1,0,763,113,650,437,52,385
2245.0,43,310,9,72,0,0,2,1,0,763,113,650,437,52,385
2246.0,43,310,9,72,0,0,2,1,0,763,113,650,437,52,385
2247.0,43,310,9,71,0,0,2,1,1,763,113,650,437,52,385
2248.0,43,310,9,71,0,0,2,1,0,764,113,651,436,52,384
2249.0,43,310,9,70,0,0,2,1,1,764,113,651,436,52,384
2250.0,42,309,9,72,0,0,2,1,0,765,113,652,435,52,383
2251.0,42,309,9,71,0,0,2,1,1,765,113,652,435,52,383
2252.0,41,309,10,71,0,0,2,1,0,766,113,653,434,52,382
2253.0,41,309,10,70,0,0,2,1,1,766,113,653,434,52,382
2254.0,40,309,10,71,0,0,2,1,0,767,113,654,433,52,381
2255.0,40,309,10,71,0,0,2,1,0,767,113,654,433,52,381
2256.0,40,308,11,71,0,0,2,1,0,767,113,654,433,52,381
2257.0,40,308,11,70,0,0,2,1,1,767,113,654,433,52,381
2258.0,40,307,12,69,0,1,2,1,1,767,113,654,433,52,381
2259.0,40,307,12,69,0,0,2,1,1,768,113,655,432,52,380
2260.0,40,307,12,69,0,0,2,1,0,769,113,656,431,52,379
2261.0,40,306,12,69,0,0,2,1,1,769,113,656,431,52,379
2262.0,40,306,12,69,0,0,2,1,0,770,113,657,430,52,378
2263.0,40,304,12,71,0,0,2,1,0,770,113,657,430,52,378
2264.0,40,304,12,71,0,0,2,1,0,770,113,657,430,52,378
2265.0,40,304,12,71,0,0,2,1,0,770,113,657,430,52,378
2266.0,40,304,12,70,0,0,2,1,1,770,113,657,430,52,378
2267.0,40,304,12,70,0,0,2,1,1,770,113,657,430,52,378
2268.0,40,303,12,71,0,0,2,1,1,770,113,657,430,52,378
2269.0,40,302,12,71,0,0,2,1,0,771,113,658,429,52,377
2270.0,40,301,12,71,0,1,2,1,1,771,113,658,429,52,377
2271.0,40,301,12,71,0,0,2,1,1,772,113,659,428,52,376
2272.0,40,301,12,71,0,0,2,1,0,773,113,660,427,52,375
2273.0,40,300,12,71,0,0,2,1,1,773,113,660,427,52,375
2274.0,40,300,12,71,0,0,2,1,0,774,113,661,426,52,374
2275.0,40,300,12,71,0,0,2,1,0,774,113,661,426,52,374
2276.0,40,299,12,71,0,0,2,1,1,774,113,661,426,52,374
2277.0,40,299,12,71,0,0,2,1,0,775,113,662,425,52,373
2278.0,40,299,12,70,0,0,2,1,1,775,113,662,425,52,373
2279.0,40,299,12,70,0,0,2,1,1,775,113,662,425,52,373
2280.0,40,298,12,71,0,0,2,1,0,776,113,663,424,52,372
2281.0,40,298,12,71,0,0,2,1,0,776,113,663,424,52,372
2282.0,40,297,12,72,0,0,2,1,0,776,113,663,424,52,372
2283.0,40,297,12,71,0,0,2,1,1,776,113,663,424,52,372
2284.0,40,297,12,71,0,0,2,1,1,776,113,663,424,52,372
2285.0,40,297,12,71,0,0,2,1,0,777,113,664,423,52,371
2286.0,40,296,12,72,0,0,2,1,0,777,113,664,423,52,371
2287.0,40,296,11,72,0,0,2,1,1,777,113,664,423,52,371
2288.0,39,296,11,73,0,0,2,1,0,778,113,665,422,52,370
2289.0,39,296,11,73,0,0,2,1,0,778,113,665,422,52,370
2290.0,39,296,11,73,0,0,2,1,0,778,113,665,422,52,370
2291.0,39,295,11,74,0,0,2,1,0,778,113,665,422,52,370
2292.0,39,295,11,73,0,0,2,1,1,778,113,665,422,52,370
2293.0,39,295,11,73,0,0,2,1,1,778,113,665,422,52,370
2294.0,39,295,11,73,0,0,2,1,1,778,113,665,422,52,370
2295.0,39,294,11,73,0,0,2,1,1,779,114,665,421,51,370
2296.0,39,294,11,72,0,0,2,1,1,780,114,666,420,51,369
2297.0,39,292,12,73,0,0,2,1,0,781,114,667,419,51,368
2298.0,39,292,12,72,0,0,2,1,1,781,114,667,419,51,368
2299.0,39,292,12,72,0,0,2,1,0,782,114,668,418,51,367
2300.0,38,292,12,72,0,0,2,1,1,782,114,668,418,51,367
2301.0,38,292,12,72,0,0,2,1,1,782,114,668,418,51,367
2302.0,38,292,12,72,0,0,2,1,0,783,114,669,417,51,366
2303.0,38,292,12,72,0,0,2,1,0,783,114,669,417,51,366
2304.0,38,291,12,73,0,0,2,1,0,783,114,669,417,51,366
2305.0,38,290,13,72,0,0,2,1,1,783,114,669,417,51,366
2306.0,38,290,13,72,0,0,2,1,1,783,114,669,417,51,366
2307.0,38,290,13,72,0,0,2,1,1,783,114,669,417,51,366
2308.0,37,290,13,72,0,0,2,1,1,784,114,670,416,51,365
2309.0,37,289,12,73,0,1,2,1,1,784,114,670,416,51,365
2310.0,37,289,12,73,0,0,2,1,0,786,114,672,414,51,363
2311.0,37,289,12,73,0,0,2,1,0,786,114,672,414,51,363
2312.0,37,288,13,72,0,0,2,1,1,786,114,672,414,51,363
2313.0,37,288,13,72,0,0,2,1,0,787,115,672,413,50,363
2314.0,37,287,13,73,0,0,2,1,0,787,115,672,413,50,363
2315.0,37,286,13,74,0,0,2,1,0,787,115,672,413,50,363
2316.0,37,286,13,73,0,0,2,1,1,787,115,672,413,50,363
2317.0,37,286,13,73,0,0,2,1,0,788,115,673,412,50,362
2318.0,37,286,13,72,0,0,2,1,1,788,115,673,412,50,362
2319.0,37,286,13,73,0,0,1,1,0,789,115,674,411,50,361
2320.0,37,285,13,73,0,0,2,1,0,789,115,674,411,50,361
2321.0,36,285,13,74,0,0,2,1,0,789,115,674,411,50,361
2322.0,36,285,13,74,0,0,2,1,0,789,115,674,411,50,361
2323.0,36,284,12,75,0,0,2,1,1,789,115,674,411,50,361
2324.0,36,284,13,75,0,0,1,1,1,789,115,674,411,50,361
2325.0,35,284,13,74,0,0,2,1,1,790,115,675,410,50,360
2326.0,35,284,13,74,0,0,2,1,0,791,116,675,409,49,360
2327.0,35,283,14,74,0,0,2,1,0,791,116,675,409,49,360
2328.0,35,283,14,74,0,0,2,1,0,791,116,675,409,49,360
2329.0,35,281,14,75,0,0,2,1,1,791,116,675,409,49,360
2330.0,35,281,14,75,0,0,2,1,0,792,116,676,408,49,359
2331.0,35,280,14,76,0,0,2,1,0,792,116,676,408,49,359
2332.0,35,279,14,76,0,0,2,1,1,792,116,676,408,49,359
2333.0,35,279,14,76,0,0,2,1,1,792,116,676,408,49,359
2334.0,35,279,14,76,0,0,2,1,0,793,116,677,407,49,358
2335.0,35,279,14,75,0,0,2,1,1,793,116,677,407,49,358
2336.0,35,279,14,75,0,0,2,1,1,793,116,677,407,49,358
2337.0,35,278,14,76,0,0,2,1,0,794,116,678,406,49,357
2338.0,35,278,14,75,0,0,2,1,1,794,116,678,406,49,357
2339.0,35,278,14,75,0,0,2,1,1,794,116,678,406,49,357
2340.0,35,277,14,76,0,0,2,1,0,795,116,679,405,49,356
2341.0,35,277,14,76,0,0,2,1,0,795,116,679,405,49,356
2342.0,35,276,14,76,0,0,2,1,1,795,116,679,405,49,356
2343.0,35,275,14,77,0,0,2,1,1,795,116,679,405,49,356
2344.0,35,275,14,77,0,0,2,1,0,796,116,680,404,49,355
2345.0,35,274,14,78,0,0,2,1,0,796,116,680,404,49,355
2346.0,35,274,14,77,0,0,2,1,1,796,116,680,404,49,355
2347.0,35,274,14,77,0,0,2,1,0,797,116,681,403,49,354
2348.0,35,274,14,76,0,0,2,1,1,797,116,681,403,49,354
2349.0,35,273,14,77,0,0,2,1,0,798,116,682,402,49,353
2350.0,35,273,14,77,0,0,2,1,0,798,116,682,402,49,353
2351.0,35,272,14,78,0,0,2,1,0,798,116,682,402,49,353
2352.0,35,272,14,77,0,0,2,1,1,798,116,682,402,49,353
2353.0,35,272,14,77,0,0,2,1,1,798,116,682,402,49,353
2354.0,35,271,14,78,0,0,2,1,0,799,116,683,401,49,352
2355.0,35,271,14,77,0,0,2,1,1,799,116,683,401,49,352
2356.0,35,271,14,77,0,0,2,1,1,799,116,683,401,49,352
2357.0,35,271,14,77,0,0,2,1,0,800,116,684,400,49,351
2358.0,35,270,14,78,0,0,2,1,0,800,116,684,400,49,351
2359.0,35,270,14,77,0,0,2,1,1,800,116,684,400,49,351
2360.0,35,269,14,78,0,0,2,1,0,801,116,685,399,49,350
2361.0,35,268,14,78,0,0,2,1,1,801,116,685,399,49,350
2362.0,35,268,14,78,0,0,2,1,0,802,116,686,398,49,349
2363.0,35,268,14,77,0,0,2,1,1,802,116,686,398,49,349
2364.0,35,267,14,78,0,0,2,1,1,802,116,686,398,49,349
2365.0,35,267,14,78,0,0,2,1,0,803,116,687,397,49,348
2366.0,35,267,14,78,0,0,2,1,0,803,116,687,397,49,348
2367.0,35,267,14,77,0,0,2,1,1,803,116,687,397,49,348
2368.0,34,266,14,79,0,0,2,1,0,804,116,688,396,49,347
2369.0,34,266,14,79,0,0,2,1,0,804,116,688,396,49,347
2370.0,34,266,14,78,0,0,2,1,1,804,116,688,396,49,347
2371.0,34,265,14,79,0,0,2,1,0,805,116,689,395,49,346
2372.0,34,265,14,79,0,0,2,1,0,805,116,689,395,49,346
2373.0,34,265,14,78,0,0,2,1,1,805,116,689,395,49,346
2374.0,34,265,14,78,0,0,2,1,0,806,116,690,394,49,345
2375.0,34,265,14,77,0,0,2,1,1,806,116,690,394,49,345
2376.0,34,264,15,77,0,0,2,1,0,807,116,691,393,49,344
2377.0,34,263,15,77,0,0,2,1,1,807,116,691,393,49,344
2378.0,34,263,15,77,0,0,2,1,0,808,116,692,392,49,343
2379.0,34,263,15,77,0,0,2,1,0,808,116,692,392,49,343
2380.0,34,262,15,78,0,0,2,1,0,808,116,692,392,49,343
2381.0,34,262,15,78,0,0,2,1,0,808,116,692,392,49,343
2382.0,33,262,15,79,0,0,2,1,0,808,116,692,392,49,343
2383.0,33,262,15,79,0,0,2,1,0,808,116,692,392,49,343
2384.0,33,261,16,79,0,0,2,1,0,808,116,692,392,49,343
2385.0,33,261,16,79,0,0,2,1,0,808,116,692,392,49,343
2386.0,33,261,16,79,0,0,2,1,0,808,116,692,392,49,343
2387.0,33,261,16,79,0,0,2,1,0,808,116,692,392,49,343
2388.0,33,261,16,79,0,0,2,1,0,808,116,692,392,49,343
2389.0,33,261,16,79,0,0,2,1,0,808,116,692,392,49,343
2390.0,33,261,16,79,0,0,2,1,0,808,116,692,392,49,343
2391.0,33,261,16,78,0,0,2,1,1,808,116,692,392,49,343
2392.0,33,261,16,77,0,1,2,1,1,808,116,692,392,49,343
2393.0,33,261,16,77,0,1,2,1,1,808,116,692,392,49,343
2394.0,33,261,16,77,0,1,2,1,1,808,116,692,392,49,343
2395.0,33,260,16,77,0,2,2,1,1,808,116,692,392,49,343
2396.0,33,260,16,77,0,1,2,1,1,809,116,693,391,49,342
2397.0,33,260,16,77,0,0,2,1,1,810,116,694,390,49,341
2398.0,33,260,16,77,0,0,2,1,0,811,116,695,389,49,340
2399.0,33,258,16,79,0,0,2,1,0,811,116,695,389,49,340
2400.0,33,258,16,78,0,0,2,1,1,811,116,695,389,49,340
2401.0,33,258,16,78,0,0,2,1,1,811,116,695,389,49,340
2402.0,33,258,16,78,0,0,2,1,0,812,116,696,388,49,339
2403.0,33,258,16,78,0,0,2,1,0,812,116,696,388,49,339
2404.0,33,258,16,77,0,0,2,1,1,812,116,696,388,49,339
2405.0,33,258,16,77,0,0,2,1,0,813,116,697,387,49,338
2406.0,33,256,16,78,0,0,2,1,1,813,116,697,387,49,338
2407.0,33,256,16,78,0,0,2,1,0,814,116,698,386,49,337
2408.0,33,256,16,78,0,0,2,1,0,814,116,698,386,49,337
2409.0,33,255,15,79,0,0,2,1,1,814,116,698,386,49,337
2410.0,33,255,15,78,0,0,2,1,1,815,116,699,385,49,336
2411.0,33,254,15,79,0,0,2,1,0,816,117,699,384,48,336
2412.0,33,254,15,78,0,0,2,1,1,816,117,699,384,48,336
2413.0,32,253,15,80,0,0,2,1,0,817,117,700,383,48,335
2414.0,32,253,15,80,0,0,2,1,0,817,117,700,383,48,335
2415.0,32,253,15,80,0,0,2,1,0,817,117,700,383,48,335
2416.0,32,253,15,80,0,0,2,1,0,817,117,700,383,48,335
2417.0,32,253,15,80,0,0,2,1,0,817,117,700,383,48,335
2418.0,32,253,14,80,0,0,2,1,1,817,117,700,383,48,335
2419.0,32,253,14,80,0,0,2,1,1,817,117,700,383,48,335
2420.0,32,253,14,79,1,0,2,1,1,817,117,700,383,48,335
2421.0,32,253,14,78,0,1,2,1,1,818,117,701,382,48,334
2422.0,32,252,14,79,0,0,2,1,1,819,118,701,381,47,334
2423.0,32,252,14,79,0,0,2,1,0,820,118,702,380,47,333
2424.0,32,252,14,78,0,0,2,1,1,820,118,702,380,47,333
2425.0,32,251,15,78,0,0,2,1,0,821,118,703,379,47,332
2426.0,32,251,15,77,0,0,2,1,1,821,118,703,379,47,332
2427.0,32,249,15,79,0,0,2,1,0,822,118,704,378,47,331
2428.0,32,249,15,79,0,0,2,1,0,822,118,704,378,47,331
2429.0,32,249,14,79,0,0,2,1,1,822,118,704,378,47,331
2430.0,32,249,14,79,0,0,2,1,1,822,118,704,378,47,331
2431.0,32,249,14,78,0,0,2,1,1,823,118,705,377,47,330
2432.0,32,248,14,79,0,0,2,1,0,824,119,705,376,46,330
2433.0,32,248,14,79,0,0,2,1,0,824,119,705,376,46,330
2434.0,32,248,14,79,0,0,2,1,0,824,119,705,376,46,330
2435.0,32,246,14,80,0,0,2,1,1,824,119,705,376,46,330
2436.0,32,246,14,80,0,0,2,1,1,824,119,705,376,46,330
2437.0,32,245,14,80,0,0,2,1,1,825,119,706,375,46,329
2438.0,32,245,14,80,0,0,2,1,0,826,119,707,374,46,328
2439.0,32,245,14,80,0,0,2,1,0,826,119,707,374,46,328
2440.0,32,245,14,79,0,0,2,1,1,826,119,707,374,46,328
2441.0,32,245,14,79,0,0,2,1,1,826,119,707,374,46,328
2442.0,32,245,14,79,0,0,2,1,0,827,119,708,373,46,327
2443.0,32,244,13,80,0,0,2,1,1,827,119,708,373,46,327
2444.0,32,244,13,79,0,0,2,1,1,828,119,709,372,46,326
2445.0,32,244,13,79,0,0,2,1,1,828,119,709,372,46,326
2446.0,32,242,13,80,0,0,2,1,1,829,120,709,371,45,326
2447.0,32,242,13,80,0,0,2,1,1,829,120,709,371,45,326
2448.0,32,242,13,79,0,0,2,1,1,830,120,710,370,45,325
2449.0,32,241,13,80,0,0,2,1,1,830,120,710,370,45,325
2450.0,32,240,13,80,0,0,2,1,1,831,120,711,369,45,324
2451.0,32,240,13,80,0,0,2,1,0,832,120,712,368,45,323
2452.0,32,240,13,80,0,0,2,1,0,832,120,712,368,45,323
2453.0,32,239,13,80,0,0,2,1,1,832,120,712,368,45,323
2454.0,32,239,13,80,0,0,2,1,1,832,120,712,368,45,323
2455.0,32,239,13,80,0,0,2,1,0,833,120,713,367,45,322
2456.0,32,239,13,79,0,0,2,1,1,833,120,713,367,45,322
2457.0,32,239,13,79,0,0,2,1,1,833,120,713,367,45,322
2458.0,32,238,13,80,0,0,2,1,0,834,120,714,366,45,321
2459.0,32,237,12,81,0,0,2,1,1,834,120,714,366,45,321
2460.0,32,237,12,81,0,0,2,1,0,835,120,715,365,45,320
2461.0,31,237,12,82,0,0,2,1,0,835,120,715,365,45,320
2462.0,31,237,12,82,0,0,2,1,0,835,120,715,365,45,320
2463.0,31,237,12,81,0,0,2,1,1,835,120,715,365,45,320
2464.0,31,237,12,81,0,0,2,1,1,835,120,715,365,45,320
2465.0,31,237,12,81,0,0,2,1,0,836,121,715,364,44,320
2466.0,31,237,12,80,0,0,2,1,1,836,121,715,364,44,320
2467.0,31,236,12,80,0,0,2,1,1,837,121,716,363,44,319
2468.0,31,236,12,80,0,0,2,1,1,837,121,716,363,44,319
2469.0,31,236,12,80,0,0,2,1,0,838,121,717,362,44,318
2470.0,31,235,13,79,0,0,2,1,1,838,121,717,362,44,318
2471.0,31,235,13,79,0,0,2,1,0,839,121,718,361,44,317
2472.0,31,235,13,78,0,0,2,1,1,839,121,718,361,44,317
2473.0,31,235,13,78,0,0,2,1,1,839,121,718,361,44,317
2474.0,31,234,13,79,0,0,2,1,0,840,121,719,360,44,316
2475.0,31,234,13,79,0,0,2,1,0,840,121,719,360,44,316
2476.0,31,233,13,79,0,0,2,1,1,840,121,719,360,44,316
2477.0,31,232,13,80,0,0,2,1,0,841,121,720,359,44,315
2478.0,30,232,13,80,0,0,2,1,1,841,121,720,359,44,315
2479.0,30,232,13,80,0,0,2,1,1,841,121,720,359,44,315
2480.0,30,232,13,79,0,0,2,1,1,842,121,721,358,44,314
2481.0,30,231,13,80,0,0,2,1,0,843,121,722,357,44,313
2482.0,30,231,12,80,0,0,2,1,1,843,121,722,357,44,313
2483.0,30,231,12,80,0,0,2,1,0,844,121,723,356,44,312
2484.0,30,230,12,81,0,0,2,1,0,844,121,723,356,44,312
2485.0,30,229,13,81,0,0,2,1,0,844,121,723,356,44,312
2486.0,30,229,13,80,0,0,2,1,1,844,121,723,356,44,312
2487.0,30,229,13,80,0,0,2,1,0,845,122,723,355,43,312
2488.0,29,229,13,81,0,0,2,1,0,845,122,723,355,43,312
2489.0,28,229,13,81,0,0,2,1,1,845,122,723,355,43,312
2490.0,28,229,13,81,0,0,2,1,1,845,122,723,355,43,312
2491.0,28,229,13,81,0,0,2,1,0,846,122,724,354,43,311
2492.0,28,229,12,81,0,0,2,1,1,846,122,724,354,43,311
2493.0,28,228,13,80,1,0,2,1,1,846,122,724,354,43,311
2494.0,27,228,14,80,0,0,2,1,1,847,122,725,353,43,310
2495.0,27,228,14,80,0,0,2,1,0,848,123,725,352,42,310
2496.0,27,228,13,80,0,0,2,1,1,848,123,725,352,42,310
2497.0,27,228,13,80,0,0,2,1,1,848,123,725,352,42,310
2498.0,27,227,12,81,0,0,2,1,1,849,123,726,351,42,309
2499.0,27,226,12,82,0,0,2,1,0,850,124,726,350,41,309
2500.0,27,225,13,81,0,0,2,1,1,850,124,726,350,41,309
2501.0,27,225,13,81,0,0,2,1,0,851,125,726,349,40,309
2502.0,27,225,13,81,0,0,2,1,0,851,125,726,349,40,309
2503.0,27,225,13,81,0,0,2,1,0,851,125,726,349,40,309
2504.0,27,225,13,80,0,0,2,1,1,851,125,726,349,40,309
2505.0,27,225,13,80,0,1,2,0,0,852,125,727,348,40,308
2506.0,27,225,13,79,0,0,2,1,1,852,125,727,348,40,308
2507.0,27,225,13,79,0,0,2,1,0,853,125,728,347,40,307
2508.0,27,224,13,79,0,0,2,1,1,853,125,728,347,40,307
2509.0,27,224,13,79,0,0,2,1,1,853,125,728,347,40,307
2510.0,27,223,13,80,0,0,2,1,0,854,125,729,346,40,306
2511.0,27,223,13,79,0,0,2,1,1,854,125,729,346,40,306
2512.0,27,222,13,80,0,0,2,1,0,855,125,730,345,40,305
2513.0,27,222,13,80,0,0,2,1,0,855,125,730,345,40,305
2514.0,27,222,13,80,0,0,2,1,0,855,125,730,345,40,305
2515.0,27,222,13,79,0,0,2,1,1,855,125,730,345,40,305
2516.0,27,221,13,80,0,0,2,1,0,856,125,731,344,40,304
2517.0,27,221,13,79,0,0,2,1,1,856,125,731,344,40,304
2518.0,27,221,13,79,0,0,2,1,0,857,125,732,343,40,303
2519.0,27,221,13,78,0,0,2,1,1,857,125,732,343,40,303
2520.0,27,219,13,79,0,0,2,1,1,858,125,733,342,40,302
2521.0,27,219,13,79,0,0,2,1,0,859,125,734,341,40,301
2522.0,27,219,13,78,0,0,2,1,1,859,125,734,341,40,301
2523.0,27,219,13,78,0,0,2,1,0,860,125,735,340,40,300
2524.0,26,219,13,79,0,0,2,1,0,860,125,735,340,40,300
2525.0,26,219,13,79,0,0,2,1,0,860,125,735,340,40,300
2526.0,26,219,13,78,0,0,2,1,1,860,125,735,340,40,300
2527.0,26,218,14,78,0,0,2,1,1,860,125,735,340,40,300
2528.0,26,218,14,78,0,0,2,1,0,861,125,736,339,40,299
2529.0,26,218,14,77,0,0,2,1,1,861,125,736,339,40,299
2530.0,26,218,14,77,0,0,2,1,1,861,125,736,339,40,299
2531.0,26,217,14,78,0,0,2,1,0,862,125,737,338,40,298
2532.0,26,217,14,77,0,0,2,1,1,862,125,737,338,40,298
2533.0,26,217,14,77,0,0,2,1,1,862,125,737,338,40,298
2534.0,26,217,14,77,0,0,2,1,0,863,125,738,337,40,297
2535.0,26,216,14,77,0,0,2,1,1,863,125,738,337,40,297
2536.0,26,216,14,77,0,0,2,1,1,863,125,738,337,40,297
2537.0,26,216,14,77,0,0,2,1,0,864,125,739,336,40,296
2538.0,26,216,13,77,0,0,2,1,1,864,125,739,336,40,296
2539.0,26,216,13,77,0,0,2,1,0,865,125,740,335,40,295
2540.0,26,216,13,77,0,0,2,1,0,865,125,740,335,40,295
2541.0,26,216,13,77,0,0,2,1,0,865,125,740,335,40,295
2542.0,26,216,13,77,0,0,2,1,0,865,125,740,335,40,295
2543.0,26,215,13,77,0,0,2,1,1,865,125,740,335,40,295
2544.0,26,215,13,76,0,1,2,1,1,865,125,740,335,40,295
2545.0,26,214,13,77,0,0,2,1,1,866,126,740,334,39,295
2546.0,26,214,13,76,0,0,2,1,1,867,126,741,333,39,294
2547.0,26,214,13,76,0,0,2,1,0,868,126,742,332,39,293
2548.0,26,214,13,76,0,0,2,1,0,868,126,742,332,39,293
2549.0,26,214,13,76,0,0,2,1,0,868,126,742,332,39,293
2550.0,26,213,13,77,0,1,2,0,0,868,126,742,332,39,293
2551.0,26,213,12,77,0,0,2,1,1,868,126,742,332,39,293
2552.0,26,213,12,77,0,0,2,1,0,869,126,743,331,39,292
2553.0,26,213,12,76,0,0,2,1,1,869,126,743,331,39,292
2554.0,26,212,12,77,0,0,2,1,0,870,127,743,330,38,292
2555.0,26,211,12,78,0,0,2,1,0,870,127,743,330,38,292
2556.0,26,210,12,78,0,0,2,1,1,870,127,743,330,38,292
2557.0,26,210,12,78,0,0,2,1,0,871,127,744,329,38,291
2558.0,26,210,11,78,0,0,2,1,1,871,127,744,329,38,291
2559.0,26,209,11,79,0,0,2,1,0,872,127,745,328,38,290
2560.0,26,208,11,80,0,0,2,1,0,872,127,745,328,38,290
2561.0,26,207,11,81,0,0,2,1,0,872,127,745,328,38,290
2562.0,26,207,11,80,0,0,2,1,1,872,127,745,328,38,290
2563.0,26,207,11,80,0,0,2,1,1,872,127,745,328,38,290
2564.0,26,207,11,79,0,0,2,1,1,873,128,745,327,37,290
2565.0,26,207,11,79,0,0,2,1,0,874,128,746,326,37,289
2566.0,26,207,11,79,0,0,2,1,0,874,128,746,326,37,289
2567.0,26,207,11,78,0,0,2,1,1,874,128,746,326,37,289
2568.0,26,207,11,78,0,0,2,1,0,875,128,747,325,37,288
2569.0,26,207,11,77,0,0,2,1,1,875,128,747,325,37,288
2570.0,26,206,11,77,0,0,2,1,1,876,128,748,324,37,287
2571.0,26,206,11,77,0,0,2,1,1,876,128,748,324,37,287
2572.0,26,206,11,77,0,0,2,1,0,877,128,749,323,37,286
2573.0,26,206,11,77,0,0,2,1,0,877,128,749,323,37,286
2574.0,26,206,11,77,0,1,2,0,0,877,128,749,323,37,286
2575.0,26,205,10,78,0,0,2,1,1,877,128,749,323,37,286
2576.0,26,204,10,79,0,0,2,1,1,877,128,749,323,37,286
2577.0,26,204,10,79,0,0,2,1,0,878,128,750,322,37,285
2578.0,26,204,9,79,0,0,2,1,1,878,128,750,322,37,285
2579.0,26,203,9,79,0,0,2,1,1,879,129,750,321,36,285
2580.0,26,202,9,80,0,0,2,1,0,880,130,750,320,35,285
2581.0,26,202,9,80,0,0,2,1,0,880,130,750,320,35,285
2582.0,26,202,9,79,0,0,2,1,1,880,130,750,320,35,285
2583.0,26,202,9,79,0,0,2,1,1,880,130,750,320,35,285
2584.0,26,201,9,79,0,0,2,1,1,881,130,751,319,35,284
2585.0,26,200,9,79,0,0,2,1,1,882,130,752,318,35,283
2586.0,26,200,9,79,0,0,2,1,0,883,130,753,317,35,282
2587.0,25,200,9,80,0,0,2,1,0,883,130,753,317,35,282
2588.0,25,199,9,80,0,0,2,1,1,883,130,753,317,35,282
2589.0,25,199,9,80,0,0,2,1,0,884,130,754,316,35,281
2590.0,25,199,9,80,0,0,2,1,0,884,130,754,316,35,281
2591.0,25,199,9,79,0,0,2,1,1,884,130,754,316,35,281
2592.0,25,198,10,79,0,0,2,1,0,885,130,755,315,35,280
2593.0,25,197,10,80,0,0,2,1,0,885,130,755,315,35,280
2594.0,25,197,10,80,0,0,2,1,0,885,130,755,315,35,280
2595.0,25,197,10,79,0,0,2,1,1,885,130,755,315,35,280
2596.0,25,196,10,80,0,1,2,0,1,885,130,755,315,35,280
2597.0,25,195,10,80,0,0,2,1,0,887,130,757,313,35,278
2598.0,25,195,10,80,0,0,2,1,0,887,130,757,313,35,278
2599.0,25,195,10,80,0,1,2,0,0,887,130,757,313,35,278
2600.0,25,195,10,79,0,0,2,1,1,887,130,757,313,35,278
2601.0,25,195,10,78,0,0,2,1,1,888,130,758,312,35,277
2602.0,25,194,10,79,0,0,2,1,0,889,130,759,311,35,276
2603.0,25,193,10,80,0,0,2,1,0,889,130,759,311,35,276
2604.0,25,193,10,79,0,0,2,1,1,889,130,759,311,35,276
2605.0,25,193,10,78,0,0,2,1,1,890,130,760,310,35,275
2606.0,25,193,10,78,0,0,2,1,0,891,130,761,309,35,274
2607.0,25,193,10,78,0,0,2,1,0,891,130,761,309,35,274
2608.0,25,192,10,79,0,0,2,1,0,891,130,761,309,35,274
2609.0,25,191,10,79,0,0,2,1,1,891,130,761,309,35,274
2610.0,25,191,10,79,0,0,2,1,0,892,130,762,308,35,273
2611.0,25,190,10,79,0,0,2,1,1,892,130,762,308,35,273
2612.0,25,190,10,79,0,0,2,1,0,893,130,763,307,35,272
2613.0,25,190,10,79,0,0,2,1,0,893,130,763,307,35,272
2614.0,25,188,10,81,0,0,2,1,0,893,130,763,307,35,272
2615.0,25,188,10,80,0,0,2,1,1,893,130,763,307,35,272
2616.0,25,188,10,79,0,0,2,1,1,894,130,764,306,35,271
2617.0,25,188,10,79,0,0,2,1,1,894,130,764,306,35,271
2618.0,25,188,10,78,0,0,2,1,1,895,130,765,305,35,270
2619.0,25,186,10,80,0,0,2,1,0,896,130,766,304,35,269
2620.0,25,186,10,79,0,0,2,1,1,896,130,766,304,35,269
2621.0,25,185,10,80,0,0,2,1,1,896,130,766,304,35,269
2622.0,25,184,10,81,0,0,2,1,0,897,130,767,303,35,268
2623.0,25,184,10,81,0,0,2,1,0,897,130,767,303,35,268
2624.0,25,184,10,80,0,0,2,1,1,897,130,767,303,35,268
2625.0,25,184,10,80,0,0,2,1,0,898,130,768,302,35,267
2626.0,25,184,10,80,0,0,2,1,0,898,130,768,302,35,267
2627.0,24,183,9,82,0,0,2,1,1,898,130,768,302,35,267
2628.0,24,183,9,82,0,0,2,1,0,899,130,769,301,35,266
2629.0,24,183,9,82,0,0,2,1,0,899,130,769,301,35,266
2630.0,24,183,9,82,0,0,2,1,0,899,130,769,301,35,266
2631.0,24,182,10,82,0,0,2,1,0,899,130,769,301,35,266
2632.0,24,181,10,82,0,0,2,1,1,899,130,769,301,35,266
2633.0,24,181,10,82,0,0,2,1,1,899,130,769,301,35,266
2634.0,24,181,10,82,0,0,2,1,0,900,131,769,300,34,266
2635.0,24,180,10,82,0,0,2,1,1,900,131,769,300,34,266
2636.0,24,180,10,82,0,0,1,1,1,901,131,770,299,34,265
2637.0,24,179,10,82,0,0,2,1,0,902,131,771,298,34,264
2638.0,24,179,10,82,0,0,2,1,0,902,131,771,298,34,264
2639.0,24,179,9,82,0,0,2,1,1,902,131,771,298,34,264
2640.0,24,179,9,81,0,0,2,1,1,903,131,772,297,34,263
2641.0,24,179,9,81,0,0,2,1,0,904,132,772,296,33,263
2642.0,24,178,9,82,0,0,2,1,0,904,132,772,296,33,263
2643.0,24,178,9,82,0,0,2,1,0,904,132,772,296,33,263
2644.0,24,176,9,84,0,0,2,1,0,904,132,772,296,33,263
2645.0,24,176,9,83,0,0,2,1,1,904,132,772,296,33,263
2646.0,24,176,9,83,0,0,2,1,1,904,132,772,296,33,263
2647.0,23,176,9,84,0,0,2,1,0,905,132,773,295,33,262
2648.0,23,175,9,85,0,0,2,1,0,905,132,773,295,33,262
2649.0,23,175,9,85,0,0,2,1,0,905,132,773,295,33,262
2650.0,23,174,10,85,0,0,2,1,0,905,132,773,295,33,262
2651.0,23,174,10,85,0,0,2,1,0,905,132,773,295,33,262
2652.0,23,174,10,85,0,0,2,1,0,905,132,773,295,33,262
2653.0,23,173,10,86,0,0,2,1,0,905,132,773,295,33,262
2654.0,23,172,10,87,0,0,2,1,0,905,132,773,295,33,262
2655.0,23,172,10,86,0,0,2,1,1,905,132,773,295,33,262
2656.0,23,172,10,86,0,0,2,1,1,905,132,773,295,33,262
2657.0,23,170,10,88,0,0,2,1,1,905,132,773,295,33,262
2658.0,23,170,10,87,0,0,2,1,1,906,132,774,294,33,261
2659.0,23,170,10,87,0,0,2,1,1,906,132,774,294,33,261
2660.0,23,170,10,86,0,0,2,1,1,907,132,775,293,33,260
2661.0,23,170,10,86,0,0,2,1,1,907,132,775,293,33,260
2662.0,23,168,10,87,0,0,2,1,1,908,132,776,292,33,259
2663.0,23,168,10,87,0,0,2,1,1,908,132,776,292,33,259
2664.0,23,168,10,86,0,0,2,1,1,909,132,777,291,33,258
2665.0,23,168,10,86,0,0,2,1,0,910,132,778,290,33,257
2666.0,22,168,10,86,0,0,2,1,1,910,132,778,290,33,257
2667.0,22,167,10,87,0,0,2,1,0,911,132,779,289,33,256
2668.0,22,167,10,87,0,0,2,1,0,911,132,779,289,33,256
2669.0,22,167,10,87,0,0,2,1,0,911,132,779,289,33,256
2670.0,22,167,10,87,0,0,2,1,0,911,132,779,289,33,256
2671.0,22,166,10,87,0,0,2,1,1,911,132,779,289,33,256
2672.0,22,166,10,87,0,0,2,1,1,911,132,779,289,33,256
2673.0,22,165,11,86,0,0,2,1,1,912,132,780,288,33,255
2674.0,22,164,11,87,0,0,2,1,0,913,132,781,287,33,254
2675.0,22,164,11,87,0,0,2,1,0,913,132,781,287,33,254
2676.0,22,164,10,87,0,0,2,1,1,913,132,781,287,33,254
2677.0,22,164,10,87,0,0,2,1,1,913,132,781,287,33,254
2678.0,22,164,10,87,0,0,2,1,0,914,132,782,286,33,253
2679.0,22,163,10,88,0,0,2,1,0,914,132,782,286,33,253
2680.0,22,163,10,88,0,0,2,1,0,914,132,782,286,33,253
2681.0,22,163,10,88,0,0,2,1,0,914,132,782,286,33,253
2682.0,22,162,10,88,0,0,2,1,1,914,132,782,286,33,253
2683.0,22,162,10,88,0,0,2,1,1,914,132,782,286,33,253
2684.0,22,162,10,88,0,0,2,1,0,915,133,782,285,32,253
2685.0,22,160,10,89,0,0,2,1,1,915,133,782,285,32,253
2686.0,22,160,10,89,0,0,2,1,0,916,133,783,284,32,252
2687.0,22,160,10,88,0,0,2,1,1,916,133,783,284,32,252
2688.0,22,160,10,88,0,0,2,1,0,917,133,784,283,32,251
2689.0,22,159,10,89,0,0,2,1,0,917,133,784,283,32,251
2690.0,22,158,10,89,0,0,2,1,1,917,133,784,283,32,251
2691.0,22,158,10,89,0,0,2,1,1,917,133,784,283,32,251
2692.0,22,158,10,89,0,0,2,1,0,918,133,785,282,32,250
2693.0,22,158,10,88,0,0,2,1,1,918,133,785,282,32,250
2694.0,21,158,10,89,0,0,2,1,1,918,133,785,282,32,250
2695.0,21,158,10,89,0,0,2,1,0,919,133,786,281,32,249
2696.0,21,157,10,89,0,0,2,1,1,919,133,786,281,32,249
2697.0,21,156,11,89,0,0,2,1,0,920,133,787,280,32,248
2698.0,21,156,11,88,0,0,2,1,1,920,133,787,280,32,248
2699.0,21,156,11,88,0,0,2,1,1,920,133,787,280,32,248
2700.0,21,156,11,88,0,0,2,1,0,921,133,788,279,32,247
2701.0,21,156,11,88,0,0,2,1,0,921,133,788,279,32,247
2702.0,21,155,11,89,0,0,2,1,0,921,133,788,279,32,247
2703.0,21,155,11,89,0,1,2,0,0,921,133,788,279,32,247
2704.0,21,154,11,89,0,0,2,1,1,921,133,788,279,32,247
2705.0,21,154,11,88,0,0,2,1,1,922,133,789,278,32,246
2706.0,21,154,11,88,0,0,2,1,0,923,133,790,277,32,245
2707.0,21,153,11,89,0,0,2,1,0,923,133,790,277,32,245
2708.0,21,153,11,89,0,0,2,1,0,923,133,790,277,32,245
2709.0,21,153,11,88,0,0,2,1,1,923,133,790,277,32,245
2710.0,21,152,11,89,0,0,2,1,1,923,133,790,277,32,245
2711.0,21,152,11,88,0,0,2,1,1,924,133,791,276,32,244
2712.0,21,152,11,88,0,0,2,1,0,925,133,792,275,32,243
2713.0,21,151,11,88,0,0,2,1,1,925,133,792,275,32,243
2714.0,21,151,11,88,0,0,2,1,0,926,133,793,274,32,242
2715.0,21,151,11,88,0,0,2,1,0,926,133,793,274,32,242
2716.0,21,151,11,88,0,0,2,1,0,926,133,793,274,32,242
2717.0,21,150,11,88,0,0,2,1,1,926,133,793,274,32,242
2718.0,21,150,11,88,0,0,2,1,0,927,133,794,273,32,241
2719.0,21,150,11,88,0,0,2,1,0,927,133,794,273,32,241
2720.0,21,150,11,87,0,0,2,1,1,927,133,794,273,32,241
2721.0,21,148,11,89,0,0,2,1,1,927,133,794,273,32,241
2722.0,21,148,11,89,0,0,2,1,0,928,133,795,272,32,240
2723.0,21,148,11,89,0,0,2,1,0,928,133,795,272,32,240
2724.0,21,147,11,89,0,0,2,1,1,928,133,795,272,32,240
2725.0,21,147,11,88,0,0,2,1,1,929,133,796,271,32,239
2726.0,21,147,11,88,0,0,2,1,0,930,133,797,270,32,238
2727.0,21,146,11,89,0,0,2,1,0,930,133,797,270,32,238
2728.0,21,146,11,89,0,0,2,1,0,930,133,797,270,32,238
2729.0,20,145,11,91,0,0,2,1,0,930,133,797,270,32,238
2730.0,20,145,11,91,0,0,2,1,0,930,133,797,270,32,238
2731.0,20,145,10,91,0,0,2,1,1,930,133,797,270,32,238
2732.0,20,145,10,91,0,0,2,1,1,930,133,797,270,32,238
2733.0,20,145,10,91,0,0,2,1,0,931,133,798,269,32,237
2734.0,20,144,10,92,0,0,2,1,0,931,133,798,269,32,237
2735.0,20,144,10,92,0,0,2,1,0,931,133,798,269,32,237
2736.0,20,142,11,92,0,0,2,1,1,931,133,798,269,32,237
2737.0,20,142,11,92,0,0,2,1,1,931,133,798,269,32,237
2738.0,20,142,11,92,0,0,2,1,1,931,133,798,269,32,237
2739.0,20,142,11,92,0,0,2,1,0,932,134,798,268,31,237
2740.0,20,141,11,92,0,0,2,1,1,932,134,798,268,31,237
2741.0,20,141,11,92,0,0,2,1,1,932,134,798,268,31,237
2742.0,20,141,11,92,0,0,2,1,0,933,134,799,267,31,236
2743.0,20,140,11,92,0,0,2,1,1,933,134,799,267,31,236
2744.0,19,140,11,93,0,0,2,1,1,933,134,799,267,31,236
2745.0,19,140,11,93,0,0,2,1,0,934,134,800,266,31,235
2746.0,19,140,11,92,0,0,2,1,1,934,134,800,266,31,235
2747.0,19,140,11,92,0,0,2,1,1,934,134,800,266,31,235
2748.0,19,140,11,91,0,0,2,1,1,935,134,801,265,31,234
2749.0,19,140,11,91,0,0,2,1,0,936,134,802,264,31,233
2750.0,19,139,12,91,0,0,2,1,0,936,134,802,264,31,233
2751.0,19,139,12,91,0,0,2,1,0,936,134,802,264,31,233
2752.0,19,139,12,90,0,0,2,1,1,936,134,802,264,31,233
2753.0,19,139,12,90,0,0,2,1,1,936,134,802,264,31,233
2754.0,19,139,11,90,0,0,2,1,1,937,134,803,263,31,232
2755.0,19,138,11,91,0,0,2,1,0,938,134,804,262,31,231
2756.0,19,138,11,90,0,0,2,1,1,938,134,804,262,31,231
2757.0,19,137,11,91,0,0,2,1,1,938,134,804,262,31,231
2758.0,19,137,11,91,0,0,2,1,0,939,135,804,261,30,231
2759.0,19,137,11,90,0,0,2,1,1,939,135,804,261,30,231
2760.0,19,136,11,91,0,0,2,1,0,940,135,805,260,30,230
2761.0,19,135,10,92,0,0,2,1,1,940,135,805,260,30,230
2762.0,19,135,10,92,0,0,2,1,0,941,135,806,259,30,229
2763.0,19,135,10,92,0,0,2,1,0,941,135,806,259,30,229
2764.0,19,135,9,92,0,0,2,1,1,941,135,806,259,30,229
2765.0,19,135,9,92,0,0,2,1,1,941,135,806,259,30,229
2766.0,19,133,9,94,0,0,2,1,0,942,136,806,258,29,229
2767.0,19,133,9,94,0,0,2,1,0,942,136,806,258,29,229
2768.0,19,133,9,94,0,0,2,1,0,942,136,806,258,29,229
2769.0,19,133,9,94,1,0,2,0,0,942,136,806,258,29,229
2770.0,19,133,9,93,0,0,2,1,1,942,136,806,258,29,229
2771.0,19,132,9,94,0,0,2,1,0,943,137,806,257,28,229
2772.0,19,132,9,94,0,0,2,1,0,943,137,806,257,28,229
2773.0,19,132,9,93,0,0,2,1,1,943,137,806,257,28,229
2774.0,19,132,9,93,0,0,2,1,0,944,137,807,256,28,228
2775.0,19,132,8,93,0,0,2,1,0,945,137,808,255,28,227
2776.0,19,131,8,94,0,0,2,1,0,945,137,808,255,28,227
2777.0,19,129,8,96,0,0,2,1,0,945,137,808,255,28,227
2778.0,19,129,8,96,0,0,2,1,0,945,137,808,255,28,227
2779.0,19,129,8,96,0,0,2,1,0,945,137,808,255,28,227
2780.0,19,129,8,95,0,0,2,1,1,945,137,808,255,28,227
2781.0,19,129,8,95,0,0,2,1,1,945,137,808,255,28,227
2782.0,19,128,8,96,0,0,2,1,0,946,138,808,254,27,227
2783.0,19,127,8,97,0,0,2,1,0,946,138,808,254,27,227
2784.0,19,127,8,96,0,0,2,1,1,946,138,808,254,27,227
2785.0,19,127,8,96,0,0,2,1,1,946,138,808,254,27,227
2786.0,19,127,8,96,0,0,2,1,0,947,138,809,253,27,226
2787.0,19,127,8,96,0,0,2,1,0,947,138,809,253,27,226
2788.0,19,127,8,95,0,0,2,1,1,947,138,809,253,27,226
2789.0,19,127,8,95,0,0,2,1,1,947,138,809,253,27,226
2790.0,19,127,8,95,0,0,2,1,1,947,138,809,253,27,226
2791.0,18,126,8,96,0,0,2,1,1,948,138,810,252,27,225
2792.0,18,126,8,96,0,0,2,1,0,949,138,811,251,27,224
2793.0,18,126,8,96,0,0,2,1,0,949,138,811,251,27,224
2794.0,18,125,8,96,0,0,2,1,1,949,138,811,251,27,224
2795.0,18,125,8,96,0,0,2,1,1,949,138,811,251,27,224
2796.0,18,125,8,95,0,0,2,1,1,950,138,812,250,27,223
2797.0,18,124,8,96,0,0,2,1,0,951,138,813,249,27,222
2798.0,18,123,9,96,0,0,2,1,0,951,138,813,249,27,222
2799.0,18,123,9,96,0,0,2,1,0,951,138,813,249,27,222
2800.0,18,123,9,95,0,0,2,1,1,951,138,813,249,27,222
2801.0,18,123,9,95,0,0,2,1,1,951,138,813,249,27,222
2802.0,18,123,9,95,0,0,2,1,0,952,138,814,248,27,221
2803.0,18,123,8,95,0,0,2,1,1,952,138,814,248,27,221
2804.0,18,122,8,96,0,0,2,1,0,953,138,815,247,27,220
2805.0,18,122,8,95,0,0,2,1,1,953,138,815,247,27,220
2806.0,18,121,8,96,0,0,2,1,0,954,139,815,246,26,220
2807.0,18,121,8,95,0,0,2,1,1,954,139,815,246,26,220
2808.0,18,121,8,95,0,0,2,1,0,955,139,816,245,26,219
2809.0,18,120,8,96,0,0,2,1,0,955,139,816,245,26,219
2810.0,18,120,8,96,0,0,2,1,0,955,139,816,245,26,219
2811.0,18,120,8,96,0,0,2,1,0,955,139,816,245,26,219
2812.0,18,120,8,96,0,0,2,1,0,955,139,816,245,26,219
2813.0,18,119,8,97,0,0,2,1,0,955,139,816,245,26,219
2814.0,18,119,8,96,0,0,2,1,1,955,139,816,245,26,219
2815.0,18,119,8,96,0,0,2,1,1,955,139,816,245,26,219
2816.0,18,119,8,96,0,0,2,1,1,955,139,816,245,26,219
2817.0,18,118,8,97,0,0,2,1,1,955,139,816,245,26,219
2818.0,18,118,8,96,0,0,2,1,1,956,139,817,244,26,218
2819.0,18,118,8,96,0,0,2,1,0,957,139,818,243,26,217
2820.0,18,118,8,96,0,0,2,1,0,957,139,818,243,26,217
2821.0,18,117,8,97,0,0,2,1,0,957,139,818,243,26,217
2822.0,18,117,8,97,0,0,2,1,0,957,139,818,243,26,217
2823.0,18,117,8,97,0,0,2,1,0,957,139,818,243,26,217
2824.0,18,116,8,98,0,0,2,1,0,957,139,818,243,26,217
2825.0,18,116,8,97,0,0,2,1,1,957,139,818,243,26,217
2826.0,18,116,8,97,0,0,2,1,1,957,139,818,243,26,217
2827.0,18,116,8,97,0,0,2,1,0,958,139,819,242,26,216
2828.0,18,115,8,97,0,0,2,1,1,958,139,819,242,26,216
2829.0,18,115,8,97,0,0,2,1,0,959,139,820,241,26,215
2830.0,18,115,8,96,0,0,2,1,1,959,139,820,241,26,215
2831.0,18,114,8,97,0,0,2,1,0,960,139,821,240,26,214
2832.0,18,114,8,97,0,0,2,1,0,960,139,821,240,26,214
2833.0,18,114,8,97,0,0,2,1,0,960,139,821,240,26,214
2834.0,18,113,8,97,0,0,2,1,1,960,139,821,240,26,214
2835.0,18,113,8,97,0,0,2,1,1,960,139,821,240,26,214
2836.0,18,113,8,96,0,0,2,1,1,961,139,822,239,26,213
2837.0,17,113,8,97,0,0,2,1,1,961,139,822,239,26,213
2838.0,17,113,8,96,0,0,2,1,1,962,139,823,238,26,212
2839.0,17,113,8,96,0,0,2,1,1,962,139,823,238,26,212
2840.0,17,112,8,97,0,0,2,1,0,963,139,824,237,26,211
2841.0,17,111,9,96,0,0,2,1,1,963,139,824,237,26,211
2842.0,17,111,9,95,0,0,2,1,1,964,139,825,236,26,210
2843.0,17,111,9,95,0,0,2,1,0,965,139,826,235,26,209
2844.0,17,111,9,95,0,0,2,1,0,965,139,826,235,26,209
2845.0,17,110,9,96,0,0,2,1,0,965,139,826,235,26,209
2846.0,17,110,9,96,0,0,2,1,0,965,139,826,235,26,209
2847.0,17,109,9,97,0,0,2,1,0,965,139,826,235,26,209
2848.0,17,109,9,97,0,0,2,1,0,965,139,826,235,26,209
2849.0,17,109,9,96,0,0,2,1,1,965,139,826,235,26,209
2850.0,17,109,9,96,0,0,2,1,1,965,139,826,235,26,209
2851.0,17,109,9,96,0,0,2,1,1,965,139,826,235,26,209
2852.0,17,108,9,96,0,1,2,1,1,965,139,826,235,26,209
2853.0,17,107,9,97,0,0,2,1,1,966,139,827,234,26,208
2854.0,17,107,9,97,0,0,2,1,0,967,139,828,233,26,207
2855.0,17,106,9,97,0,0,2,1,1,967,139,828,233,26,207
2856.0,17,106,9,97,0,0,2,1,1,967,139,828,233,26,207
2857.0,17,106,9,97,0,0,2,1,0,968,139,829,232,26,206
2858.0,17,105,9,97,0,0,2,1,1,968,139,829,232,26,206
2859.0,16,105,9,98,0,0,2,1,0,969,139,830,231,26,205
2860.0,16,105,9,97,0,0,2,1,1,969,139,830,231,26,205
2861.0,16,105,9,97,0,0,2,1,0,970,139,831,230,26,204
2862.0,16,104,10,97,0,0,2,1,0,970,139,831,230,26,204
2863.0,16,104,10,96,0,0,2,1,1,970,139,831,230,26,204
2864.0,16,104,10,96,0,0,2,1,0,971,139,832,229,26,203
2865.0,15,104,10,96,0,0,2,1,1,971,139,832,229,26,203
2866.0,15,104,10,96,0,0,2,1,1,971,139,832,229,26,203
2867.0,15,104,10,95,0,0,2,1,1,972,139,833,228,26,202
2868.0,15,104,10,95,0,0,2,1,0,973,139,834,227,26,201
2869.0,15,104,10,95,0,0,2,1,0,973,139,834,227,26,201
2870.0,15,103,10,95,0,0,2,1,1,973,139,834,227,26,201
2871.0,15,103,10,95,0,0,2,1,0,974,139,835,226,26,200
2872.0,15,103,10,95,0,0,2,1,0,974,139,835,226,26,200
2873.0,15,102,10,95,0,0,2,1,1,974,139,835,226,26,200
2874.0,15,102,10,95,0,0,2,1,0,975,140,835,225,25,200
2875.0,15,102,10,95,0,0,2,1,0,975,140,835,225,25,200
2876.0,15,101,10,95,0,0,2,1,1,975,140,835,225,25,200
2877.0,15,101,10,94,0,0,2,1,1,976,140,836,224,25,199
2878.0,14,101,10,95,0,0,2,1,0,977,140,837,223,25,198
2879.0,14,101,10,95,0,0,2,1,0,977,140,837,223,25,198
2880.0,14,101,10,95,0,0,2,1,0,977,140,837,223,25,198
2881.0,14,99,11,95,0,0,2,1,1,977,140,837,223,25,198
2882.0,14,99,11,95,0,0,2,1,1,977,140,837,223,25,198
2883.0,14,99,11,95,0,0,2,1,0,978,140,838,222,25,197
2884.0,14,99,11,94,0,0,2,1,1,978,140,838,222,25,197
2885.0,14,99,11,94,0,0,2,1,1,978,140,838,222,25,197
2886.0,14,99,11,94,0,0,2,1,0,979,140,839,221,25,196
2887.0,14,99,11,93,0,0,2,1,1,979,140,839,221,25,196
2888.0,14,99,11,93,0,0,2,1,1,979,140,839,221,25,196
2889.0,14,97,11,95,0,0,2,1,0,980,140,840,220,25,195
2890.0,14,97,11,94,0,0,2,1,1,980,140,840,220,25,195
2891.0,14,97,11,94,0,0,2,1,0,981,140,841,219,25,194
2892.0,14,96,11,95,0,0,2,1,0,981,140,841,219,25,194
2893.0,13,96,11,95,0,0,2,1,1,981,140,841,219,25,194
2894.0,13,96,11,94,0,0,2,1,1,982,140,842,218,25,193
2895.0,13,96,11,94,0,0,2,1,0,983,140,843,217,25,192
2896.0,12,95,12,95,0,0,2,1,0,983,140,843,217,25,192
2897.0,12,95,12,94,0,0,2,1,1,983,140,843,217,25,192
2898.0,12,95,12,94,0,0,2,1,0,984,140,844,216,25,191
2899.0,12,95,12,93,0,0,2,1,1,984,140,844,216,25,191
2900.0,12,94,13,93,0,0,2,1,1,984,140,844,216,25,191
2901.0,12,94,13,93,0,0,2,1,0,985,140,845,215,25,190
2902.0,12,94,13,92,0,0,2,1,1,985,140,845,215,25,190
2903.0,12,94,13,92,0,0,2,1,0,986,140,846,214,25,189
2904.0,12,94,13,91,0,0,2,1,1,986,140,846,214,25,189
2905.0,12,93,13,92,0,0,2,1,1,986,140,846,214,25,189
2906.0,12,93,13,92,0,0,2,1,0,987,140,847,213,25,188
2907.0,12,93,13,91,0,0,2,1,1,987,140,847,213,25,188
2908.0,12,93,13,91,0,0,2,1,0,988,140,848,212,25,187
2909.0,12,92,13,92,0,0,2,1,0,988,140,848,212,25,187
2910.0,12,92,13,91,0,0,2,1,1,988,140,848,212,25,187
2911.0,12,92,13,91,0,0,2,1,0,989,140,849,211,25,186
2912.0,12,91,13,91,0,0,2,1,1,989,140,849,211,25,186
2913.0,12,91,13,91,0,0,2,1,0,990,140,850,210,25,185
2914.0,10,91,13,93,0,0,2,1,0,990,140,850,210,25,185
2915.0,10,91,12,93,0,0,2,1,1,990,140,850,210,25,185
2916.0,9,91,13,93,0,0,2,1,0,991,140,851,209,25,184
2917.0,9,91,13,93,0,0,2,1,0,991,140,851,209,25,184
2918.0,9,91,13,92,0,0,2,1,1,991,140,851,209,25,184
2919.0,9,90,14,92,0,0,2,1,0,992,141,851,208,24,184
2920.0,9,89,15,91,0,0,2,1,1,992,141,851,208,24,184
2921.0,9,89,15,91,0,0,2,1,0,993,141,852,207,24,183
2922.0,9,89,15,90,0,0,2,1,1,993,141,852,207,24,183
2923.0,9,88,15,91,0,0,2,1,0,994,141,853,206,24,182
2924.0,9,88,15,91,0,0,2,1,0,994,141,853,206,24,182
2925.0,9,87,15,91,0,0,2,1,1,994,141,853,206,24,182
2926.0,9,87,15,91,0,0,2,1,1,994,141,853,206,24,182
2927.0,9,87,15,91,0,0,2,1,0,995,141,854,205,24,181
2928.0,9,86,15,91,0,0,2,1,1,995,141,854,205,24,181
2929.0,9,86,15,91,0,0,2,1,0,996,141,855,204,24,180
2930.0,9,86,15,91,0,0,2,1,0,996,141,855,204,24,180
2931.0,9,86,15,90,0,0,2,1,1,996,141,855,204,24,180
2932.0,9,85,15,91,0,0,2,1,1,996,141,855,204,24,180
2933.0,9,85,15,90,0,0,2,1,1,997,141,856,203,24,179
2934.0,9,84,15,90,0,0,2,1,1,998,141,857,202,24,178
2935.0,9,84,15,90,0,0,2,1,0,999,141,858,201,24,177
2936.0,9,84,14,90,0,0,2,1,1,999,141,858,201,24,177
2937.0,9,84,14,89,0,0,2,1,1,1000,141,859,200,24,176
2938.0,9,83,14,90,0,0,2,1,0,1001,142,859,199,23,176
2939.0,9,83,14,90,0,0,2,1,0,1001,142,859,199,23,176
2940.0,9,82,14,91,0,0,2,1,0,1001,142,859,199,23,176
2941.0,9,82,14,90,0,0,2,1,1,1001,142,859,199,23,176
2942.0,9,82,14,90,0,0,2,1,1,1001,142,859,199,23,176
2943.0,9,81,14,90,0,0,2,1,1,1002,142,860,198,23,175
2944.0,9,80,14,91,0,0,2,1,1,1002,142,860,198,23,175
2945.0,9,80,14,91,0,0,2,1,0,1003,142,861,197,23,174
2946.0,9,80,14,90,0,0,2,1,1,1003,142,861,197,23,174
2947.0,8,79,14,92,0,0,2,1,1,1003,142,861,197,23,174
2948.0,8,79,14,91,0,0,2,1,1,1004,142,862,196,23,173
2949.0,8,79,14,91,0,0,2,1,0,1005,142,863,195,23,172
2950.0,8,78,14,92,0,0,2,1,0,1005,142,863,195,23,172
2951.0,8,78,14,92,0,0,2,1,0,1005,142,863,195,23,172
2952.0,8,78,14,91,0,0,2,1,1,1005,142,863,195,23,172
2953.0,8,77,15,91,0,0,2,1,1,1005,142,863,195,23,172
2954.0,8,77,15,91,0,0,2,1,0,1006,142,864,194,23,171
2955.0,8,76,15,91,0,0,2,1,1,1006,142,864,194,23,171
2956.0,8,76,15,91,0,0,2,1,0,1007,142,865,193,23,170
2957.0,8,75,15,92,0,0,2,1,0,1007,142,865,193,23,170
2958.0,8,75,15,92,0,0,2,1,0,1007,142,865,193,23,170
2959.0,8,75,15,91,0,0,2,1,1,1007,142,865,193,23,170
2960.0,8,73,15,93,0,0,2,1,1,1007,142,865,193,23,170
2961.0,8,73,15,92,0,0,2,1,1,1008,142,866,192,23,169
2962.0,8,73,15,92,0,0,2,1,0,1009,142,867,191,23,168
2963.0,8,73,14,92,0,0,2,1,0,1010,142,868,190,23,167
2964.0,8,73,14,92,0,0,2,1,0,1010,142,868,190,23,167
2965.0,7,73,14,92,0,0,2,1,1,1010,142,868,190,23,167
2966.0,7,73,14,92,0,0,2,1,0,1011,143,868,189,22,167
2967.0,7,73,14,92,0,1,2,0,0,1011,143,868,189,22,167
2968.0,7,72,14,92,0,0,2,1,1,1011,143,868,189,22,167
2969.0,7,72,14,92,0,0,2,1,0,1012,143,869,188,22,166
2970.0,7,71,15,92,0,0,2,1,0,1012,143,869,188,22,166
2971.0,7,71,15,91,0,0,2,1,1,1012,143,869,188,22,166
2972.0,7,71,15,91,0,0,2,1,1,1012,143,869,188,22,166
2973.0,7,71,15,91,0,0,2,1,0,1013,143,870,187,22,165
2974.0,7,70,15,92,0,0,2,1,0,1013,143,870,187,22,165
2975.0,7,69,15,93,0,0,2,1,0,1013,143,870,187,22,165
2976.0,7,69,15,93,0,0,2,1,0,1013,143,870,187,22,165
2977.0,7,69,15,93,0,0,2,1,0,1013,143,870,187,22,165
2978.0,7,69,15,92,0,0,2,1,1,1013,143,870,187,22,165
2979.0,7,68,15,93,0,1,2,0,1,1013,143,870,187,22,165
2980.0,7,68,15,92,0,1,2,1,1,1013,143,870,187,22,165
2981.0,7,68,15,91,0,1,2,1,1,1014,143,871,186,22,164
2982.0,7,68,15,91,0,0,2,1,1,1015,143,872,185,22,163
2983.0,7,68,15,90,0,0,2,1,1,1016,143,873,184,22,162
2984.0,7,68,15,90,0,0,2,1,0,1017,143,874,183,22,161
2985.0,7,66,15,91,0,0,2,1,1,1017,143,874,183,22,161
2986.0,7,66,15,91,0,0,2,1,1,1017,143,874,183,22,161
2987.0,7,66,15,91,0,0,2,1,0,1018,143,875,182,22,160
2988.0,7,64,15,92,0,0,2,1,1,1018,143,875,182,22,160
2989.0,7,64,15,92,0,0,2,1,1,1018,143,875,182,22,160
2990.0,7,64,14,92,0,0,2,1,1,1019,143,876,181,22,159
2991.0,7,64,14,92,0,0,2,1,0,1020,143,877,180,22,158
2992.0,7,62,14,93,0,0,2,1,1,1020,143,877,180,22,158
2993.0,7,62,14,93,0,0,2,1,0,1021,144,877,179,21,158
2994.0,7,62,14,92,0,0,2,1,1,1021,144,877,179,21,158
2995.0,7,62,14,92,0,0,2,1,0,1022,144,878,178,21,157
2996.0,7,61,14,93,0,0,2,1,0,1022,144,878,178,21,157
2997.0,7,61,14,93,0,0,2,1,0,1022,144,878,178,21,157
2998.0,7,60,14,93,0,0,2,1,1,1022,144,878,178,21,157
2999.0,7,59,14,94,0,0,2,1,1,1022,144,878,178,21,157
3000.0,7,59,14,93,0,0,2,1,1,1023,144,879,177,21,156
3001.0,7,59,14,93,0,0,2,1,0,1024,144,880,176,21,155
3002.0,7,59,14,93,0,0,2,1,0,1024,144,880,176,21,155
3003.0,7,57,14,94,0,0,2,1,1,1024,144,880,176,21,155
3004.0,7,57,14,94,0,0,2,1,1,1024,144,880,176,21,155
3005.0,7,57,14,94,0,0,2,1,0,1025,144,881,175,21,154
3006.0,7,57,14,93,0,0,2,1,1,1025,144,881,175,21,154
3007.0,7,56,14,94,0,0,2,1,0,1026,144,882,174,21,153
3008.0,7,55,14,95,0,0,2,1,0,1026,144,882,174,21,153
3009.0,7,55,14,95,0,0,2,1,0,1026,144,882,174,21,153
3010.0,7,55,14,95,0,0,2,1,0,1026,144,882,174,21,153
3011.0,7,54,14,95,0,0,2,1,1,1026,144,882,174,21,153
3012.0,7,53,14,96,0,0,2,1,1,1026,144,882,174,21,153
3013.0,7,53,14,96,0,0,2,1,0,1027,144,883,173,21,152
3014.0,7,52,14,97,0,0,2,1,0,1027,144,883,173,21,152
3015.0,7,52,14,96,0,0,2,1,1,1027,144,883,173,21,152
3016.0,7,52,14,96,0,0,2,1,1,1027,144,883,173,21,152
3017.0,7,52,14,96,0,0,2,1,0,1028,144,884,172,21,151
3018.0,7,52,14,95,0,0,2,1,1,1028,144,884,172,21,151
3019.0,7,52,14,95,0,0,2,1,1,1028,144,884,172,21,151
3020.0,7,51,14,96,0,0,2,1,0,1029,144,885,171,21,150
3021.0,7,51,14,95,0,0,2,1,1,1029,144,885,171,21,150
3022.0,7,51,14,95,0,0,2,1,0,1030,144,886,170,21,149
3023.0,7,51,14,94,0,0,2,1,1,1030,144,886,170,21,149
3024.0,7,51,14,94,0,0,2,1,0,1031,144,887,169,21,148
3025.0,6,50,14,96,0,0,2,1,0,1031,144,887,169,21,148
3026.0,6,50,14,95,0,0,2,1,1,1031,144,887,169,21,148
3027.0,6,50,14,94,0,0,2,1,1,1032,144,888,168,21,147
3028.0,6,49,14,95,0,0,2,1,1,1032,144,888,168,21,147
3029.0,6,49,14,95,0,0,2,1,0,1033,144,889,167,21,146
3030.0,6,48,15,94,0,0,2,1,1,1033,144,889,167,21,146
3031.0,6,48,14,94,0,1,2,1,1,1033,144,889,167,21,146
3032.0,6,48,14,94,0,0,2,1,1,1034,144,890,166,21,145
3033.0,6,48,14,94,0,0,2,1,0,1035,144,891,165,21,144
3034.0,6,47,14,95,0,0,2,1,0,1035,144,891,165,21,144
3035.0,6,46,14,96,0,0,2,1,0,1035,144,891,165,21,144
3036.0,6,46,14,96,0,0,2,1,0,1035,144,891,165,21,144
3037.0,6,46,14,95,0,0,2,1,1,1035,144,891,165,21,144
3038.0,6,45,14,96,0,0,2,1,1,1035,144,891,165,21,144
3039.0,6,45,14,96,0,0,2,1,0,1036,145,891,164,20,144
3040.0,6,45,14,95,0,0,2,1,1,1036,145,891,164,20,144
3041.0,6,44,14,96,0,0,2,1,0,1037,145,892,163,20,143
3042.0,6,44,14,96,0,0,2,1,0,1037,145,892,163,20,143
3043.0,6,43,14,96,0,0,2,1,1,1037,145,892,163,20,143
3044.0,6,43,14,96,0,0,2,1,1,1037,145,892,163,20,143
3045.0,6,43,13,96,0,0,2,1,1,1038,145,893,162,20,142
3046.0,6,43,13,96,0,0,2,1,0,1039,145,894,161,20,141
3047.0,6,43,13,96,0,0,2,1,0,1039,145,894,161,20,141
3048.0,6,43,13,95,0,0,2,1,1,1039,145,894,161,20,141
3049.0,6,43,13,95,0,0,2,1,0,1040,146,894,160,19,141
3050.0,6,42,13,96,0,0,2,1,0,1040,146,894,160,19,141
3051.0,6,41,13,97,0,0,2,1,0,1040,146,894,160,19,141
3052.0,6,41,13,97,0,0,2,1,0,1040,146,894,160,19,141
3053.0,6,41,13,96,0,0,2,1,1,1040,146,894,160,19,141
3054.0,5,41,13,97,0,0,2,1,1,1040,146,894,160,19,141
3055.0,5,41,13,97,0,0,2,1,0,1041,146,895,159,19,140
3056.0,5,41,13,96,0,0,2,1,1,1041,146,895,159,19,140
3057.0,5,41,13,96,0,0,2,1,0,1042,146,896,158,19,139
3058.0,4,41,14,96,0,0,2,1,0,1042,146,896,158,19,139
3059.0,4,41,14,95,0,0,2,1,1,1042,146,896,158,19,139
3060.0,4,41,14,95,0,0,2,1,1,1042,146,896,158,19,139
3061.0,4,40,14,96,0,0,2,1,0,1043,146,897,157,19,138
3062.0,4,39,15,95,0,0,2,1,1,1043,146,897,157,19,138
3063.0,4,39,15,95,0,0,2,1,0,1044,146,898,156,19,137
3064.0,4,39,15,94,0,0,2,1,1,1044,146,898,156,19,137
3065.0,3,39,15,95,0,0,2,1,0,1045,146,899,155,19,136
3066.0,3,38,15,96,0,0,2,1,0,1045,146,899,155,19,136
3067.0,3,38,15,95,0,0,2,1,1,1045,146,899,155,19,136
3068.0,3,37,16,95,0,0,2,1,1,1045,146,899,155,19,136
3069.0,3,36,16,96,0,0,2,1,0,1046,146,900,154,19,135
3070.0,3,36,16,96,0,0,2,1,0,1046,146,900,154,19,135
3071.0,3,36,16,96,0,0,2,1,0,1046,146,900,154,19,135
3072.0,3,35,16,96,0,0,2,1,1,1046,146,900,154,19,135
3073.0,3,35,16,96,0,0,2,1,1,1046,146,900,154,19,135
3074.0,3,35,16,96,0,0,2,1,0,1047,146,901,153,19,134
3075.0,3,35,16,96,0,0,2,1,0,1047,146,901,153,19,134
3076.0,3,35,16,95,0,0,2,1,1,1047,146,901,153,19,134
3077.0,3,35,16,95,0,0,2,1,1,1047,146,901,153,19,134
3078.0,3,33,16,97,0,0,2,1,0,1048,146,902,152,19,133
3079.0,3,33,16,97,0,0,2,1,0,1048,146,902,152,19,133
3080.0,3,33,16,96,0,0,2,1,1,1048,146,902,152,19,133
3081.0,3,33,16,96,0,0,2,1,0,1049,146,903,151,19,132
3082.0,3,33,16,95,0,0,2,1,1,1049,146,903,151,19,132
3083.0,3,33,16,94,0,0,2,1,1,1050,146,904,150,19,131
3084.0,3,31,16,96,0,0,2,1,1,1050,146,904,150,19,131
3085.0,3,31,16,96,0,0,2,1,0,1051,146,905,149,19,130
3086.0,3,31,16,95,0,0,2,1,1,1051,146,905,149,19,130
3087.0,3,30,16,96,0,0,2,1,1,1051,146,905,149,19,130
3088.0,3,30,16,97,0,0,1,1,0,1052,146,906,148,19,129
3089.0,3,29,16,97,0,0,2,1,0,1052,146,906,148,19,129
3090.0,3,29,16,96,0,0,2,1,1,1052,146,906,148,19,129
3091.0,3,28,16,97,0,0,2,1,1,1052,146,906,148,19,129
3092.0,3,28,16,97,0,0,2,1,0,1053,146,907,147,19,128
3093.0,3,28,16,96,0,0,2,1,1,1053,146,907,147,19,128
3094.0,3,28,16,96,0,0,2,1,0,1054,146,908,146,19,127
3095.0,3,28,16,96,0,0,1,1,1,1054,146,908,146,19,127
3096.0,3,27,16,96,0,0,2,1,0,1055,146,909,145,19,126
3097.0,2,27,15,97,0,0,2,1,1,1055,146,909,145,19,126
3098.0,2,27,15,97,0,0,2,1,0,1056,146,910,144,19,125
3099.0,2,27,15,97,0,0,2,1,0,1056,146,910,144,19,125
3100.0,2,27,15,97,0,0,2,1,0,1056,146,910,144,19,125
3101.0,2,27,15,96,0,0,2,1,1,1056,146,910,144,19,125
3102.0,2,27,15,96,0,0,2,1,1,1056,146,910,144,19,125
3103.0,2,27,15,96,0,0,2,1,0,1057,147,910,143,18,125
3104.0,2,26,16,96,0,0,2,1,0,1057,147,910,143,18,125
3105.0,2,26,16,95,0,0,2,1,1,1057,147,910,143,18,125
3106.0,2,25,16,96,0,0,2,1,1,1057,147,910,143,18,125
3107.0,2,24,16,97,0,0,2,1,0,1058,147,911,142,18,124
3108.0,2,24,16,97,0,0,2,1,0,1058,147,911,142,18,124
3109.0,2,24,16,96,0,0,2,1,1,1058,147,911,142,18,124
3110.0,2,23,16,97,0,0,2,1,1,1058,147,911,142,18,124
3111.0,2,22,16,98,0,0,2,1,0,1059,147,912,141,18,123
3112.0,2,22,16,97,0,0,2,1,1,1059,147,912,141,18,123
3113.0,2,22,16,97,0,0,2,1,0,1060,147,913,140,18,122
3114.0,2,21,16,98,0,0,2,1,0,1060,147,913,140,18,122
3115.0,2,21,16,98,0,1,2,0,0,1060,147,913,140,18,122
3116.0,2,21,16,97,0,0,2,1,1,1060,147,913,140,18,122
3117.0,2,20,16,98,0,0,2,1,0,1061,147,914,139,18,121
3118.0,2,19,16,99,0,0,2,1,0,1061,147,914,139,18,121
3119.0,2,19,16,98,0,0,2,1,1,1061,147,914,139,18,121
3120.0,2,19,16,98,0,0,2,1,1,1061,147,914,139,18,121
3121.0,2,19,16,97,0,1,2,1,1,1061,147,914,139,18,121
3122.0,2,18,16,98,0,0,2,1,1,1062,147,915,138,18,120
3123.0,2,18,16,98,0,0,2,1,0,1063,147,916,137,18,119
3124.0,2,17,16,98,0,0,2,1,1,1063,147,916,137,18,119
3125.0,2,17,16,98,0,0,2,1,0,1064,147,917,136,18,118
3126.0,2,16,16,99,0,0,2,1,0,1064,147,917,136,18,118
3127.0,2,16,16,99,0,0,2,1,0,1064,147,917,136,18,118
3128.0,2,16,16,99,0,0,2,1,0,1064,147,917,136,18,118
3129.0,2,16,16,99,0,0,2,1,0,1064,147,917,136,18,118
3130.0,2,16,16,99,0,0,2,1,0,1064,147,917,136,18,118
3131.0,2,15,16,100,0,0,2,1,0,1064,147,917,136,18,118
3132.0,2,15,16,99,0,0,2,1,1,1064,147,917,136,18,118
3133.0,2,15,16,98,0,1,2,1,1,1064,147,917,136,18,118
3134.0,2,15,16,98,0,1,2,1,1,1064,147,917,136,18,118
3135.0,2,15,16,98,0,1,2,1,1,1064,147,917,136,18,118
3136.0,2,13,16,100,0,1,2,1,1,1064,147,917,136,18,118
3137.0,2,13,16,100,0,0,2,1,1,1065,147,918,135,18,117
3138.0,2,13,16,99,0,0,2,1,1,1066,147,919,134,18,116
3139.0,2,13,16,99,0,0,2,1,1,1066,147,919,134,18,116
3140.0,2,13,16,99,0,1,2,0,0,1067,147,920,133,18,115
3141.0,2,13,16,98,0,0,2,1,1,1067,147,920,133,18,115
3142.0,2,13,16,98,0,0,2,1,1,1067,147,920,133,18,115
3143.0,2,13,15,98,0,0,2,1,1,1068,147,921,132,18,114
3144.0,2,13,15,98,0,0,2,1,1,1068,147,921,132,18,114
3145.0,2,13,15,98,0,0,2,1,0,1069,147,922,131,18,113
3146.0,2,13,15,97,0,0,2,1,1,1069,147,922,131,18,113
3147.0,2,12,15,98,0,0,2,1,0,1070,148,922,130,17,113
3148.0,2,12,15,97,0,0,2,1,1,1070,148,922,130,17,113
3149.0,2,12,15,97,0,0,2,1,0,1071,148,923,129,17,112
3150.0,2,11,15,98,0,0,2,1,0,1071,148,923,129,17,112
3151.0,2,11,15,98,0,0,2,1,0,1071,148,923,129,17,112
3152.0,2,10,15,98,0,0,2,1,1,1071,148,923,129,17,112
3153.0,2,10,15,98,0,0,2,1,1,1071,148,923,129,17,112
3154.0,2,10,15,98,0,0,2,1,0,1072,148,924,128,17,111
3155.0,2,10,15,97,0,0,2,1,1,1072,148,924,128,17,111
3156.0,2,9,15,98,0,0,2,1,0,1073,148,925,127,17,110
3157.0,2,9,15,98,0,0,2,1,0,1073,148,925,127,17,110
3158.0,2,9,15,98,0,0,2,1,0,1073,148,925,127,17,110
3159.0,2,9,15,98,0,0,2,1,0,1073,148,925,127,17,110
3160.0,2,8,15,99,0,0,2,1,0,1073,148,925,127,17,110
3161.0,2,7,15,99,0,0,2,1,1,1073,148,925,127,17,110
3162.0,2,7,15,99,0,0,2,1,1,1073,148,925,127,17,110
3163.0,2,7,15,98,0,0,2,1,1,1074,148,926,126,17,109
3164.0,2,7,15,98,0,0,2,1,0,1075,148,927,125,17,108
3165.0,2,7,15,98,0,0,2,1,0,1075,148,927,125,17,108
3166.0,1,7,15,98,0,0,2,1,1,1075,148,927,125,17,108
3167.0,1,7,14,98,0,0,2,1,1,1076,148,928,124,17,107
3168.0,1,7,14,98,0,0,2,1,1,1076,148,928,124,17,107
3169.0,1,7,14,98,0,0,2,1,0,1077,148,929,123,17,106
3170.0,1,6,14,99,0,0,2,1,0,1077,148,929,123,17,106
3171.0,1,6,14,98,0,0,2,1,1,1077,148,929,123,17,106
3172.0,1,5,15,98,0,0,2,1,1,1077,148,929,123,17,106
3173.0,1,5,15,98,0,0,2,1,0,1078,149,929,122,16,106
3174.0,1,4,15,99,0,0,2,1,0,1078,149,929,122,16,106
3175.0,1,3,14,100,0,0,2,1,1,1078,149,929,122,16,106
3176.0,1,3,14,100,0,0,2,1,1,1078,149,929,122,16,106
3177.0,1,3,14,100,0,0,2,1,0,1079,149,930,121,16,105
3178.0,1,2,14,100,0,0,2,1,1,1079,149,930,121,16,105
3179.0,1,2,14,100,0,0,2,1,1,1079,149,930,121,16,105
3180.0,1,0,14,102,0,0,2,1,0,1080,150,930,120,15,105
3181.0,1,0,14,101,0,0,2,1,1,1080,150,930,120,15,105
3182.0,1,0,14,101,0,0,2,1,0,1081,150,931,119,15,104
3183.0,0,0,14,102,0,0,2,1,0,1081,150,931,119,15,104
3184.0,0,0,14,102,0,0,2,1,0,1081,150,931,119,15,104
3185.0,0,0,14,103,0,0,1,1,0,1081,150,931,119,15,104
3186.0,0,0,14,102,0,0,1,1,1,1081,150,931,119,15,104
3187.0,0,0,15,102,0,0,0,1,1,1081,150,931,119,15,104
3188.0,0,0,15,102,0,0,0,1,0,1082,150,932,118,15,103
3189.0,0,0,15,101,0,0,0,1,1,1082,150,932,118,15,103
3190.0,0,0,15,101,0,0,0,1,0,1083,150,933,117,15,102
3191.0,0,0,14,101,0,0,0,1,1,1083,150,933,117,15,102
3192.0,0,0,14,101,0,0,0,1,0,1084,150,934,116,15,101
3193.0,0,0,14,100,0,0,0,1,0,1085,151,934,115,14,101
3194.0,0,0,14,100,0,0,0,1,0,1085,151,934,115,14,101
3195.0,0,0,14,99,0,0,0,1,1,1085,151,934,115,14,101
3196.0,0,0,14,99,0,0,0,1,1,1085,151,934,115,14,101
3197.0,0,0,14,99,0,0,0,1,0,1086,151,935,114,14,100
3198.0,0,0,14,99,0,0,0,1,0,1086,151,935,114,14,100
3199.0,0,0,14,99,0,0,0,1,0,1086,151,935,114,14,100
3200.0,0,0,14,99,0,0,0,1,0,1086,151,935,114,14,100
3201.0,0,0,14,99,0,0,0,1,0,1086,151,935,114,14,100
3202.0,0,0,14,98,0,0,0,1,1,1086,151,935,114,14,100
3203.0,0,0,14,98,0,0,0,1,1,1086,151,935,114,14,100
3204.0,0,0,14,97,0,0,0,1,1,1087,151,936,113,14,99
3205.0,0,0,14,97,0,0,0,1,1,1087,151,936,113,14,99
3206.0,0,0,14,97,0,0,0,1,0,1088,151,937,112,14,98
3207.0,0,0,13,97,0,0,0,1,1,1088,151,937,112,14,98
3208.0,0,0,13,97,0,0,0,1,1,1088,151,937,112,14,98
3209.0,0,0,13,96,0,0,0,1,1,1089,151,938,111,14,97
3210.0,0,0,13,96,0,0,0,1,0,1090,152,938,110,13,97
3211.0,0,0,12,96,0,0,0,1,1,1090,152,938,110,13,97
3212.0,0,0,12,96,0,0,0,1,1,1090,152,938,110,13,97
3213.0,0,0,12,96,0,0,0,1,0,1091,152,939,109,13,96
3214.0,0,0,12,95,0,0,0,1,1,1091,152,939,109,13,96
3215.0,0,0,12,95,0,0,0,1,1,1091,152,939,109,13,96
3216.0,0,0,12,95,0,0,0,1,0,1092,153,939,108,12,96
3217.0,0,0,12,95,0,0,0,1,0,1092,153,939,108,12,96
3218.0,0,0,12,94,0,0,0,1,1,1092,153,939,108,12,96
3219.0,0,0,12,94,0,0,0,1,0,1093,153,940,107,12,95
3220.0,0,0,12,93,0,0,0,1,1,1093,153,940,107,12,95
3221.0,0,0,12,93,0,0,0,1,0,1094,153,941,106,12,94
3222.0,0,0,12,93,0,0,0,1,0,1094,153,941,106,12,94
3223.0,0,0,12,93,0,0,0,1,0,1094,153,941,106,12,94
3224.0,0,0,12,92,0,0,0,1,1,1094,153,941,106,12,94
3225.0,0,0,12,91,0,0,0,1,1,1095,153,942,105,12,93
3226.0,0,0,12,91,0,0,0,1,0,1096,153,943,104,12,92
3227.0,0,0,12,91,0,0,0,1,0,1096,153,943,104,12,92
3228.0,0,0,11,91,0,0,0,1,1,1096,153,943,104,12,92
3229.0,0,0,11,91,0,0,0,1,0,1097,153,944,103,12,91
3230.0,0,0,10,91,0,0,0,1,1,1097,153,944,103,12,91
3231.0,0,0,10,91,0,0,0,1,0,1098,154,944,102,11,91
3232.0,0,0,9,91,0,0,0,1,1,1098,154,944,102,11,91
3233.0,0,0,9,91,0,0,0,1,1,1098,154,944,102,11,91
3234.0,0,0,9,91,0,0,0,1,0,1099,155,944,101,10,91
3235.0,0,0,9,90,0,0,0,1,1,1099,155,944,101,10,91
3236.0,0,0,9,90,0,0,0,1,1,1099,155,944,101,10,91
3237.0,0,0,9,89,0,0,0,1,1,1100,156,944,100,9,91
3238.0,0,0,9,89,0,0,0,1,1,1100,156,944,100,9,91
3239.0,0,0,9,88,0,0,0,1,1,1101,156,945,99,9,90
3240.0,0,0,9,88,0,0,0,1,1,1101,156,945,99,9,90
3241.0,0,0,9,88,0,0,0,1,0,1102,156,946,98,9,89
3242.0,0,0,9,87,0,0,0,1,1,1102,156,946,98,9,89
3243.0,0,0,9,87,0,0,0,1,0,1103,156,947,97,9,88
3244.0,0,0,9,86,0,0,0,1,1,1103,156,947,97,9,88
3245.0,0,0,9,86,0,0,0,1,1,1103,156,947,97,9,88
3246.0,0,0,9,86,0,0,0,1,0,1104,156,948,96,9,87
3247.0,0,0,9,86,0,0,0,1,0,1104,156,948,96,9,87
3248.0,0,0,9,85,0,0,0,1,1,1104,156,948,96,9,87
3249.0,0,0,9,85,0,0,0,1,1,1104,156,948,96,9,87
3250.0,0,0,9,84,0,0,0,1,1,1105,156,949,95,9,86
3251.0,0,0,9,84,0,0,0,1,1,1105,156,949,95,9,86
3252.0,0,0,9,84,0,0,0,1,0,1106,156,950,94,9,85
3253.0,0,0,9,84,0,0,0,1,0,1106,156,950,94,9,85
3254.0,0,0,9,83,0,0,0,1,1,1106,156,950,94,9,85
3255.0,0,0,9,82,0,1,0,1,1,1106,156,950,94,9,85
3256.0,0,0,9,82,0,1,0,1,1,1106,156,950,94,9,85
3257.0,0,0,9,82,0,0,0,1,1,1107,156,951,93,9,84
3258.0,0,0,9,81,0,0,0,1,1,1108,156,952,92,9,83
3259.0,0,0,9,81,0,0,0,1,0,1109,156,953,91,9,82
3260.0,0,0,9,80,0,0,0,1,1,1109,156,953,91,9,82
3261.0,0,0,9,80,0,0,0,1,0,1110,156,954,90,9,81
3262.0,0,0,9,80,0,0,0,1,0,1110,156,954,90,9,81
3263.0,0,0,9,79,0,0,0,1,1,1110,156,954,90,9,81
3264.0,0,0,9,79,0,0,0,1,0,1111,156,955,89,9,80
3265.0,0,0,8,79,0,0,0,1,1,1111,156,955,89,9,80
3266.0,0,0,8,79,0,0,0,1,0,1112,156,956,88,9,79
3267.0,0,0,8,78,0,0,0,1,1,1112,156,956,88,9,79
3268.0,0,0,8,77,0,0,0,1,1,1113,157,956,87,8,79
3269.0,0,0,8,77,0,0,0,1,0,1114,157,957,86,8,78
3270.0,0,0,8,77,0,0,0,1,0,1114,157,957,86,8,78
3271.0,0,0,8,76,0,0,0,1,1,1114,157,957,86,8,78
3272.0,0,0,8,76,0,0,0,1,0,1115,157,958,85,8,77
3273.0,0,0,8,75,0,0,0,1,1,1115,157,958,85,8,77
3274.0,0,0,8,75,0,0,0,1,0,1116,157,959,84,8,76
3275.0,0,0,8,75,0,0,0,1,0,1116,157,959,84,8,76
3276.0,0,0,8,74,0,0,0,1,1,1116,157,959,84,8,76
3277.0,0,0,8,74,0,0,0,1,0,1117,157,960,83,8,75
3278.0,0,0,8,74,0,1,0,0,0,1117,157,960,83,8,75
3279.0,0,0,8,73,0,0,0,1,1,1117,157,960,83,8,75
3280.0,0,0,8,73,0,0,0,1,0,1118,157,961,82,8,74
3281.0,0,0,8,73,0,0,0,1,0,1118,157,961,82,8,74
3282.0,0,0,7,73,0,0,0,1,1,1118,157,961,82,8,74
3283.0,0,0,7,73,0,0,0,1,1,1118,157,961,82,8,74
3284.0,0,0,7,72,0,0,0,1,1,1119,157,962,81,8,73
3285.0,0,0,7,72,0,0,0,1,0,1120,158,962,80,7,73
3286.0,0,0,7,71,0,0,0,1,1,1120,158,962,80,7,73
3287.0,0,0,7,71,0,0,0,1,1,1120,158,962,80,7,73
3288.0,0,0,7,70,0,0,0,1,1,1121,158,963,79,7,72
3289.0,0,0,7,70,0,0,0,1,1,1121,158,963,79,7,72
3290.0,0,0,7,70,0,0,0,1,0,1122,158,964,78,7,71
3291.0,0,0,7,69,0,0,0,1,1,1122,158,964,78,7,71
3292.0,0,0,7,69,0,0,0,1,1,1122,158,964,78,7,71
3293.0,0,0,7,69,0,0,0,1,0,1123,158,965,77,7,70
3294.0,0,0,7,68,0,0,0,1,1,1123,158,965,77,7,70
3295.0,0,0,7,68,0,0,0,1,1,1123,158,965,77,7,70
3296.0,0,0,7,67,0,0,0,1,1,1124,158,966,76,7,69
3297.0,0,0,7,67,0,0,0,1,0,1125,158,967,75,7,68
3298.0,0,0,7,67,0,0,0,1,0,1125,158,967,75,7,68
3299.0,0,0,7,66,0,0,0,1,1,1125,158,967,75,7,68
3300.0,0,0,7,66,0,0,0,1,0,1126,158,968,74,7,67
3301.0,0,0,7,65,0,0,0,1,1,1126,158,968,74,7,67
3302.0,0,0,7,65,0,0,0,1,0,1127,158,969,73,7,66
3303.0,0,0,7,65,0,0,0,1,0,1127,158,969,73,7,66
3304.0,0,0,7,64,0,0,0,1,1,1127,158,969,73,7,66
3305.0,0,0,7,64,0,0,0,1,1,1127,158,969,73,7,66
3306.0,0,0,7,63,0,0,0,1,1,1128,158,970,72,7,65
3307.0,0,0,7,63,0,0,0,1,1,1128,158,970,72,7,65
3308.0,0,0,7,63,0,0,0,1,0,1129,158,971,71,7,64
3309.0,0,0,7,63,0,0,0,1,0,1129,158,971,71,7,64
3310.0,0,0,7,62,0,0,0,1,1,1129,158,971,71,7,64
3311.0,0,0,7,62,0,0,0,1,0,1130,158,972,70,7,63
3312.0,0,0,7,62,0,0,0,1,0,1130,158,972,70,7,63
3313.0,0,0,7,61,0,0,0,1,1,1130,158,972,70,7,63
3314.0,0,0,7,61,0,0,0,1,1,1130,158,972,70,7,63
3315.0,0,0,7,60,0,0,0,1,1,1131,158,973,69,7,62
3316.0,0,0,7,60,0,0,0,1,0,1132,158,974,68,7,61
3317.0,0,0,7,60,0,0,0,1,0,1132,158,974,68,7,61
3318.0,0,0,7,59,0,0,0,1,1,1132,158,974,68,7,61
3319.0,0,0,7,59,0,0,0,1,1,1132,158,974,68,7,61
3320.0,0,0,7,59,0,0,0,1,0,1133,158,975,67,7,60
3321.0,0,0,7,58,0,0,0,1,1,1133,158,975,67,7,60
3322.0,0,0,7,58,0,0,0,1,0,1134,158,976,66,7,59
3323.0,0,0,7,58,0,0,0,1,0,1134,158,976,66,7,59
3324.0,0,0,7,57,0,0,0,1,1,1134,158,976,66,7,59
3325.0,0,0,7,57,0,0,0,1,0,1135,158,977,65,7,58
3326.0,0,0,7,57,0,0,0,1,0,1135,158,977,65,7,58
3327.0,0,0,7,56,0,0,0,1,1,1135,158,977,65,7,58
3328.0,0,0,7,56,0,0,0,1,0,1136,158,978,64,7,57
3329.0,0,0,7,56,0,0,0,1,0,1136,158,978,64,7,57
3330.0,0,0,7,55,0,0,0,1,1,1136,158,978,64,7,57
3331.0,0,0,7,55,0,0,0,1,0,1137,158,979,63,7,56
3332.0,0,0,7,54,0,0,0,1,1,1137,158,979,63,7,56
3333.0,0,0,7,54,0,0,0,1,0,1138,158,980,62,7,55
3334.0,0,0,7,53,0,0,0,1,1,1138,158,980,62,7,55
3335.0,0,0,7,53,0,0,0,1,0,1139,158,981,61,7,54
3336.0,0,0,7,53,0,0,0,1,0,1139,158,981,61,7,54
3337.0,0,0,7,52,0,0,0,1,1,1139,158,981,61,7,54
3338.0,0,0,7,52,0,0,0,1,1,1139,158,981,61,7,54
3339.0,0,0,7,52,0,0,0,1,0,1140,158,982,60,7,53
3340.0,0,0,7,51,0,0,0,1,1,1140,158,982,60,7,53
3341.0,0,0,7,51,0,0,0,1,0,1141,158,983,59,7,52
3342.0,0,0,7,51,0,0,0,1,0,1141,158,983,59,7,52
3343.0,0,0,7,51,0,0,0,1,0,1141,158,983,59,7,52
3344.0,0,0,7,51,0,0,0,1,0,1141,158,983,59,7,52
3345.0,0,0,7,51,0,0,0,1,0,1141,158,983,59,7,52
3346.0,0,0,7,51,0,0,0,1,0,1141,158,983,59,7,52
3347.0,0,0,7,50,0,0,0,1,1,1141,158,983,59,7,52
3348.0,0,0,7,50,0,0,0,1,1,1141,158,983,59,7,52
3349.0,0,0,7,50,0,0,0,1,0,1142,158,984,58,7,51
3350.0,0,0,6,50,0,0,0,1,1,1142,158,984,58,7,51
3351.0,0,0,6,50,0,0,0,1,1,1142,158,984,58,7,51
3352.0,0,0,6,49,0,0,0,1,1,1143,158,985,57,7,50
3353.0,0,0,6,49,0,0,0,1,1,1143,158,985,57,7,50
3354.0,0,0,6,48,0,0,0,1,1,1144,159,985,56,6,50
3355.0,0,0,6,48,0,0,0,1,1,1144,159,985,56,6,50
3356.0,0,0,6,47,0,0,0,1,1,1145,159,986,55,6,49
3357.0,0,0,6,47,0,0,0,1,1,1145,159,986,55,6,49
3358.0,0,0,6,47,0,0,0,1,0,1146,159,987,54,6,48
3359.0,0,0,6,47,0,0,0,1,0,1146,159,987,54,6,48
3360.0,0,0,6,46,0,0,0,1,1,1146,159,987,54,6,48
3361.0,0,0,6,46,0,0,0,1,0,1147,159,988,53,6,47
3362.0,0,0,6,45,0,0,0,1,1,1147,159,988,53,6,47
3363.0,0,0,6,45,0,0,0,1,1,1147,159,988,53,6,47
3364.0,0,0,6,45,0,0,0,1,0,1148,159,989,52,6,46
3365.0,0,0,6,45,0,0,0,1,0,1148,159,989,52,6,46
3366.0,0,0,6,45,0,0,0,1,0,1148,159,989,52,6,46
3367.0,0,0,6,45,0,0,0,1,0,1148,159,989,52,6,46
3368.0,0,0,6,45,0,0,0,1,0,1148,159,989,52,6,46
3369.0,0,0,6,45,0,0,0,1,0,1148,159,989,52,6,46
3370.0,0,0,6,45,0,0,0,1,0,1148,159,989,52,6,46
3371.0,0,0,6,45,0,0,0,1,0,1148,159,989,52,6,46
3372.0,0,0,6,44,0,0,0,1,1,1148,159,989,52,6,46
3373.0,0,0,6,44,0,0,0,1,1,1148,159,989,52,6,46
3374.0,0,0,6,44,0,0,0,1,1,1148,159,989,52,6,46
3375.0,0,0,6,44,0,0,0,1,1,1148,159,989,52,6,46
3376.0,0,0,6,44,0,0,0,1,0,1149,159,990,51,6,45
3377.0,0,0,6,43,0,0,0,1,1,1149,159,990,51,6,45
3378.0,0,0,6,43,0,0,0,1,1,1149,159,990,51,6,45
3379.0,0,0,6,43,0,0,0,1,0,1150,159,991,50,6,44
3380.0,0,0,6,43,0,0,0,1,0,1150,159,991,50,6,44
3381.0,0,0,6,43,0,0,0,1,0,1150,159,991,50,6,44
3382.0,0,0,6,43,0,0,0,1,0,1150,159,991,50,6,44
3383.0,0,0,6,43,0,0,0,1,0,1150,159,991,50,6,44
3384.0,0,0,6,43,0,0,0,1,0,1150,159,991,50,6,44
3385.0,0,0,6,42,0,0,0,1,1,1150,159,991,50,6,44
3386.0,0,0,6,42,0,0,0,1,1,1150,159,991,50,6,44
3387.0,0,0,6,42,0,0,0,1,0,1151,159,992,49,6,43
3388.0,0,0,5,42,0,0,0,1,1,1151,159,992,49,6,43
3389.0,0,0,5,42,0,0,0,1,0,1152,159,993,48,6,42
3390.0,0,0,5,41,0,0,0,1,1,1152,159,993,48,6,42
3391.0,0,0,5,41,0,0,0,1,0,1153,160,993,47,5,42
3392.0,0,0,5,41,0,0,0,1,0,1153,160,993,47,5,42
3393.0,0,0,5,41,0,0,0,1,0,1153,160,993,47,5,42
3394.0,0,0,5,41,0,0,0,1,0,1153,160,993,47,5,42
3395.0,0,0,5,41,0,0,0,1,0,1153,160,993,47,5,42
3396.0,0,0,4,41,0,0,0,1,1,1153,160,993,47,5,42
3397.0,0,0,4,41,0,0,0,1,1,1153,160,993,47,5,42
3398.0,0,0,4,41,0,0,0,1,1,1153,160,993,47,5,42
3399.0,0,0,4,40,1,0,0,1,1,1153,160,993,47,5,42
3400.0,0,0,4,40,0,0,0,1,1,1154,160,994,46,5,41
3401.0,0,0,4,39,0,0,0,1,1,1155,161,994,45,4,41
3402.0,0,0,4,39,0,0,0,1,0,1156,161,995,44,4,40
3403.0,0,0,3,39,0,0,0,1,1,1156,161,995,44,4,40
3404.0,0,0,3,39,0,0,0,1,0,1157,161,996,43,4,39
3405.0,0,0,3,39,0,0,0,1,0,1157,161,996,43,4,39
3406.0,0,0,3,38,0,0,0,1,1,1157,161,996,43,4,39
3407.0,0,0,3,38,0,0,0,1,1,1157,161,996,43,4,39
3408.0,0,0,3,37,0,0,0,1,1,1158,162,996,42,3,39
3409.0,0,0,3,37,0,0,0,1,1,1158,162,996,42,3,39
3410.0,0,0,3,37,0,0,0,1,0,1159,162,997,41,3,38
3411.0,0,0,3,36,0,0,0,1,1,1159,162,997,41,3,38
3412.0,0,0,3,36,0,0,0,1,0,1160,162,998,40,3,37
3413.0,0,0,3,36,0,0,0,1,0,1160,162,998,40,3,37
3414.0,0,0,3,35,0,0,0,1,1,1160,162,998,40,3,37
3415.0,0,0,3,35,0,0,0,1,1,1160,162,998,40,3,37
3416.0,0,0,3,35,0,0,0,1,0,1161,162,999,39,3,36
3417.0,0,0,3,35,0,0,0,1,0,1161,162,999,39,3,36
3418.0,0,0,3,35,0,0,0,1,0,1161,162,999,39,3,36
3419.0,0,0,3,35,0,0,0,1,0,1161,162,999,39,3,36
3420.0,0,0,3,34,0,0,0,1,1,1161,162,999,39,3,36
3421.0,0,0,3,34,0,0,0,1,1,1161,162,999,39,3,36
3422.0,0,0,3,34,0,0,0,1,0,1162,162,1000,38,3,35
3423.0,0,0,3,34,0,0,0,1,0,1162,162,1000,38,3,35
3424.0,0,0,3,33,0,0,0,1,1,1162,162,1000,38,3,35
3425.0,0,0,3,33,0,0,0,1,0,1163,162,1001,37,3,34
3426.0,0,0,3,33,0,0,0,1,0,1163,162,1001,37,3,34
3427.0,0,0,3,33,0,0,0,1,0,1163,162,1001,37,3,34
3428.0,0,0,3,32,0,0,0,1,1,1163,162,1001,37,3,34
3429.0,0,0,3,32,0,0,0,1,1,1163,162,1001,37,3,34
3430.0,0,0,3,31,0,0,0,1,1,1164,162,1002,36,3,33
3431.0,0,0,3,31,0,0,0,1,1,1164,162,1002,36,3,33
3432.0,0,0,3,30,0,0,0,1,1,1165,162,1003,35,3,32
3433.0,0,0,3,30,0,0,0,1,0,1166,162,1004,34,3,31
3434.0,0,0,3,29,0,0,0,1,0,1167,162,1005,33,3,30
3435.0,0,0,3,29,0,0,0,1,0,1167,162,1005,33,3,30
3436.0,0,0,3,28,0,0,0,1,1,1167,162,1005,33,3,30
3437.0,0,0,3,28,0,0,0,1,0,1168,162,1006,32,3,29
3438.0,0,0,3,28,0,0,0,1,0,1168,162,1006,32,3,29
3439.0,0,0,2,28,0,0,0,1,1,1168,162,1006,32,3,29
3440.0,0,0,2,28,0,0,0,1,1,1168,162,1006,32,3,29
3441.0,0,0,2,28,0,0,0,1,1,1168,162,1006,32,3,29
3442.0,0,0,2,27,0,0,0,1,1,1169,162,1007,31,3,28
3443.0,0,0,2,27,0,0,0,1,0,1170,163,1007,30,2,28
3444.0,0,0,2,26,0,0,0,1,1,1170,163,1007,30,2,28
3445.0,0,0,2,26,0,0,0,1,0,1171,163,1008,29,2,27
3446.0,0,0,2,26,0,0,0,1,0,1171,163,1008,29,2,27
3447.0,0,0,2,25,0,0,0,1,1,1171,163,1008,29,2,27
3448.0,0,0,2,25,0,0,0,1,1,1171,163,1008,29,2,27
3449.0,0,0,2,25,0,0,0,1,0,1172,163,1009,28,2,26
3450.0,0,0,2,24,0,0,0,1,1,1172,163,1009,28,2,26
3451.0,0,0,2,24,0,0,0,1,1,1172,163,1009,28,2,26
3452.0,0,0,2,23,0,0,0,1,1,1173,163,1010,27,2,25
3453.0,0,0,2,23,0,0,0,1,0,1174,163,1011,26,2,24
3454.0,0,0,2,22,0,0,0,1,1,1174,163,1011,26,2,24
3455.0,0,0,2,22,0,0,0,1,0,1175,163,1012,25,2,23
3456.0,0,0,2,22,0,0,0,1,0,1175,163,1012,25,2,23
3457.0,0,0,2,21,0,0,0,1,1,1175,163,1012,25,2,23
3458.0,0,0,2,21,0,0,0,1,1,1175,163,1012,25,2,23
3459.0,0,0,2,21,0,0,0,1,0,1176,163,1013,24,2,22
3460.0,0,0,2,20,0,0,0,1,1,1176,163,1013,24,2,22
3461.0,0,0,2,19,0,0,0,1,1,1177,163,1014,23,2,21
3462.0,0,0,2,19,0,0,0,1,0,1178,163,1015,22,2,20
3463.0,0,0,2,18,0,0,0,1,1,1178,163,1015,22,2,20
3464.0,0,0,2,18,0,0,0,1,1,1178,163,1015,22,2,20
3465.0,0,0,2,18,0,0,0,1,0,1179,163,1016,21,2,19
3466.0,0,0,2,18,0,0,0,1,0,1179,163,1016,21,2,19
3467.0,0,0,2,17,0,0,0,1,1,1179,163,1016,21,2,19
3468.0,0,0,2,16,0,1,0,1,1,1179,163,1016,21,2,19
3469.0,0,0,2,16,0,0,0,1,1,1180,163,1017,20,2,18
3470.0,0,0,2,16,0,0,0,1,0,1181,163,1018,19,2,17
3471.0,0,0,2,16,0,0,0,1,0,1181,163,1018,19,2,17
3472.0,0,0,2,16,0,0,0,1,0,1181,163,1018,19,2,17
3473.0,0,0,2,16,0,0,0,1,0,1181,163,1018,19,2,17
3474.0,0,0,2,15,0,0,0,1,1,1181,163,1018,19,2,17
3475.0,0,0,2,15,0,0,0,1,1,1181,163,1018,19,2,17
3476.0,0,0,2,15,0,0,0,1,0,1182,163,1019,18,2,16
3477.0,0,0,2,14,0,0,0,1,1,1182,163,1019,18,2,16
3478.0,0,0,2,14,0,0,0,1,1,1182,163,1019,18,2,16
3479.0,0,0,2,14,0,0,0,1,0,1183,163,1020,17,2,15
3480.0,0,0,2,14,0,0,0,1,0,1183,163,1020,17,2,15
3481.0,0,0,2,14,0,0,0,1,0,1183,163,1020,17,2,15
3482.0,0,0,2,14,0,0,0,1,0,1183,163,1020,17,2,15
3483.0,0,0,2,14,0,0,0,1,0,1183,163,1020,17,2,15
3484.0,0,0,2,13,0,0,0,1,1,1183,163,1020,17,2,15
3485.0,0,0,2,13,0,0,0,1,1,1183,163,1020,17,2,15
3486.0,0,0,2,13,0,0,0,1,1,1183,163,1020,17,2,15
3487.0,0,0,2,13,0,0,0,1,1,1183,163,1020,17,2,15
3488.0,0,0,2,13,0,0,0,1,1,1183,163,1020,17,2,15
3489.0,0,0,2,13,0,0,0,1,0,1184,163,1021,16,2,14
3490.0,0,0,2,13,0,0,0,1,0,1184,163,1021,16,2,14
3491.0,0,0,2,12,0,0,0,1,1,1184,163,1021,16,2,14
3492.0,0,0,2,12,0,0,0,1,1,1184,163,1021,16,2,14
3493.0,0,0,2,11,0,1,0,1,1,1184,163,1021,16,2,14
3494.0,0,0,2,11,0,0,0,1,1,1185,163,1022,15,2,13
3495.0,0,0,2,11,0,0,0,1,0,1186,163,1023,14,2,12
3496.0,0,0,2,11,0,0,0,1,0,1186,163,1023,14,2,12
3497.0,0,0,2,10,0,0,0,1,1,1186,163,1023,14,2,12
3498.0,0,0,2,10,0,0,0,1,0,1187,163,1024,13,2,11
3499.0,0,0,2,10,0,0,0,1,0,1187,163,1024,13,2,11
3500.0,0,0,2,10,0,0,0,1,0,1187,163,1024,13,2,11
3501.0,0,0,2,9,0,0,0,1,1,1187,163,1024,13,2,11
3502.0,0,0,2,9,0,0,0,1,1,1187,163,1024,13,2,11
3503.0,0,0,2,9,0,0,0,1,0,1188,163,1025,12,2,10
3504.0,0,0,2,9,0,0,0,1,0,1188,163,1025,12,2,10
3505.0,0,0,2,8,0,0,0,1,1,1188,163,1025,12,2,10
3506.0,0,0,2,8,0,0,0,1,1,1188,163,1025,12,2,10
3507.0,0,0,2,8,0,0,0,1,0,1189,163,1026,11,2,9
3508.0,0,0,2,7,0,0,0,1,1,1189,163,1026,11,2,9
3509.0,0,0,2,7,0,0,0,1,1,1189,163,1026,11,2,9
3510.0,0,0,2,7,0,0,0,1,0,1190,163,1027,10,2,8
3511.0,0,0,2,7,0,0,0,1,0,1190,163,1027,10,2,8
3512.0,0,0,1,7,0,0,0,1,1,1190,163,1027,10,2,8
3513.0,0,0,1,7,0,0,0,1,0,1191,163,1028,9,2,7
3514.0,0,0,1,7,0,0,0,1,0,1191,163,1028,9,2,7
3515.0,0,0,1,6,0,0,0,1,1,1191,163,1028,9,2,7
3516.0,0,0,1,6,0,0,0,1,0,1192,164,1028,8,1,7
3517.0,0,0,1,6,0,0,0,1,0,1192,164,1028,8,1,7
3518.0,0,0,1,5,0,0,0,1,1,1192,164,1028,8,1,7
3519.0,0,0,1,5,0,0,0,1,1,1192,164,1028,8,1,7
3520.0,0,0,1,5,0,0,0,1,0,1193,164,1029,7,1,6
3521.0,0,0,1,4,0,0,0,1,0,1194,164,1030,6,1,5
3522.0,0,0,1,4,0,0,0,1,0,1194,164,1030,6,1,5
3523.0,0,0,1,3,0,0,0,1,1,1194,164,1030,6,1,5
3524.0,0,0,1,2,0,0,0,1,1,1195,164,1031,5,1,4
3525.0,0,0,1,2,0,0,0,1,0,1196,164,1032,4,1,3
3526.0,0,0,1,2,0,0,0,1,0,1196,164,1032,4,1,3
3527.0,0,0,1,2,0,0,0,1,0,1196,164,1032,4,1,3
3528.0,0,0,1,1,0,0,0,1,1,1196,164,1032,4,1,3
3529.0,0,0,1,1,0,0,0,1,1,1196,164,1032,4,1,3
3530.0,0,0,1,0,0,0,0,1,1,1197,164,1033,3,1,2
3531.0,0,0,0,0,0,1,0,1,1,1197,164,1033,3,1,2
3532.0,0,0,0,0,0,0,0,1,1,1198,164,1034,2,1,1
3533.0,0,0,0,0,0,0,0,0,1,1199,164,1035,1,1,0
3533.8333333333335,0,0,0,0,0,0,0,0,0,1200,165,1035,0,0,0
