time_min,pick_queue_urgent,pick_queue_normal,pack_queue_urgent,pack_queue_normal,dispatch_queue_urgent,dispatch_queue_normal,picking_busy,packing_busy,dispatch_busy,completed_total,completed_urgent,completed_normal,in_system_total,in_system_urgent,in_system_normal
0.0,0,0,0,0,0,0,0,0,0,0,0,0,0,0,0
1.0,0,0,0,0,0,0,2,0,0,0,0,0,2,0,2
2.0,0,3,0,0,0,0,2,0,0,0,0,0,5,0,5
3.0,0,3,0,0,0,0,2,0,0,0,0,0,5,0,5
4.0,1,3,0,0,0,0,2,0,0,0,0,0,6,1,5
5.0,0,4,0,0,0,0,2,1,0,0,0,0,7,1,6
6.0,0,5,0,0,0,0,2,1,0,0,0,0,8,1,7
7.0,0,5,0,1,0,0,2,1,0,0,0,0,9,1,8
8.0,1,5,0,0,0,0,2,1,1,0,0,0,10,2,8
9.0,1,5,0,0,0,0,2,1,1,0,0,0,10,2,8
10.0,1,5,0,0,0,0,2,1,0,1,0,1,9,2,7
11.0,1,5,0,0,0,0,2,1,0,1,0,1,9,2,7
12.0,0,5,0,0,0,0,2,1,1,1,0,1,9,2,7
13.0,0,5,0,0,0,0,2,1,1,1,0,1,9,2,7
14.0,0,7,0,0,0,0,2,1,0,2,0,2,10,2,8
15.0,0,7,1,1,0,0,2,1,0,2,0,2,12,2,10
16.0,0,7,0,1,0,0,2,1,1,2,0,2,12,2,10
17.0,1,6,0,1,1,0,2,1,1,2,0,2,13,3,10
18.0,0,6,0,2,0,0,2,1,1,3,1,2,12,2,10
19.0,0,6,0,2,0,0,2,1,0,4,2,2,11,1,10
20.0,0,7,0,2,0,0,2,1,0,4,2,2,12,1,11
21.0,0,8,0,1,0,0,2,1,1,4,2,2,13,1,12
22.0,0,7,1,1,0,0,2,1,0,5,2,3,12,1,11
23.0,0,9,0,1,0,0,2,1,1,5,2,3,14,1,13
24.0,0,8,0,2,0,0,2,1,0,6,2,4,13,1,12
25.0,0,8,0,3,0,0,2,1,0,6,2,4,14,1,13
26.0,0,8,0,2,0,0,2,1,1,6,2,4,14,1,13
27.0,0,10,0,2,0,0,2,1,0,7,3,4,15,0,15
28.0,0,10,0,2,0,1,2,0,0,7,3,4,15,0,15
29.0,0,10,0,1,0,0,2,1,1,7,3,4,15,0,15
30.0,0,10,0,2,0,0,2,1,0,8,3,5,15,1,14
31.0,0,10,0,2,0,0,2,1,1,8,3,5,16,1,15
32.0,0,10,0,2,0,0,2,1,0,9,3,6,15,1,14
33.0,0,11,0,2,0,0,2,1,0,9,3,6,16,1,15
34.0,0,11,1,2,0,0,2,1,0,9,3,6,17,1,16
35.0,0,10,0,3,0,0,2,1,1,9,3,6,17,1,16
36.0,0,9,0,4,0,0,2,1,0,10,3,7,16,1,15
37.0,0,9,0,3,0,0,2,1,1,10,3,7,16,1,15
38.0,0,9,0,3,0,0,2,1,0,11,4,7,15,0,15
39.0,0,11,0,2,0,0,2,1,1,11,4,7,17,0,17
40.0,0,12,0,2,0,0,2,1,1,11,4,7,18,0,18
41.0,0,12,0,2,0,0,2,1,1,12,4,8,18,1,17
42.0,1,12,0,2,0,0,2,1,1,12,4,8,19,2,17
43.0,1,12,0,2,0,0,2,1,0,13,4,9,18,2,16
44.0,1,12,0,1,0,0,2,1,1,13,4,9,18,2,16
45.0,1,13,0,1,0,0,2,1,0,14,4,10,18,2,16
46.0,1,14,0,0,0,0,2,1,1,14,4,10,19,2,17
47.0,1,16,0,0,0,0,2,1,0,15,4,11,20,2,18
48.0,1,16,0,0,0,0,2,1,0,15,4,11,20,2,18
49.0,0,17,1,0,0,0,2,1,0,15,4,11,21,2,19
50.0,0,18,0,0,0,0,2,1,1,15,4,11,22,2,20
51.0,0,18,1,0,0,0,2,1,1,15,4,11,23,2,21
52.0,0,20,1,0,0,0,2,1,0,16,4,12,24,2,22
53.0,0,20,0,0,0,0,2,1,1,16,4,12,24,2,22
54.0,0,20,0,0,1,0,2,0,1,16,4,12,24,2,22
55.0,1,19,0,0,0,0,2,1,0,18,6,12,23,1,22
56.0,0,20,0,1,0,0,2,1,0,18,6,12,24,1,23
57.0,0,21,0,1,0,0,2,1,0,18,6,12,25,1,24
58.0,0,22,0,1,0,0,2,1,0,18,6,12,26,1,25
59.0,1,22,0,1,0,0,2,1,0,18,6,12,27,2,25
60.0,1,23,0,0,0,0,2,1,1,18,6,12,28,2,26
61.0,0,24,1,0,0,0,2,1,1,18,6,12,29,2,27
62.0,0,24,1,0,0,0,2,1,1,18,6,12,29,2,27
63.0,0,23,0,1,0,0,2,1,1,19,6,13,28,2,26
64.0,0,24,0,1,0,0,2,1,0,20,6,14,28,2,26
65.0,0,26,0,1,0,0,2,1,0,20,6,14,30,2,28
66.0,0,25,1,1,0,0,2,1,1,20,6,14,31,3,28
67.0,0,26,1,1,0,0,2,1,0,21,7,14,31,2,29
68.0,0,28,1,1,0,0,2,1,0,21,7,14,33,2,31
69.0,1,28,1,1,0,0,2,1,0,21,7,14,34,3,31
70.0,1,28,1,1,0,0,2,1,0,21,7,14,34,3,31
71.0,1,28,1,1,0,0,2,1,0,21,7,14,34,3,31
72.0,0,31,1,1,0,0,2,1,1,21,7,14,37,3,34
73.0,0,31,1,1,0,0,2,1,1,21,7,14,37,3,34
74.0,0,32,0,1,0,0,2,1,1,22,7,15,37,3,34
75.0,0,32,0,2,0,0,2,1,1,22,7,15,38,4,34
76.0,0,32,0,2,0,0,2,1,0,23,8,15,37,3,34
77.0,0,33,1,2,0,0,2,1,0,23,8,15,39,3,36
78.0,0,34,1,2,0,0,2,1,0,23,8,15,40,3,37
79.0,0,35,1,2,0,0,2,1,0,23,8,15,41,3,38
80.0,0,37,1,2,0,0,2,1,1,23,8,15,44,3,41
81.0,0,40,1,3,0,0,2,1,1,23,8,15,48,3,45
82.0,0,40,0,3,0,0,2,1,1,24,9,15,47,2,45
83.0,0,40,0,4,0,0,2,1,0,25,10,15,47,1,46
84.0,0,42,0,3,0,0,2,1,1,25,10,15,49,1,48
85.0,0,43,0,3,0,0,2,1,0,26,11,15,49,0,49
86.0,0,44,0,4,0,0,2,1,0,26,11,15,51,0,51
87.0,0,45,0,3,0,0,2,1,1,26,11,15,52,0,52
88.0,1,45,0,3,0,0,2,1,0,27,11,16,52,1,51
89.0,1,46,0,3,0,0,2,1,0,27,11,16,53,1,52
90.0,1,47,0,3,0,0,2,1,0,27,11,16,54,1,53
91.0,0,47,0,4,0,0,2,1,1,27,11,16,55,1,54
92.0,0,50,0,4,0,0,2,1,1,27,11,16,58,1,57
93.0,0,52,0,4,0,0,2,1,1,27,11,16,60,1,59
94.0,0,54,0,3,0,0,2,1,1,28,11,17,61,1,60
95.0,0,53,0,4,0,0,2,1,0,29,11,18,60,1,59
96.0,0,54,0,3,0,0,2,1,1,29,11,18,61,1,60
97.0,0,54,0,3,0,0,2,1,0,30,11,19,60,1,59
98.0,0,56,0,2,0,0,2,1,1,30,11,19,62,1,61
99.0,0,56,0,2,0,0,2,1,1,30,11,19,62,1,61
100.0,0,56,0,2,0,0,2,1,0,31,11,20,61,1,60
101.0,0,58,0,1,0,0,2,1,1,31,11,20,63,1,62
102.0,0,58,0,1,0,0,2,1,0,32,11,21,62,1,61
103.0,0,59,0,1,0,0,2,1,0,32,11,21,63,1,62
104.0,0,61,0,0,0,0,2,1,1,32,11,21,65,1,64
105.0,0,62,0,0,0,0,2,1,1,32,11,21,66,1,65
106.0,0,62,1,0,0,0,2,1,0,33,11,22,66,1,65
107.0,0,63,0,0,0,0,2,1,1,33,11,22,67,1,66
108.0,0,64,0,0,0,0,2,1,0,34,11,23,67,1,66
109.0,0,64,0,0,0,0,2,1,0,34,11,23,67,1,66
110.0,0,64,0,0,0,0,2,1,0,34,11,23,67,1,66
111.0,0,62,0,2,0,0,2,1,0,34,11,23,67,1,66
112.0,0,63,0,2,0,0,2,1,0,34,11,23,68,1,67
113.0,0,65,0,2,0,0,2,1,0,34,11,23,70,1,69
114.0,1,67,0,1,0,0,2,1,1,34,11,23,73,2,71
115.0,1,68,0,1,0,0,2,1,1,34,11,23,74,2,72
116.0,1,68,0,1,0,0,2,1,0,35,12,23,73,1,72
117.0,0,69,0,3,0,0,2,1,0,35,12,23,75,1,74
118.0,0,71,0,3,0,0,2,1,0,35,12,23,77,1,76
119.0,0,73,0,3,0,0,2,1,0,35,12,23,79,1,78
120.0,0,73,0,4,0,0,2,1,0,35,12,23,80,1,79
121.0,0,77,1,4,0,0,2,1,0,35,12,23,85,2,83
122.0,1,78,0,4,0,0,2,1,1,35,12,23,87,3,84
123.0,0,81,1,4,0,0,2,1,1,35,12,23,90,3,87
124.0,0,81,0,4,0,0,2,1,1,36,12,24,89,3,86
125.0,0,83,0,5,0,0,2,1,0,37,13,24,91,2,89
126.0,0,84,0,5,0,0,2,1,1,37,13,24,93,2,91
127.0,1,85,0,5,0,0,2,1,0,38,14,24,94,2,92
128.0,1,86,0,5,0,0,2,1,0,38,14,24,95,2,93
129.0,1,88,0,6,0,0,2,1,1,38,14,24,99,3,96
130.0,1,89,0,6,0,0,2,1,0,39,15,24,99,2,97
131.0,1,89,0,6,0,0,2,1,0,39,15,24,99,2,97
132.0,0,91,1,6,0,0,2,1,0,39,15,24,101,2,99
133.0,0,94,0,7,0,0,2,1,1,39,15,24,105,2,103
134.0,0,98,0,6,1,0,2,1,1,39,15,24,109,2,107
135.0,1,98,0,6,0,0,2,1,1,40,15,25,109,3,106
136.0,1,100,1,6,0,0,2,1,0,41,16,25,111,3,108
137.0,2,101,1,6,0,0,2,1,0,41,16,25,113,4,109
138.0,3,101,1,6,0,0,2,1,0,41,16,25,114,5,109
139.0,3,102,0,6,0,0,2,1,1,41,16,25,115,5,110
140.0,3,105,0,7,0,0,2,1,1,41,16,25,119,6,113
141.0,3,106,0,7,0,0,2,1,0,42,16,26,119,6,113
142.0,3,107,0,6,0,0,2,1,1,42,16,26,120,6,114
143.0,3,107,0,6,0,0,2,1,0,43,17,26,119,5,114
144.0,3,111,0,5,0,0,2,1,1,43,17,26,123,5,118
145.0,3,112,1,5,0,0,2,1,0,44,17,27,124,6,118
146.0,3,113,0,5,0,0,2,1,1,44,17,27,125,6,119
147.0,3,114,0,5,0,0,2,1,1,44,17,27,126,6,120
148.0,4,115,0,5,0,0,2,1,0,45,17,28,127,7,120
149.0,4,120,0,5,0,0,2,1,1,45,17,28,133,8,125
150.0,4,122,0,5,0,0,2,1,0,46,18,28,134,7,127
151.0,4,123,1,5,0,0,2,1,0,46,18,28,136,8,128
152.0,4,124,1,5,0,0,2,1,0,46,18,28,137,8,129
153.0,3,124,1,5,0,0,2,1,1,46,18,28,137,8,129
154.0,3,127,1,5,0,0,2,1,1,46,18,28,140,8,132
155.0,3,128,1,5,0,0,2,1,0,47,19,28,140,7,133
156.0,3,130,0,5,0,0,2,1,1,47,19,28,142,7,135
157.0,5,130,0,5,0,0,2,1,0,48,20,28,143,8,135
158.0,6,131,0,4,0,0,2,1,1,48,20,28,145,9,136
159.0,6,131,0,4,0,0,2,1,0,49,21,28,144,8,136
160.0,6,132,0,4,0,0,2,1,0,49,21,28,145,8,137
161.0,5,134,1,3,0,0,2,1,1,49,21,28,147,8,139
162.0,4,134,2,3,0,0,2,1,0,50,21,29,146,8,138
163.0,4,136,1,3,0,0,2,1,1,50,21,29,148,8,140
164.0,5,137,1,3,0,0,2,1,0,51,21,30,149,9,140
165.0,5,137,1,3,1,0,2,0,0,51,21,30,149,9,140
166.0,4,138,1,3,0,0,2,1,1,51,21,30,150,9,141
167.0,4,140,1,3,0,0,2,1,0,52,22,30,151,8,143
168.0,4,140,1,3,0,0,2,1,0,52,22,30,151,8,143
169.0,4,141,0,3,0,0,2,1,1,52,22,30,152,8,144
170.0,3,142,1,3,0,0,2,1,1,52,22,30,153,8,145
171.0,3,144,1,3,0,0,2,1,0,53,23,30,154,7,147
172.0,5,146,1,3,0,0,2,1,1,53,23,30,159,10,149
173.0,5,147,1,3,0,0,2,1,0,54,24,30,159,9,150
174.0,4,149,1,3,0,0,2,1,1,54,24,30,161,9,152
175.0,5,152,1,3,0,0,2,1,0,55,25,30,164,9,155
176.0,4,153,2,3,0,0,2,1,0,55,25,30,165,9,156
177.0,4,153,2,3,0,0,2,1,0,55,25,30,165,9,156
178.0,3,153,2,3,0,0,2,1,1,55,25,30,165,9,156
179.0,4,154,2,3,0,0,2,1,1,55,25,30,167,10,157
180.0,5,155,2,3,0,0,2,1,1,55,25,30,169,11,158
181.0,6,156,1,3,0,0,2,1,1,56,26,30,170,11,159
182.0,6,159,1,3,0,0,2,1,0,57,27,30,172,10,162
183.0,4,160,2,3,0,0,2,1,1,57,27,30,173,10,163
184.0,4,161,2,3,0,0,2,1,0,58,28,30,173,9,164
185.0,4,162,1,3,0,0,2,1,1,58,28,30,174,9,165
186.0,4,164,1,3,0,0,2,1,0,59,29,30,175,8,167
187.0,4,165,0,3,0,0,2,1,1,59,29,30,176,8,168
188.0,3,166,1,3,0,0,2,1,0,60,30,30,176,7,169
189.0,3,168,1,3,0,0,2,1,0,60,30,30,178,7,171
190.0,3,170,1,3,0,0,2,1,0,60,30,30,180,7,173
191.0,3,172,1,3,0,0,2,1,0,60,30,30,182,7,175
192.0,3,172,1,3,0,0,2,1,1,60,30,30,183,8,175
193.0,3,174,1,3,0,0,2,1,1,60,30,30,185,8,177
194.0,3,175,1,3,0,0,2,1,1,60,30,30,186,8,178
195.0,3,175,1,3,0,0,2,1,0,61,31,30,185,7,178
196.0,2,176,1,3,0,0,2,1,1,61,31,30,186,7,179
197.0,2,176,1,3,0,0,2,1,0,62,32,30,185,6,179
198.0,2,177,0,3,0,0,2,1,1,62,32,30,186,6,180
199.0,1,177,1,3,0,0,2,1,0,63,33,30,185,5,180
200.0,1,179,1,3,0,0,2,1,0,63,33,30,187,5,182
201.0,0,185,2,3,0,0,2,1,0,63,33,30,193,5,188
202.0,1,187,1,3,0,0,2,1,1,63,33,30,196,6,190
203.0,1,190,1,3,0,0,2,1,1,63,33,30,199,6,193
204.0,1,193,2,3,0,0,2,1,0,64,34,30,202,6,196
205.0,0,194,2,3,0,0,2,1,1,64,34,30,203,6,197
206.0,0,197,2,3,0,0,2,1,1,64,34,30,206,6,200
207.0,0,197,2,3,0,0,2,1,0,65,35,30,205,5,200
208.0,0,197,3,3,0,0,2,1,0,65,35,30,206,5,201
209.0,1,199,3,3,0,0,2,1,0,65,35,30,209,6,203
210.0,1,200,3,3,0,0,2,1,1,65,35,30,211,7,204
211.0,2,200,3,3,0,0,2,1,1,65,35,30,212,8,204
212.0,1,202,2,4,0,0,2,1,1,66,36,30,213,7,206
213.0,1,202,2,4,0,0,2,1,0,67,37,30,212,6,206
214.0,1,204,1,4,0,0,2,1,1,67,37,30,214,6,208
215.0,1,206,1,4,0,0,2,1,0,68,38,30,215,5,210
216.0,0,206,2,4,0,0,2,1,0,68,38,30,215,5,210
217.0,1,209,1,4,0,0,2,1,1,68,38,30,219,6,213
218.0,1,211,1,4,0,0,2,1,1,68,38,30,221,6,215
219.0,0,210,3,4,0,0,2,1,0,69,39,30,220,5,215
220.0,2,212,3,4,0,0,2,1,0,69,39,30,224,7,217
221.0,2,213,2,4,0,0,2,1,1,69,39,30,225,7,218
222.0,1,214,3,4,0,0,2,1,1,69,39,30,226,7,219
223.0,1,215,2,4,0,0,2,1,1,70,40,30,226,6,220
224.0,1,217,2,4,0,0,2,1,1,70,40,30,228,6,222
225.0,1,219,2,4,0,0,2,1,0,71,41,30,229,5,224
226.0,2,220,1,4,0,0,2,1,1,71,41,30,231,6,225
227.0,2,223,2,4,0,0,2,1,0,72,42,30,234,6,228
228.0,2,224,1,4,0,0,2,1,1,72,42,30,235,6,229
229.0,1,224,1,5,0,0,2,1,0,73,43,30,234,5,229
230.0,1,224,0,5,0,0,2,1,1,73,43,30,234,5,229
231.0,1,225,0,5,0,0,2,1,0,74,44,30,234,4,230
232.0,1,227,1,4,0,0,2,1,1,74,44,30,237,5,232
233.0,3,228,0,4,0,0,2,1,1,75,45,30,239,6,233
234.0,3,229,0,4,0,0,2,1,1,75,45,30,240,6,234
235.0,3,230,1,4,0,0,2,1,0,76,45,31,241,7,234
236.0,3,230,2,4,0,0,2,1,0,76,45,31,242,8,234
237.0,4,233,1,4,0,0,2,1,1,76,45,31,246,9,237
238.0,4,234,1,4,0,0,2,1,0,77,46,31,246,8,238
239.0,4,236,0,4,0,0,2,1,1,77,46,31,248,8,240
240.0,4,238,0,4,0,0,2,1,0,78,47,31,249,7,242
241.0,3,239,1,4,0,0,2,1,0,78,47,31,250,7,243
242.0,2,240,1,4,0,0,2,1,1,78,47,31,251,7,244
243.0,3,240,1,4,0,0,2,1,0,79,48,31,251,7,244
244.0,2,241,2,4,0,0,2,1,0,79,48,31,252,7,245
245.0,2,242,1,4,0,0,2,1,1,79,48,31,253,7,246
246.0,1,243,2,4,0,0,2,1,1,79,48,31,254,7,247
247.0,1,244,2,4,0,0,2,1,0,80,49,31,254,6,248
248.0,1,246,2,4,0,0,2,1,0,80,49,31,256,6,250
249.0,2,250,2,4,0,0,2,1,0,80,49,31,261,7,254
250.0,1,251,3,4,0,0,2,1,0,80,49,31,262,7,255
251.0,1,252,2,4,0,0,2,1,1,80,49,31,263,7,256
252.0,1,254,2,4,0,0,2,1,1,80,49,31,265,7,258
253.0,1,254,2,4,0,0,2,1,0,81,50,31,264,6,258
254.0,0,255,2,4,0,0,2,1,1,81,50,31,265,6,259
255.0,0,258,2,4,0,0,2,1,0,82,51,31,267,5,262
256.0,0,259,1,4,0,0,2,1,1,82,51,31,268,5,263
257.0,0,258,2,4,0,0,2,1,1,82,51,31,268,5,263
258.0,1,257,2,4,0,0,2,1,1,83,52,31,268,5,263
259.0,0,258,2,5,0,0,2,1,0,84,53,31,268,4,264
260.0,0,260,2,5,0,0,2,1,0,84,53,31,270,4,266
261.0,1,261,2,5,0,0,2,1,0,84,53,31,272,5,267
262.0,0,262,1,6,0,0,2,1,1,84,53,31,273,5,268
263.0,1,263,1,6,0,0,2,1,1,84,53,31,275,6,269
264.0,1,264,1,6,0,0,2,1,0,85,54,31,275,5,270
265.0,1,265,1,6,0,0,2,1,0,85,54,31,276,5,271
266.0,1,265,0,6,0,0,2,1,1,85,54,31,276,5,271
267.0,0,267,1,6,0,0,2,1,1,85,54,31,278,5,273
268.0,1,267,0,6,0,0,2,1,1,86,55,31,278,5,273
269.0,1,268,0,6,0,0,2,1,1,86,55,31,279,5,274
270.0,1,269,0,6,0,0,2,1,0,87,56,31,279,4,275
271.0,1,269,0,6,0,0,2,1,0,87,56,31,279,4,275
272.0,3,272,0,5,0,0,2,1,1,87,56,31,284,6,278
273.0,3,272,0,5,0,0,2,1,0,88,57,31,283,5,278
274.0,1,274,1,5,0,0,2,1,1,88,57,31,285,5,280
275.0,1,274,1,5,0,0,2,1,0,89,57,32,284,5,279
276.0,1,274,1,5,0,0,2,1,0,89,57,32,284,5,279
277.0,0,274,3,5,0,0,2,1,0,89,57,32,285,5,280
278.0,0,274,3,5,0,0,2,1,0,89,57,32,285,5,280
279.0,0,274,3,5,0,0,2,1,1,89,57,32,286,5,281
280.0,0,273,3,6,0,0,2,1,1,89,57,32,286,5,281
281.0,0,273,3,6,0,0,2,1,0,90,58,32,285,4,281
282.0,1,273,3,6,0,0,2,1,0,90,58,32,286,5,281
283.0,0,273,2,7,0,0,2,1,1,90,58,32,286,5,281
284.0,0,273,2,8,0,0,2,1,1,90,58,32,287,5,282
285.0,0,273,2,8,0,0,2,1,1,91,59,32,287,5,282
286.0,0,273,2,8,0,0,2,1,0,92,60,32,286,4,282
287.0,0,274,1,8,0,0,2,1,1,92,60,32,287,4,283
288.0,0,273,1,9,0,0,2,1,0,93,61,32,286,3,283
289.0,0,273,2,9,0,0,2,1,0,93,61,32,287,3,284
290.0,1,273,1,9,0,0,2,1,1,93,61,32,288,4,284
291.0,1,273,1,9,0,0,2,1,0,94,62,32,287,3,284
292.0,0,273,0,11,0,0,2,1,1,94,62,32,288,3,285
293.0,1,276,0,11,0,0,2,1,1,94,62,32,292,4,288
294.0,1,276,0,10,0,0,2,1,1,95,63,32,291,3,288
295.0,1,277,0,10,0,0,2,1,0,96,64,32,291,2,289
296.0,0,279,0,11,0,0,2,1,0,96,64,32,293,2,291
297.0,0,280,1,11,0,0,2,1,0,96,64,32,295,2,293
298.0,0,281,1,11,0,0,2,1,0,96,64,32,296,2,294
299.0,0,281,0,11,0,0,2,1,1,96,64,32,296,2,294
300.0,0,280,1,11,0,0,2,1,1,96,64,32,296,2,294
301.0,0,280,1,11,0,0,2,1,0,97,64,33,295,2,293
302.0,0,281,0,11,0,0,2,1,1,97,64,33,296,2,294
303.0,0,281,0,11,0,0,2,1,0,98,65,33,295,1,294
304.0,0,281,0,10,0,0,2,1,1,98,65,33,295,1,294
305.0,0,282,0,10,0,0,2,1,0,99,66,33,295,0,295
306.0,0,282,0,10,0,0,2,1,1,99,66,33,296,1,295
307.0,0,282,0,10,0,0,2,1,0,100,66,34,295,1,294
308.0,0,283,0,10,0,0,2,1,0,100,66,34,296,1,295
309.0,0,283,0,10,0,0,2,1,0,100,66,34,296,1,295
310.0,0,282,0,11,0,0,2,1,0,100,66,34,296,1,295
311.0,0,284,0,10,0,0,2,1,1,100,66,34,298,1,297
312.0,0,284,0,10,0,0,2,1,1,100,66,34,298,1,297
313.0,0,283,0,11,0,0,2,1,0,101,66,35,297,1,296
314.0,0,283,0,10,0,0,2,1,1,101,66,35,297,1,296
315.0,0,283,0,10,0,0,2,1,0,102,66,36,296,1,295
316.0,0,284,0,9,0,0,2,1,1,102,66,36,297,1,296
317.0,0,284,0,9,0,0,2,1,0,103,66,37,296,1,295
318.0,0,283,0,10,0,0,2,1,1,103,66,37,297,1,296
319.0,0,285,0,10,0,0,2,1,0,104,66,38,298,1,297
320.0,0,285,0,10,0,0,2,1,0,104,66,38,298,1,297
321.0,0,286,0,10,0,0,2,1,0,104,66,38,299,1,298
322.0,0,287,0,10,0,0,2,1,1,104,66,38,301,1,300
323.0,0,288,0,10,0,0,2,1,1,104,66,38,302,1,301
324.0,0,288,0,10,0,0,2,1,1,104,66,38,302,1,301
325.0,1,288,0,9,0,0,2,1,1,105,67,38,302,1,301
326.0,1,289,0,9,0,0,2,1,0,106,67,39,302,1,301
327.0,1,290,0,8,0,0,2,1,1,106,67,39,303,1,302
328.0,1,291,0,9,0,0,2,1,0,107,67,40,304,2,302
329.0,1,291,0,9,0,0,2,1,0,107,67,40,304,2,302
330.0,1,291,0,8,0,0,2,1,1,107,67,40,304,2,302
331.0,2,291,0,8,0,0,2,1,1,107,67,40,305,3,302
332.0,1,292,1,7,0,0,2,1,1,108,67,41,305,3,302
333.0,1,292,1,7,0,0,2,1,0,109,67,42,304,3,301
334.0,0,294,1,8,0,0,2,1,0,109,67,42,306,3,303
335.0,0,296,0,8,0,0,2,1,1,109,67,42,308,3,305
336.0,0,295,1,8,0,0,2,1,1,109,67,42,308,3,305
337.0,0,296,0,8,0,0,2,1,1,110,67,43,308,3,305
338.0,0,295,1,8,0,0,2,1,0,111,68,43,307,2,305
339.0,0,296,1,8,0,0,2,1,0,111,68,43,308,2,306
340.0,0,299,0,8,0,0,2,1,1,111,68,43,311,2,309
341.0,0,299,0,8,0,0,2,1,0,112,69,43,310,1,309
342.0,0,300,0,7,0,0,2,1,1,112,69,43,311,1,310
343.0,0,299,0,8,0,0,2,1,1,112,69,43,311,1,310
344.0,0,302,0,8,0,0,2,1,0,113,70,43,313,0,313
345.0,1,304,0,8,0,0,2,1,0,113,70,43,316,1,315
346.0,1,304,0,7,0,0,2,1,1,113,70,43,316,1,315
347.0,1,304,0,7,0,0,2,1,0,114,70,44,315,1,314
348.0,0,304,0,9,0,0,1,1,0,114,70,44,315,1,314
349.0,0,303,0,9,0,0,2,1,0,114,70,44,315,1,314
350.0,0,303,0,9,0,0,2,1,0,114,70,44,315,1,314
351.0,1,303,0,8,0,0,2,1,1,114,70,44,316,2,314
352.0,1,303,0,8,0,0,2,1,1,114,70,44,316,2,314
353.0,0,304,1,8,0,0,2,1,0,115,70,45,316,2,314
354.0,0,305,1,8,0,0,2,1,0,115,70,45,317,2,315
355.0,0,305,1,8,0,0,2,1,0,115,70,45,317,2,315
356.0,0,303,1,9,0,0,2,1,1,115,70,45,317,2,315
357.0,0,304,1,9,0,0,2,1,1,115,70,45,318,2,316
358.0,0,305,1,9,0,0,2,1,1,115,70,45,319,2,317
359.0,0,306,0,9,0,0,2,1,1,116,70,46,319,2,317
360.0,0,307,0,10,0,0,2,1,0,117,71,46,320,1,319
361.0,0,307,0,9,0,0,2,1,1,117,71,46,320,1,319
362.0,0,308,0,9,0,0,2,1,0,118,72,46,320,0,320
363.0,0,308,0,9,0,0,2,1,1,118,72,46,321,0,321
364.0,0,308,0,9,0,0,2,1,0,119,72,47,320,0,320
365.0,0,308,0,9,0,0,2,1,0,119,72,47,320,0,320
366.0,0,308,0,8,0,0,2,1,1,119,72,47,320,0,320
367.0,0,308,0,8,0,0,2,1,0,120,72,48,319,0,319
368.0,0,306,0,10,0,0,2,1,0,120,72,48,319,0,319
369.0,0,306,0,9,0,0,2,1,1,120,72,48,319,0,319
370.0,0,306,0,9,0,0,2,1,0,121,72,49,318,0,318
371.0,0,307,0,9,0,0,2,1,0,121,72,49,319,0,319
372.0,0,306,0,10,0,0,2,1,0,121,72,49,319,0,319
373.0,0,307,0,9,0,0,2,1,1,121,72,49,320,0,320
374.0,0,307,0,9,0,0,2,1,1,121,72,49,320,0,320
375.0,0,307,0,9,0,0,2,1,0,122,72,50,319,0,319
376.0,0,308,0,10,0,0,2,1,0,122,72,50,321,0,321
377.0,0,309,0,10,0,0,2,1,1,122,72,50,323,0,323
378.0,0,309,0,10,0,0,2,1,1,122,72,50,323,0,323
379.0,0,310,0,9,0,0,2,1,1,123,72,51,323,0,323
380.0,0,311,0,9,0,0,2,1,1,123,72,51,324,0,324
381.0,0,310,0,11,0,0,2,1,0,124,72,52,324,0,324
382.0,0,310,0,11,0,0,2,1,0,124,72,52,324,0,324
383.0,0,309,0,11,0,0,2,1,1,124,72,52,324,0,324
384.0,0,311,0,11,0,0,2,1,0,125,72,53,325,0,325
385.0,0,311,0,10,0,0,2,1,1,125,72,53,325,0,325
386.0,0,313,0,10,0,0,2,1,1,125,72,53,327,0,327
387.0,0,313,0,10,0,0,2,1,0,126,72,54,326,0,326
388.0,0,312,0,11,0,0,2,1,0,126,72,54,326,0,326
389.0,0,312,0,10,0,0,2,1,1,126,72,54,326,0,326
390.0,0,312,0,10,0,0,2,1,1,126,72,54,326,0,326
391.0,0,312,0,11,0,0,2,1,0,127,72,55,326,0,326
392.0,0,313,0,11,0,0,2,1,0,127,72,55,327,0,327
393.0,0,316,0,10,0,0,2,1,1,127,72,55,330,0,330
394.0,0,315,0,11,0,0,2,1,0,128,72,56,329,0,329
395.0,0,316,0,11,0,0,2,1,0,128,72,56,330,0,330
396.0,0,317,0,11,0,0,2,1,0,128,72,56,331,0,331
397.0,0,318,0,10,0,0,2,1,1,128,72,56,332,0,332
398.0,0,319,0,10,0,0,2,1,1,128,72,56,333,0,333
399.0,0,319,0,10,0,0,2,1,0,129,72,57,332,0,332
400.0,0,319,0,9,0,0,2,1,1,129,72,57,332,0,332
401.0,0,320,0,9,0,0,2,1,1,129,72,57,333,0,333
402.0,0,322,0,9,0,0,2,1,0,130,72,58,334,0,334
403.0,0,323,0,8,0,0,2,1,1,130,72,58,335,0,335
404.0,1,324,0,8,0,0,2,1,0,131,72,59,336,1,335
405.0,1,325,0,7,0,0,2,1,1,131,72,59,337,1,336
406.0,0,325,0,8,0,0,2,1,1,131,72,59,337,1,336
407.0,0,325,0,9,0,0,2,1,0,132,72,60,337,1,336
408.0,0,325,0,9,0,0,2,1,0,132,72,60,337,1,336
409.0,0,324,1,9,0,1,2,0,0,132,72,60,337,1,336
410.0,1,324,0,9,0,0,2,1,1,132,72,60,338,2,336
411.0,1,324,0,9,0,0,2,1,0,133,72,61,337,2,335
412.0,1,325,0,8,0,0,2,1,1,133,72,61,338,2,336
413.0,1,326,0,8,0,0,2,1,1,133,72,61,339,2,337
414.0,0,326,0,9,0,0,2,1,0,134,73,61,338,1,337
415.0,0,328,0,8,0,0,2,1,1,134,73,61,340,1,339
416.0,0,327,0,9,0,0,2,1,1,134,73,61,340,1,339
417.0,0,328,0,8,0,0,2,1,1,135,73,62,340,1,339
418.0,0,331,0,8,0,0,2,1,0,136,73,63,342,1,341
419.0,0,332,0,8,0,0,2,1,0,136,73,63,343,1,342
420.0,0,331,0,9,0,1,2,0,0,136,73,63,343,1,342
421.0,1,331,0,8,0,0,2,1,1,136,73,63,344,2,342
422.0,2,332,0,7,0,0,2,1,1,137,73,64,345,3,342
423.0,2,332,0,7,0,0,2,1,0,138,73,65,344,3,341
424.0,2,333,0,6,0,0,2,1,1,138,73,65,345,3,342
425.0,2,333,0,6,0,0,2,1,1,138,73,65,345,3,342
426.0,1,334,0,7,0,0,2,1,0,139,73,66,345,3,342
427.0,2,334,0,7,0,0,2,1,0,139,73,66,346,4,342
428.0,2,336,0,6,0,0,2,1,1,139,73,66,348,4,344
429.0,3,336,0,6,0,0,2,1,1,139,73,66,349,5,344
430.0,2,337,1,6,0,0,2,1,0,140,73,67,349,5,344
431.0,2,339,1,6,0,0,2,1,0,140,73,67,351,5,346
432.0,1,339,2,6,0,0,2,1,0,140,73,67,351,5,346
433.0,0,339,3,6,0,0,2,1,0,140,73,67,351,5,346
434.0,0,341,2,6,0,0,2,1,1,140,73,67,353,5,348
435.0,0,342,2,6,0,0,2,1,1,140,73,67,354,5,349
436.0,0,341,3,6,0,0,2,1,0,141,73,68,353,5,348
437.0,0,342,3,6,0,0,2,1,0,141,73,68,354,5,349
438.0,0,344,3,7,0,0,2,1,0,141,73,68,357,5,352
439.0,0,344,2,7,0,0,2,1,1,141,73,68,357,5,352
440.0,0,345,1,7,1,0,2,1,1,141,73,68,358,5,353
441.0,0,345,1,7,0,0,2,1,1,142,74,68,357,4,353
442.0,0,346,1,7,0,0,2,1,0,143,75,68,357,3,354
443.0,0,347,0,7,0,0,2,1,1,143,75,68,358,3,355
444.0,0,346,1,7,0,0,2,1,1,143,75,68,358,3,355
445.0,0,348,0,7,0,0,2,1,1,144,76,68,359,2,357
446.0,0,347,0,8,0,0,2,1,0,145,77,68,358,1,357
447.0,0,347,0,8,0,0,2,1,0,145,77,68,358,1,357
448.0,0,349,0,8,0,0,2,1,0,145,77,68,360,1,359
449.0,0,348,0,9,0,0,2,1,0,145,77,68,360,1,359
450.0,0,348,0,8,0,0,2,1,1,145,77,68,360,1,359
451.0,0,348,0,8,0,0,2,1,0,146,78,68,359,0,359
452.0,0,348,0,8,0,0,2,1,0,146,78,68,359,0,359
453.0,0,346,0,10,0,0,2,1,0,146,78,68,359,0,359
454.0,0,347,0,10,0,0,2,1,0,146,78,68,360,0,360
455.0,0,347,0,10,0,0,2,1,0,146,78,68,360,0,360
456.0,0,347,0,11,0,0,2,1,0,146,78,68,361,0,361
457.0,0,349,0,10,0,0,2,1,1,146,78,68,363,0,363
458.0,0,350,0,10,0,0,2,1,1,146,78,68,364,0,364
459.0,0,349,0,11,0,0,2,1,1,146,78,68,364,0,364
460.0,1,349,0,11,0,0,2,1,0,147,78,69,364,1,363
461.0,1,349,0,11,0,0,2,1,0,147,78,69,364,1,363
462.0,0,350,0,12,0,0,2,1,0,147,78,69,365,1,364
463.0,0,349,0,13,0,0,2,1,0,147,78,69,365,1,364
464.0,0,349,0,13,0,0,2,1,0,147,78,69,365,1,364
465.0,0,349,0,12,0,0,2,1,1,147,78,69,365,1,364
466.0,0,348,0,13,0,0,2,1,1,147,78,69,365,1,364
467.0,0,349,0,13,0,0,2,1,1,147,78,69,366,1,365
468.0,1,351,0,13,0,0,2,1,0,148,78,70,368,2,366
469.0,1,351,0,13,0,0,2,1,0,148,78,70,368,2,366
470.0,0,352,0,13,0,0,2,1,1,148,78,70,369,2,367
471.0,0,352,0,13,0,0,2,1,0,149,78,71,368,2,366
472.0,1,353,0,13,0,0,2,1,0,149,78,71,370,3,367
473.0,0,353,1,13,0,0,2,1,0,149,78,71,370,3,367
474.0,0,353,0,13,0,0,2,1,1,149,78,71,370,3,367
475.0,0,353,1,13,0,0,2,1,1,149,78,71,371,3,368
476.0,0,355,1,13,0,0,2,1,0,150,78,72,372,3,369
477.0,0,355,1,13,0,0,2,1,0,150,78,72,372,3,369
478.0,0,356,0,13,0,0,2,1,1,150,78,72,373,3,370
479.0,0,356,1,13,0,0,2,1,1,150,78,72,374,3,371
480.0,0,357,0,13,0,0,2,1,1,151,79,72,374,2,372
481.0,0,356,0,14,0,0,2,1,0,152,80,72,373,1,372
482.0,0,357,0,15,0,0,2,1,0,152,80,72,375,1,374
483.0,0,359,0,14,0,0,2,1,1,152,80,72,377,1,376
484.0,0,359,0,15,0,0,2,1,1,152,80,72,378,1,377
485.0,0,361,0,14,0,0,2,1,1,153,81,72,379,0,379
486.0,0,364,0,15,0,0,2,1,0,154,81,73,382,0,382
487.0,0,364,0,15,0,0,2,1,0,154,81,73,382,0,382
488.0,0,366,0,15,0,0,2,1,0,154,81,73,384,0,384
489.0,0,366,0,15,0,0,2,1,1,154,81,73,385,0,385
490.0,0,367,0,15,0,0,2,1,1,154,81,73,386,0,386
491.0,1,368,0,15,0,0,2,1,0,155,81,74,387,1,386
492.0,0,369,0,15,0,0,2,1,1,155,81,74,388,1,387
493.0,0,371,0,15,0,0,2,1,0,156,81,75,389,1,388
494.0,1,372,0,15,0,0,2,1,1,156,81,75,392,2,390
495.0,0,373,1,15,0,0,2,1,1,156,81,75,393,2,391
496.0,0,374,1,15,0,0,2,1,0,157,81,76,393,2,391
497.0,1,375,0,15,0,0,2,1,1,157,81,76,395,3,392
498.0,0,376,1,16,0,0,2,1,1,157,81,76,397,3,394
499.0,0,378,1,16,0,0,2,1,0,158,81,77,398,3,395
500.0,0,380,0,17,0,0,2,1,1,158,81,77,401,3,398
501.0,0,382,0,17,0,0,2,1,0,159,82,77,402,2,400
502.0,0,382,1,16,0,0,2,1,1,159,82,77,403,2,401
503.0,0,383,1,16,0,0,2,1,0,160,83,77,403,1,402
504.0,0,385,0,16,0,0,2,1,1,160,83,77,405,1,404
505.0,0,385,0,17,0,0,2,1,0,161,83,78,405,1,404
506.0,0,386,0,17,0,0,2,1,0,161,83,78,406,1,405
507.0,0,387,0,16,0,0,2,1,1,161,83,78,407,1,406
508.0,2,386,0,17,0,0,2,1,0,162,84,78,408,2,406
509.0,2,386,0,17,0,0,2,1,0,162,84,78,408,2,406
510.0,2,388,0,17,0,0,2,1,0,162,84,78,410,2,408
511.0,2,389,0,16,0,0,2,1,1,162,84,78,411,2,409
512.0,1,390,0,17,0,0,2,1,1,162,84,78,412,2,410
513.0,0,393,0,18,0,0,2,1,0,163,84,79,414,2,412
514.0,0,394,0,17,0,0,2,1,0,164,84,80,414,2,412
515.0,1,395,0,16,0,0,2,1,1,164,84,80,416,3,413
516.0,0,395,1,16,0,0,2,1,0,165,84,81,415,3,412
517.0,0,396,0,16,0,0,2,1,1,165,84,81,416,3,413
518.0,0,395,0,16,0,0,2,1,1,166,84,82,415,3,412
519.0,0,396,0,16,0,0,2,1,1,166,84,82,416,3,413
520.0,0,398,0,16,0,0,2,1,0,167,85,82,417,2,415
521.0,0,398,0,15,0,0,2,1,1,167,85,82,417,2,415
522.0,0,398,0,15,0,0,2,1,1,167,85,82,417,2,415
523.0,0,399,0,16,0,0,2,1,0,168,86,82,418,1,417
524.0,0,400,0,15,0,0,2,1,1,168,86,82,419,1,418
525.0,1,402,1,15,0,0,2,1,0,169,86,83,422,3,419
526.0,0,404,0,16,0,0,2,1,1,169,86,83,424,3,421
527.0,0,406,0,16,0,0,2,1,0,170,86,84,425,3,422
528.0,1,405,1,16,0,0,2,1,0,170,86,84,426,4,422
529.0,1,408,2,16,0,0,2,1,0,170,86,84,430,5,425
530.0,2,408,1,16,0,0,2,1,1,170,86,84,431,6,425
531.0,1,408,0,17,1,0,2,1,1,170,86,84,431,6,425
532.0,0,410,1,17,0,0,2,1,1,171,87,84,432,5,427
533.0,0,412,1,17,0,0,2,1,0,172,88,84,433,4,429
534.0,0,412,1,17,0,0,1,1,1,172,88,84,433,4,429
535.0,0,413,1,17,0,0,2,1,0,173,89,84,434,3,431
536.0,1,413,0,17,0,0,2,1,1,173,89,84,435,4,431
537.0,1,413,0,16,0,0,2,1,1,174,90,84,434,3,431
538.0,1,414,0,16,0,0,2,1,0,175,91,84,434,2,432
539.0,1,414,0,15,0,0,2,1,1,175,91,84,434,2,432
540.0,0,414,1,14,0,0,2,1,1,176,91,85,433,2,431
541.0,0,416,1,14,0,0,2,1,0,177,91,86,434,2,432
542.0,0,415,2,14,0,0,2,1,0,177,91,86,434,2,432
543.0,0,415,2,15,0,0,2,1,0,177,91,86,435,2,433
544.0,0,417,1,15,0,0,2,1,1,177,91,86,437,2,435
545.0,0,419,1,16,0,0,2,1,0,178,91,87,439,2,437
546.0,1,419,1,16,0,0,2,1,0,178,91,87,440,3,437
547.0,0,421,1,17,0,0,2,1,0,178,91,87,442,3,439
548.0,0,421,1,17,0,0,2,1,0,178,91,87,442,3,439
549.0,0,422,0,17,0,0,2,1,1,178,91,87,443,3,440
550.0,0,421,0,17,1,0,2,1,1,178,91,87,443,3,440
551.0,0,424,0,17,0,0,2,1,1,179,92,87,445,2,443
552.0,0,426,0,16,0,0,2,1,1,180,93,87,446,1,445
553.0,1,427,0,16,0,0,2,1,1,180,93,87,448,2,446
554.0,1,427,0,16,0,0,2,1,0,181,93,88,447,2,445
555.0,1,428,0,15,0,0,2,1,1,181,93,88,448,2,446
556.0,0,429,0,16,0,0,2,1,1,181,93,88,449,2,447
557.0,0,429,0,16,0,0,2,1,0,182,93,89,448,2,446
558.0,0,429,0,16,0,0,2,1,0,182,93,89,448,2,446
559.0,1,430,0,15,0,0,2,1,1,182,93,89,450,3,447
560.0,1,431,0,15,0,0,2,1,1,182,93,89,451,3,448
561.0,0,432,2,14,0,0,2,1,1,183,93,90,452,4,448
562.0,1,433,2,14,0,0,2,1,0,184,93,91,453,5,448
563.0,0,433,3,14,0,0,2,1,0,184,93,91,453,5,448
564.0,0,434,3,14,0,0,2,1,0,184,93,91,454,5,449
565.0,0,435,2,14,0,0,2,1,1,184,93,91,455,5,450
566.0,0,435,3,14,0,0,2,1,1,184,93,91,456,5,451
567.0,0,434,4,14,0,0,2,1,0,185,93,92,455,5,450
568.0,0,435,4,14,0,0,2,1,0,185,93,92,456,5,451
569.0,1,438,4,14,0,0,2,1,0,185,93,92,460,6,454
570.0,1,438,4,14,0,0,2,1,0,185,93,92,460,6,454
571.0,1,438,4,14,0,0,2,1,0,185,93,92,460,6,454
572.0,2,439,3,14,0,0,2,1,1,185,93,92,462,7,455
573.0,1,439,3,15,0,0,2,1,1,185,93,92,462,7,455
574.0,0,439,3,16,0,0,2,1,0,186,94,92,461,6,455
575.0,0,439,2,16,0,0,2,1,1,186,94,92,461,6,455
576.0,0,440,2,16,0,0,2,1,0,187,95,92,461,5,456
577.0,0,441,1,16,0,0,2,1,1,187,95,92,462,5,457
578.0,0,441,1,16,0,0,2,1,0,188,96,92,461,4,457
579.0,0,442,0,16,0,0,2,1,1,188,96,92,462,4,458
580.0,0,440,2,16,0,0,2,1,1,188,96,92,462,4,458
581.0,1,441,2,16,0,0,2,1,0,189,97,92,463,4,459
582.0,0,441,2,17,0,0,2,1,0,189,97,92,463,4,459
583.0,0,441,2,17,0,0,2,1,0,189,97,92,463,4,459
584.0,0,440,2,17,0,0,2,1,1,189,97,92,463,4,459
585.0,0,440,2,18,0,0,2,1,1,189,97,92,464,4,460
586.0,0,440,1,18,0,0,2,1,1,190,98,92,463,3,460
587.0,0,440,1,18,0,0,2,1,0,191,99,92,462,2,460
588.0,0,441,1,18,0,0,2,1,0,191,99,92,463,2,461
589.0,0,440,0,19,0,0,2,1,1,191,99,92,463,2,461
590.0,0,442,0,19,0,0,2,1,0,192,100,92,464,1,463
591.0,0,442,0,18,0,0,2,1,1,192,100,92,464,1,463
592.0,0,442,0,18,0,0,2,1,1,193,101,92,464,0,464
593.0,0,442,0,18,0,0,2,1,1,193,101,92,464,0,464
594.0,0,444,0,17,0,0,2,1,1,194,101,93,465,0,465
595.0,0,445,0,17,0,0,2,1,0,195,101,94,465,0,465
596.0,1,446,0,17,0,0,2,1,0,195,101,94,467,1,466
597.0,0,446,0,17,0,0,2,1,1,195,101,94,467,1,466
598.0,0,445,0,18,0,0,2,1,1,195,101,94,467,1,466
599.0,0,445,0,18,0,0,2,1,0,196,101,95,466,1,465
600.0,0,443,1,19,0,0,2,1,0,196,101,95,466,1,465
601.0,0,443,0,19,0,0,2,1,1,196,101,95,466,1,465
602.0,0,444,0,19,0,0,2,1,1,196,101,95,467,1,466
603.0,0,444,0,18,0,0,2,1,0,197,101,96,466,1,465
604.0,0,443,0,19,0,0,2,1,1,197,101,96,466,1,465
605.0,0,443,0,19,0,0,2,1,0,198,102,96,465,0,465
606.0,0,442,0,20,0,0,2,1,0,198,102,96,465,0,465
607.0,0,442,0,19,0,0,2,1,1,198,102,96,465,0,465
608.0,0,442,0,19,0,0,2,1,0,199,102,97,464,0,464
609.0,0,442,0,19,0,0,2,1,0,199,102,97,464,0,464
610.0,0,441,0,19,0,0,2,1,1,199,102,97,464,0,464
611.0,0,440,0,20,0,0,2,1,1,199,102,97,464,0,464
612.0,0,440,0,20,0,0,2,1,0,200,102,98,463,0,463
613.0,0,440,0,19,0,0,2,1,1,200,102,98,463,0,463
614.0,0,440,0,18,0,0,2,1,1,201,102,99,462,0,462
615.0,0,440,0,18,0,1,2,0,0,202,102,100,461,0,461
616.0,0,439,0,18,0,0,2,1,1,202,102,100,461,0,461
617.0,0,440,0,19,0,0,2,1,0,203,102,101,462,0,462
618.0,0,440,0,19,0,0,2,1,0,203,102,101,462,0,462
619.0,0,441,0,19,0,0,2,1,0,203,102,101,463,0,463
620.0,1,440,0,20,0,0,2,1,0,203,102,101,464,1,463
621.0,0,442,0,20,0,0,2,1,1,203,102,101,466,1,465
622.0,0,441,0,21,0,0,2,1,1,203,102,101,466,1,465
623.0,0,443,0,20,0,0,2,1,1,204,102,102,467,1,466
624.0,1,445,0,20,0,0,2,1,0,205,102,103,469,2,467
625.0,1,446,0,20,0,0,2,1,0,205,102,103,470,2,468
626.0,1,447,0,19,0,0,2,1,1,205,102,103,471,2,469
627.0,0,448,0,20,0,0,2,1,0,206,102,104,471,2,469
628.0,0,449,0,19,0,0,2,1,1,206,102,104,472,2,470
629.0,0,448,1,19,0,0,2,1,0,207,102,105,471,2,469
630.0,0,448,1,19,0,0,2,1,0,207,102,105,471,2,469
631.0,0,448,0,19,0,0,2,1,1,207,102,105,471,2,469
632.0,0,447,1,19,0,0,2,1,0,208,102,106,470,2,468
633.0,0,447,1,19,0,0,2,1,0,208,102,106,470,2,468
634.0,0,449,1,19,0,0,2,1,0,208,102,106,472,2,470
635.0,0,451,0,19,0,0,2,1,1,208,102,106,474,2,472
636.0,0,451,0,19,0,0,2,1,0,209,103,106,473,1,472
637.0,0,451,0,18,0,0,2,1,1,209,103,106,473,1,472
638.0,0,451,0,19,0,0,2,1,0,210,104,106,473,0,473
639.0,0,451,0,18,0,0,2,1,1,210,104,106,473,0,473
640.0,0,452,0,18,0,0,2,1,0,211,104,107,473,0,473
641.0,0,453,0,18,0,0,2,1,0,211,104,107,474,0,474
642.0,0,452,0,19,0,0,2,1,0,211,104,107,474,0,474
643.0,0,452,0,19,0,0,2,1,0,211,104,107,474,0,474
644.0,0,452,0,19,0,0,2,1,1,211,104,107,475,0,475
645.0,0,452,0,18,0,1,2,1,1,211,104,107,475,0,475
646.0,0,451,0,19,0,0,2,1,0,213,104,109,473,0,473
647.0,0,452,0,19,0,0,2,1,0,213,104,109,474,0,474
648.0,0,452,0,19,0,0,2,1,0,213,104,109,474,0,474
649.0,0,454,0,18,0,0,2,1,1,213,104,109,476,0,476
650.0,0,452,0,20,0,0,2,1,0,214,104,110,475,0,475
651.0,0,452,0,20,0,0,2,1,0,214,104,110,475,0,475
652.0,0,451,0,20,0,0,2,1,1,214,104,110,475,0,475
653.0,0,450,0,21,0,0,2,1,0,215,104,111,474,0,474
654.0,0,450,0,21,0,0,2,1,0,215,104,111,474,0,474
655.0,0,450,0,22,0,0,2,1,0,215,104,111,475,0,475
656.0,0,451,0,21,0,0,2,1,1,215,104,111,476,0,476
657.0,0,450,0,22,0,0,2,1,0,216,104,112,475,0,475
658.0,0,450,0,21,0,0,2,1,1,216,104,112,475,0,475
659.0,1,450,0,21,0,0,2,1,0,217,104,113,475,1,474
660.0,0,450,0,23,0,0,2,1,0,217,104,113,476,1,475
661.0,0,450,0,23,0,0,2,1,0,217,104,113,476,1,475
662.0,0,450,0,22,0,0,2,1,1,217,104,113,476,1,475
663.0,0,450,0,22,0,0,2,1,1,218,104,114,476,1,475
664.0,0,449,0,22,0,0,2,1,0,219,104,115,475,1,474
665.0,0,449,0,22,0,0,2,1,1,219,104,115,475,1,474
666.0,0,449,0,22,0,0,2,1,0,220,105,115,474,0,474
667.0,0,450,0,21,0,0,2,1,1,220,105,115,475,0,475
668.0,0,449,0,22,0,0,2,1,1,220,105,115,475,0,475
669.0,0,449,0,22,0,0,2,1,0,221,105,116,474,0,474
670.0,0,448,0,22,0,0,2,1,1,221,105,116,474,0,474
671.0,0,448,0,22,0,0,2,1,1,221,105,116,474,0,474
672.0,0,448,0,21,0,0,2,1,1,222,105,117,473,0,473
673.0,0,448,0,22,0,0,1,1,0,223,105,118,472,0,472
674.0,0,446,0,23,0,0,2,1,0,223,105,118,472,0,472
675.0,0,446,0,22,0,0,2,1,1,223,105,118,472,0,472
676.0,0,446,0,22,0,0,2,1,0,224,105,119,471,0,471
677.0,0,446,0,21,0,0,2,1,1,224,105,119,471,0,471
678.0,0,446,0,21,0,0,2,1,1,224,105,119,471,0,471
679.0,0,445,0,22,0,0,2,1,0,225,105,120,470,0,470
680.0,0,445,0,22,0,0,2,1,0,225,105,120,470,0,470
681.0,0,445,0,21,0,0,2,1,1,225,105,120,470,0,470
682.0,0,445,0,21,0,0,2,1,0,226,105,121,469,0,469
683.0,0,445,0,21,0,0,2,1,1,226,105,121,470,0,470
684.0,0,445,0,21,0,0,2,1,1,226,105,121,470,0,470
685.0,0,445,0,20,0,0,2,1,1,227,105,122,469,0,469
686.0,0,445,0,20,0,0,2,1,1,227,105,122,469,0,469
687.0,0,445,0,19,0,0,2,1,1,228,105,123,468,0,468
688.0,0,445,0,19,0,0,2,1,0,229,105,124,467,0,467
689.0,0,444,0,19,0,0,2,1,1,229,105,124,467,0,467
690.0,0,444,0,19,0,0,2,1,0,230,105,125,466,0,466
691.0,0,444,0,18,0,0,2,1,1,230,105,125,466,0,466
692.0,0,444,0,18,0,0,2,1,0,231,105,126,465,0,465
693.0,0,443,0,19,0,0,2,1,0,231,105,126,465,0,465
694.0,1,443,0,18,0,0,2,1,1,231,105,126,466,1,465
695.0,0,443,0,19,0,0,2,1,0,232,105,127,465,1,464
696.0,0,443,0,18,0,0,2,1,1,232,105,127,465,1,464
697.0,1,443,0,18,0,0,2,1,0,233,105,128,465,2,463
698.0,0,443,1,18,0,0,2,1,0,233,105,128,465,2,463
699.0,0,443,1,18,0,0,2,1,0,233,105,128,465,2,463
700.0,0,444,1,18,0,0,2,1,0,233,105,128,466,2,464
701.0,0,444,1,19,0,0,2,1,0,233,105,128,467,2,465
702.0,0,444,0,19,0,0,2,1,1,233,105,128,467,2,465
703.0,0,443,0,20,0,0,2,1,1,233,105,128,467,2,465
704.0,0,443,0,19,1,0,2,1,1,233,105,128,467,2,465
705.0,0,442,0,20,0,0,2,1,1,234,105,129,466,2,464
706.0,0,442,0,20,0,0,2,1,0,235,106,129,465,1,464
707.0,0,442,0,20,0,0,2,1,0,235,106,129,465,1,464
708.0,0,441,0,21,0,1,2,0,0,235,106,129,465,1,464
709.0,0,440,1,20,0,0,2,1,1,235,106,129,465,1,464
710.0,0,441,1,20,0,0,2,1,1,235,106,129,466,1,465
711.0,0,441,0,20,0,0,2,1,1,236,106,130,465,1,464
712.0,0,441,0,20,0,0,2,1,1,236,106,130,465,1,464
713.0,0,440,0,21,0,0,2,1,0,237,106,131,464,1,463
714.0,0,440,0,21,0,0,2,1,0,237,106,131,464,1,463
715.0,0,442,0,21,0,0,2,1,0,237,106,131,466,1,465
716.0,0,444,0,21,0,0,2,1,1,237,106,131,469,1,468
717.0,0,444,0,20,0,1,2,1,1,237,106,131,469,1,468
718.0,0,444,0,20,0,0,2,1,1,238,107,131,468,0,468
719.0,0,445,0,20,0,0,2,1,0,239,107,132,468,0,468
720.0,0,444,0,20,0,0,2,1,1,239,107,132,468,0,468
721.0,0,444,0,20,0,0,2,1,0,240,107,133,467,0,467
722.0,0,444,0,20,0,0,2,1,0,240,107,133,467,0,467
723.0,0,443,0,20,0,0,2,1,1,240,107,133,467,0,467
724.0,0,443,0,19,0,0,2,1,1,241,107,134,466,0,466
725.0,0,442,0,20,0,0,2,1,0,242,107,135,465,0,465
726.0,0,442,0,20,0,0,2,1,0,242,107,135,465,0,465
727.0,0,442,0,20,0,0,2,1,0,242,107,135,465,0,465
728.0,0,441,0,21,0,0,2,1,0,242,107,135,465,0,465
729.0,0,441,0,20,0,0,2,1,1,242,107,135,465,0,465
730.0,0,439,0,22,0,0,2,1,1,242,107,135,465,0,465
731.0,0,439,0,21,0,0,2,1,1,243,107,136,464,0,464
732.0,0,439,0,21,0,0,2,1,1,243,107,136,464,0,464
733.0,0,439,0,20,0,0,2,1,1,244,107,137,463,0,463
734.0,0,439,0,20,0,0,2,1,1,244,107,137,463,0,463
735.0,0,438,0,21,0,0,2,1,0,245,107,138,462,0,462
736.0,0,438,0,20,0,0,2,1,1,245,107,138,462,0,462
737.0,0,438,0,19,0,0,2,1,1,246,107,139,461,0,461
738.0,0,437,0,20,0,0,2,1,0,247,107,140,460,0,460
739.0,0,436,0,20,0,0,2,1,1,247,107,140,460,0,460
740.0,0,436,0,20,0,0,2,1,0,248,107,141,459,0,459
741.0,0,436,0,20,0,0,2,1,0,248,107,141,459,0,459
742.0,0,436,0,19,0,0,2,1,1,248,107,141,459,0,459
743.0,0,436,0,19,0,0,2,1,1,248,107,141,459,0,459
744.0,0,434,0,21,0,0,2,1,0,249,107,142,458,0,458
745.0,0,434,0,20,0,0,2,1,1,249,107,142,458,0,458
746.0,0,434,0,20,0,0,2,1,0,250,107,143,457,0,457
747.0,0,434,0,20,0,0,2,1,0,250,107,143,457,0,457
748.0,0,434,0,20,0,0,2,1,0,250,107,143,457,0,457
749.0,0,433,0,21,0,0,2,1,0,250,107,143,457,0,457
750.0,0,433,0,20,0,0,2,1,1,250,107,143,457,0,457
751.0,0,433,0,20,0,0,2,1,1,250,107,143,457,0,457
752.0,0,433,0,20,0,0,2,1,0,251,107,144,456,0,456
753.0,0,432,0,21,0,0,2,1,0,251,107,144,456,0,456
754.0,0,431,0,22,0,0,2,1,0,251,107,144,456,0,456
755.0,0,431,0,21,0,0,2,1,1,251,107,144,456,0,456
756.0,0,429,0,23,0,0,2,1,1,251,107,144,456,0,456
757.0,0,429,0,23,0,0,2,1,0,252,107,145,455,0,455
758.0,0,429,0,23,0,0,2,1,0,252,107,145,455,0,455
759.0,0,429,0,23,0,0,2,1,0,252,107,145,455,0,455
760.0,0,429,0,23,0,0,2,1,0,252,107,145,455,0,455
761.0,0,429,0,23,0,0,2,1,0,252,107,145,455,0,455
762.0,0,429,0,22,0,0,2,1,1,252,107,145,455,0,455
763.0,0,428,0,23,0,0,2,1,1,252,107,145,455,0,455
764.0,0,428,0,22,0,0,2,1,1,253,107,146,454,0,454
765.0,0,427,0,23,0,0,2,1,1,253,107,146,454,0,454
766.0,0,427,0,22,0,0,2,1,1,254,107,147,453,0,453
767.0,0,426,0,22,0,0,2,1,1,255,107,148,452,0,452
768.0,0,426,0,22,0,0,2,1,0,256,107,149,451,0,451
769.0,0,426,0,21,0,0,2,1,1,256,107,149,451,0,451
770.0,0,426,0,21,0,0,2,1,0,257,107,150,450,0,450
771.0,0,426,0,20,0,0,2,1,1,257,107,150,450,0,450
772.0,0,425,0,21,0,0,2,1,0,258,107,151,449,0,449
773.0,0,424,0,21,0,0,2,1,1,258,107,151,449,0,449
774.0,0,424,0,21,0,0,2,1,0,259,107,152,448,0,448
775.0,0,424,0,21,0,0,2,1,0,259,107,152,448,0,448
776.0,0,424,0,20,0,0,2,1,1,259,107,152,448,0,448
777.0,0,424,0,20,0,0,2,1,1,259,107,152,448,0,448
778.0,0,424,0,20,0,0,2,1,0,260,107,153,447,0,447
779.0,0,424,0,20,0,0,2,1,0,260,107,153,447,0,447
780.0,0,424,0,20,0,0,2,1,0,260,107,153,447,0,447
781.0,0,422,0,21,0,0,2,1,1,260,107,153,447,0,447
782.0,0,422,0,21,0,0,2,1,0,261,107,154,446,0,446
783.0,0,421,0,22,0,0,2,1,0,261,107,154,446,0,446
784.0,0,421,0,21,0,0,2,1,1,261,107,154,446,0,446
785.0,0,421,0,21,0,0,2,1,1,261,107,154,446,0,446
786.0,0,420,0,22,0,0,2,1,0,262,107,155,445,0,445
787.0,0,420,0,22,0,0,2,1,0,262,107,155,445,0,445
788.0,0,420,0,21,0,0,2,1,1,262,107,155,445,0,445
789.0,0,419,0,22,0,0,2,1,0,263,107,156,444,0,444
790.0,0,419,0,22,0,0,2,1,0,263,107,156,444,0,444
791.0,0,419,0,21,0,0,2,1,1,263,107,156,444,0,444
792.0,0,417,0,22,0,0,2,1,1,264,107,157,443,0,443
793.0,0,417,0,22,0,0,2,1,0,265,107,158,442,0,442
794.0,0,417,0,21,0,0,2,1,1,265,107,158,442,0,442
795.0,0,416,0,22,0,0,2,1,1,265,107,158,442,0,442
796.0,0,416,0,22,0,0,2,1,0,266,107,159,441,0,441
797.0,0,415,0,22,0,0,2,1,1,266,107,159,441,0,441
798.0,0,415,0,22,0,0,2,1,1,266,107,159,441,0,441
799.0,0,415,0,22,0,0,2,1,0,267,107,160,440,0,440
800.0,0,415,0,21,0,0,2,1,1,267,107,160,440,0,440
801.0,0,415,0,21,0,0,2,1,0,268,107,161,439,0,439
802.0,0,414,0,22,0,0,2,1,0,268,107,161,439,0,439
803.0,0,414,0,22,0,0,2,1,0,268,107,161,439,0,439
804.0,0,414,0,21,0,0,2,1,1,268,107,161,439,0,439
805.0,0,413,0,21,0,0,2,1,1,269,107,162,438,0,438
806.0,0,413,0,21,0,0,2,1,1,269,107,162,438,0,438
807.0,0,412,0,22,0,0,2,1,0,270,107,163,437,0,437
808.0,0,412,0,22,0,0,2,1,0,270,107,163,437,0,437
809.0,0,412,0,21,0,0,2,1,1,270,107,163,437,0,437
810.0,0,410,0,23,0,0,2,1,0,271,107,164,436,0,436
811.0,0,410,0,22,0,0,2,1,1,271,107,164,436,0,436
812.0,0,409,0,23,0,0,2,1,1,271,107,164,436,0,436
813.0,0,409,0,23,0,0,2,1,0,272,107,165,435,0,435
814.0,0,408,0,23,0,0,2,1,1,272,107,165,435,0,435
815.0,0,408,0,23,0,0,2,1,1,272,107,165,435,0,435
816.0,0,408,0,23,0,0,2,1,0,273,107,166,434,0,434
817.0,0,407,0,24,0,0,2,1,0,273,107,166,434,0,434
818.0,0,407,0,24,0,0,2,1,0,273,107,166,434,0,434
819.0,0,406,0,24,0,0,2,1,1,273,107,166,434,0,434
820.0,0,406,0,23,0,1,2,1,1,273,107,166,434,0,434
821.0,0,405,0,24,0,0,2,1,1,274,107,167,433,0,433
822.0,0,405,0,23,0,0,2,1,1,275,107,168,432,0,432
823.0,0,405,0,23,0,0,2,1,0,276,107,169,431,0,431
824.0,0,405,0,23,0,0,2,1,0,276,107,169,431,0,431
825.0,0,404,0,24,0,0,2,1,0,276,107,169,431,0,431
826.0,0,404,0,23,0,0,2,1,1,276,107,169,431,0,431
827.0,0,404,0,23,0,0,2,1,1,276,107,169,431,0,431
828.0,0,403,0,24,0,0,2,1,0,277,107,170,430,0,430
829.0,0,403,0,24,0,0,2,1,0,277,107,170,430,0,430
830.0,0,403,0,23,0,0,2,1,1,277,107,170,430,0,430
831.0,0,402,0,24,0,0,2,1,1,277,107,170,430,0,430
832.0,0,402,0,23,0,0,2,1,1,278,107,171,429,0,429
833.0,0,401,0,24,0,0,2,1,1,278,107,171,429,0,429
834.0,0,400,0,25,0,0,2,1,1,278,107,171,429,0,429
835.0,0,400,0,25,0,0,2,1,0,279,107,172,428,0,428
836.0,0,400,0,24,0,0,2,1,1,279,107,172,428,0,428
837.0,0,400,0,24,0,0,2,1,1,279,107,172,428,0,428
838.0,0,398,0,26,0,0,2,1,0,280,107,173,427,0,427
839.0,0,398,0,25,0,0,2,1,1,280,107,173,427,0,427
840.0,0,398,0,25,0,0,2,1,0,281,107,174,426,0,426
841.0,0,398,0,25,0,0,2,1,0,281,107,174,426,0,426
842.0,0,396,0,26,0,0,2,1,1,281,107,174,426,0,426
843.0,0,396,0,26,0,0,2,1,0,282,107,175,425,0,425
844.0,0,394,0,27,0,0,2,1,1,282,107,175,425,0,425
845.0,0,394,0,27,0,0,2,1,1,282,107,175,425,0,425
846.0,0,394,0,27,0,0,2,1,0,283,107,176,424,0,424
847.0,0,393,0,27,0,0,2,1,1,283,107,176,424,0,424
848.0,0,393,0,27,0,0,2,1,0,284,107,177,423,0,423
849.0,0,393,0,26,0,0,2,1,1,284,107,177,423,0,423
850.0,0,393,0,26,0,0,2,1,0,285,107,178,422,0,422
851.0,0,392,0,27,0,0,2,1,0,285,107,178,422,0,422
852.0,0,392,0,26,0,0,2,1,1,285,107,178,422,0,422
853.0,0,392,0,26,0,0,2,1,1,285,107,178,422,0,422
854.0,0,391,0,27,0,0,2,1,0,286,107,179,421,0,421
855.0,0,390,0,28,0,0,2,1,0,286,107,179,421,0,421
856.0,0,390,0,28,0,0,2,1,0,286,107,179,421,0,421
857.0,0,390,0,27,0,0,2,1,1,286,107,179,421,0,421
858.0,0,390,0,27,0,0,2,1,1,286,107,179,421,0,421
859.0,0,389,0,27,0,0,2,1,1,287,107,180,420,0,420
860.0,0,389,0,27,0,0,2,1,0,288,107,181,419,0,419
861.0,0,389,0,26,0,0,2,1,1,288,107,181,419,0,419
862.0,0,389,0,26,0,0,2,1,1,288,107,181,419,0,419
863.0,0,389,0,26,0,0,2,1,0,289,107,182,418,0,418
864.0,0,389,0,25,0,0,2,1,1,289,107,182,418,0,418
865.0,0,388,0,26,0,0,2,1,1,289,107,182,418,0,418
866.0,0,388,0,26,0,0,2,1,0,290,107,183,417,0,417
867.0,0,388,0,25,0,0,2,1,1,290,107,183,417,0,417
868.0,0,387,0,26,0,0,2,1,1,290,107,183,417,0,417
869.0,0,387,0,25,0,0,2,1,1,291,107,184,416,0,416
870.0,0,387,0,25,0,0,2,1,1,291,107,184,416,0,416
871.0,0,387,0,25,0,0,2,1,0,292,107,185,415,0,415
872.0,0,386,0,26,0,0,2,1,0,292,107,185,415,0,415
873.0,0,386,0,26,0,0,2,1,0,292,107,185,415,0,415
874.0,0,385,0,27,0,0,2,1,0,292,107,185,415,0,415
875.0,0,385,0,27,0,0,2,1,0,292,107,185,415,0,415
876.0,0,385,0,26,0,0,2,1,1,292,107,185,415,0,415
877.0,0,385,0,26,0,0,2,1,0,293,107,186,414,0,414
878.0,0,385,0,25,0,0,2,1,1,293,107,186,414,0,414
879.0,0,384,0,26,0,0,2,1,1,293,107,186,414,0,414
880.0,0,383,0,27,0,0,2,1,0,294,107,187,413,0,413
881.0,0,383,0,26,0,0,2,1,1,294,107,187,413,0,413
882.0,0,383,0,26,0,0,2,1,0,295,107,188,412,0,412
883.0,0,383,0,25,0,0,2,1,0,296,107,189,411,0,411
884.0,0,381,0,26,0,0,2,1,1,296,107,189,411,0,411
885.0,0,380,0,26,0,0,2,1,1,297,107,190,410,0,410
886.0,0,380,0,26,0,0,2,1,0,298,107,191,409,0,409
887.0,0,380,0,26,0,0,2,1,0,298,107,191,409,0,409
888.0,0,380,0,26,0,0,2,1,0,298,107,191,409,0,409
889.0,0,379,0,26,0,0,2,1,1,298,107,191,409,0,409
890.0,0,379,0,26,0,0,2,1,1,298,107,191,409,0,409
891.0,0,378,0,26,0,0,2,1,1,299,107,192,408,0,408
892.0,0,378,0,26,0,0,2,1,0,300,107,193,407,0,407
893.0,0,378,0,25,0,0,2,1,1,300,107,193,407,0,407
894.0,0,377,0,26,0,0,2,1,0,301,107,194,406,0,406
895.0,0,377,0,26,0,0,2,1,0,301,107,194,406,0,406
896.0,0,376,0,27,0,0,2,1,0,301,107,194,406,0,406
897.0,0,376,0,26,0,0,2,1,1,301,107,194,406,0,406
898.0,0,376,0,26,0,0,2,1,1,301,107,194,406,0,406
899.0,0,376,0,26,0,0,2,1,0,302,107,195,405,0,405
900.0,0,376,0,25,0,0,2,1,1,302,107,195,405,0,405
901.0,0,375,0,26,0,0,2,1,0,303,107,196,404,0,404
902.0,0,375,0,25,0,0,2,1,1,303,107,196,404,0,404
903.0,0,374,0,26,0,0,2,1,0,304,107,197,403,0,403
904.0,0,373,0,27,0,0,2,1,0,304,107,197,403,0,403
905.0,0,373,0,26,0,0,2,1,1,304,107,197,403,0,403
906.0,0,373,0,26,0,0,2,1,0,305,107,198,402,0,402
907.0,0,373,0,25,0,0,2,1,1,305,107,198,402,0,402
908.0,0,373,0,25,0,0,2,1,1,305,107,198,402,0,402
909.0,0,372,0,26,0,0,2,1,0,306,107,199,401,0,401
910.0,0,371,0,26,0,0,2,1,1,306,107,199,401,0,401
911.0,0,371,0,26,0,0,2,1,1,306,107,199,401,0,401
912.0,0,371,0,26,0,0,2,1,0,307,107,200,400,0,400
913.0,0,370,0,27,0,0,2,1,0,307,107,200,400,0,400
914.0,0,369,0,28,0,0,2,1,0,307,107,200,400,0,400
915.0,0,369,0,27,0,0,2,1,1,307,107,200,400,0,400
916.0,0,368,0,28,0,0,2,1,0,308,107,201,399,0,399
917.0,0,368,0,27,0,0,2,1,1,308,107,201,399,0,399
918.0,0,368,0,27,0,0,2,1,1,308,107,201,399,0,399
919.0,0,367,0,27,0,0,2,1,1,309,107,202,398,0,398
920.0,0,367,0,27,0,0,2,1,0,310,107,203,397,0,397
921.0,0,367,0,26,0,0,2,1,1,310,107,203,397,0,397
922.0,0,367,0,26,0,0,2,1,1,310,107,203,397,0,397
923.0,0,367,0,26,0,0,2,1,0,311,107,204,396,0,396
924.0,0,365,0,27,0,0,2,1,1,311,107,204,396,0,396
925.0,0,365,0,27,0,0,2,1,0,312,107,205,395,0,395
926.0,0,365,0,27,0,0,2,1,0,312,107,205,395,0,395
927.0,0,365,0,26,0,0,2,1,1,312,107,205,395,0,395
928.0,0,363,0,28,0,0,2,1,0,313,107,206,394,0,394
929.0,0,363,0,27,0,0,2,1,1,313,107,206,394,0,394
930.0,0,363,0,27,0,0,2,1,1,313,107,206,394,0,394
931.0,0,363,0,27,0,0,2,1,0,314,107,207,393,0,393
932.0,0,362,0,27,0,0,2,1,1,314,107,207,393,0,393
933.0,0,362,0,27,0,0,2,1,1,314,107,207,393,0,393
934.0,0,362,0,26,0,0,2,1,1,315,107,208,392,0,392
935.0,0,362,0,26,0,0,2,1,1,315,107,208,392,0,392
936.0,0,361,0,27,0,0,2,1,0,316,107,209,391,0,391
937.0,0,361,0,26,0,0,2,1,1,316,107,209,391,0,391
938.0,0,361,0,26,0,0,2,1,1,316,107,209,391,0,391
939.0,0,360,0,27,0,0,2,1,0,317,107,210,390,0,390
940.0,0,360,0,27,0,0,2,1,0,317,107,210,390,0,390
941.0,0,360,0,27,0,0,2,1,0,317,107,210,390,0,390
942.0,0,360,0,26,0,0,2,1,1,317,107,210,390,0,390
943.0,0,359,0,27,0,0,2,1,1,317,107,210,390,0,390
944.0,0,358,0,27,0,0,2,1,1,318,107,211,389,0,389
945.0,0,358,0,27,0,0,2,1,0,319,107,212,388,0,388
946.0,0,357,0,28,0,0,2,1,0,319,107,212,388,0,388
947.0,0,357,0,27,0,0,2,1,1,319,107,212,388,0,388
948.0,0,357,0,27,0,0,2,1,1,319,107,212,388,0,388
949.0,0,357,0,27,0,0,2,1,0,320,107,213,387,0,387
950.0,0,357,0,27,0,0,2,1,0,320,107,213,387,0,387
951.0,0,357,0,26,0,0,2,1,1,320,107,213,387,0,387
952.0,0,357,0,26,0,0,2,1,1,320,107,213,387,0,387
953.0,0,356,0,27,0,0,2,1,0,321,107,214,386,0,386
954.0,0,356,0,27,0,0,2,1,0,321,107,214,386,0,386
955.0,0,356,0,26,0,0,2,1,1,321,107,214,386,0,386
956.0,0,354,0,28,0,0,2,1,1,321,107,214,386,0,386
957.0,0,354,0,27,0,0,2,1,1,322,107,215,385,0,385
958.0,0,354,0,27,0,0,2,1,1,322,107,215,385,0,385
959.0,0,353,0,27,0,0,2,1,1,323,107,216,384,0,384
960.0,0,353,0,27,0,0,2,1,0,324,107,217,383,0,383
961.0,0,353,0,26,0,0,2,1,1,324,107,217,383,0,383
962.0,0,353,0,26,0,0,2,1,0,325,107,218,382,0,382
963.0,0,352,0,26,0,0,2,1,1,325,107,218,382,0,382
964.0,0,351,0,27,0,0,2,1,0,326,107,219,381,0,381
965.0,0,350,0,27,0,0,2,1,1,326,107,219,381,0,381
966.0,0,350,0,27,0,0,2,1,1,326,107,219,381,0,381
967.0,0,350,0,26,0,0,2,1,1,327,107,220,380,0,380
968.0,0,350,0,26,0,0,2,1,0,328,107,221,379,0,379
969.0,0,350,0,26,0,0,2,1,0,328,107,221,379,0,379
970.0,0,350,0,26,0,0,2,1,0,328,107,221,379,0,379
971.0,0,349,0,27,0,0,2,1,0,328,107,221,379,0,379
972.0,0,348,0,27,0,0,2,1,1,328,107,221,379,0,379
973.0,0,348,0,27,0,0,2,1,1,328,107,221,379,0,379
974.0,0,348,0,27,0,0,2,1,1,328,107,221,379,0,379
975.0,0,348,0,27,0,0,2,1,0,329,107,222,378,0,378
976.0,0,348,0,26,0,0,2,1,1,329,107,222,378,0,378
977.0,0,348,0,26,0,0,2,1,0,330,107,223,377,0,377
978.0,0,347,0,27,0,0,2,1,0,330,107,223,377,0,377
979.0,0,346,0,28,0,0,2,1,0,330,107,223,377,0,377
980.0,0,345,0,29,0,0,2,1,0,330,107,223,377,0,377
981.0,0,344,0,29,0,0,2,1,1,330,107,223,377,0,377
982.0,0,344,0,29,0,0,2,1,1,330,107,223,377,0,377
983.0,0,344,0,28,0,0,2,1,1,331,107,224,376,0,376
984.0,0,343,0,29,0,0,2,1,0,332,107,225,375,0,375
985.0,0,342,0,29,0,0,2,1,1,332,107,225,375,0,375
986.0,0,342,0,29,0,0,2,1,0,333,107,226,374,0,374
987.0,0,342,0,28,0,0,2,1,1,333,107,226,374,0,374
988.0,0,341,0,29,0,1,2,0,0,334,107,227,373,0,373
989.0,0,341,0,28,0,0,2,1,1,334,107,227,373,0,373
990.0,0,340,0,29,0,0,2,1,0,335,107,228,372,0,372
991.0,0,339,0,29,0,0,2,1,1,335,107,228,372,0,372
992.0,0,339,0,29,0,0,2,1,1,335,107,228,372,0,372
993.0,0,339,0,28,0,0,2,1,1,336,107,229,371,0,371
994.0,0,339,0,28,0,0,2,1,1,336,107,229,371,0,371
995.0,0,338,0,29,0,0,2,1,0,337,107,230,370,0,370
996.0,0,338,0,28,0,0,2,1,1,337,107,230,370,0,370
997.0,0,338,0,28,0,0,2,1,0,338,107,231,369,0,369
998.0,0,337,0,29,0,0,2,1,0,338,107,231,369,0,369
999.0,0,336,0,30,0,0,2,1,0,338,107,231,369,0,369
1000.0,0,336,0,30,0,0,2,1,0,338,107,231,369,0,369
1001.0,0,336,0,29,0,0,2,1,1,338,107,231,369,0,369
1002.0,0,336,0,29,0,0,2,1,1,338,107,231,369,0,369
1003.0,0,334,0,31,0,0,2,1,0,339,107,232,368,0,368
1004.0,0,334,0,30,0,0,2,1,1,339,107,232,368,0,368
1005.0,0,334,0,30,0,0,2,1,1,339,107,232,368,0,368
1006.0,0,334,0,29,0,0,2,1,1,340,107,233,367,0,367
1007.0,0,334,0,29,0,0,2,1,1,340,107,233,367,0,367
1008.0,0,333,0,29,0,0,2,1,1,341,107,234,366,0,366
1009.0,0,333,0,29,0,0,2,1,1,341,107,234,366,0,366
1010.0,0,333,0,29,0,0,2,1,0,342,107,235,365,0,365
1011.0,0,332,0,29,0,0,2,1,1,342,107,235,365,0,365
1012.0,0,331,0,30,0,0,2,1,0,343,107,236,364,0,364
1013.0,0,331,0,30,0,0,2,1,0,343,107,236,364,0,364
1014.0,0,331,0,29,0,0,2,1,1,343,107,236,364,0,364
1015.0,0,330,0,30,0,0,2,1,1,343,107,236,364,0,364
1016.0,0,330,0,29,0,0,2,1,1,344,107,237,363,0,363
1017.0,0,329,0,30,0,0,2,1,0,345,107,238,362,0,362
1018.0,0,329,0,30,0,0,2,1,0,345,107,238,362,0,362
1019.0,0,329,0,30,0,0,2,1,0,345,107,238,362,0,362
1020.0,0,329,0,30,0,0,2,1,0,345,107,238,362,0,362
1021.0,0,329,0,30,0,0,2,1,0,345,107,238,362,0,362
1022.0,0,328,0,31,0,0,2,1,0,345,107,238,362,0,362
1023.0,0,328,0,31,0,0,2,1,0,345,107,238,362,0,362
1024.0,0,328,0,30,0,0,2,1,1,345,107,238,362,0,362
1025.0,0,328,0,30,0,0,2,1,1,345,107,238,362,0,362
1026.0,0,326,0,32,0,0,2,1,0,346,107,239,361,0,361
1027.0,0,326,0,31,0,0,2,1,1,346,107,239,361,0,361
1028.0,0,326,0,31,0,0,2,1,1,346,107,239,361,0,361
1029.0,0,326,0,30,0,0,2,1,1,347,107,240,360,0,360
1030.0,0,325,0,31,0,0,2,1,0,348,107,241,359,0,359
1031.0,0,325,0,31,0,0,2,1,0,348,107,241,359,0,359
1032.0,0,325,0,31,0,0,2,1,0,348,107,241,359,0,359
1033.0,0,325,0,31,0,0,2,1,0,348,107,241,359,0,359
1034.0,0,324,0,32,0,0,2,1,0,348,107,241,359,0,359
1035.0,0,324,0,32,0,0,2,1,0,348,107,241,359,0,359
1036.0,0,324,0,31,0,0,2,1,1,348,107,241,359,0,359
1037.0,0,324,0,31,0,0,2,1,1,348,107,241,359,0,359
1038.0,0,323,0,32,0,0,2,1,1,348,107,241,359,0,359
1039.0,0,323,0,32,0,0,2,1,0,349,107,242,358,0,358
1040.0,0,322,0,33,0,0,2,1,0,349,107,242,358,0,358
1041.0,0,322,0,32,0,0,2,1,1,349,107,242,358,0,358
1042.0,0,322,0,32,0,0,2,1,0,350,107,243,357,0,357
1043.0,0,321,0,32,0,0,2,1,1,350,107,243,357,0,357
1044.0,0,320,0,33,0,0,2,1,0,351,107,244,356,0,356
1045.0,0,320,0,33,0,0,2,1,0,351,107,244,356,0,356
1046.0,0,320,0,32,0,0,2,1,1,351,107,244,356,0,356
1047.0,0,320,0,32,0,0,2,1,0,352,107,245,355,0,355
1048.0,0,319,0,33,0,0,2,1,0,352,107,245,355,0,355
1049.0,0,319,0,33,0,0,2,1,0,352,107,245,355,0,355
1050.0,0,318,0,33,0,0,2,1,1,352,107,245,355,0,355
1051.0,0,318,0,33,0,0,2,1,0,353,107,246,354,0,354
1052.0,0,318,0,33,0,0,2,1,0,353,107,246,354,0,354
1053.0,0,318,0,32,0,0,2,1,1,353,107,246,354,0,354
1054.0,0,317,0,33,0,0,2,1,0,354,107,247,353,0,353
1055.0,0,317,0,32,0,0,2,1,1,354,107,247,353,0,353
1056.0,0,316,0,33,0,0,2,1,0,355,107,248,352,0,352
1057.0,0,315,0,34,0,0,2,1,0,355,107,248,352,0,352
1058.0,0,315,0,33,0,0,2,1,1,355,107,248,352,0,352
1059.0,0,313,0,35,0,0,2,1,0,356,107,249,351,0,351
1060.0,0,313,0,35,0,0,2,1,0,356,107,249,351,0,351
1061.0,0,312,0,35,0,0,2,1,1,356,107,249,351,0,351
1062.0,0,312,0,35,0,0,2,1,0,357,107,250,350,0,350
1063.0,0,312,0,34,0,0,2,1,1,357,107,250,350,0,350
1064.0,0,312,0,34,0,0,2,1,0,358,107,251,349,0,349
1065.0,0,312,0,34,0,0,2,1,0,358,107,251,349,0,349
1066.0,0,311,0,35,0,0,2,1,0,358,107,251,349,0,349
1067.0,0,311,0,35,0,0,2,1,0,358,107,251,349,0,349
1068.0,0,310,0,35,0,0,2,1,1,358,107,251,349,0,349
1069.0,0,309,0,36,0,0,2,1,1,358,107,251,349,0,349
1070.0,0,309,0,35,0,0,2,1,1,359,107,252,348,0,348
1071.0,0,309,0,34,0,0,2,1,1,360,107,253,347,0,347
1072.0,0,308,0,35,0,0,2,1,0,361,107,254,346,0,346
1073.0,0,307,0,35,0,0,2,1,1,361,107,254,346,0,346
1074.0,0,307,0,35,0,0,2,1,0,362,107,255,345,0,345
1075.0,0,307,0,34,0,0,2,1,1,362,107,255,345,0,345
1076.0,0,307,0,34,0,0,2,1,0,363,107,256,344,0,344
1077.0,0,307,0,34,0,0,2,1,0,363,107,256,344,0,344
1078.0,0,306,0,34,0,0,2,1,1,363,107,256,344,0,344
1079.0,0,306,0,33,0,0,2,1,1,364,107,257,343,0,343
1080.0,0,304,0,35,0,0,2,1,0,365,107,258,342,0,342
1081.0,0,304,0,35,0,0,2,1,0,365,107,258,342,0,342
1082.0,0,304,0,35,0,0,2,1,0,365,107,258,342,0,342
1083.0,0,304,0,34,0,0,2,1,1,365,107,258,342,0,342
1084.0,0,304,0,34,0,0,2,1,1,365,107,258,342,0,342
1085.0,0,303,0,35,0,0,2,1,0,366,107,259,341,0,341
1086.0,0,303,0,35,0,1,2,0,0,366,107,259,341,0,341
1087.0,0,302,0,35,0,0,2,1,1,366,107,259,341,0,341
1088.0,0,302,0,35,0,0,2,1,0,367,107,260,340,0,340
1089.0,0,301,0,36,0,0,2,1,0,367,107,260,340,0,340
1090.0,0,301,0,35,0,0,2,1,1,367,107,260,340,0,340
1091.0,0,300,0,36,0,0,2,1,1,367,107,260,340,0,340
1092.0,0,300,0,36,0,0,2,1,0,368,107,261,339,0,339
1093.0,0,300,0,35,0,0,2,1,1,368,107,261,339,0,339
1094.0,0,300,0,35,0,0,2,1,0,369,107,262,338,0,338
1095.0,0,298,0,37,0,0,2,1,0,369,107,262,338,0,338
1096.0,0,298,0,36,0,0,2,1,1,369,107,262,338,0,338
1097.0,0,298,0,36,0,0,2,1,0,370,107,263,337,0,337
1098.0,0,297,0,36,0,0,2,1,1,370,107,263,337,0,337
1099.0,0,297,0,36,0,0,2,1,0,371,107,264,336,0,336
1100.0,0,297,0,36,0,0,2,1,0,371,107,264,336,0,336
1101.0,0,295,0,37,0,0,2,1,1,371,107,264,336,0,336
1102.0,0,295,0,37,0,0,2,1,0,372,107,265,335,0,335
1103.0,0,295,0,36,0,0,2,1,1,372,107,265,335,0,335
1104.0,0,293,0,38,0,0,2,1,1,372,107,265,335,0,335
1105.0,0,293,0,38,0,1,2,0,0,373,107,266,334,0,334
1106.0,0,293,0,37,0,0,2,1,1,373,107,266,334,0,334
1107.0,0,293,0,37,0,0,2,1,0,374,107,267,333,0,333
1108.0,0,293,0,36,0,0,2,1,1,374,107,267,333,0,333
1109.0,0,292,0,37,0,0,2,1,0,375,107,268,332,0,332
1110.0,0,292,0,36,0,0,2,1,1,375,107,268,332,0,332
1111.0,0,292,0,36,0,0,2,1,0,376,107,269,331,0,331
1112.0,0,291,0,37,0,0,2,1,0,376,107,269,331,0,331
1113.0,0,291,0,37,0,0,2,1,0,376,107,269,331,0,331
1114.0,0,291,0,36,0,0,2,1,0,377,107,270,330,0,330
1115.0,0,290,0,37,0,0,2,1,0,377,107,270,330,0,330
1116.0,0,289,0,38,0,0,2,1,0,377,107,270,330,0,330
1117.0,0,289,0,38,0,0,2,1,0,377,107,270,330,0,330
1118.0,0,289,0,38,0,0,2,1,0,377,107,270,330,0,330
1119.0,0,289,0,38,0,0,2,1,0,377,107,270,330,0,330
1120.0,0,289,0,37,0,0,2,1,1,377,107,270,330,0,330
1121.0,0,289,0,37,0,0,2,1,1,377,107,270,330,0,330
1122.0,0,287,0,38,0,0,2,1,1,378,107,271,329,0,329
1123.0,0,287,0,38,0,0,2,1,0,379,107,272,328,0,328
1124.0,0,287,0,37,0,0,2,1,1,379,107,272,328,0,328
1125.0,0,287,0,37,0,0,2,1,0,380,107,273,327,0,327
1126.0,0,286,0,38,0,0,2,1,0,380,107,273,327,0,327
1127.0,0,286,0,37,0,0,2,1,1,380,107,273,327,0,327
1128.0,0,285,0,38,0,0,2,1,1,380,107,273,327,0,327
1129.0,0,285,0,38,0,0,2,1,0,381,107,274,326,0,326
1130.0,0,284,0,39,0,0,2,1,0,381,107,274,326,0,326
1131.0,0,284,0,39,0,0,2,1,0,381,107,274,326,0,326
1132.0,0,283,0,39,0,0,2,1,1,381,107,274,326,0,326
1133.0,0,283,0,39,0,0,2,1,1,381,107,274,326,0,326
1134.0,0,282,0,40,0,0,2,1,0,382,107,275,325,0,325
1135.0,0,282,0,39,0,0,2,1,1,382,107,275,325,0,325
1136.0,0,282,0,39,0,0,2,1,0,383,107,276,324,0,324
1137.0,0,280,0,41,0,0,2,1,0,383,107,276,324,0,324
1138.0,0,280,0,40,0,0,2,1,1,383,107,276,324,0,324
1139.0,0,280,0,39,0,0,2,1,1,384,107,277,323,0,323
1140.0,0,280,0,39,0,0,2,1,1,384,107,277,323,0,323
1141.0,0,280,0,38,0,0,2,1,1,385,107,278,322,0,322
1142.0,0,278,0,40,0,0,2,1,0,386,107,279,321,0,321
1143.0,0,278,0,40,0,0,2,1,0,386,107,279,321,0,321
1144.0,0,278,0,40,0,0,2,1,0,386,107,279,321,0,321
1145.0,0,278,0,40,0,0,2,1,0,386,107,279,321,0,321
1146.0,0,278,0,39,0,0,2,1,1,386,107,279,321,0,321
1147.0,0,277,0,41,0,0,1,1,1,386,107,279,321,0,321
1148.0,0,276,0,41,0,0,2,1,1,386,107,279,321,0,321
1149.0,0,276,0,40,0,0,2,1,1,387,107,280,320,0,320
1150.0,0,275,0,41,0,0,2,1,0,388,107,281,319,0,319
1151.0,0,274,0,42,0,0,2,1,0,388,107,281,319,0,319
1152.0,0,274,0,41,0,0,2,1,1,388,107,281,319,0,319
1153.0,0,274,0,41,0,0,2,1,1,388,107,281,319,0,319
1154.0,0,273,0,41,0,0,2,1,1,389,107,282,318,0,318
1155.0,0,273,0,40,0,0,2,1,1,390,107,283,317,0,317
1156.0,0,273,0,40,0,0,2,1,0,391,107,284,316,0,316
1157.0,0,273,0,39,0,0,2,1,1,391,107,284,316,0,316
1158.0,0,272,0,40,0,0,2,1,1,391,107,284,316,0,316
1159.0,0,272,0,39,0,0,2,1,1,392,107,285,315,0,315
1160.0,0,271,0,40,0,0,2,1,0,393,107,286,314,0,314
1161.0,0,271,0,40,0,0,2,1,0,393,107,286,314,0,314
1162.0,0,271,0,39,0,0,2,1,1,393,107,286,314,0,314
1163.0,0,270,0,40,0,0,2,1,0,394,107,287,313,0,313
1164.0,0,270,0,40,0,0,2,1,0,394,107,287,313,0,313
1165.0,0,270,0,40,0,0,2,1,0,394,107,287,313,0,313
1166.0,0,269,0,40,0,0,2,1,1,394,107,287,313,0,313
1167.0,0,269,0,40,0,0,2,1,1,394,107,287,313,0,313
1168.0,0,268,0,40,0,1,2,1,1,394,107,287,313,0,313
1169.0,0,268,0,40,0,0,2,1,0,396,107,289,311,0,311
1170.0,0,266,0,41,0,0,2,1,1,396,107,289,311,0,311
1171.0,0,266,0,41,0,0,2,1,0,397,107,290,310,0,310
1172.0,0,266,0,41,0,0,2,1,0,397,107,290,310,0,310
1173.0,0,265,0,41,0,0,2,1,1,397,107,290,310,0,310
1174.0,0,265,0,41,0,0,2,1,0,398,107,291,309,0,309
1175.0,0,265,0,41,0,0,2,1,0,398,107,291,309,0,309
1176.0,0,265,0,40,0,0,2,1,1,398,107,291,309,0,309
1177.0,0,264,0,41,0,0,2,1,1,398,107,291,309,0,309
1178.0,0,264,0,41,0,0,2,1,1,398,107,291,309,0,309
1179.0,0,264,0,41,0,0,2,1,0,399,107,292,308,0,308
1180.0,0,264,0,41,0,0,2,1,0,399,107,292,308,0,308
1181.0,0,263,0,42,0,0,2,1,0,399,107,292,308,0,308
1182.0,0,263,0,42,0,0,2,1,0,399,107,292,308,0,308
1183.0,0,263,0,41,0,0,2,1,1,399,107,292,308,0,308
1184.0,0,263,0,40,0,0,2,1,1,400,107,293,307,0,307
1185.0,0,262,0,41,0,0,2,1,0,401,107,294,306,0,306
1186.0,0,262,0,40,0,0,2,1,1,401,107,294,306,0,306
1187.0,0,262,0,40,0,0,2,1,0,402,107,295,305,0,305
1188.0,0,262,0,40,0,0,2,1,0,402,107,295,305,0,305
1189.0,0,261,0,40,0,0,2,1,1,402,107,295,305,0,305
1190.0,0,261,0,40,0,0,2,1,1,402,107,295,305,0,305
1191.0,0,261,0,40,0,0,2,1,0,403,107,296,304,0,304
1192.0,0,260,0,41,0,0,2,1,0,403,107,296,304,0,304
1193.0,0,259,0,41,0,0,2,1,1,403,107,296,304,0,304
1194.0,0,259,0,40,0,0,2,1,1,404,107,297,303,0,303
1195.0,0,259,0,40,0,0,2,1,0,405,107,298,302,0,302
1196.0,0,259,0,40,0,0,2,1,0,405,107,298,302,0,302
1197.0,0,259,0,39,0,0,2,1,1,405,107,298,302,0,302
1198.0,0,258,0,40,0,0,2,1,0,406,107,299,301,0,301
1199.0,0,258,0,40,0,0,2,1,0,406,107,299,301,0,301
1200.0,0,258,0,39,0,0,2,1,1,406,107,299,301,0,301
1201.0,0,257,0,40,0,1,2,0,1,406,107,299,301,0,301
1202.0,0,256,0,40,0,0,2,1,1,407,107,300,300,0,300
1203.0,0,256,0,40,0,0,2,1,0,408,107,301,299,0,299
1204.0,0,256,0,39,0,0,2,1,1,408,107,301,299,0,299
1205.0,0,255,0,40,0,0,2,1,0,409,107,302,298,0,298
1206.0,0,255,0,39,0,0,2,1,1,409,107,302,298,0,298
1207.0,0,255,0,39,0,0,2,1,0,410,107,303,297,0,297
1208.0,0,254,0,39,0,0,2,1,1,410,107,303,297,0,297
1209.0,0,254,0,39,0,0,2,1,1,410,107,303,297,0,297
1210.0,0,253,0,40,0,0,2,1,0,411,107,304,296,0,296
1211.0,0,253,0,39,0,0,2,1,1,411,107,304,296,0,296
1212.0,0,252,0,40,0,0,2,1,0,412,107,305,295,0,295
1213.0,0,252,0,40,0,0,2,1,0,412,107,305,295,0,295
1214.0,0,251,0,41,0,0,2,1,0,412,107,305,295,0,295
1215.0,0,251,0,40,0,0,2,1,1,412,107,305,295,0,295
1216.0,0,251,0,40,0,0,2,1,0,413,107,306,294,0,294
1217.0,0,250,0,41,0,0,2,1,0,413,107,306,294,0,294
1218.0,0,249,0,41,0,0,2,1,1,413,107,306,294,0,294
1219.0,0,249,0,41,0,0,2,1,1,413,107,306,294,0,294
1220.0,0,249,0,41,0,0,2,1,0,414,107,307,293,0,293
1221.0,0,249,0,40,0,0,2,1,1,414,107,307,293,0,293
1222.0,0,249,0,40,0,0,2,1,1,414,107,307,293,0,293
1223.0,0,249,0,40,0,0,2,1,0,415,107,308,292,0,292
1224.0,0,247,0,42,0,0,2,1,0,415,107,308,292,0,292
1225.0,0,247,0,41,0,0,2,1,1,415,107,308,292,0,292
1226.0,0,246,0,42,0,0,2,1,0,416,107,309,291,0,291
1227.0,0,246,0,42,0,0,2,1,0,416,107,309,291,0,291
1228.0,0,246,0,41,0,0,2,1,1,416,107,309,291,0,291
1229.0,0,246,0,41,0,0,2,1,1,416,107,309,291,0,291
1230.0,0,245,0,42,0,0,2,1,0,417,107,310,290,0,290
1231.0,0,245,0,41,0,0,2,1,1,417,107,310,290,0,290
1232.0,0,244,0,42,0,0,2,1,1,417,107,310,290,0,290
1233.0,0,243,0,42,0,0,2,1,1,418,107,311,289,0,289
1234.0,0,243,0,42,0,0,2,1,0,419,107,312,288,0,288
1235.0,0,243,0,42,0,0,2,1,0,419,107,312,288,0,288
1236.0,0,243,0,42,0,0,2,1,0,419,107,312,288,0,288
1237.0,0,242,0,42,0,0,2,1,1,419,107,312,288,0,288
1238.0,0,241,0,42,0,1,2,1,1,419,107,312,288,0,288
1239.0,0,241,0,42,0,0,2,1,1,420,107,313,287,0,287
1240.0,0,241,0,41,0,0,2,1,1,421,107,314,286,0,286
1241.0,0,241,0,41,0,0,2,1,0,422,107,315,285,0,285
1242.0,0,241,0,41,0,0,2,1,0,422,107,315,285,0,285
1243.0,0,241,0,40,0,0,2,1,1,422,107,315,285,0,285
1244.0,0,240,0,41,0,0,2,1,1,422,107,315,285,0,285
1245.0,0,239,0,42,0,0,2,1,0,423,107,316,284,0,284
1246.0,0,239,0,41,0,0,2,1,1,423,107,316,284,0,284
1247.0,0,238,0,42,0,0,2,1,1,423,107,316,284,0,284
1248.0,0,237,0,42,0,0,2,1,1,424,107,317,283,0,283
1249.0,0,236,0,43,0,0,2,1,0,425,107,318,282,0,282
1250.0,0,236,0,43,0,1,2,0,0,425,107,318,282,0,282
1251.0,0,236,0,42,0,0,2,1,1,425,107,318,282,0,282
1252.0,0,234,0,44,0,0,2,1,0,426,107,319,281,0,281
1253.0,0,234,0,43,0,0,2,1,1,426,107,319,281,0,281
1254.0,0,234,0,43,0,0,2,1,0,427,107,320,280,0,280
1255.0,0,233,0,44,0,0,2,1,0,427,107,320,280,0,280
1256.0,0,233,0,43,0,0,2,1,1,427,107,320,280,0,280
1257.0,0,233,0,43,0,0,2,1,0,428,107,321,279,0,279
1258.0,0,232,0,44,0,0,2,1,0,428,107,321,279,0,279
1259.0,0,232,0,44,0,0,2,1,0,428,107,321,279,0,279
1260.0,0,231,0,44,0,0,2,1,1,428,107,321,279,0,279
1261.0,0,231,0,44,0,0,2,1,0,429,107,322,278,0,278
1262.0,0,231,0,43,0,0,2,1,1,429,107,322,278,0,278
1263.0,0,230,0,44,0,0,2,1,0,430,107,323,277,0,277
1264.0,0,229,0,45,0,0,2,1,0,430,107,323,277,0,277
1265.0,0,229,0,44,0,0,2,1,1,430,107,323,277,0,277
1266.0,0,229,0,44,0,0,2,1,1,430,107,323,277,0,277
1267.0,0,228,0,45,0,0,2,1,0,431,107,324,276,0,276
1268.0,0,228,0,44,0,0,2,1,1,431,107,324,276,0,276
1269.0,0,227,0,45,0,0,2,1,0,432,107,325,275,0,275
1270.0,0,226,0,45,0,0,2,1,1,432,107,325,275,0,275
1271.0,0,226,0,45,0,0,2,1,1,432,107,325,275,0,275
1272.0,0,225,0,46,0,0,2,1,0,433,107,326,274,0,274
1273.0,0,225,0,45,0,0,2,1,0,434,107,327,273,0,273
1274.0,0,225,0,45,0,0,2,1,0,434,107,327,273,0,273
1275.0,0,225,0,45,0,0,2,1,0,434,107,327,273,0,273
1276.0,0,224,0,46,0,0,2,1,0,434,107,327,273,0,273
1277.0,0,224,0,46,0,0,2,1,0,434,107,327,273,0,273
1278.0,0,224,0,45,0,0,2,1,1,434,107,327,273,0,273
1279.0,0,224,0,45,0,0,2,1,1,434,107,327,273,0,273
1280.0,0,224,0,45,0,0,2,1,0,435,107,328,272,0,272
1281.0,0,223,0,45,0,0,2,1,1,435,107,328,272,0,272
1282.0,0,222,0,45,0,1,2,1,1,435,107,328,272,0,272
1283.0,0,221,0,46,0,0,2,1,1,436,107,329,271,0,271
1284.0,0,221,0,46,0,0,2,1,0,437,107,330,270,0,270
1285.0,0,220,0,47,0,0,2,1,0,437,107,330,270,0,270
1286.0,0,220,0,46,0,0,2,1,1,437,107,330,270,0,270
1287.0,0,220,0,45,0,0,2,1,1,438,107,331,269,0,269
1288.0,0,219,0,46,0,0,2,1,0,439,107,332,268,0,268
1289.0,0,218,0,46,0,0,2,1,1,439,107,332,268,0,268
1290.0,0,218,0,46,0,0,2,1,0,440,107,333,267,0,267
1291.0,0,217,0,46,0,0,2,1,1,440,107,333,267,0,267
1292.0,0,217,0,46,0,0,2,1,0,441,107,334,266,0,266
1293.0,0,216,0,47,0,0,2,1,0,441,107,334,266,0,266
1294.0,0,216,0,47,0,0,2,1,0,441,107,334,266,0,266
1295.0,0,215,0,47,0,0,2,1,1,441,107,334,266,0,266
1296.0,0,215,0,47,0,0,2,1,1,441,107,334,266,0,266
1297.0,0,214,0,48,0,0,2,1,0,442,107,335,265,0,265
1298.0,0,214,0,48,0,0,2,1,0,442,107,335,265,0,265
1299.0,0,214,0,47,0,0,2,1,1,442,107,335,265,0,265
1300.0,0,213,0,48,0,0,2,1,1,442,107,335,265,0,265
1301.0,0,213,0,48,0,0,2,1,0,443,107,336,264,0,264
1302.0,0,213,0,48,0,0,2,1,0,443,107,336,264,0,264
1303.0,0,212,0,49,0,0,2,1,0,443,107,336,264,0,264
1304.0,0,211,0,50,0,0,2,1,0,443,107,336,264,0,264
1305.0,0,211,0,49,0,0,2,1,1,443,107,336,264,0,264
1306.0,0,211,0,49,0,0,2,1,1,443,107,336,264,0,264
1307.0,0,211,0,49,0,0,2,1,0,444,107,337,263,0,263
1308.0,0,211,0,49,0,0,2,1,0,444,107,337,263,0,263
1309.0,0,209,0,50,0,0,2,1,1,444,107,337,263,0,263
1310.0,0,209,0,50,0,0,2,1,1,444,107,337,263,0,263
1311.0,0,209,0,49,0,0,2,1,1,445,107,338,262,0,262
1312.0,0,208,0,50,0,0,2,1,1,445,107,338,262,0,262
1313.0,0,208,0,50,0,0,2,1,0,446,107,339,261,0,261
1314.0,0,208,0,49,0,0,2,1,1,446,107,339,261,0,261
1315.0,0,208,0,49,0,0,2,1,0,447,107,340,260,0,260
1316.0,0,207,0,50,0,0,2,1,0,447,107,340,260,0,260
1317.0,0,207,0,50,0,0,2,1,0,447,107,340,260,0,260
1318.0,0,207,0,51,0,0,1,1,0,447,107,340,260,0,260
1319.0,0,206,0,50,0,0,2,1,1,447,107,340,260,0,260
1320.0,0,206,0,50,0,0,2,1,1,447,107,340,260,0,260
1321.0,0,206,0,50,0,0,2,1,0,448,107,341,259,0,259
1322.0,0,206,0,50,0,0,2,1,0,448,107,341,259,0,259
1323.0,0,206,0,49,0,0,2,1,1,448,107,341,259,0,259
1324.0,0,206,0,49,0,0,2,1,1,448,107,341,259,0,259
1325.0,0,205,0,49,0,0,2,1,1,449,107,342,258,0,258
1326.0,0,205,0,49,0,0,2,1,0,450,107,343,257,0,257
1327.0,0,205,0,49,0,0,2,1,0,450,107,343,257,0,257
1328.0,0,205,0,48,0,0,2,1,1,450,107,343,257,0,257
1329.0,0,204,0,49,0,0,2,1,1,450,107,343,257,0,257
1330.0,0,204,0,48,0,0,2,1,1,451,107,344,256,0,256
1331.0,0,204,0,48,0,0,2,1,0,452,107,345,255,0,255
1332.0,0,203,0,49,0,0,2,1,0,452,107,345,255,0,255
1333.0,0,203,0,48,0,0,2,1,1,452,107,345,255,0,255
1334.0,0,203,0,48,0,0,2,1,0,453,107,346,254,0,254
1335.0,0,203,0,47,0,0,2,1,1,453,107,346,254,0,254
1336.0,0,203,0,46,0,0,2,1,1,454,107,347,253,0,253
1337.0,0,202,0,47,0,0,2,1,0,455,107,348,252,0,252
1338.0,0,202,0,47,0,0,2,1,0,455,107,348,252,0,252
1339.0,0,202,0,46,0,0,2,1,1,455,107,348,252,0,252
1340.0,0,202,0,46,0,0,2,1,0,456,107,349,251,0,251
1341.0,0,202,0,46,0,0,2,1,0,456,107,349,251,0,251
1342.0,0,200,0,47,0,0,2,1,1,456,107,349,251,0,251
1343.0,0,200,0,47,0,0,2,1,0,457,107,350,250,0,250
1344.0,0,200,0,46,0,0,2,1,1,457,107,350,250,0,250
1345.0,0,200,0,46,0,0,2,1,0,458,107,351,249,0,249
1346.0,0,200,0,45,0,0,2,1,1,458,107,351,249,0,249
1347.0,0,199,0,46,0,0,2,1,0,459,107,352,248,0,248
1348.0,0,199,0,46,0,0,2,1,0,459,107,352,248,0,248
1349.0,0,199,0,46,0,0,2,1,0,459,107,352,248,0,248
1350.0,0,198,0,46,0,0,2,1,1,459,107,352,248,0,248
1351.0,0,197,0,47,0,0,2,1,0,460,107,353,247,0,247
1352.0,0,197,0,47,0,0,2,1,0,460,107,353,247,0,247
1353.0,0,197,0,47,0,0,2,1,0,460,107,353,247,0,247
1354.0,0,195,0,48,0,0,2,1,1,460,107,353,247,0,247
1355.0,0,195,0,47,0,0,2,1,1,461,107,354,246,0,246
1356.0,0,195,0,47,0,0,2,1,1,461,107,354,246,0,246
1357.0,0,195,0,47,0,0,2,1,0,462,107,355,245,0,245
1358.0,0,195,0,47,0,0,2,1,0,462,107,355,245,0,245
1359.0,0,195,0,47,0,0,2,1,0,462,107,355,245,0,245
1360.0,0,195,0,46,0,0,2,1,1,462,107,355,245,0,245
1361.0,0,195,0,46,0,0,2,1,0,463,107,356,244,0,244
1362.0,0,195,0,46,0,0,2,1,0,463,107,356,244,0,244
1363.0,0,195,0,46,0,0,2,1,0,463,107,356,244,0,244
1364.0,0,195,0,45,0,0,2,1,1,463,107,356,244,0,244
1365.0,0,195,0,45,0,0,2,1,0,464,107,357,243,0,243
1366.0,0,195,0,45,0,0,2,1,0,464,107,357,243,0,243
1367.0,0,194,0,45,0,0,2,1,1,464,107,357,243,0,243
1368.0,0,194,0,45,0,0,2,1,1,464,107,357,243,0,243
1369.0,0,193,0,45,0,0,2,1,1,465,107,358,242,0,242
1370.0,0,192,0,46,0,0,2,1,0,466,107,359,241,0,241
1371.0,0,192,0,46,0,0,2,1,0,466,107,359,241,0,241
1372.0,0,191,0,47,0,0,2,1,0,466,107,359,241,0,241
1373.0,0,191,0,47,0,0,2,1,0,466,107,359,241,0,241
1374.0,0,191,0,46,0,0,2,1,1,466,107,359,241,0,241
1375.0,0,190,0,47,0,0,2,1,1,466,107,359,241,0,241
1376.0,0,190,0,46,0,1,2,1,1,466,107,359,241,0,241
1377.0,0,190,0,46,0,0,2,1,1,467,107,360,240,0,240
1378.0,0,189,0,46,0,0,2,1,1,468,107,361,239,0,239
1379.0,0,189,0,46,0,0,2,1,0,469,107,362,238,0,238
1380.0,0,188,0,46,0,0,2,1,1,469,107,362,238,0,238
1381.0,0,188,0,46,0,0,2,1,1,469,107,362,238,0,238
1382.0,0,188,0,45,0,0,2,1,1,470,107,363,237,0,237
1383.0,0,188,0,45,0,0,2,1,1,470,107,363,237,0,237
1384.0,0,188,0,44,0,0,2,1,1,471,107,364,236,0,236
1385.0,0,188,0,44,0,0,2,1,0,472,107,365,235,0,235
1386.0,0,187,0,45,0,0,2,1,0,472,107,365,235,0,235
1387.0,0,186,0,45,0,0,2,1,1,472,107,365,235,0,235
1388.0,0,186,0,45,0,0,2,1,0,473,107,366,234,0,234
1389.0,0,186,0,44,0,0,2,1,1,473,107,366,234,0,234
1390.0,0,185,0,45,0,0,2,1,1,473,107,366,234,0,234
1391.0,0,184,0,45,0,0,2,1,1,474,107,367,233,0,233
1392.0,0,184,0,45,0,0,2,1,1,474,107,367,233,0,233
1393.0,0,184,0,44,0,0,2,1,1,475,107,368,232,0,232
1394.0,0,182,0,46,0,0,2,1,0,476,107,369,231,0,231
1395.0,0,182,0,46,0,0,2,1,0,476,107,369,231,0,231
1396.0,0,182,0,45,0,0,2,1,1,476,107,369,231,0,231
1397.0,0,182,0,45,0,0,2,1,1,476,107,369,231,0,231
1398.0,0,181,0,46,0,0,2,1,0,477,107,370,230,0,230
1399.0,0,181,0,46,0,0,2,1,0,477,107,370,230,0,230
1400.0,0,180,0,46,0,0,2,1,1,477,107,370,230,0,230
1401.0,0,180,0,45,0,1,2,1,1,477,107,370,230,0,230
1402.0,0,179,0,46,0,0,2,1,1,478,107,371,229,0,229
1403.0,0,178,0,46,0,0,2,1,1,479,107,372,228,0,228
1404.0,0,178,0,46,0,0,2,1,0,480,107,373,227,0,227
1405.0,0,177,0,46,0,0,2,1,1,480,107,373,227,0,227
1406.0,0,177,0,46,0,0,2,1,0,481,107,374,226,0,226
1407.0,0,177,0,46,0,0,2,1,0,481,107,374,226,0,226
1408.0,0,177,0,46,0,0,2,1,0,481,107,374,226,0,226
1409.0,0,176,0,47,0,0,2,1,0,481,107,374,226,0,226
1410.0,0,176,0,47,0,0,2,1,0,481,107,374,226,0,226
1411.0,0,175,0,48,0,0,2,1,0,481,107,374,226,0,226
1412.0,0,175,0,47,0,0,2,1,1,481,107,374,226,0,226
1413.0,0,174,0,48,0,0,2,1,1,481,107,374,226,0,226
1414.0,0,174,0,47,0,1,2,1,1,481,107,374,226,0,226
1415.0,0,174,0,47,0,0,2,1,1,482,107,375,225,0,225
1416.0,0,174,0,46,0,1,2,1,1,482,107,375,225,0,225
1417.0,0,173,0,48,0,0,1,1,1,483,107,376,224,0,224
1418.0,0,172,0,47,0,0,2,1,1,484,107,377,223,0,223
1419.0,0,171,0,48,0,0,2,1,0,485,107,378,222,0,222
1420.0,0,171,0,48,0,1,2,0,0,485,107,378,222,0,222
1421.0,0,171,0,47,0,0,2,1,1,485,107,378,222,0,222
1422.0,0,171,0,46,0,0,2,1,1,486,107,379,221,0,221
1423.0,0,171,0,46,0,0,2,1,0,487,107,380,220,0,220
1424.0,0,170,0,47,0,0,2,1,0,487,107,380,220,0,220
1425.0,0,170,0,46,0,0,2,1,1,487,107,380,220,0,220
1426.0,0,170,0,46,0,0,2,1,0,488,107,381,219,0,219
1427.0,0,170,0,45,0,0,2,1,1,488,107,381,219,0,219
1428.0,0,170,0,45,0,0,2,1,1,488,107,381,219,0,219
1429.0,0,170,0,45,0,0,2,1,0,489,107,382,218,0,218
1430.0,0,170,0,44,0,0,2,1,1,489,107,382,218,0,218
1431.0,0,169,0,45,0,0,2,1,1,489,107,382,218,0,218
1432.0,0,168,0,45,0,0,2,1,1,490,107,383,217,0,217
1433.0,0,168,0,45,0,0,2,1,1,490,107,383,217,0,217
1434.0,0,167,0,45,0,0,2,1,1,491,107,384,216,0,216
1435.0,0,167,0,45,0,0,2,1,0,492,107,385,215,0,215
1436.0,0,166,0,45,0,0,2,1,1,492,107,385,215,0,215
1437.0,0,166,0,45,0,0,2,1,0,493,107,386,214,0,214
1438.0,0,166,0,44,0,0,2,1,1,493,107,386,214,0,214
1439.0,0,166,0,44,0,0,2,1,0,494,107,387,213,0,213
1440.0,0,166,0,44,0,0,2,1,0,494,107,387,213,0,213
1441.0,0,167,0,43,0,0,2,1,1,494,107,387,214,0,214
1442.0,0,168,0,43,0,0,2,1,0,495,107,388,214,0,214
1443.0,0,168,0,43,0,0,2,1,0,495,107,388,214,0,214
1444.0,0,170,0,42,0,0,2,1,1,495,107,388,216,0,216
1445.0,0,170,0,42,0,0,2,1,1,495,107,388,216,0,216
1446.0,0,169,0,42,0,0,2,1,1,496,107,389,215,0,215
1447.0,0,170,0,41,0,0,2,1,1,497,107,390,215,0,215
1448.0,0,169,0,42,0,0,2,1,1,497,107,390,215,0,215
1449.0,0,170,0,42,0,0,2,1,0,498,107,391,215,0,215
1450.0,0,171,0,42,0,0,2,1,0,498,107,391,216,0,216
1451.0,0,170,0,43,0,0,2,1,0,498,107,391,216,0,216
1452.0,1,170,0,43,0,0,2,1,0,498,107,391,217,1,216
1453.0,1,171,0,43,0,0,2,1,0,498,107,391,218,1,217
1454.0,0,171,0,44,0,0,2,1,0,498,107,391,218,1,217
1455.0,0,171,0,44,0,0,2,1,0,498,107,391,218,1,217
1456.0,0,171,0,44,0,0,2,1,0,498,107,391,218,1,217
1457.0,0,170,0,45,0,0,2,1,0,498,107,391,218,1,217
1458.0,0,172,0,45,0,0,2,1,0,498,107,391,220,1,219
1459.0,0,172,0,44,0,0,2,1,1,498,107,391,220,1,219
1460.0,0,171,1,44,0,0,2,1,1,498,107,391,220,1,219
1461.0,0,170,1,45,0,0,2,1,1,498,107,391,220,1,219
1462.0,0,170,1,45,0,0,2,1,0,499,107,392,219,1,218
1463.0,0,171,0,45,0,0,2,1,1,499,107,392,220,1,219
1464.0,0,170,0,46,0,0,2,1,1,499,107,392,220,1,219
1465.0,0,169,0,46,0,0,2,1,1,500,107,393,219,1,218
1466.0,0,169,0,46,0,0,2,1,1,500,107,393,219,1,218
1467.0,0,172,0,46,0,0,2,1,0,501,108,393,221,0,221
1468.0,0,173,0,45,0,0,2,1,1,501,108,393,222,0,222
1469.0,0,173,0,45,0,0,2,1,1,501,108,393,222,0,222
1470.0,0,172,0,46,0,0,2,1,0,502,108,394,221,0,221
1471.0,0,174,0,47,0,0,2,1,0,502,108,394,224,0,224
1472.0,0,174,0,47,0,0,2,1,0,502,108,394,224,0,224
1473.0,0,174,0,47,0,0,2,1,0,502,108,394,224,0,224
1474.0,0,174,0,48,0,0,2,1,0,502,108,394,225,0,225
1475.0,0,175,0,48,0,0,2,1,0,502,108,394,226,0,226
1476.0,0,175,0,47,0,0,2,1,1,502,108,394,226,0,226
1477.0,0,175,0,48,0,0,2,1,0,503,108,395,226,0,226
1478.0,0,176,0,48,0,0,2,1,0,503,108,395,227,0,227
1479.0,0,176,0,48,0,0,2,1,0,503,108,395,227,0,227
1480.0,0,175,0,49,0,0,2,1,0,503,108,395,227,0,227
1481.0,1,176,0,48,0,0,2,1,1,503,108,395,229,1,228
1482.0,1,177,0,48,0,0,2,1,1,503,108,395,230,1,229
1483.0,1,178,0,47,0,0,2,1,1,504,108,396,230,1,229
1484.0,1,178,0,47,0,0,2,1,1,504,108,396,230,1,229
1485.0,0,178,0,47,0,0,2,1,1,505,108,397,229,1,228
1486.0,0,178,0,47,0,0,2,1,1,505,108,397,229,1,228
1487.0,0,176,1,48,0,0,2,1,0,506,108,398,228,1,227
1488.0,0,177,0,48,0,0,2,1,1,506,108,398,229,1,228
1489.0,0,177,0,48,0,0,2,1,1,506,108,398,229,1,228
1490.0,0,176,0,48,0,0,2,1,1,507,108,399,228,1,227
1491.0,0,177,0,48,0,0,2,1,0,508,109,399,228,0,228
1492.0,0,176,0,48,0,0,2,1,1,508,109,399,228,0,228
1493.0,1,176,0,48,0,0,2,1,1,508,109,399,229,1,228
1494.0,0,176,0,49,0,0,2,1,0,509,109,400,228,1,227
1495.0,0,176,0,49,0,0,2,1,0,509,109,400,228,1,227
1496.0,0,177,0,48,0,0,2,1,1,509,109,400,229,1,228
1497.0,0,179,0,48,0,0,2,1,1,509,109,400,231,1,230
1498.0,0,178,0,49,0,0,2,1,0,510,109,401,230,1,229
1499.0,0,178,0,48,0,0,2,1,1,510,109,401,230,1,229
1500.0,0,177,1,47,0,0,2,1,1,511,109,402,229,1,228
1501.0,0,178,1,47,0,0,2,1,0,512,109,403,229,1,228
1502.0,0,179,1,47,0,0,2,1,0,512,109,403,230,1,229
1503.0,0,180,1,48,0,0,2,1,0,512,109,403,232,1,231
1504.0,0,182,1,48,0,0,2,1,0,512,109,403,234,1,233
1505.0,0,182,1,49,0,0,2,1,0,512,109,403,235,1,234
1506.0,0,182,1,49,0,0,2,1,0,512,109,403,235,1,234
1507.0,2,184,0,49,0,0,2,1,1,512,109,403,239,3,236
1508.0,1,184,0,50,0,0,2,1,1,512,109,403,239,3,236
1509.0,0,184,0,51,0,0,2,1,1,512,109,403,239,3,236
1510.0,0,185,0,50,0,0,2,1,1,513,109,404,239,3,236
1511.0,0,187,0,50,0,0,2,1,0,514,110,404,240,2,238
1512.0,0,189,0,50,0,0,2,1,0,514,110,404,242,2,240
1513.0,0,189,1,50,0,0,2,1,0,514,110,404,243,2,241
1514.0,0,189,1,50,0,0,2,1,0,514,110,404,243,2,241
1515.0,0,189,1,50,0,0,2,1,0,514,110,404,243,2,241
1516.0,0,187,1,51,0,0,2,1,1,514,110,404,243,2,241
1517.0,0,189,1,51,0,0,2,1,1,514,110,404,245,2,243
1518.0,1,190,1,51,0,0,2,1,1,514,110,404,247,3,244
1519.0,1,193,1,51,0,0,2,1,0,515,110,405,249,3,246
1520.0,0,193,0,52,0,0,2,1,1,515,110,405,249,3,246
1521.0,0,192,0,53,0,0,2,1,0,516,111,405,248,2,246
1522.0,0,193,0,53,0,0,2,1,0,516,111,405,249,2,247
1523.0,0,194,0,54,0,0,2,1,0,516,111,405,251,2,249
1524.0,0,195,0,53,0,0,2,1,1,516,111,405,252,2,250
1525.0,0,194,1,53,0,0,2,1,1,516,111,405,252,2,250
1526.0,0,194,1,53,0,0,2,1,0,517,112,405,251,1,250
1527.0,0,195,0,53,0,0,2,1,1,517,112,405,252,1,251
1528.0,0,196,0,54,0,0,1,1,0,518,112,406,252,1,251
1529.0,0,195,0,53,0,0,2,1,1,518,112,406,252,1,251
1530.0,0,196,0,53,0,0,2,1,1,518,112,406,253,1,252
1531.0,0,196,0,52,0,0,2,1,1,519,113,406,252,0,252
1532.0,0,198,0,52,0,0,2,1,0,520,113,407,253,0,253
1533.0,1,201,0,52,0,0,2,1,0,520,113,407,257,1,256
1534.0,0,202,0,53,0,0,2,1,0,520,113,407,258,1,257
1535.0,0,201,0,53,0,0,2,1,1,520,113,407,258,1,257
1536.0,0,201,0,53,0,0,2,1,1,520,113,407,258,1,257
1537.0,0,202,0,52,0,0,2,1,1,521,113,408,258,1,257
1538.0,0,203,0,52,0,0,2,1,0,522,113,409,258,1,257
1539.0,0,203,0,51,0,0,2,1,1,522,113,409,258,1,257
1540.0,0,204,0,51,0,0,2,1,0,523,113,410,258,1,257
1541.0,0,205,0,51,0,0,2,1,0,523,113,410,259,1,258
1542.0,0,205,0,51,0,0,2,1,1,523,113,410,260,1,259
1543.0,0,207,0,51,0,0,2,1,1,523,113,410,262,1,261
1544.0,0,207,0,52,0,0,2,1,0,524,113,411,262,1,261
1545.0,1,207,0,52,0,0,2,1,0,524,113,411,263,2,261
1546.0,1,207,0,52,0,0,2,1,0,524,113,411,263,2,261
1547.0,1,208,0,52,0,0,2,1,0,524,113,411,264,2,262
1548.0,1,210,0,52,0,0,2,1,0,524,113,411,266,2,264
1549.0,0,210,1,52,0,0,2,1,0,524,113,411,266,2,264
1550.0,0,211,1,53,0,0,2,1,0,524,113,411,268,3,265
1551.0,0,212,1,53,0,0,2,1,1,524,113,411,270,3,267
1552.0,0,214,1,53,0,0,2,1,1,524,113,411,272,3,269
1553.0,0,213,2,53,0,0,2,1,1,524,113,411,272,3,269
1554.0,0,215,2,53,0,0,2,1,1,524,113,411,274,3,271
1555.0,0,217,2,53,0,0,2,1,0,525,113,412,275,3,272
1556.0,0,219,2,53,0,0,2,1,0,525,113,412,277,3,274
1557.0,0,221,2,54,0,0,2,1,0,525,113,412,280,3,277
1558.0,0,223,2,54,0,0,2,1,0,525,113,412,282,3,279
1559.0,0,224,2,55,0,0,2,1,0,525,113,412,284,3,281
1560.0,0,224,2,56,0,0,2,1,0,525,113,412,285,3,282
1561.0,0,224,1,56,0,0,2,1,1,525,113,412,285,3,282
1562.0,0,226,0,56,1,0,2,1,1,525,113,412,287,3,284
1563.0,0,229,0,56,1,0,2,1,1,525,113,412,290,3,287
1564.0,0,230,0,55,1,0,2,1,1,526,114,412,290,2,288
1565.0,1,230,0,55,0,0,2,1,1,527,115,412,290,2,288
1566.0,0,231,0,55,0,0,2,1,1,528,116,412,290,1,289
1567.0,1,232,0,55,0,0,2,1,1,528,116,412,292,2,290
1568.0,1,234,0,54,0,0,2,1,1,529,116,413,293,2,291
1569.0,1,235,0,54,0,0,2,1,0,530,116,414,293,2,291
1570.0,0,236,0,54,0,0,2,1,1,530,116,414,294,2,292
1571.0,1,239,0,55,0,0,2,1,0,531,116,415,298,4,294
1572.0,0,239,1,55,0,0,2,1,0,531,116,415,298,4,294
1573.0,0,240,0,55,0,0,2,1,1,531,116,415,299,4,295
1574.0,0,241,1,54,0,0,2,1,1,532,117,415,300,3,297
1575.0,0,241,2,54,0,0,2,1,0,533,118,415,300,2,298
1576.0,0,243,2,54,0,0,2,1,0,533,118,415,302,2,300
1577.0,0,243,1,54,0,0,2,1,1,533,118,415,302,2,300
1578.0,0,242,1,56,0,0,2,1,0,534,118,416,302,3,299
1579.0,0,242,0,56,0,0,2,1,1,534,118,416,302,3,299
1580.0,0,245,0,55,0,0,2,1,1,535,119,416,304,2,302
1581.0,0,246,0,55,0,0,2,1,0,536,120,416,304,1,303
1582.0,0,247,0,54,0,0,2,1,1,536,120,416,305,1,304
1583.0,1,248,0,54,0,0,2,1,0,537,120,417,306,2,304
1584.0,0,248,0,55,0,0,2,1,0,537,120,417,306,2,304
1585.0,0,250,0,55,0,0,2,1,0,537,120,417,308,2,306
1586.0,2,252,1,55,0,0,2,1,0,537,120,417,313,4,309
1587.0,3,253,1,55,0,0,2,1,0,537,120,417,315,5,310
1588.0,3,256,0,55,0,0,2,1,1,537,120,417,318,5,313
1589.0,3,259,0,55,0,0,2,1,1,537,120,417,321,5,316
1590.0,3,262,0,55,0,0,2,1,0,538,120,418,323,5,318
1591.0,3,265,0,54,0,0,2,1,1,538,120,418,326,5,321
1592.0,4,266,0,53,0,0,2,1,1,539,121,418,327,5,322
1593.0,4,266,0,53,0,0,2,1,1,539,121,418,327,5,322
1594.0,3,266,1,53,0,0,2,1,0,540,121,419,326,5,321
1595.0,2,267,0,54,0,0,2,1,1,540,121,419,327,5,322
1596.0,3,270,0,54,0,0,2,1,0,541,121,420,330,6,324
1597.0,2,272,2,54,0,0,2,1,0,541,121,420,333,7,326
1598.0,2,275,2,54,0,0,2,1,0,541,121,420,336,7,329
1599.0,3,276,1,54,0,0,2,1,1,541,121,420,338,8,330
1600.0,3,277,0,54,1,0,2,1,1,541,121,420,339,8,331
1601.0,3,278,0,54,1,0,2,1,1,542,122,420,340,8,332
1602.0,3,279,0,54,0,0,2,1,1,543,123,420,340,7,333
1603.0,3,282,0,53,0,0,2,1,1,544,124,420,342,6,336
1604.0,3,285,0,53,0,0,2,1,0,545,125,420,344,5,339
1605.0,2,286,0,53,0,0,2,1,1,545,125,420,345,5,340
1606.0,1,291,1,53,0,0,2,1,0,546,125,421,349,5,344
1607.0,1,292,1,53,0,0,2,1,0,546,125,421,350,5,345
1608.0,2,294,0,53,0,0,2,1,1,546,125,421,353,6,347
1609.0,2,295,0,53,0,0,2,1,1,546,125,421,354,6,348
1610.0,1,297,1,52,1,0,2,1,1,546,125,421,356,6,350
1611.0,1,298,1,52,0,0,2,1,1,547,126,421,356,5,351
1612.0,1,298,0,52,0,0,2,1,1,548,127,421,355,4,351
1613.0,0,298,2,52,0,0,2,1,1,548,127,421,356,4,352
1614.0,1,298,1,52,0,0,2,1,1,549,127,422,356,5,351
1615.0,1,300,1,52,0,0,2,1,1,549,127,422,358,5,353
1616.0,1,302,1,52,0,0,2,1,0,550,128,422,359,4,355
1617.0,1,304,1,52,0,0,2,1,0,550,128,422,361,4,357
1618.0,0,306,0,53,0,0,2,1,1,550,128,422,363,4,359
1619.0,1,307,0,53,0,0,2,1,1,550,128,422,365,5,360
1620.0,0,310,1,52,0,0,2,1,1,551,129,422,367,4,363
1621.0,0,310,1,52,0,0,2,1,0,552,130,422,366,3,363
1622.0,0,311,1,52,0,0,2,1,0,552,130,422,367,3,364
1623.0,0,313,1,52,0,0,2,1,0,552,130,422,369,3,366
1624.0,0,312,1,52,0,0,2,1,1,552,130,422,369,3,366
1625.0,0,314,0,52,0,0,2,1,1,553,130,423,370,3,367
1626.0,0,315,0,52,0,0,2,1,0,554,131,423,370,2,368
1627.0,0,316,0,52,0,0,2,1,0,554,131,423,371,2,369
1628.0,0,317,0,53,0,0,2,1,0,554,131,423,373,2,371
1629.0,0,317,0,52,0,0,2,1,1,554,131,423,373,2,371
1630.0,0,319,0,52,0,0,2,1,1,554,131,423,375,2,373
1631.0,0,321,0,52,0,0,2,1,0,555,132,423,376,1,375
1632.0,0,322,0,52,0,0,2,1,1,555,132,423,378,2,376
1633.0,0,324,0,52,0,0,2,1,1,555,132,423,380,2,378
1634.0,1,326,0,52,0,0,2,1,0,556,132,424,382,3,379
1635.0,1,328,0,52,0,0,2,1,0,556,132,424,384,3,381
1636.0,1,329,0,51,0,0,2,1,1,556,132,424,385,3,382
1637.0,3,330,0,50,0,0,2,1,1,557,132,425,387,5,382
1638.0,4,330,0,50,0,0,2,1,1,557,132,425,388,6,382
1639.0,2,331,1,50,0,0,2,1,1,558,132,426,388,6,382
1640.0,2,332,1,50,0,0,2,1,0,559,132,427,388,6,382
1641.0,2,333,1,50,0,0,2,1,0,559,132,427,389,6,383
1642.0,2,334,1,50,0,0,2,1,0,559,132,427,390,6,384
1643.0,2,334,1,50,0,0,2,1,0,559,132,427,390,6,384
1644.0,1,334,2,50,0,0,2,1,0,559,132,427,390,6,384
1645.0,1,339,2,50,0,0,2,1,0,559,132,427,395,6,389
1646.0,2,340,2,50,0,0,2,1,0,559,132,427,397,7,390
1647.0,2,341,1,50,0,0,2,1,1,559,132,427,398,7,391
1648.0,1,344,2,50,0,0,2,1,1,559,132,427,401,7,394
1649.0,1,346,2,50,0,0,2,1,0,560,133,427,402,6,396
1650.0,1,348,2,50,0,0,2,1,0,560,133,427,404,6,398
1651.0,1,349,2,50,0,0,2,1,0,560,133,427,405,6,399
1652.0,0,348,4,50,0,0,2,1,0,560,133,427,405,6,399
1653.0,0,349,4,50,0,0,2,1,0,560,133,427,406,6,400
1654.0,0,353,3,50,0,0,2,1,1,560,133,427,410,6,404
1655.0,0,352,3,51,0,0,2,1,1,560,133,427,410,6,404
1656.0,0,353,3,51,1,0,2,1,1,560,133,427,412,6,406
1657.0,1,355,3,51,0,0,2,1,1,561,134,427,414,6,408
1658.0,1,357,3,51,0,0,2,1,0,562,135,427,415,5,410
1659.0,1,357,3,51,0,0,2,1,0,562,135,427,415,5,410
1660.0,0,358,2,52,0,0,2,1,1,562,135,427,416,5,411
1661.0,0,360,2,53,0,0,2,1,1,562,135,427,419,5,414
1662.0,0,362,2,53,0,0,2,1,0,563,136,427,420,4,416
1663.0,0,361,3,54,0,0,2,1,0,563,136,427,421,4,417
1664.0,0,363,2,54,0,0,2,1,1,563,136,427,423,4,419
1665.0,0,366,2,54,0,0,2,1,1,563,136,427,426,4,422
1666.0,0,368,2,54,0,0,2,1,0,564,137,427,427,3,424
1667.0,1,370,1,54,0,0,2,1,1,564,137,427,430,4,426
1668.0,0,371,1,55,0,0,2,1,1,564,137,427,431,4,427
1669.0,0,372,0,55,0,0,2,1,1,565,138,427,431,3,428
1670.0,0,375,0,55,0,0,2,1,0,566,139,427,433,2,431
1671.0,1,375,0,56,0,0,2,1,0,566,139,427,435,3,432
1672.0,1,375,0,55,0,0,2,1,1,566,139,427,435,3,432
1673.0,0,377,1,55,0,0,2,1,0,567,140,427,436,2,434
1674.0,0,381,0,55,0,0,2,1,1,567,140,427,440,2,438
1675.0,0,382,0,55,0,0,2,1,1,567,140,427,441,2,439
1676.0,0,383,0,55,0,0,2,1,0,568,140,428,441,2,439
1677.0,0,383,1,54,0,0,2,1,1,568,140,428,442,3,439
1678.0,0,385,1,54,0,0,2,1,0,569,141,428,443,2,441
1679.0,0,387,1,54,0,0,2,1,0,569,141,428,445,2,443
1680.0,0,392,1,54,0,0,2,1,0,569,141,428,450,2,448
1681.0,0,392,2,54,0,0,2,1,0,569,141,428,451,2,449
1682.0,0,391,1,55,0,0,2,1,1,569,141,428,451,2,449
1683.0,1,392,1,55,0,0,2,1,1,569,141,428,453,3,450
1684.0,1,394,0,55,0,0,2,1,1,570,141,429,454,3,451
1685.0,1,394,0,55,0,0,2,1,1,570,141,429,454,3,451
1686.0,0,396,0,55,0,0,2,1,1,571,142,429,455,2,453
1687.0,0,396,0,55,0,0,2,1,0,572,143,429,454,1,453
1688.0,0,399,0,55,0,0,2,1,0,572,143,429,457,1,456
1689.0,0,398,1,56,0,0,2,1,0,572,143,429,458,1,457
1690.0,0,401,1,56,0,0,2,1,0,572,143,429,461,1,460
1691.0,1,401,1,56,0,0,2,1,0,572,143,429,462,2,460
1692.0,1,403,0,56,0,0,2,1,1,572,143,429,464,2,462
1693.0,0,404,0,56,1,0,2,1,1,572,143,429,465,2,463
1694.0,0,406,0,56,1,0,2,1,1,572,143,429,467,2,465
1695.0,0,407,0,55,0,1,2,1,1,573,143,430,467,2,465
1696.0,0,407,0,56,0,0,2,1,1,574,144,430,467,2,465
1697.0,0,407,0,55,0,0,2,1,1,575,144,431,466,2,464
1698.0,0,410,0,55,0,0,2,1,1,575,144,431,469,2,467
1699.0,0,411,0,55,0,0,2,1,0,576,144,432,469,2,467
1700.0,0,410,1,55,0,0,2,1,0,576,144,432,469,2,467
1701.0,0,411,1,55,0,0,2,1,0,576,144,432,470,2,468
1702.0,0,411,1,55,0,0,2,1,0,576,144,432,470,2,468
1703.0,0,412,1,55,0,0,2,1,1,576,144,432,472,2,470
1704.0,0,412,1,55,0,0,2,1,1,576,144,432,472,2,470
1705.0,0,413,1,55,0,0,2,1,0,577,144,433,472,2,470
1706.0,0,413,0,56,0,0,2,1,1,577,144,433,473,2,471
1707.0,0,414,0,56,0,0,2,1,0,578,145,433,473,1,472
1708.0,0,413,0,57,0,0,2,1,0,578,145,433,473,1,472
1709.0,0,413,0,57,0,0,2,1,0,578,145,433,473,1,472
1710.0,0,414,0,57,0,0,2,1,1,578,145,433,475,1,474
1711.0,0,414,0,58,0,0,2,1,1,578,145,433,476,1,475
1712.0,1,417,0,58,0,0,2,1,0,579,146,433,479,1,478
1713.0,1,418,0,58,0,0,2,1,0,579,146,433,480,1,479
1714.0,0,418,0,58,0,0,2,1,1,579,146,433,480,1,479
1715.0,0,419,0,58,0,0,2,1,0,580,146,434,480,1,479
1716.0,0,418,0,58,0,0,2,1,1,580,146,434,480,1,479
1717.0,0,420,0,58,0,0,2,1,0,581,146,435,481,1,480
1718.0,0,422,0,58,0,0,2,1,0,581,146,435,483,1,482
1719.0,0,422,0,57,0,0,2,1,1,581,146,435,483,1,482
1720.0,0,421,1,58,0,0,2,1,1,581,146,435,484,1,483
1721.0,0,422,1,58,0,0,2,1,0,582,146,436,484,1,483
1722.0,0,422,1,58,0,0,2,1,0,582,146,436,484,1,483
1723.0,0,421,0,59,0,0,2,1,1,582,146,436,484,1,483
1724.0,0,424,0,59,0,0,2,1,1,582,146,436,487,1,486
1725.0,0,425,0,60,0,0,2,1,1,583,146,437,489,2,487
1726.0,0,426,0,60,0,0,2,1,1,583,146,437,490,2,488
1727.0,0,428,0,59,0,0,2,1,1,584,147,437,491,1,490
1728.0,0,431,0,59,0,0,2,1,0,585,147,438,493,1,492
1729.0,0,432,0,59,0,0,2,1,1,585,147,438,495,2,493
1730.0,1,432,0,59,0,0,2,1,0,586,147,439,495,3,492
1731.0,1,433,0,59,0,0,2,1,0,586,147,439,496,3,493
1732.0,1,435,0,59,0,0,2,1,1,586,147,439,499,4,495
1733.0,1,437,0,59,0,0,2,1,0,587,148,439,500,3,497
1734.0,0,437,1,59,0,0,2,1,0,587,148,439,500,3,497
1735.0,0,438,1,59,0,0,2,1,0,587,148,439,501,3,498
1736.0,1,439,1,59,0,0,2,1,1,587,148,439,504,4,500
1737.0,2,439,1,59,0,0,2,1,0,588,148,440,504,5,499
1738.0,1,441,2,59,1,0,2,0,0,588,148,440,506,5,501
1739.0,1,442,1,59,0,0,2,1,1,588,148,440,507,5,502
1740.0,1,444,1,59,0,0,1,1,1,589,149,440,508,4,504
1741.0,1,444,1,59,0,0,2,1,1,589,149,440,509,5,504
1742.0,2,444,0,59,0,0,2,1,1,590,150,440,509,5,504
1743.0,3,444,0,59,0,0,2,1,0,591,151,440,509,5,504
1744.0,2,445,1,58,0,0,2,1,1,591,151,440,510,5,505
1745.0,1,445,1,59,0,0,2,1,0,592,152,440,509,4,505
1746.0,1,446,0,59,0,0,2,1,1,592,152,440,510,4,506
1747.0,0,448,1,59,0,0,2,1,0,593,152,441,511,4,507
1748.0,0,448,1,59,0,0,2,1,0,593,152,441,511,4,507
1749.0,0,448,0,59,0,0,2,1,1,593,152,441,511,4,507
1750.0,0,448,0,59,0,0,2,1,0,594,153,441,510,3,507
1751.0,0,446,1,59,0,0,2,1,1,594,153,441,510,3,507
1752.0,0,446,1,59,0,0,2,1,0,595,154,441,509,2,507
1753.0,0,447,1,60,0,0,2,1,0,595,154,441,511,2,509
1754.0,0,447,0,60,0,0,2,1,1,595,154,441,511,2,509
1755.0,0,447,0,60,0,0,2,1,0,596,155,441,510,1,509
1756.0,0,447,0,59,0,0,2,1,1,596,155,441,510,1,509
1757.0,0,446,0,60,0,0,2,1,0,597,156,441,509,0,509
1758.0,0,446,0,60,0,0,2,1,1,597,156,441,510,0,510
1759.0,0,446,0,60,0,0,2,1,0,598,156,442,509,0,509
1760.0,0,447,0,59,0,0,2,1,1,598,156,442,510,0,510
1761.0,0,448,0,59,0,0,2,1,0,599,156,443,510,0,510
1762.0,0,447,0,60,0,0,2,1,0,599,156,443,510,0,510
1763.0,0,448,0,59,0,0,2,1,1,599,156,443,511,0,511
1764.0,0,448,0,60,0,0,2,1,0,600,156,444,511,0,511
1765.0,0,448,0,60,0,0,2,1,0,600,156,444,511,0,511
1766.0,0,447,0,61,0,0,2,1,1,600,156,444,512,0,512
1767.0,1,447,0,61,0,0,2,1,1,600,156,444,513,1,512
1768.0,1,448,0,61,0,0,2,1,0,601,156,445,513,1,512
1769.0,0,448,0,61,0,0,2,1,1,601,156,445,513,1,512
1770.0,0,448,0,61,0,0,2,1,0,602,156,446,512,1,511
1771.0,0,449,0,61,0,0,2,1,0,602,156,446,513,1,512
1772.0,0,449,0,60,0,0,2,1,1,602,156,446,513,1,512
1773.0,0,448,1,60,0,0,2,1,1,602,156,446,513,1,512
1774.0,0,448,0,60,0,0,2,1,1,603,156,447,512,1,511
1775.0,0,449,0,60,0,0,2,1,0,604,156,448,512,1,511
1776.0,0,448,0,60,0,0,2,1,1,604,156,448,512,1,511
1777.0,0,448,0,60,0,0,2,1,0,605,157,448,511,0,511
1778.0,0,449,0,61,0,0,2,1,0,605,157,448,513,0,513
1779.0,0,449,0,60,0,0,2,1,1,605,157,448,513,0,513
1780.0,0,449,0,60,0,0,2,1,0,606,157,449,512,0,512
1781.0,0,449,0,59,0,0,2,1,0,607,157,450,511,0,511
1782.0,0,449,0,59,0,0,2,1,0,607,157,450,511,0,511
1783.0,0,448,0,61,0,0,2,1,0,607,157,450,512,0,512
1784.0,1,448,0,61,0,0,2,1,0,607,157,450,513,1,512
1785.0,0,448,0,62,0,0,2,1,0,607,157,450,513,1,512
1786.0,0,447,0,62,0,0,2,1,1,607,157,450,513,1,512
1787.0,0,448,0,62,0,0,2,1,1,607,157,450,514,1,513
1788.0,0,449,0,62,0,0,2,1,1,607,157,450,515,1,514
1789.0,0,448,0,62,0,0,2,1,1,608,157,451,514,1,513
1790.0,0,449,0,62,0,0,2,1,0,609,157,452,514,1,513
1791.0,0,449,0,62,0,0,2,1,0,609,157,452,514,1,513
1792.0,0,449,0,61,0,0,2,1,1,609,157,452,514,1,513
1793.0,0,450,0,61,0,0,2,1,0,610,158,452,514,0,514
1794.0,0,450,0,60,0,0,2,1,1,610,158,452,514,0,514
1795.0,0,451,0,60,0,0,2,1,0,611,158,453,514,0,514
1796.0,0,450,0,60,0,0,2,1,1,611,158,453,514,0,514
1797.0,0,450,0,60,0,0,2,1,0,612,158,454,513,0,513
1798.0,0,451,0,59,0,0,2,1,1,612,158,454,514,0,514
1799.0,0,451,0,60,0,0,2,1,0,613,158,455,514,0,514
1800.0,0,451,0,59,0,0,2,1,1,613,158,455,514,0,514
1801.0,0,451,0,59,0,0,2,1,0,614,158,456,513,0,513
1802.0,0,451,0,59,0,0,2,1,0,614,158,456,513,0,513
1803.0,0,452,0,58,0,0,2,1,1,614,158,456,514,0,514
1804.0,0,450,0,60,0,0,2,1,0,615,158,457,513,0,513
1805.0,0,452,0,59,0,0,2,1,1,615,158,457,515,0,515
1806.0,0,452,0,59,0,0,2,1,1,615,158,457,515,0,515
1807.0,0,452,0,58,0,0,2,1,1,616,158,458,514,0,514
1808.0,0,452,0,57,0,0,2,1,1,617,158,459,513,0,513
1809.0,0,453,0,57,0,0,2,1,0,618,158,460,513,0,513
1810.0,0,454,0,57,0,0,2,1,0,618,158,460,514,0,514
1811.0,0,455,0,57,0,0,2,1,0,618,158,460,515,0,515
1812.0,0,454,0,58,0,0,2,1,0,618,158,460,515,0,515
1813.0,0,454,0,57,0,0,2,1,1,618,158,460,515,0,515
1814.0,0,454,0,57,0,0,2,1,0,619,158,461,514,0,514
1815.0,0,454,0,56,0,0,2,1,1,619,158,461,514,0,514
1816.0,0,454,0,57,0,0,2,1,1,619,158,461,515,0,515
1817.0,0,454,0,57,0,0,2,1,0,620,158,462,514,0,514
1818.0,0,454,0,57,0,0,2,1,0,620,158,462,514,0,514
1819.0,0,455,0,57,0,0,2,1,0,620,158,462,515,0,515
1820.0,0,455,0,57,0,0,2,1,0,620,158,462,515,0,515
1821.0,0,455,0,57,0,0,2,1,1,620,158,462,516,0,516
1822.0,0,455,0,57,0,0,2,1,1,620,158,462,516,0,516
1823.0,0,455,0,56,0,1,2,1,1,620,158,462,516,0,516
1824.0,0,456,0,56,0,0,2,1,1,621,158,463,516,0,516
1825.0,0,455,0,58,0,0,2,1,0,622,158,464,516,0,516
1826.0,0,458,0,57,0,0,2,1,1,622,158,464,519,0,519
1827.0,0,459,0,57,0,0,2,1,0,623,158,465,519,0,519
1828.0,0,457,0,59,0,0,2,1,0,623,158,465,519,0,519
1829.0,0,458,0,58,0,0,2,1,1,623,158,465,520,0,520
1830.0,0,457,0,59,0,0,2,1,1,623,158,465,520,0,520
1831.0,0,457,0,58,0,0,2,1,1,624,158,466,519,0,519
1832.0,1,456,0,59,0,0,2,1,1,624,158,466,520,1,519
1833.0,0,456,0,59,0,0,2,1,1,625,158,467,519,1,518
1834.0,0,456,0,59,0,0,2,1,0,626,158,468,518,1,517
1835.0,0,455,0,59,0,0,2,1,1,626,158,468,518,1,517
1836.0,0,455,0,59,0,0,2,1,1,626,158,468,518,1,517
1837.0,0,454,1,59,0,0,2,1,0,627,158,469,517,1,516
1838.0,0,455,1,59,0,0,2,1,0,627,158,469,518,1,517
1839.0,0,456,1,59,0,0,2,1,0,627,158,469,519,1,518
1840.0,0,456,0,59,0,0,2,1,1,627,158,469,519,1,518
1841.0,0,454,0,61,0,0,2,1,1,627,158,469,519,1,518
1842.0,0,455,0,61,0,0,2,1,0,628,158,470,519,1,518
1843.0,0,456,0,60,0,0,2,1,1,628,158,470,520,1,519
1844.0,0,456,0,60,0,0,2,1,0,629,159,470,519,0,519
1845.0,0,457,0,60,0,0,2,1,0,629,159,470,520,0,520
1846.0,0,458,0,60,0,0,2,1,0,629,159,470,521,0,521
1847.0,0,460,0,59,0,0,2,1,1,629,159,470,523,0,523
1848.0,0,460,0,59,0,0,2,1,1,629,159,470,523,0,523
1849.0,0,459,0,60,0,0,1,1,1,630,159,471,522,0,522
1850.0,0,458,0,60,0,0,2,1,0,631,159,472,521,0,521
1851.0,0,458,0,60,0,0,2,1,0,631,159,472,521,0,521
1852.0,0,457,0,60,0,0,2,1,1,631,159,472,521,0,521
1853.0,0,458,0,60,0,0,2,1,1,631,159,472,522,0,522
1854.0,0,458,0,60,0,0,2,1,0,632,159,473,521,0,521
1855.0,0,456,0,62,0,0,2,1,0,632,159,473,521,0,521
1856.0,1,456,0,62,0,0,2,1,0,632,159,473,522,1,521
1857.0,1,456,0,61,0,0,2,1,1,632,159,473,522,1,521
1858.0,0,456,0,62,0,0,2,1,0,633,159,474,521,1,520
1859.0,0,456,0,62,0,0,2,1,0,633,159,474,521,1,520
1860.0,0,455,0,62,0,0,2,1,1,633,159,474,521,1,520
1861.0,0,455,0,62,0,0,2,1,0,634,159,475,520,1,519
1862.0,1,454,1,61,0,0,2,1,1,634,159,475,521,2,519
1863.0,1,455,0,61,0,0,2,1,1,635,159,476,521,2,519
1864.0,1,456,0,61,0,0,2,1,1,635,159,476,522,2,520
1865.0,2,457,0,60,0,0,2,1,1,636,159,477,523,3,520
1866.0,1,458,0,61,0,0,2,1,1,636,159,477,524,3,521
1867.0,1,459,0,61,0,0,2,1,0,637,160,477,524,2,522
1868.0,1,459,0,60,0,0,2,1,1,637,160,477,524,2,522
1869.0,0,461,0,61,0,0,2,1,0,638,160,478,525,2,523
1870.0,0,460,1,61,0,0,2,1,0,638,160,478,525,2,523
1871.0,0,460,0,61,0,0,2,1,1,638,160,478,525,2,523
1872.0,0,460,0,61,0,0,2,1,0,639,160,479,524,2,522
1873.0,0,460,0,61,0,0,2,1,0,639,160,479,524,2,522
1874.0,0,460,0,62,0,0,2,1,1,639,160,479,526,2,524
1875.0,0,460,0,62,0,0,2,1,0,640,161,479,525,1,524
1876.0,0,460,0,61,0,0,2,1,1,640,161,479,525,1,524
1877.0,0,460,0,62,0,0,2,1,1,640,161,479,526,1,525
1878.0,0,460,0,62,0,0,2,1,0,641,162,479,525,0,525
1879.0,0,459,0,63,0,0,2,1,0,641,162,479,525,0,525
1880.0,0,461,0,62,0,0,2,1,1,641,162,479,527,0,527
1881.0,0,462,0,63,0,0,2,1,1,641,162,479,529,0,529
1882.0,0,462,0,62,0,0,2,1,1,642,162,480,528,0,528
1883.0,0,462,0,62,0,0,2,1,0,643,162,481,527,0,527
1884.0,1,462,0,62,0,0,2,1,0,643,162,481,528,1,527
1885.0,0,463,0,62,0,0,2,1,1,643,162,481,529,1,528
1886.0,0,465,0,62,0,0,2,1,0,644,162,482,530,1,529
1887.0,0,467,0,62,0,0,2,1,0,644,162,482,532,1,531
1888.0,0,469,0,61,0,0,2,1,1,644,162,482,534,1,533
1889.0,0,472,1,61,0,0,2,1,1,644,162,482,538,1,537
1890.0,0,473,1,61,0,0,2,1,0,645,162,483,538,1,537
1891.0,0,475,1,62,0,0,2,1,0,645,162,483,541,1,540
1892.0,0,476,1,63,0,0,2,1,0,645,162,483,543,1,542
1893.0,0,477,1,63,0,0,2,1,0,645,162,483,544,1,543
1894.0,1,479,0,63,0,0,2,1,1,645,162,483,547,2,545
1895.0,0,479,0,64,0,0,2,1,1,645,162,483,547,2,545
1896.0,0,482,0,63,0,0,2,1,1,646,162,484,549,2,547
1897.0,0,482,0,64,0,0,1,1,1,646,162,484,549,2,547
1898.0,1,485,0,63,0,0,2,1,1,647,163,484,553,2,551
1899.0,1,485,0,63,0,0,2,1,0,648,163,485,552,2,550
1900.0,1,485,1,63,0,0,1,1,0,648,163,485,552,2,550
1901.0,0,485,1,63,0,0,2,1,0,648,163,485,552,2,550
1902.0,0,484,0,64,0,0,2,1,1,648,163,485,552,2,550
1903.0,0,484,0,64,0,0,2,1,0,649,163,486,551,2,549
1904.0,0,483,1,64,0,0,2,1,0,649,163,486,551,2,549
1905.0,0,482,0,65,0,0,2,1,1,649,163,486,551,2,549
1906.0,0,482,0,65,0,0,2,1,1,649,163,486,551,2,549
1907.0,0,481,0,65,0,0,2,1,1,650,164,486,550,1,549
1908.0,0,481,0,65,0,0,2,1,1,650,164,486,550,1,549
1909.0,0,481,0,65,0,0,2,1,0,651,165,486,549,0,549
1910.0,0,481,0,64,0,0,2,1,1,651,165,486,549,0,549
1911.0,0,481,0,64,0,0,2,1,1,651,165,486,549,0,549
1912.0,0,481,0,64,0,0,2,1,0,652,165,487,548,0,548
1913.0,0,481,0,64,0,0,2,1,0,652,165,487,548,0,548
1914.0,0,481,0,63,0,0,2,1,1,652,165,487,548,0,548
1915.0,0,480,0,64,0,0,2,1,1,652,165,487,548,0,548
1916.0,0,480,0,63,0,0,2,1,1,653,165,488,547,0,547
1917.0,0,480,0,63,0,0,2,1,0,654,165,489,546,0,546
1918.0,0,479,0,63,0,0,2,1,1,654,165,489,546,0,546
1919.0,0,479,0,63,0,0,2,1,0,655,165,490,545,0,545
1920.0,0,478,0,63,0,0,2,1,1,655,165,490,545,0,545
1921.0,0,478,0,63,0,0,2,1,1,655,165,490,545,0,545
1922.0,0,477,0,64,0,0,2,1,0,656,165,491,544,0,544
1923.0,0,477,0,63,0,0,2,1,1,656,165,491,544,0,544
1924.0,0,477,0,63,0,0,2,1,0,657,165,492,543,0,543
1925.0,0,477,0,62,0,0,2,1,1,657,165,492,543,0,543
1926.0,0,476,0,63,0,0,2,1,0,658,165,493,542,0,542
1927.0,0,476,0,63,0,0,2,1,0,658,165,493,542,0,542
1928.0,0,476,0,62,0,0,2,1,1,658,165,493,542,0,542
1929.0,0,475,0,63,0,0,2,1,1,658,165,493,542,0,542
1930.0,0,475,0,63,0,0,2,1,0,659,165,494,541,0,541
1931.0,0,475,0,63,0,0,2,1,0,659,165,494,541,0,541
1932.0,0,475,0,62,0,0,2,1,1,659,165,494,541,0,541
1933.0,0,475,0,61,0,0,2,1,1,660,165,495,540,0,540
1934.0,0,474,0,62,0,0,2,1,0,661,165,496,539,0,539
1935.0,0,474,0,62,0,0,2,1,0,661,165,496,539,0,539
1936.0,0,474,0,62,0,0,2,1,0,661,165,496,539,0,539
1937.0,0,474,0,61,0,0,2,1,1,661,165,496,539,0,539
1938.0,0,473,0,62,0,0,2,1,0,662,165,497,538,0,538
1939.0,0,473,0,61,0,0,2,1,1,662,165,497,538,0,538
1940.0,0,472,0,62,0,0,2,1,0,663,165,498,537,0,537
1941.0,0,472,0,62,0,0,2,1,0,663,165,498,537,0,537
1942.0,0,472,0,61,0,0,2,1,1,663,165,498,537,0,537
1943.0,0,471,0,62,0,0,2,1,1,663,165,498,537,0,537
1944.0,0,471,0,62,0,0,2,1,0,664,165,499,536,0,536
1945.0,0,471,0,62,0,0,2,1,0,664,165,499,536,0,536
1946.0,0,470,0,62,0,0,2,1,1,664,165,499,536,0,536
1947.0,0,469,0,63,0,0,2,1,1,664,165,499,536,0,536
1948.0,0,469,0,62,0,0,2,1,1,665,165,500,535,0,535
1949.0,0,469,0,62,0,0,2,1,0,666,165,501,534,0,534
1950.0,0,467,0,64,0,0,2,1,0,666,165,501,534,0,534
1951.0,0,466,0,64,0,0,2,1,1,666,165,501,534,0,534
1952.0,0,466,0,64,0,0,2,1,0,667,165,502,533,0,533
1953.0,0,466,0,64,0,0,2,1,0,667,165,502,533,0,533
1954.0,0,465,0,64,0,0,2,1,1,667,165,502,533,0,533
1955.0,0,464,0,65,0,0,2,1,1,667,165,502,533,0,533
1956.0,0,464,0,65,0,0,2,1,0,668,165,503,532,0,532
1957.0,0,463,0,65,0,0,2,1,1,668,165,503,532,0,532
1958.0,0,463,0,65,0,0,2,1,1,668,165,503,532,0,532
1959.0,0,462,0,66,0,0,2,1,0,669,165,504,531,0,531
1960.0,0,462,0,65,0,0,2,1,1,669,165,504,531,0,531
1961.0,0,461,0,65,0,1,2,1,1,669,165,504,531,0,531
1962.0,0,461,0,65,0,0,2,1,1,670,165,505,530,0,530
1963.0,0,461,0,65,0,0,2,1,0,671,165,506,529,0,529
1964.0,0,461,0,64,0,0,2,1,1,671,165,506,529,0,529
1965.0,0,459,0,66,0,0,2,1,0,672,165,507,528,0,528
1966.0,0,459,0,65,0,0,2,1,1,672,165,507,528,0,528
1967.0,0,459,0,65,0,0,2,1,0,673,165,508,527,0,527
1968.0,0,459,0,65,0,0,2,1,0,673,165,508,527,0,527
1969.0,0,459,0,65,0,0,2,1,0,673,165,508,527,0,527
1970.0,0,457,0,67,0,0,2,1,0,673,165,508,527,0,527
1971.0,0,457,0,67,0,0,2,1,0,673,165,508,527,0,527
1972.0,0,457,0,66,0,0,2,1,1,673,165,508,527,0,527
1973.0,0,456,0,67,0,0,2,1,1,673,165,508,527,0,527
1974.0,0,456,0,67,0,0,2,1,0,674,165,509,526,0,526
1975.0,0,456,0,66,0,0,2,1,1,674,165,509,526,0,526
1976.0,0,456,0,66,0,0,2,1,0,675,165,510,525,0,525
1977.0,0,456,0,66,0,0,2,1,0,675,165,510,525,0,525
1978.0,0,456,0,65,0,0,2,1,1,675,165,510,525,0,525
1979.0,0,455,0,66,0,0,2,1,1,675,165,510,525,0,525
1980.0,0,454,0,67,0,0,2,1,0,676,165,511,524,0,524
1981.0,0,454,0,66,0,0,2,1,1,676,165,511,524,0,524
1982.0,0,454,0,66,0,0,2,1,0,677,165,512,523,0,523
1983.0,0,454,0,65,0,0,2,1,1,677,165,512,523,0,523
1984.0,0,452,0,67,0,0,2,1,0,678,165,513,522,0,522
1985.0,0,452,0,67,0,0,2,1,0,678,165,513,522,0,522
1986.0,0,451,0,67,0,0,2,1,1,678,165,513,522,0,522
1987.0,0,451,0,67,0,0,2,1,0,679,165,514,521,0,521
1988.0,0,451,0,67,0,0,2,1,0,679,165,514,521,0,521
1989.0,0,451,0,67,0,0,2,1,0,679,165,514,521,0,521
1990.0,0,451,0,67,0,0,2,1,0,679,165,514,521,0,521
1991.0,0,450,0,67,0,0,2,1,1,679,165,514,521,0,521
1992.0,0,450,0,67,0,0,2,1,0,680,165,515,520,0,520
1993.0,0,450,0,66,0,0,2,1,1,680,165,515,520,0,520
1994.0,0,450,0,66,0,0,2,1,1,680,165,515,520,0,520
1995.0,0,449,0,66,0,0,2,1,1,681,165,516,519,0,519
1996.0,0,449,0,66,0,0,2,1,0,682,165,517,518,0,518
1997.0,0,448,0,67,0,0,2,1,0,682,165,517,518,0,518
1998.0,0,448,0,67,0,0,2,1,0,682,165,517,518,0,518
1999.0,0,448,0,67,0,0,2,1,0,682,165,517,518,0,518
2000.0,0,447,0,68,0,0,2,1,0,682,165,517,518,0,518
2001.0,0,447,0,68,0,0,2,1,0,682,165,517,518,0,518
2002.0,0,447,0,67,0,0,2,1,1,682,165,517,518,0,518
2003.0,0,445,0,69,0,0,2,1,1,682,165,517,518,0,518
2004.0,0,445,0,69,0,0,2,1,1,682,165,517,518,0,518
2005.0,0,445,0,69,0,0,2,1,0,683,165,518,517,0,517
2006.0,0,445,0,68,0,0,2,1,1,683,165,518,517,0,517
2007.0,0,445,0,68,0,0,2,1,0,684,165,519,516,0,516
2008.0,0,445,0,68,0,0,2,1,0,684,165,519,516,0,516
2009.0,0,444,0,68,0,0,2,1,1,684,165,519,516,0,516
2010.0,0,444,0,68,0,0,2,1,1,684,165,519,516,0,516
2011.0,0,444,0,68,0,0,2,1,1,684,165,519,516,0,516
2012.0,0,444,0,67,0,0,2,1,1,685,165,520,515,0,515
2013.0,0,443,0,68,0,0,2,1,1,685,165,520,515,0,515
2014.0,0,443,0,68,0,0,2,1,0,686,165,521,514,0,514
2015.0,0,442,0,69,0,0,2,1,0,686,165,521,514,0,514
2016.0,0,441,0,70,0,0,2,1,0,686,165,521,514,0,514
2017.0,0,440,0,71,0,0,2,1,0,686,165,521,514,0,514
2018.0,0,440,0,71,0,0,2,1,0,686,165,521,514,0,514
2019.0,0,440,0,70,0,0,2,1,1,686,165,521,514,0,514
2020.0,0,440,0,70,0,0,2,1,1,686,165,521,514,0,514
2021.0,0,440,0,69,0,1,2,1,1,686,165,521,514,0,514
2022.0,0,439,0,70,0,0,2,1,1,687,165,522,513,0,513
2023.0,0,438,0,70,0,0,2,1,1,688,165,523,512,0,512
2024.0,0,438,0,70,0,0,2,1,1,688,165,523,512,0,512
2025.0,0,437,0,71,0,0,2,1,0,689,165,524,511,0,511
2026.0,0,437,0,70,0,0,2,1,1,689,165,524,511,0,511
2027.0,0,437,0,69,0,1,2,1,1,689,165,524,511,0,511
2028.0,0,436,0,70,0,0,2,1,0,691,165,526,509,0,509
2029.0,0,435,0,71,0,0,2,1,0,691,165,526,509,0,509
2030.0,0,435,0,70,0,0,2,1,1,691,165,526,509,0,509
2031.0,0,435,0,69,0,0,2,1,1,692,165,527,508,0,508
2032.0,0,434,0,70,0,0,2,1,1,692,165,527,508,0,508
2033.0,0,434,0,69,0,0,2,1,1,693,165,528,507,0,507
2034.0,0,433,0,70,0,0,2,1,0,694,165,529,506,0,506
2035.0,0,433,0,70,0,0,2,1,0,694,165,529,506,0,506
2036.0,0,432,0,71,0,0,2,1,0,694,165,529,506,0,506
2037.0,0,431,0,72,0,0,2,1,0,694,165,529,506,0,506
2038.0,0,431,0,71,0,0,2,1,1,694,165,529,506,0,506
2039.0,0,431,0,71,0,0,2,1,0,695,165,530,505,0,505
2040.0,0,430,0,71,0,0,2,1,1,695,165,530,505,0,505
2041.0,0,430,0,71,0,0,2,1,0,696,165,531,504,0,504
2042.0,0,430,0,71,0,0,2,1,0,696,165,531,504,0,504
2043.0,0,428,0,72,0,0,2,1,1,696,165,531,504,0,504
2044.0,0,428,0,72,0,0,2,1,1,696,165,531,504,0,504
2045.0,0,428,0,72,0,0,2,1,0,697,165,532,503,0,503
2046.0,0,428,0,72,0,0,2,1,0,697,165,532,503,0,503
2047.0,0,428,0,71,0,0,2,1,1,697,165,532,503,0,503
2048.0,0,427,0,72,0,0,2,1,1,697,165,532,503,0,503
2049.0,0,427,0,71,0,0,2,1,1,698,165,533,502,0,502
2050.0,0,426,0,72,0,0,2,1,0,699,165,534,501,0,501
2051.0,0,426,0,71,0,0,2,1,1,699,165,534,501,0,501
2052.0,0,426,0,71,0,0,2,1,0,700,165,535,500,0,500
2053.0,0,424,0,72,0,0,2,1,1,700,165,535,500,0,500
2054.0,0,424,0,72,0,0,2,1,1,700,165,535,500,0,500
2055.0,0,424,0,71,0,0,2,1,1,701,165,536,499,0,499
2056.0,0,424,0,71,0,0,2,1,0,702,165,537,498,0,498
2057.0,0,424,0,70,0,0,2,1,1,702,165,537,498,0,498
2058.0,0,424,0,70,0,0,2,1,1,702,165,537,498,0,498
2059.0,0,424,0,70,0,0,2,1,0,703,165,538,497,0,497
2060.0,0,424,0,69,0,0,2,1,1,703,165,538,497,0,497
2061.0,0,423,0,70,0,0,2,1,0,704,165,539,496,0,496
2062.0,0,422,0,71,0,0,2,1,0,704,165,539,496,0,496
2063.0,0,422,0,71,0,0,2,1,0,704,165,539,496,0,496
2064.0,0,422,0,70,0,0,2,1,1,704,165,539,496,0,496
2065.0,0,422,0,70,0,0,2,1,1,704,165,539,496,0,496
2066.0,0,421,0,71,0,0,2,1,1,704,165,539,496,0,496
2067.0,0,421,0,70,0,0,2,1,1,705,165,540,495,0,495
2068.0,0,421,0,70,0,0,2,1,0,706,165,541,494,0,494
2069.0,0,420,0,70,0,0,2,1,1,706,165,541,494,0,494
2070.0,0,420,0,70,0,0,2,1,0,707,165,542,493,0,493
2071.0,0,420,0,69,0,0,2,1,1,707,165,542,493,0,493
2072.0,0,420,0,69,0,0,2,1,0,708,165,543,492,0,492
2073.0,0,419,0,69,0,0,2,1,1,708,165,543,492,0,492
2074.0,0,419,0,69,0,0,2,1,1,708,165,543,492,0,492
2075.0,0,419,0,68,0,0,2,1,1,709,165,544,491,0,491
2076.0,0,419,0,68,0,0,2,1,0,710,165,545,490,0,490
2077.0,0,418,0,69,0,0,2,1,0,710,165,545,490,0,490
2078.0,0,418,0,69,0,0,2,1,0,710,165,545,490,0,490
2079.0,0,417,0,70,0,0,2,1,0,710,165,545,490,0,490
2080.0,0,416,0,70,0,0,2,1,1,710,165,545,490,0,490
2081.0,0,416,0,70,0,0,2,1,1,710,165,545,490,0,490
2082.0,0,416,0,69,0,1,2,1,1,710,165,545,490,0,490
2083.0,0,416,0,69,0,0,2,1,1,711,165,546,489,0,489
2084.0,0,415,0,70,0,0,2,1,0,712,165,547,488,0,488
2085.0,0,415,0,69,0,0,2,1,1,712,165,547,488,0,488
2086.0,0,415,0,69,0,0,2,1,1,712,165,547,488,0,488
2087.0,0,415,0,68,0,0,2,1,1,713,165,548,487,0,487
2088.0,0,415,0,68,0,0,2,1,0,714,165,549,486,0,486
2089.0,0,415,0,67,0,0,2,1,1,714,165,549,486,0,486
2090.0,0,415,0,67,0,0,2,1,0,715,165,550,485,0,485
2091.0,0,414,0,68,0,0,2,1,0,715,165,550,485,0,485
2092.0,0,414,0,67,0,0,2,1,1,715,165,550,485,0,485
2093.0,0,414,0,67,0,1,2,0,0,716,165,551,484,0,484
2094.0,0,413,0,67,0,0,2,1,0,717,165,552,483,0,483
2095.0,0,413,0,67,0,0,2,1,0,717,165,552,483,0,483
2096.0,0,412,0,68,0,0,2,1,0,717,165,552,483,0,483
2097.0,0,412,0,68,0,0,2,1,0,717,165,552,483,0,483
2098.0,0,412,0,67,0,0,2,1,1,717,165,552,483,0,483
2099.0,0,412,0,66,0,1,2,1,1,717,165,552,483,0,483
2100.0,0,412,0,66,0,0,2,1,1,718,165,553,482,0,482
2101.0,0,411,0,67,0,0,2,1,0,719,165,554,481,0,481
2102.0,0,411,0,67,0,0,2,1,0,719,165,554,481,0,481
2103.0,0,410,0,68,0,0,2,1,0,719,165,554,481,0,481
2104.0,0,409,0,69,0,0,2,1,0,719,165,554,481,0,481
2105.0,0,409,0,69,0,0,2,1,0,719,165,554,481,0,481
2106.0,0,409,0,69,0,0,2,1,0,719,165,554,481,0,481
2107.0,0,408,0,69,0,0,2,1,1,719,165,554,481,0,481
2108.0,0,408,0,69,0,0,2,1,1,719,165,554,481,0,481
2109.0,0,408,0,69,0,0,2,1,0,720,165,555,480,0,480
2110.0,0,408,0,68,0,0,2,1,1,720,165,555,480,0,480
2111.0,0,408,0,68,0,0,2,1,0,721,165,556,479,0,479
2112.0,0,407,0,69,0,0,2,1,0,721,165,556,479,0,479
2113.0,0,407,0,69,0,0,2,1,0,721,165,556,479,0,479
2114.0,0,407,0,68,0,0,2,1,1,721,165,556,479,0,479
2115.0,0,407,0,68,0,0,2,1,0,722,165,557,478,0,478
2116.0,0,407,0,68,0,0,2,1,0,722,165,557,478,0,478
2117.0,0,406,0,68,0,0,2,1,1,722,165,557,478,0,478
2118.0,0,406,0,68,0,0,2,1,0,723,165,558,477,0,477
2119.0,0,406,0,67,0,0,2,1,1,723,165,558,477,0,477
2120.0,0,406,0,67,0,0,2,1,0,724,165,559,476,0,476
2121.0,0,405,0,68,0,0,2,1,0,724,165,559,476,0,476
2122.0,0,405,0,68,0,0,2,1,0,724,165,559,476,0,476
2123.0,0,405,0,67,0,0,2,1,1,724,165,559,476,0,476
2124.0,0,404,0,68,0,0,2,1,0,725,165,560,475,0,475
2125.0,0,404,0,67,0,0,2,1,1,725,165,560,475,0,475
2126.0,0,404,0,67,0,0,2,1,1,725,165,560,475,0,475
2127.0,0,404,0,66,0,0,2,1,1,726,165,561,474,0,474
2128.0,0,404,0,66,0,0,2,1,0,727,165,562,473,0,473
2129.0,0,404,0,66,0,0,2,1,0,727,165,562,473,0,473
2130.0,0,402,0,67,0,0,2,1,1,727,165,562,473,0,473
2131.0,0,402,0,67,0,0,2,1,0,728,165,563,472,0,472
2132.0,0,402,0,66,0,0,2,1,1,728,165,563,472,0,472
2133.0,0,402,0,65,0,0,2,1,1,729,165,564,471,0,471
2134.0,0,401,0,66,0,0,2,1,0,730,165,565,470,0,470
2135.0,0,401,0,66,0,0,2,1,0,730,165,565,470,0,470
2136.0,0,401,0,65,0,0,2,1,1,730,165,565,470,0,470
2137.0,0,401,0,64,0,0,2,1,1,731,165,566,469,0,469
2138.0,0,401,0,64,0,0,2,1,0,732,165,567,468,0,468
2139.0,0,400,0,64,0,0,2,1,1,732,165,567,468,0,468
2140.0,0,400,0,64,0,0,2,1,0,733,165,568,467,0,467
2141.0,0,400,0,64,0,0,2,1,0,733,165,568,467,0,467
2142.0,0,399,0,64,0,0,2,1,1,733,165,568,467,0,467
2143.0,0,398,0,65,0,0,2,1,1,733,165,568,467,0,467
2144.0,0,398,0,65,0,0,2,1,0,734,165,569,466,0,466
2145.0,0,397,0,65,0,0,2,1,1,734,165,569,466,0,466
2146.0,0,397,0,65,0,0,2,1,0,735,165,570,465,0,465
2147.0,0,396,0,65,0,0,2,1,1,735,165,570,465,0,465
2148.0,0,396,0,65,0,0,2,1,0,736,165,571,464,0,464
2149.0,0,396,0,64,0,0,2,1,1,736,165,571,464,0,464
2150.0,0,395,0,65,0,0,2,1,0,737,165,572,463,0,463
2151.0,0,395,0,65,0,0,2,1,0,737,165,572,463,0,463
2152.0,0,395,0,64,0,0,2,1,1,737,165,572,463,0,463
2153.0,0,393,0,66,0,0,2,1,1,737,165,572,463,0,463
2154.0,0,393,0,65,0,0,2,1,1,738,165,573,462,0,462
2155.0,0,393,0,65,0,0,2,1,0,739,165,574,461,0,461
2156.0,0,393,0,65,0,1,2,0,0,739,165,574,461,0,461
2157.0,0,393,0,64,0,0,2,1,1,739,165,574,461,0,461
2158.0,0,392,0,65,0,0,2,1,0,740,165,575,460,0,460
2159.0,0,392,0,65,0,0,2,1,0,740,165,575,460,0,460
2160.0,0,392,0,65,0,0,2,1,0,740,165,575,460,0,460
2161.0,0,391,0,65,0,0,2,1,1,740,165,575,460,0,460
2162.0,0,390,0,66,0,0,2,1,1,740,165,575,460,0,460
2163.0,0,390,0,66,0,0,2,1,0,741,165,576,459,0,459
2164.0,0,390,0,65,0,0,2,1,1,741,165,576,459,0,459
2165.0,0,390,0,65,0,0,2,1,0,742,165,577,458,0,458
2166.0,0,389,0,66,0,0,2,1,0,742,165,577,458,0,458
2167.0,0,389,0,66,0,0,2,1,0,742,165,577,458,0,458
2168.0,0,388,0,67,0,0,2,1,0,742,165,577,458,0,458
2169.0,0,387,0,67,0,0,2,1,1,742,165,577,458,0,458
2170.0,0,387,0,67,0,0,2,1,0,743,165,578,457,0,457
2171.0,0,387,0,66,0,0,2,1,1,743,165,578,457,0,457
2172.0,0,387,0,66,0,0,2,1,0,744,165,579,456,0,456
2173.0,0,387,0,66,0,0,2,1,0,744,165,579,456,0,456
2174.0,0,385,0,67,0,0,2,1,1,744,165,579,456,0,456
2175.0,0,385,0,67,0,0,2,1,0,745,165,580,455,0,455
2176.0,0,384,0,67,0,0,2,1,1,745,165,580,455,0,455
2177.0,0,384,0,67,0,0,2,1,0,746,165,581,454,0,454
2178.0,0,383,0,67,0,0,2,1,1,746,165,581,454,0,454
2179.0,0,383,0,67,0,0,2,1,0,747,165,582,453,0,453
2180.0,0,383,0,66,0,0,2,1,1,747,165,582,453,0,453
2181.0,0,382,0,67,0,0,2,1,0,748,165,583,452,0,452
2182.0,0,381,0,67,0,0,2,1,1,748,165,583,452,0,452
2183.0,0,381,0,67,0,0,2,1,0,749,165,584,451,0,451
2184.0,0,380,0,68,0,0,2,1,0,749,165,584,451,0,451
2185.0,0,380,0,68,0,0,2,1,0,749,165,584,451,0,451
2186.0,0,380,0,68,0,0,2,1,0,749,165,584,451,0,451
2187.0,0,379,0,69,0,0,2,1,0,749,165,584,451,0,451
2188.0,0,379,0,69,0,0,2,1,0,749,165,584,451,0,451
2189.0,0,378,0,69,0,0,2,1,1,749,165,584,451,0,451
2190.0,0,377,0,70,0,0,2,1,1,749,165,584,451,0,451
2191.0,0,377,0,69,0,0,2,1,1,750,165,585,450,0,450
2192.0,0,377,0,69,0,0,2,1,1,750,165,585,450,0,450
2193.0,0,376,0,69,0,0,2,1,1,751,165,586,449,0,449
2194.0,0,376,0,69,0,0,2,1,0,752,165,587,448,0,448
2195.0,0,376,0,69,0,0,2,1,0,752,165,587,448,0,448
2196.0,0,376,0,68,0,0,2,1,1,752,165,587,448,0,448
2197.0,0,376,0,68,0,0,2,1,0,753,165,588,447,0,447
2198.0,0,376,0,68,0,0,2,1,0,753,165,588,447,0,447
2199.0,0,376,0,67,0,0,2,1,1,753,165,588,447,0,447
2200.0,0,375,0,68,0,0,2,1,0,754,165,589,446,0,446
2201.0,0,375,0,68,0,0,2,1,0,754,165,589,446,0,446
2202.0,0,375,0,67,0,0,2,1,1,754,165,589,446,0,446
2203.0,0,374,0,68,0,0,2,1,1,754,165,589,446,0,446
2204.0,0,374,0,67,0,0,2,1,1,755,165,590,445,0,445
2205.0,0,374,0,67,0,0,2,1,1,755,165,590,445,0,445
2206.0,0,373,0,67,0,0,2,1,1,756,165,591,444,0,444
2207.0,0,372,0,67,0,0,2,1,1,757,165,592,443,0,443
2208.0,0,372,0,67,0,0,2,1,0,758,165,593,442,0,442
2209.0,0,372,0,67,0,0,2,1,0,758,165,593,442,0,442
2210.0,0,371,0,67,0,0,2,1,1,758,165,593,442,0,442
2211.0,0,370,0,68,0,0,2,1,0,759,165,594,441,0,441
2212.0,0,370,0,68,0,0,2,1,0,759,165,594,441,0,441
2213.0,0,370,0,68,0,0,2,1,0,759,165,594,441,0,441
2214.0,0,370,0,67,0,0,2,1,1,759,165,594,441,0,441
2215.0,0,369,0,68,0,0,2,1,1,759,165,594,441,0,441
2216.0,0,369,0,67,0,0,2,1,1,760,165,595,440,0,440
2217.0,0,368,0,68,0,0,2,1,0,761,165,596,439,0,439
2218.0,0,368,0,67,0,0,2,1,1,761,165,596,439,0,439
2219.0,0,367,0,67,0,0,2,1,1,762,165,597,438,0,438
2220.0,0,366,0,68,0,0,2,1,0,763,165,598,437,0,437
2221.0,0,366,0,67,0,0,2,1,1,763,165,598,437,0,437
2222.0,0,366,0,68,0,0,1,1,0,764,165,599,436,0,436
2223.0,0,365,0,67,0,0,2,1,1,764,165,599,436,0,436
2224.0,0,365,0,67,0,0,2,1,0,765,165,600,435,0,435
2225.0,0,365,0,66,0,0,2,1,1,765,165,600,435,0,435
2226.0,0,365,0,66,0,0,2,1,0,766,165,601,434,0,434
2227.0,0,363,0,67,0,0,2,1,1,766,165,601,434,0,434
2228.0,0,363,0,66,0,0,2,1,1,767,165,602,433,0,433
2229.0,0,363,0,66,0,0,2,1,1,767,165,602,433,0,433
2230.0,0,362,0,67,0,0,2,1,0,768,165,603,432,0,432
2231.0,0,362,0,66,0,0,2,1,1,768,165,603,432,0,432
2232.0,0,362,0,66,0,0,2,1,1,768,165,603,432,0,432
2233.0,0,361,0,66,0,0,2,1,1,769,165,604,431,0,431
2234.0,0,361,0,66,0,0,2,1,0,770,165,605,430,0,430
2235.0,0,360,0,66,0,0,2,1,1,770,165,605,430,0,430
2236.0,0,360,0,66,0,0,2,1,1,770,165,605,430,0,430
2237.0,0,360,0,66,0,0,2,1,0,771,165,606,429,0,429
2238.0,0,360,0,66,0,0,2,1,0,771,165,606,429,0,429
2239.0,0,360,0,66,0,0,2,1,0,771,165,606,429,0,429
2240.0,0,360,0,65,0,0,2,1,1,771,165,606,429,0,429
2241.0,0,358,0,67,0,0,2,1,1,771,165,606,429,0,429
2242.0,0,358,0,66,0,0,2,1,1,772,165,607,428,0,428
2243.0,0,358,0,66,0,0,2,1,0,773,165,608,427,0,427
2244.0,0,357,0,66,0,0,2,1,1,773,165,608,427,0,427
2245.0,0,357,0,66,0,0,2,1,1,773,165,608,427,0,427
2246.0,0,357,0,66,0,0,2,1,0,774,165,609,426,0,426
2247.0,0,357,0,66,0,0,2,1,0,774,165,609,426,0,426
2248.0,0,357,0,66,0,0,2,1,0,774,165,609,426,0,426
2249.0,0,355,0,67,0,0,2,1,1,774,165,609,426,0,426
2250.0,0,355,0,67,0,0,2,1,1,774,165,609,426,0,426
2251.0,0,355,0,67,0,0,2,1,0,775,165,610,425,0,425
2252.0,0,355,0,66,0,0,2,1,1,775,165,610,425,0,425
2253.0,0,355,0,66,0,0,2,1,0,776,165,611,424,0,424
2254.0,0,353,0,68,0,0,2,1,0,776,165,611,424,0,424
2255.0,0,353,0,67,0,0,2,1,1,776,165,611,424,0,424
2256.0,0,353,0,67,0,0,2,1,1,776,165,611,424,0,424
2257.0,0,353,0,66,0,0,2,1,1,777,165,612,423,0,423
2258.0,0,353,0,66,0,0,2,1,1,777,165,612,423,0,423
2259.0,0,353,0,66,0,0,2,1,0,778,165,613,422,0,422
2260.0,0,352,0,67,0,0,2,1,0,778,165,613,422,0,422
2261.0,0,352,0,66,0,0,2,1,1,778,165,613,422,0,422
2262.0,0,352,0,66,0,0,2,1,0,779,165,614,421,0,421
2263.0,0,351,0,66,0,0,2,1,1,779,165,614,421,0,421
2264.0,0,351,0,65,0,0,2,1,1,780,165,615,420,0,420
2265.0,0,351,0,65,0,0,2,1,0,781,165,616,419,0,419
2266.0,0,351,0,65,0,0,2,1,0,781,165,616,419,0,419
2267.0,0,350,0,66,0,0,2,1,0,781,165,616,419,0,419
2268.0,0,350,0,66,0,0,2,1,0,781,165,616,419,0,419
2269.0,0,349,0,67,0,0,2,1,0,781,165,616,419,0,419
2270.0,0,349,0,67,0,0,2,1,0,781,165,616,419,0,419
2271.0,0,349,0,66,0,0,2,1,1,781,165,616,419,0,419
2272.0,0,349,0,66,0,0,2,1,1,781,165,616,419,0,419
2273.0,0,349,0,66,0,0,2,1,1,781,165,616,419,0,419
2274.0,0,348,0,66,0,0,2,1,1,782,165,617,418,0,418
2275.0,0,347,0,67,0,0,2,1,1,782,165,617,418,0,418
2276.0,0,347,0,67,0,0,2,1,0,783,165,618,417,0,417
2277.0,0,347,0,67,0,0,2,1,0,783,165,618,417,0,417
2278.0,0,347,0,66,0,0,2,1,1,783,165,618,417,0,417
2279.0,0,347,0,66,0,0,2,1,0,784,165,619,416,0,416
2280.0,0,347,0,66,0,0,2,1,0,784,165,619,416,0,416
2281.0,0,347,0,66,0,0,2,1,0,784,165,619,416,0,416
2282.0,0,345,0,68,0,0,2,1,0,784,165,619,416,0,416
2283.0,0,345,0,68,0,0,2,1,0,784,165,619,416,0,416
2284.0,0,345,0,68,0,0,2,1,0,784,165,619,416,0,416
2285.0,0,345,0,67,0,0,2,1,1,784,165,619,416,0,416
2286.0,0,344,0,68,0,0,2,1,1,784,165,619,416,0,416
2287.0,0,344,0,68,0,0,2,1,0,785,165,620,415,0,415
2288.0,0,344,0,67,0,0,2,1,1,785,165,620,415,0,415
2289.0,0,344,0,67,0,0,2,1,1,785,165,620,415,0,415
2290.0,0,344,0,67,0,0,2,1,0,786,165,621,414,0,414
2291.0,0,343,0,68,0,0,2,1,0,786,165,621,414,0,414
2292.0,0,343,0,67,0,0,2,1,1,786,165,621,414,0,414
2293.0,0,343,0,67,0,0,2,1,1,786,165,621,414,0,414
2294.0,0,342,0,68,0,0,2,1,0,787,165,622,413,0,413
2295.0,0,342,0,67,0,0,2,1,1,787,165,622,413,0,413
2296.0,0,342,0,67,0,0,2,1,0,788,165,623,412,0,412
2297.0,0,342,0,66,0,0,2,1,1,788,165,623,412,0,412
2298.0,0,342,0,66,0,0,2,1,0,789,165,624,411,0,411
2299.0,0,341,0,66,0,0,2,1,1,789,165,624,411,0,411
2300.0,0,341,0,66,0,0,2,1,1,789,165,624,411,0,411
2301.0,0,341,0,66,0,0,2,1,0,790,165,625,410,0,410
2302.0,0,341,0,66,0,0,2,1,0,790,165,625,410,0,410
2303.0,0,340,0,67,0,0,2,1,0,790,165,625,410,0,410
2304.0,0,340,0,66,0,0,2,1,1,790,165,625,410,0,410
2305.0,0,340,0,66,0,0,2,1,1,790,165,625,410,0,410
2306.0,0,339,0,67,0,0,2,1,0,791,165,626,409,0,409
2307.0,0,339,0,67,0,0,2,1,0,791,165,626,409,0,409
2308.0,0,339,0,67,0,0,2,1,0,791,165,626,409,0,409
2309.0,0,338,0,68,0,0,2,1,0,791,165,626,409,0,409
2310.0,0,337,0,68,0,0,2,1,1,791,165,626,409,0,409
2311.0,0,337,0,67,0,1,2,1,1,791,165,626,409,0,409
2312.0,0,337,0,67,0,1,2,1,1,791,165,626,409,0,409
2313.0,0,336,0,68,0,0,2,1,1,792,165,627,408,0,408
2314.0,0,335,0,69,0,0,2,1,0,793,165,628,407,0,407
2315.0,0,335,0,68,0,0,2,1,1,793,165,628,407,0,407
2316.0,0,335,0,68,0,0,2,1,0,794,165,629,406,0,406
2317.0,0,335,0,67,0,0,2,1,1,794,165,629,406,0,406
2318.0,0,335,0,67,0,0,2,1,0,795,165,630,405,0,405
2319.0,0,334,0,68,0,0,2,1,0,795,165,630,405,0,405
2320.0,0,334,0,68,0,0,2,1,0,795,165,630,405,0,405
2321.0,0,334,0,68,0,0,2,1,0,795,165,630,405,0,405
2322.0,0,333,0,69,0,0,2,1,0,795,165,630,405,0,405
2323.0,0,333,0,68,0,0,2,1,1,795,165,630,405,0,405
2324.0,0,333,0,68,0,0,2,1,1,795,165,630,405,0,405
2325.0,0,332,0,69,0,0,2,1,1,795,165,630,405,0,405
2326.0,0,332,0,68,0,0,2,1,1,796,165,631,404,0,404
2327.0,0,332,0,68,0,1,2,0,0,797,165,632,403,0,403
2328.0,0,331,0,68,0,0,2,1,1,797,165,632,403,0,403
2329.0,0,331,0,68,0,0,2,1,0,798,165,633,402,0,402
2330.0,0,331,0,68,0,0,2,1,0,798,165,633,402,0,402
2331.0,0,330,0,69,0,0,2,1,0,798,165,633,402,0,402
2332.0,0,330,0,69,0,0,2,1,0,798,165,633,402,0,402
2333.0,0,330,0,68,0,0,2,1,1,798,165,633,402,0,402
2334.0,0,329,0,69,0,0,2,1,1,798,165,633,402,0,402
2335.0,0,329,0,69,0,0,2,1,1,798,165,633,402,0,402
2336.0,0,329,0,68,0,0,2,1,1,799,165,634,401,0,401
2337.0,0,328,0,69,0,0,2,1,1,799,165,634,401,0,401
2338.0,0,328,0,68,0,0,2,1,1,800,165,635,400,0,400
2339.0,0,328,0,67,0,0,2,1,1,801,165,636,399,0,399
2340.0,0,328,0,67,0,0,2,1,0,802,165,637,398,0,398
2341.0,0,328,0,67,0,0,2,1,0,802,165,637,398,0,398
2342.0,0,327,0,68,0,0,2,1,0,802,165,637,398,0,398
2343.0,0,326,0,68,0,0,2,1,1,802,165,637,398,0,398
2344.0,0,326,0,67,0,0,2,1,1,803,165,638,397,0,397
2345.0,0,326,0,67,0,0,2,1,1,803,165,638,397,0,397
2346.0,0,326,0,67,0,0,2,1,0,804,165,639,396,0,396
2347.0,0,324,0,68,0,0,2,1,1,804,165,639,396,0,396
2348.0,0,324,0,68,0,0,2,1,0,805,165,640,395,0,395
2349.0,0,323,0,68,0,0,2,1,1,805,165,640,395,0,395
2350.0,0,323,0,68,0,0,2,1,1,805,165,640,395,0,395
2351.0,0,323,0,67,0,0,2,1,1,806,165,641,394,0,394
2352.0,0,322,0,68,0,0,2,1,0,807,165,642,393,0,393
2353.0,0,322,0,68,0,0,2,1,0,807,165,642,393,0,393
2354.0,0,322,0,68,0,0,2,1,0,807,165,642,393,0,393
2355.0,0,321,0,68,0,0,2,1,1,807,165,642,393,0,393
2356.0,0,320,0,69,0,0,2,1,1,807,165,642,393,0,393
2357.0,0,320,0,68,0,1,2,1,1,807,165,642,393,0,393
2358.0,0,320,0,69,0,0,1,1,1,808,165,643,392,0,392
2359.0,0,318,0,70,0,0,2,1,0,809,165,644,391,0,391
2360.0,0,318,0,70,0,0,2,1,0,809,165,644,391,0,391
2361.0,0,316,0,71,0,0,2,1,1,809,165,644,391,0,391
2362.0,0,316,0,71,0,0,2,1,0,810,165,645,390,0,390
2363.0,0,316,0,71,0,0,2,1,0,810,165,645,390,0,390
2364.0,0,315,0,71,0,0,2,1,1,810,165,645,390,0,390
2365.0,0,315,0,71,0,0,2,1,0,811,165,646,389,0,389
2366.0,0,315,0,71,0,0,2,1,0,811,165,646,389,0,389
2367.0,0,314,0,71,0,0,2,1,1,811,165,646,389,0,389
2368.0,0,314,0,71,0,0,2,1,0,812,165,647,388,0,388
2369.0,0,313,0,71,0,0,2,1,1,812,165,647,388,0,388
2370.0,0,313,0,71,0,0,2,1,0,813,165,648,387,0,387
2371.0,0,312,0,71,0,0,2,1,1,813,165,648,387,0,387
2372.0,0,311,0,72,0,0,2,1,0,814,165,649,386,0,386
2373.0,0,311,0,72,0,0,2,1,0,814,165,649,386,0,386
2374.0,0,311,0,71,0,0,2,1,1,814,165,649,386,0,386
2375.0,0,311,0,71,0,0,2,1,0,815,165,650,385,0,385
2376.0,0,310,0,72,0,0,2,1,0,815,165,650,385,0,385
2377.0,0,310,0,71,0,0,2,1,1,815,165,650,385,0,385
2378.0,0,310,0,71,0,0,2,1,0,816,165,651,384,0,384
2379.0,0,310,0,71,0,0,2,1,0,816,165,651,384,0,384
2380.0,0,309,0,72,0,0,2,1,0,816,165,651,384,0,384
2381.0,0,309,0,72,0,0,2,1,0,816,165,651,384,0,384
2382.0,0,308,0,72,0,0,2,1,1,816,165,651,384,0,384
2383.0,0,308,0,71,0,0,2,1,1,817,165,652,383,0,383
2384.0,0,308,0,71,0,0,2,1,1,817,165,652,383,0,383
2385.0,0,308,0,71,0,0,2,1,0,818,165,653,382,0,382
2386.0,0,307,0,72,0,0,2,1,0,818,165,653,382,0,382
2387.0,0,307,0,72,0,0,2,1,0,818,165,653,382,0,382
2388.0,0,306,0,73,0,0,2,1,0,818,165,653,382,0,382
2389.0,0,306,0,72,0,0,2,1,1,818,165,653,382,0,382
2390.0,0,305,0,72,0,1,2,1,1,818,165,653,382,0,382
2391.0,0,305,0,72,0,0,2,1,1,819,165,654,381,0,381
2392.0,0,305,0,71,0,0,2,1,1,820,165,655,380,0,380
2393.0,0,304,0,72,0,0,2,1,0,821,165,656,379,0,379
2394.0,0,304,0,72,0,0,2,1,0,821,165,656,379,0,379
2395.0,0,304,0,71,0,0,2,1,1,821,165,656,379,0,379
2396.0,0,303,0,72,0,0,2,1,0,822,165,657,378,0,378
2397.0,0,303,0,72,0,0,2,1,0,822,165,657,378,0,378
2398.0,0,302,0,72,0,0,2,1,0,823,165,658,377,0,377
2399.0,0,302,0,71,0,0,2,1,1,823,165,658,377,0,377
2400.0,0,302,0,71,0,0,2,1,0,824,165,659,376,0,376
2401.0,0,301,0,71,0,0,2,1,1,824,165,659,376,0,376
2402.0,0,301,0,71,0,0,2,1,0,825,165,660,375,0,375
2403.0,0,301,0,71,0,0,2,1,0,825,165,660,375,0,375
2404.0,0,300,0,72,0,0,2,1,0,825,165,660,375,0,375
2405.0,0,300,0,72,0,0,2,1,0,825,165,660,375,0,375
2406.0,0,300,0,72,0,0,2,1,0,825,165,660,375,0,375
2407.0,0,299,0,73,0,0,2,1,0,825,165,660,375,0,375
2408.0,0,298,0,74,0,0,2,1,0,825,165,660,375,0,375
2409.0,0,298,0,74,0,0,2,1,0,825,165,660,375,0,375
2410.0,0,297,0,75,0,0,2,1,0,825,165,660,375,0,375
2411.0,0,297,0,75,0,0,2,1,0,825,165,660,375,0,375
2412.0,0,296,0,75,0,0,2,1,1,825,165,660,375,0,375
2413.0,0,296,0,75,0,0,2,1,1,825,165,660,375,0,375
2414.0,0,296,0,74,0,0,2,1,1,826,165,661,374,0,374
2415.0,0,295,0,75,0,0,2,1,0,827,165,662,373,0,373
2416.0,0,294,0,75,0,0,2,1,1,827,165,662,373,0,373
2417.0,0,294,0,75,0,0,2,1,0,828,165,663,372,0,372
2418.0,0,294,0,75,0,0,2,1,0,828,165,663,372,0,372
2419.0,0,293,0,75,0,0,2,1,1,828,165,663,372,0,372
2420.0,0,292,0,76,0,0,2,1,0,829,165,664,371,0,371
2421.0,0,292,0,76,0,0,2,1,0,829,165,664,371,0,371
2422.0,0,291,0,76,0,0,2,1,1,829,165,664,371,0,371
2423.0,0,291,0,75,0,1,2,1,1,829,165,664,371,0,371
2424.0,0,290,0,76,0,0,2,1,1,830,165,665,370,0,370
2425.0,0,289,0,77,0,0,2,1,0,831,165,666,369,0,369
2426.0,0,289,0,77,0,0,2,1,0,831,165,666,369,0,369
2427.0,0,288,0,77,0,0,2,1,1,831,165,666,369,0,369
2428.0,0,288,0,77,0,0,2,1,0,832,165,667,368,0,368
2429.0,0,287,0,77,0,0,2,1,1,832,165,667,368,0,368
2430.0,0,287,0,77,0,0,2,1,1,832,165,667,368,0,368
2431.0,0,286,0,78,0,0,2,1,0,833,165,668,367,0,367
2432.0,0,286,0,77,0,0,2,1,1,833,165,668,367,0,367
2433.0,0,286,0,77,0,0,2,1,0,834,165,669,366,0,366
2434.0,0,286,0,78,0,0,1,1,0,834,165,669,366,0,366
2435.0,0,285,0,78,0,0,2,1,0,834,165,669,366,0,366
2436.0,0,285,0,77,0,0,2,1,1,834,165,669,366,0,366
2437.0,0,284,0,77,0,1,2,1,1,834,165,669,366,0,366
2438.0,0,284,0,77,0,1,2,1,1,834,165,669,366,0,366
2439.0,0,283,0,78,0,0,2,1,1,835,165,670,365,0,365
2440.0,0,283,0,78,0,0,2,1,0,836,165,671,364,0,364
2441.0,0,282,0,79,0,0,2,1,0,836,165,671,364,0,364
2442.0,0,282,0,79,0,0,2,1,0,836,165,671,364,0,364
2443.0,0,281,0,79,0,0,2,1,1,836,165,671,364,0,364
2444.0,0,281,0,79,0,0,2,1,1,836,165,671,364,0,364
2445.0,0,280,0,80,0,0,2,1,0,837,165,672,363,0,363
2446.0,0,279,0,80,0,0,2,1,1,837,165,672,363,0,363
2447.0,0,279,0,80,0,0,2,1,1,837,165,672,363,0,363
2448.0,0,279,0,80,0,0,2,1,0,838,165,673,362,0,362
2449.0,0,279,0,80,0,0,2,1,0,838,165,673,362,0,362
2450.0,0,279,0,80,0,0,2,1,0,838,165,673,362,0,362
2451.0,0,278,0,80,0,0,2,1,1,838,165,673,362,0,362
2452.0,0,278,0,80,0,0,2,1,1,838,165,673,362,0,362
2453.0,0,278,0,79,0,0,2,1,1,839,165,674,361,0,361
2454.0,0,278,0,79,0,0,2,1,1,839,165,674,361,0,361
2455.0,0,278,0,79,0,0,2,1,0,840,165,675,360,0,360
2456.0,0,277,0,79,0,0,2,1,1,840,165,675,360,0,360
2457.0,0,277,0,79,0,0,2,1,0,841,165,676,359,0,359
2458.0,0,275,0,81,0,0,2,1,0,841,165,676,359,0,359
2459.0,0,275,0,80,0,0,2,1,1,841,165,676,359,0,359
2460.0,0,275,0,80,0,0,2,1,1,841,165,676,359,0,359
2461.0,0,275,0,80,0,0,2,1,0,842,165,677,358,0,358
2462.0,0,275,0,79,0,0,2,1,1,842,165,677,358,0,358
2463.0,0,275,0,79,0,0,2,1,1,842,165,677,358,0,358
2464.0,0,274,0,80,0,0,2,1,0,843,165,678,357,0,357
2465.0,0,273,0,81,0,0,2,1,0,843,165,678,357,0,357
2466.0,0,273,0,80,0,0,2,1,1,843,165,678,357,0,357
2467.0,0,272,0,81,0,0,2,1,0,844,165,679,356,0,356
2468.0,0,272,0,80,0,0,2,1,1,844,165,679,356,0,356
2469.0,0,272,0,80,0,0,2,1,0,845,165,680,355,0,355
2470.0,0,272,0,80,0,1,2,0,0,845,165,680,355,0,355
2471.0,0,272,0,79,0,0,2,1,1,845,165,680,355,0,355
2472.0,0,272,0,79,0,0,2,1,0,846,165,681,354,0,354
2473.0,0,271,0,80,0,0,2,1,0,846,165,681,354,0,354
2474.0,0,270,0,81,0,0,2,1,0,846,165,681,354,0,354
2475.0,0,270,0,81,0,0,2,1,0,846,165,681,354,0,354
2476.0,0,270,0,81,0,0,2,1,0,846,165,681,354,0,354
2477.0,0,270,0,80,0,0,2,1,1,846,165,681,354,0,354
2478.0,0,270,0,80,0,0,2,1,1,846,165,681,354,0,354
2479.0,0,269,0,81,0,0,2,1,0,847,165,682,353,0,353
2480.0,0,268,0,81,0,0,2,1,1,847,165,682,353,0,353
2481.0,0,268,0,81,0,0,2,1,0,848,165,683,352,0,352
2482.0,0,267,0,81,0,0,2,1,1,848,165,683,352,0,352
2483.0,0,267,0,81,0,0,2,1,0,849,165,684,351,0,351
2484.0,0,267,0,80,0,0,2,1,1,849,165,684,351,0,351
2485.0,0,267,0,80,0,0,2,1,0,850,165,685,350,0,350
2486.0,0,266,0,81,0,0,2,1,0,850,165,685,350,0,350
2487.0,0,265,0,81,0,0,2,1,1,850,165,685,350,0,350
2488.0,0,265,0,81,0,0,2,1,1,850,165,685,350,0,350
2489.0,0,265,0,81,0,0,2,1,0,851,165,686,349,0,349
2490.0,0,265,0,80,0,0,2,1,1,851,165,686,349,0,349
2491.0,0,264,0,81,0,0,2,1,0,852,165,687,348,0,348
2492.0,0,263,0,82,0,0,2,1,0,852,165,687,348,0,348
2493.0,0,263,0,81,0,0,2,1,1,852,165,687,348,0,348
2494.0,0,262,0,82,0,0,2,1,1,852,165,687,348,0,348
2495.0,0,262,0,81,0,0,2,1,1,853,165,688,347,0,347
2496.0,0,261,0,82,0,0,2,1,1,853,165,688,347,0,347
2497.0,0,261,0,82,0,0,2,1,0,854,165,689,346,0,346
2498.0,0,261,0,81,0,0,2,1,1,854,165,689,346,0,346
2499.0,0,261,0,81,0,0,2,1,0,855,165,690,345,0,345
2500.0,0,261,0,80,0,0,2,1,1,855,165,690,345,0,345
2501.0,0,261,0,80,0,0,2,1,0,856,165,691,344,0,344
2502.0,0,261,0,79,0,0,2,1,1,856,165,691,344,0,344
2503.0,0,260,0,80,0,0,2,1,0,857,165,692,343,0,343
2504.0,0,260,0,79,0,0,2,1,1,857,165,692,343,0,343
2505.0,0,259,0,80,0,0,2,1,0,858,165,693,342,0,342
2506.0,0,259,0,80,0,0,2,1,0,858,165,693,342,0,342
2507.0,0,258,0,81,0,0,2,1,0,858,165,693,342,0,342
2508.0,0,258,0,81,0,0,2,1,0,858,165,693,342,0,342
2509.0,0,258,0,81,0,0,2,1,0,858,165,693,342,0,342
2510.0,0,257,0,82,0,0,2,1,0,858,165,693,342,0,342
2511.0,0,257,0,82,0,0,2,1,0,858,165,693,342,0,342
2512.0,0,257,0,82,0,0,2,1,0,858,165,693,342,0,342
2513.0,0,256,0,82,0,0,2,1,1,858,165,693,342,0,342
2514.0,0,256,0,82,0,0,2,1,1,858,165,693,342,0,342
2515.0,0,256,0,82,0,0,2,1,1,858,165,693,342,0,342
2516.0,0,255,0,82,0,1,2,1,1,858,165,693,342,0,342
2517.0,0,254,0,83,0,0,2,1,1,859,165,694,341,0,341
2518.0,0,253,0,84,0,0,2,1,1,859,165,694,341,0,341
2519.0,0,252,0,85,0,0,2,1,0,860,165,695,340,0,340
2520.0,0,252,0,84,0,0,2,1,1,860,165,695,340,0,340
2521.0,0,252,0,84,0,0,2,1,0,861,165,696,339,0,339
2522.0,0,251,0,84,0,0,2,1,1,861,165,696,339,0,339
2523.0,0,251,0,84,0,0,2,1,0,862,165,697,338,0,338
2524.0,0,250,0,85,0,0,2,1,0,862,165,697,338,0,338
2525.0,0,249,0,85,0,0,2,1,1,862,165,697,338,0,338
2526.0,0,249,0,85,0,0,2,1,1,862,165,697,338,0,338
2527.0,0,249,0,85,0,0,2,1,0,863,165,698,337,0,337
2528.0,0,249,0,84,0,0,2,1,1,863,165,698,337,0,337
2529.0,0,247,0,86,0,0,2,1,0,864,165,699,336,0,336
2530.0,0,247,0,85,0,0,2,1,1,864,165,699,336,0,336
2531.0,0,247,0,85,0,0,2,1,0,865,165,700,335,0,335
2532.0,0,246,0,85,0,0,2,1,1,865,165,700,335,0,335
2533.0,0,245,0,86,0,0,2,1,1,865,165,700,335,0,335
2534.0,0,245,0,86,0,0,2,1,0,866,165,701,334,0,334
2535.0,0,245,0,86,0,0,2,1,0,866,165,701,334,0,334
2536.0,0,245,0,86,0,0,2,1,0,866,165,701,334,0,334
2537.0,0,245,0,86,0,0,2,1,0,866,165,701,334,0,334
2538.0,0,245,0,86,0,0,2,1,0,866,165,701,334,0,334
2539.0,0,244,0,87,0,0,2,1,0,866,165,701,334,0,334
2540.0,0,244,0,86,0,0,2,1,1,866,165,701,334,0,334
2541.0,0,244,0,87,0,0,1,1,1,866,165,701,334,0,334
2542.0,0,243,0,86,0,1,2,1,1,866,165,701,334,0,334
2543.0,0,243,0,86,0,0,2,1,1,867,165,702,333,0,333
2544.0,0,243,0,86,0,1,2,0,1,867,165,702,333,0,333
2545.0,0,242,0,86,0,0,2,1,1,868,165,703,332,0,332
2546.0,0,242,0,86,0,0,2,1,0,869,165,704,331,0,331
2547.0,0,242,0,86,0,0,2,1,0,869,165,704,331,0,331
2548.0,0,240,0,87,0,0,2,1,1,869,165,704,331,0,331
2549.0,0,240,0,87,0,0,2,1,0,870,165,705,330,0,330
2550.0,0,240,0,87,0,0,2,1,0,870,165,705,330,0,330
2551.0,0,240,0,87,0,0,2,1,0,870,165,705,330,0,330
2552.0,0,240,0,86,0,0,2,1,1,870,165,705,330,0,330
2553.0,0,238,0,88,0,0,2,1,1,870,165,705,330,0,330
2554.0,0,238,0,87,0,0,2,1,1,871,165,706,329,0,329
2555.0,0,238,0,87,0,0,2,1,1,871,165,706,329,0,329
2556.0,0,238,0,86,0,0,2,1,1,872,165,707,328,0,328
2557.0,0,237,0,87,0,0,2,1,1,872,165,707,328,0,328
2558.0,0,237,0,86,0,0,2,1,1,873,165,708,327,0,327
2559.0,0,237,0,86,0,0,2,1,0,874,165,709,326,0,326
2560.0,0,237,0,86,0,0,2,1,0,874,165,709,326,0,326
2561.0,0,236,0,87,0,0,2,1,0,874,165,709,326,0,326
2562.0,0,236,0,86,0,0,2,1,1,874,165,709,326,0,326
2563.0,0,236,0,86,0,0,2,1,0,875,165,710,325,0,325
2564.0,0,236,0,85,0,0,2,1,1,875,165,710,325,0,325
2565.0,0,236,0,85,0,0,2,1,0,876,165,711,324,0,324
2566.0,0,235,0,85,0,0,2,1,1,876,165,711,324,0,324
2567.0,0,235,0,85,0,0,2,1,0,877,165,712,323,0,323
2568.0,0,233,0,87,0,0,2,1,0,877,165,712,323,0,323
2569.0,0,233,0,87,0,0,2,1,0,877,165,712,323,0,323
2570.0,0,233,0,86,0,0,2,1,1,877,165,712,323,0,323
2571.0,0,233,0,86,0,0,2,1,0,878,165,713,322,0,322
2572.0,0,233,0,86,0,0,2,1,0,878,165,713,322,0,322
2573.0,0,231,0,87,0,0,2,1,1,878,165,713,322,0,322
2574.0,0,231,0,87,0,0,2,1,0,879,165,714,321,0,321
2575.0,0,231,0,86,0,0,2,1,1,879,165,714,321,0,321
2576.0,0,230,0,87,0,0,2,1,0,880,165,715,320,0,320
2577.0,0,230,0,86,0,0,2,1,1,880,165,715,320,0,320
2578.0,0,230,0,85,0,0,2,1,1,881,165,716,319,0,319
2579.0,0,229,0,86,0,0,2,1,0,882,165,717,318,0,318
2580.0,0,228,0,87,0,0,2,1,0,882,165,717,318,0,318
2581.0,0,228,0,86,0,0,2,1,1,882,165,717,318,0,318
2582.0,0,228,0,86,0,0,2,1,0,883,165,718,317,0,317
2583.0,0,226,0,87,0,0,2,1,1,883,165,718,317,0,317
2584.0,0,226,0,87,0,0,2,1,1,883,165,718,317,0,317
2585.0,0,226,0,87,0,0,2,1,0,884,165,719,316,0,316
2586.0,0,225,0,87,0,0,2,1,1,884,165,719,316,0,316
2587.0,0,225,0,87,0,0,2,1,0,885,165,720,315,0,315
2588.0,0,225,0,87,0,0,2,1,0,885,165,720,315,0,315
2589.0,0,225,0,86,0,0,2,1,1,885,165,720,315,0,315
2590.0,0,225,0,85,0,0,2,1,1,886,165,721,314,0,314
2591.0,0,225,0,85,0,0,2,1,0,887,165,722,313,0,313
2592.0,0,225,0,84,0,0,2,1,1,887,165,722,313,0,313
2593.0,0,225,0,84,0,0,2,1,0,888,165,723,312,0,312
2594.0,0,225,0,84,0,0,2,1,0,888,165,723,312,0,312
2595.0,0,223,0,85,0,0,2,1,1,888,165,723,312,0,312
2596.0,0,223,0,85,0,0,2,1,1,888,165,723,312,0,312
2597.0,0,223,0,85,0,0,2,1,0,889,165,724,311,0,311
2598.0,0,222,0,85,0,0,2,1,1,889,165,724,311,0,311
2599.0,0,222,0,85,0,0,2,1,1,889,165,724,311,0,311
2600.0,0,222,0,84,0,0,2,1,1,890,165,725,310,0,310
2601.0,0,222,0,84,0,0,2,1,1,890,165,725,310,0,310
2602.0,0,222,0,84,0,0,2,1,0,891,165,726,309,0,309
2603.0,0,221,0,85,0,0,2,1,0,891,165,726,309,0,309
2604.0,0,220,0,86,0,0,2,1,0,891,165,726,309,0,309
2605.0,0,219,0,86,0,0,2,1,1,891,165,726,309,0,309
2606.0,0,219,0,86,0,0,2,1,1,891,165,726,309,0,309
2607.0,0,219,0,86,0,0,2,1,1,891,165,726,309,0,309
2608.0,0,218,0,86,0,0,2,1,1,892,165,727,308,0,308
2609.0,0,218,0,86,0,0,2,1,0,893,165,728,307,0,307
2610.0,0,218,0,85,0,0,2,1,1,893,165,728,307,0,307
2611.0,0,218,0,85,0,0,2,1,0,894,165,729,306,0,306
2612.0,0,217,0,85,0,0,2,1,1,894,165,729,306,0,306
2613.0,0,217,0,85,0,0,2,1,1,894,165,729,306,0,306
2614.0,0,216,0,85,0,0,2,1,1,895,165,730,305,0,305
2615.0,0,216,0,85,0,0,2,1,0,896,165,731,304,0,304
2616.0,0,216,0,85,0,0,2,1,0,896,165,731,304,0,304
2617.0,0,216,0,84,0,0,2,1,1,896,165,731,304,0,304
2618.0,0,216,0,84,0,0,2,1,1,896,165,731,304,0,304
2619.0,0,215,0,84,0,0,2,1,1,897,165,732,303,0,303
2620.0,0,215,0,84,0,0,2,1,1,897,165,732,303,0,303
2621.0,0,214,0,84,0,0,2,1,1,898,165,733,302,0,302
2622.0,0,213,0,85,0,0,2,1,0,899,165,734,301,0,301
2623.0,0,213,0,85,0,0,2,1,0,899,165,734,301,0,301
2624.0,0,213,0,85,0,0,2,1,0,899,165,734,301,0,301
2625.0,0,213,0,85,0,0,2,1,0,899,165,734,301,0,301
2626.0,0,213,0,85,0,0,2,1,0,899,165,734,301,0,301
2627.0,0,212,0,85,0,0,2,1,1,899,165,734,301,0,301
2628.0,0,212,0,86,0,0,1,1,0,900,165,735,300,0,300
2629.0,0,211,0,86,0,0,2,1,0,900,165,735,300,0,300
2630.0,0,211,0,85,0,0,2,1,1,900,165,735,300,0,300
2631.0,0,210,0,86,0,0,2,1,0,901,165,736,299,0,299
2632.0,0,210,0,86,0,0,2,1,0,901,165,736,299,0,299
2633.0,0,210,0,85,0,0,2,1,1,901,165,736,299,0,299
2634.0,0,209,0,86,0,0,2,1,1,901,165,736,299,0,299
2635.0,0,208,0,87,0,0,2,1,0,902,165,737,298,0,298
2636.0,0,208,0,86,0,0,2,1,1,902,165,737,298,0,298
2637.0,0,207,0,87,0,0,2,1,1,902,165,737,298,0,298
2638.0,0,207,0,87,0,0,2,1,0,903,165,738,297,0,297
2639.0,0,207,0,87,0,0,2,1,0,903,165,738,297,0,297
2640.0,0,207,0,87,0,0,2,1,0,903,165,738,297,0,297
2641.0,0,207,0,86,0,0,2,1,1,903,165,738,297,0,297
2642.0,0,207,0,86,0,0,2,1,0,904,165,739,296,0,296
2643.0,0,207,0,85,0,0,2,1,1,904,165,739,296,0,296
2644.0,0,207,0,85,0,0,2,1,0,905,165,740,295,0,295
2645.0,0,207,0,84,0,0,2,1,1,905,165,740,295,0,295
2646.0,0,206,0,84,0,0,2,1,1,906,165,741,294,0,294
2647.0,0,206,0,84,0,0,2,1,0,907,165,742,293,0,293
2648.0,0,205,0,85,0,0,2,1,0,907,165,742,293,0,293
2649.0,0,205,0,85,0,0,2,1,0,907,165,742,293,0,293
2650.0,0,205,0,84,0,0,2,1,1,907,165,742,293,0,293
2651.0,0,203,0,86,0,0,2,1,1,907,165,742,293,0,293
2652.0,0,203,0,85,0,0,2,1,1,908,165,743,292,0,292
2653.0,0,203,0,85,0,0,2,1,0,909,165,744,291,0,291
2654.0,0,202,0,85,0,0,2,1,1,909,165,744,291,0,291
2655.0,0,202,0,85,0,0,2,1,1,909,165,744,291,0,291
2656.0,0,202,0,84,0,0,2,1,1,910,165,745,290,0,290
2657.0,0,200,0,86,0,0,2,1,0,911,165,746,289,0,289
2658.0,0,200,0,85,0,0,2,1,1,911,165,746,289,0,289
2659.0,0,200,0,85,0,0,2,1,0,912,165,747,288,0,288
2660.0,0,200,0,85,0,0,2,1,0,912,165,747,288,0,288
2661.0,0,199,0,86,0,0,2,1,0,912,165,747,288,0,288
2662.0,0,198,0,86,0,0,2,1,1,912,165,747,288,0,288
2663.0,0,198,0,85,0,0,2,1,1,913,165,748,287,0,287
2664.0,0,197,0,86,0,0,2,1,0,914,165,749,286,0,286
2665.0,0,197,0,86,0,0,2,1,0,914,165,749,286,0,286
2666.0,0,197,0,86,0,0,2,1,0,914,165,749,286,0,286
2667.0,0,197,0,85,0,0,2,1,1,914,165,749,286,0,286
2668.0,0,195,0,87,0,0,2,1,1,914,165,749,286,0,286
2669.0,0,195,0,86,0,1,2,1,1,914,165,749,286,0,286
2670.0,0,195,0,86,0,0,2,1,1,915,165,750,285,0,285
2671.0,0,195,0,86,0,0,2,1,0,916,165,751,284,0,284
2672.0,0,195,0,86,0,0,2,1,0,916,165,751,284,0,284
2673.0,0,194,0,86,0,0,2,1,1,916,165,751,284,0,284
2674.0,0,194,0,86,0,0,2,1,0,917,165,752,283,0,283
2675.0,0,193,0,86,0,0,2,1,1,917,165,752,283,0,283
2676.0,0,193,0,86,0,0,2,1,0,918,165,753,282,0,282
2677.0,0,193,0,85,0,0,2,1,1,918,165,753,282,0,282
2678.0,0,192,0,86,0,0,2,1,0,919,165,754,281,0,281
2679.0,0,192,0,86,0,0,2,1,0,919,165,754,281,0,281
2680.0,0,192,0,85,0,0,2,1,1,919,165,754,281,0,281
2681.0,0,191,0,86,0,0,2,1,0,920,165,755,280,0,280
2682.0,0,191,0,86,0,0,2,1,0,920,165,755,280,0,280
2683.0,0,190,0,86,0,0,2,1,1,920,165,755,280,0,280
2684.0,0,190,0,86,0,0,2,1,1,920,165,755,280,0,280
2685.0,0,190,0,86,0,0,2,1,0,921,165,756,279,0,279
2686.0,0,190,0,85,0,0,2,1,1,921,165,756,279,0,279
2687.0,0,188,0,87,0,0,2,1,1,921,165,756,279,0,279
2688.0,0,188,0,86,0,0,2,1,1,922,165,757,278,0,278
2689.0,0,188,0,86,0,0,2,1,0,923,165,758,277,0,277
2690.0,0,188,0,86,0,0,2,1,0,923,165,758,277,0,277
2691.0,0,188,0,85,0,0,2,1,1,923,165,758,277,0,277
2692.0,0,187,0,86,0,0,2,1,1,923,165,758,277,0,277
2693.0,0,187,0,86,0,0,2,1,0,924,165,759,276,0,276
2694.0,0,187,0,85,0,0,2,1,1,924,165,759,276,0,276
2695.0,0,187,0,84,0,0,2,1,1,925,165,760,275,0,275
2696.0,0,186,0,85,0,0,2,1,0,926,165,761,274,0,274
2697.0,0,185,0,86,0,0,2,1,0,926,165,761,274,0,274
2698.0,0,185,0,85,0,0,2,1,1,926,165,761,274,0,274
2699.0,0,184,0,86,0,0,2,1,0,927,165,762,273,0,273
2700.0,0,183,0,87,0,0,2,1,0,927,165,762,273,0,273
2701.0,0,183,0,86,0,0,2,1,1,927,165,762,273,0,273
2702.0,0,183,0,86,0,0,2,1,1,927,165,762,273,0,273
2703.0,0,183,0,85,0,0,2,1,1,928,165,763,272,0,272
2704.0,0,181,0,87,0,0,2,1,1,928,165,763,272,0,272
2705.0,0,181,0,87,0,0,2,1,0,929,165,764,271,0,271
2706.0,0,181,0,87,0,0,2,1,0,929,165,764,271,0,271
2707.0,0,181,0,86,0,0,2,1,1,929,165,764,271,0,271
2708.0,0,180,0,87,0,0,2,1,0,930,165,765,270,0,270
2709.0,0,180,0,86,0,0,2,1,1,930,165,765,270,0,270
2710.0,0,180,0,86,0,0,2,1,0,931,165,766,269,0,269
2711.0,0,180,0,86,0,0,2,1,0,931,165,766,269,0,269
2712.0,0,180,0,85,0,0,2,1,1,931,165,766,269,0,269
2713.0,0,179,0,86,0,0,2,1,0,932,165,767,268,0,268
2714.0,0,179,0,86,0,0,2,1,0,932,165,767,268,0,268
2715.0,0,179,0,86,0,0,2,1,0,932,165,767,268,0,268
2716.0,0,178,0,86,0,0,2,1,1,932,165,767,268,0,268
2717.0,0,177,0,86,0,0,2,1,1,933,165,768,267,0,267
2718.0,0,177,0,86,0,0,2,1,0,934,165,769,266,0,266
2719.0,0,176,0,86,0,0,2,1,1,934,165,769,266,0,266
2720.0,0,176,0,86,0,0,2,1,0,935,165,770,265,0,265
2721.0,0,175,0,86,0,0,2,1,0,936,165,771,264,0,264
2722.0,0,175,0,86,0,0,2,1,0,936,165,771,264,0,264
2723.0,0,174,0,87,0,0,2,1,0,936,165,771,264,0,264
2724.0,0,174,0,86,0,0,2,1,1,936,165,771,264,0,264
2725.0,0,174,0,86,0,0,2,1,1,936,165,771,264,0,264
2726.0,0,173,0,87,0,0,2,1,0,937,165,772,263,0,263
2727.0,0,172,0,88,0,0,2,1,0,937,165,772,263,0,263
2728.0,0,172,0,88,0,0,2,1,0,937,165,772,263,0,263
2729.0,0,172,0,88,0,0,2,1,0,937,165,772,263,0,263
2730.0,0,172,0,88,0,0,2,1,0,937,165,772,263,0,263
2731.0,0,171,0,89,0,0,2,1,0,937,165,772,263,0,263
2732.0,0,170,0,89,0,0,2,1,1,937,165,772,263,0,263
2733.0,0,170,0,89,0,0,2,1,1,937,165,772,263,0,263
2734.0,0,170,0,89,0,0,2,1,1,937,165,772,263,0,263
2735.0,0,169,0,90,0,0,2,1,1,937,165,772,263,0,263
2736.0,0,169,0,90,0,0,2,1,0,938,165,773,262,0,262
2737.0,0,169,0,90,0,0,2,1,0,938,165,773,262,0,262
2738.0,0,169,0,89,0,0,2,1,1,938,165,773,262,0,262
2739.0,0,169,0,89,0,0,2,1,1,938,165,773,262,0,262
2740.0,0,168,0,90,0,0,2,1,0,939,165,774,261,0,261
2741.0,0,168,0,89,0,0,2,1,1,939,165,774,261,0,261
2742.0,0,168,0,89,0,0,2,1,0,940,165,775,260,0,260
2743.0,0,167,0,90,0,0,2,1,0,940,165,775,260,0,260
2744.0,0,167,0,89,0,0,2,1,1,940,165,775,260,0,260
2745.0,0,167,0,89,0,0,2,1,0,941,165,776,259,0,259
2746.0,0,166,0,90,0,0,2,1,0,941,165,776,259,0,259
2747.0,0,165,0,90,0,0,2,1,1,941,165,776,259,0,259
2748.0,0,165,0,90,0,0,2,1,1,941,165,776,259,0,259
2749.0,0,164,0,91,0,0,2,1,0,942,165,777,258,0,258
2750.0,0,164,0,90,0,0,2,1,1,942,165,777,258,0,258
2751.0,0,164,0,90,0,0,2,1,1,942,165,777,258,0,258
2752.0,0,164,0,89,0,0,2,1,1,943,165,778,257,0,257
2753.0,0,164,0,88,0,0,2,1,1,944,165,779,256,0,256
2754.0,0,163,0,89,0,0,2,1,0,945,165,780,255,0,255
2755.0,0,163,0,89,0,0,2,1,0,945,165,780,255,0,255
2756.0,0,163,0,88,0,0,2,1,1,945,165,780,255,0,255
2757.0,0,163,0,88,0,0,2,1,0,946,165,781,254,0,254
2758.0,0,162,0,89,0,0,2,1,0,946,165,781,254,0,254
2759.0,0,161,0,90,0,0,2,1,0,946,165,781,254,0,254
2760.0,0,161,0,89,0,0,2,1,1,946,165,781,254,0,254
2761.0,0,160,0,90,0,0,2,1,0,947,165,782,253,0,253
2762.0,0,159,0,90,0,0,2,1,1,947,165,782,253,0,253
2763.0,0,159,0,89,0,0,2,1,1,948,165,783,252,0,252
2764.0,0,159,0,89,0,0,2,1,1,948,165,783,252,0,252
2765.0,0,159,0,89,0,0,2,1,0,949,165,784,251,0,251
2766.0,0,159,0,88,0,0,2,1,1,949,165,784,251,0,251
2767.0,0,159,0,88,0,0,2,1,0,950,165,785,250,0,250
2768.0,0,158,0,89,0,0,2,1,0,950,165,785,250,0,250
2769.0,0,157,0,89,0,0,2,1,1,950,165,785,250,0,250
2770.0,0,157,0,89,0,0,2,1,0,951,165,786,249,0,249
2771.0,0,157,0,88,0,0,2,1,1,951,165,786,249,0,249
2772.0,0,157,0,88,0,0,2,1,1,951,165,786,249,0,249
2773.0,0,156,0,89,0,0,2,1,0,952,165,787,248,0,248
2774.0,0,156,0,88,0,0,2,1,1,952,165,787,248,0,248
2775.0,0,156,0,88,0,0,2,1,0,953,165,788,247,0,247
2776.0,0,155,0,89,0,0,2,1,0,953,165,788,247,0,247
2777.0,0,155,0,89,0,0,2,1,0,953,165,788,247,0,247
2778.0,0,155,0,88,0,0,2,1,1,953,165,788,247,0,247
2779.0,0,154,0,88,0,1,2,1,1,953,165,788,247,0,247
2780.0,0,154,0,88,0,0,2,1,1,954,165,789,246,0,246
2781.0,0,154,0,88,0,0,2,1,0,955,165,790,245,0,245
2782.0,0,154,0,88,0,0,2,1,0,955,165,790,245,0,245
2783.0,0,153,0,89,0,0,2,1,0,955,165,790,245,0,245
2784.0,0,152,0,89,0,0,2,1,1,955,165,790,245,0,245
2785.0,0,152,0,89,0,0,2,1,1,955,165,790,245,0,245
2786.0,0,152,0,88,0,1,2,1,1,955,165,790,245,0,245
2787.0,0,151,0,89,0,0,2,1,1,956,165,791,244,0,244
2788.0,0,151,0,88,0,0,2,1,1,957,165,792,243,0,243
2789.0,0,151,0,88,0,0,2,1,1,957,165,792,243,0,243
2790.0,0,150,0,89,0,0,2,1,0,958,165,793,242,0,242
2791.0,0,150,0,88,0,0,2,1,1,958,165,793,242,0,242
2792.0,0,150,0,88,0,0,2,1,0,959,165,794,241,0,241
2793.0,0,149,0,89,0,0,2,1,0,959,165,794,241,0,241
2794.0,0,148,0,89,0,0,2,1,1,959,165,794,241,0,241
2795.0,0,148,0,88,0,1,2,1,1,959,165,794,241,0,241
2796.0,0,148,0,88,0,0,2,1,1,960,165,795,240,0,240
2797.0,0,147,0,89,0,0,2,1,0,961,165,796,239,0,239
2798.0,0,147,0,89,0,0,2,1,0,961,165,796,239,0,239
2799.0,0,147,0,88,0,0,2,1,1,961,165,796,239,0,239
2800.0,0,147,0,88,0,0,2,1,1,961,165,796,239,0,239
2801.0,0,147,0,88,0,0,2,1,0,962,165,797,238,0,238
2802.0,0,146,0,89,0,0,2,1,0,962,165,797,238,0,238
2803.0,0,146,0,89,0,0,2,1,0,962,165,797,238,0,238
2804.0,0,145,0,90,0,0,2,1,0,962,165,797,238,0,238
2805.0,0,145,0,90,0,0,2,1,0,962,165,797,238,0,238
2806.0,0,144,0,90,0,0,2,1,1,962,165,797,238,0,238
2807.0,0,144,0,90,0,0,2,1,1,962,165,797,238,0,238
2808.0,0,143,0,91,0,0,2,1,1,962,165,797,238,0,238
2809.0,0,143,0,91,0,0,2,1,0,963,165,798,237,0,237
2810.0,0,142,0,91,0,0,2,1,1,963,165,798,237,0,237
2811.0,0,142,0,91,0,0,2,1,1,963,165,798,237,0,237
2812.0,0,142,0,90,0,0,2,1,1,964,165,799,236,0,236
2813.0,0,141,0,91,0,0,2,1,0,965,165,800,235,0,235
2814.0,0,140,0,91,0,0,2,1,1,965,165,800,235,0,235
2815.0,0,140,0,91,0,0,2,1,0,966,165,801,234,0,234
2816.0,0,140,0,91,0,0,2,1,0,966,165,801,234,0,234
2817.0,0,140,0,91,0,0,2,1,0,966,165,801,234,0,234
2818.0,0,139,0,91,0,0,2,1,1,966,165,801,234,0,234
2819.0,0,139,0,91,0,0,2,1,0,967,165,802,233,0,233
2820.0,0,139,0,90,0,0,2,1,1,967,165,802,233,0,233
2821.0,0,139,0,90,0,0,2,1,0,968,165,803,232,0,232
2822.0,0,138,0,90,0,0,2,1,1,968,165,803,232,0,232
2823.0,0,138,0,90,0,0,2,1,1,968,165,803,232,0,232
2824.0,0,137,0,91,0,0,2,1,0,969,165,804,231,0,231
2825.0,0,137,0,90,0,0,2,1,1,969,165,804,231,0,231
2826.0,0,137,0,90,0,0,2,1,0,970,165,805,230,0,230
2827.0,0,136,0,91,0,0,2,1,0,970,165,805,230,0,230
2828.0,0,135,0,91,0,0,2,1,1,970,165,805,230,0,230
2829.0,0,135,0,91,0,0,2,1,0,971,165,806,229,0,229
2830.0,0,135,0,90,0,0,2,1,1,971,165,806,229,0,229
2831.0,0,134,0,90,0,0,2,1,1,972,165,807,228,0,228
2832.0,0,133,0,91,0,0,2,1,1,972,165,807,228,0,228
2833.0,0,133,0,91,0,0,2,1,0,973,165,808,227,0,227
2834.0,0,133,0,91,0,0,2,1,0,973,165,808,227,0,227
2835.0,0,133,0,91,0,0,2,1,0,973,165,808,227,0,227
2836.0,0,133,0,91,0,0,2,1,0,973,165,808,227,0,227
2837.0,0,133,0,91,0,0,2,1,0,973,165,808,227,0,227
2838.0,0,132,0,92,0,0,2,1,0,973,165,808,227,0,227
2839.0,0,131,0,92,0,0,2,1,1,973,165,808,227,0,227
2840.0,0,131,0,92,0,0,2,1,1,973,165,808,227,0,227
2841.0,0,131,0,92,0,0,2,1,0,974,165,809,226,0,226
2842.0,0,129,0,94,0,0,2,1,0,974,165,809,226,0,226
2843.0,0,129,0,93,0,0,2,1,1,974,165,809,226,0,226
2844.0,0,129,0,93,0,0,2,1,1,974,165,809,226,0,226
2845.0,0,129,0,92,0,0,2,1,1,975,165,810,225,0,225
2846.0,0,128,0,93,0,0,2,1,0,976,165,811,224,0,224
2847.0,0,128,0,92,0,0,2,1,1,976,165,811,224,0,224
2848.0,0,128,0,92,0,0,2,1,1,976,165,811,224,0,224
2849.0,0,128,0,92,0,0,2,1,0,977,165,812,223,0,223
2850.0,0,128,0,92,0,0,2,1,0,977,165,812,223,0,223
2851.0,0,127,0,92,0,0,2,1,1,977,165,812,223,0,223
2852.0,0,126,0,92,0,1,2,1,1,977,165,812,223,0,223
2853.0,0,126,0,92,0,0,2,1,1,978,165,813,222,0,222
2854.0,0,126,0,92,0,0,2,1,0,979,165,814,221,0,221
2855.0,0,126,0,91,0,0,2,1,1,979,165,814,221,0,221
2856.0,0,125,0,92,0,0,2,1,0,980,165,815,220,0,220
2857.0,0,125,0,91,0,0,2,1,1,980,165,815,220,0,220
2858.0,0,124,0,92,0,0,2,1,0,981,165,816,219,0,219
2859.0,0,124,0,92,0,0,2,1,0,981,165,816,219,0,219
2860.0,0,124,0,92,0,0,2,1,0,981,165,816,219,0,219
2861.0,0,123,0,93,0,0,2,1,0,981,165,816,219,0,219
2862.0,0,123,0,93,0,0,2,1,0,981,165,816,219,0,219
2863.0,0,123,0,93,0,0,2,1,0,981,165,816,219,0,219
2864.0,0,123,0,92,0,0,2,1,1,981,165,816,219,0,219
2865.0,0,123,0,92,0,0,2,1,1,981,165,816,219,0,219
2866.0,0,122,0,93,0,0,2,1,1,981,165,816,219,0,219
2867.0,0,122,0,92,0,1,2,1,1,981,165,816,219,0,219
2868.0,0,121,0,93,0,0,2,1,1,982,165,817,218,0,218
2869.0,0,121,0,93,0,0,2,1,1,982,165,817,218,0,218
2870.0,0,121,0,93,0,0,2,1,0,983,165,818,217,0,217
2871.0,0,120,0,94,0,0,2,1,0,983,165,818,217,0,217
2872.0,0,120,0,93,0,0,2,1,1,983,165,818,217,0,217
2873.0,0,120,0,93,0,0,2,1,1,983,165,818,217,0,217
2874.0,0,120,0,93,0,0,2,1,0,984,165,819,216,0,216
2875.0,0,120,0,92,0,0,2,1,1,984,165,819,216,0,216
2876.0,0,120,0,92,0,0,2,1,0,985,165,820,215,0,215
2877.0,0,119,0,92,0,0,2,1,1,985,165,820,215,0,215
2878.0,0,118,0,93,0,0,2,1,1,985,165,820,215,0,215
2879.0,0,118,0,93,0,0,2,1,0,986,165,821,214,0,214
2880.0,0,117,0,94,0,0,2,1,0,986,165,821,214,0,214
2881.0,0,117,0,93,0,0,2,1,1,986,165,821,214,0,214
2882.0,0,117,0,93,0,0,2,1,1,986,165,821,214,0,214
2883.0,0,117,0,92,0,0,2,1,1,987,165,822,213,0,213
2884.0,0,116,0,93,0,0,2,1,0,988,165,823,212,0,212
2885.0,0,116,0,93,0,0,2,1,0,988,165,823,212,0,212
2886.0,0,116,0,93,0,0,2,1,0,988,165,823,212,0,212
2887.0,0,116,0,92,0,0,2,1,1,988,165,823,212,0,212
2888.0,0,116,0,92,0,0,2,1,0,989,165,824,211,0,211
2889.0,0,116,0,91,0,0,2,1,1,989,165,824,211,0,211
2890.0,0,116,0,91,0,0,2,1,0,990,165,825,210,0,210
2891.0,0,116,0,90,0,0,2,1,1,990,165,825,210,0,210
2892.0,0,115,0,91,0,0,2,1,0,991,165,826,209,0,209
2893.0,0,115,0,91,0,0,2,1,0,991,165,826,209,0,209
2894.0,0,115,0,91,0,0,2,1,0,991,165,826,209,0,209
2895.0,0,114,0,92,0,0,2,1,0,991,165,826,209,0,209
2896.0,0,113,0,92,0,0,2,1,1,991,165,826,209,0,209
2897.0,0,113,0,92,0,0,2,1,1,991,165,826,209,0,209
2898.0,0,113,0,92,0,0,2,1,1,991,165,826,209,0,209
2899.0,0,113,0,92,0,0,2,1,0,992,165,827,208,0,208
2900.0,0,112,0,92,0,0,2,1,1,992,165,827,208,0,208
2901.0,0,112,0,92,0,0,2,1,1,992,165,827,208,0,208
2902.0,0,112,0,92,0,0,2,1,0,993,165,828,207,0,207
2903.0,0,111,0,92,0,0,2,1,1,993,165,828,207,0,207
2904.0,0,111,0,92,0,0,2,1,0,994,165,829,206,0,206
2905.0,0,111,0,92,0,0,2,1,0,994,165,829,206,0,206
2906.0,0,110,0,93,0,0,2,1,0,994,165,829,206,0,206
2907.0,0,109,0,93,0,0,2,1,1,994,165,829,206,0,206
2908.0,0,109,0,93,0,0,2,1,1,994,165,829,206,0,206
2909.0,0,109,0,92,0,0,2,1,1,995,165,830,205,0,205
2910.0,0,108,0,93,0,0,2,1,0,996,165,831,204,0,204
2911.0,0,108,0,92,0,0,2,1,1,996,165,831,204,0,204
2912.0,0,108,0,92,0,0,2,1,1,996,165,831,204,0,204
2913.0,0,108,0,92,0,0,2,1,0,997,165,832,203,0,203
2914.0,0,108,0,92,0,0,2,1,0,997,165,832,203,0,203
2915.0,0,108,0,91,0,0,2,1,1,997,165,832,203,0,203
2916.0,0,107,0,92,0,0,2,1,0,998,165,833,202,0,202
2917.0,0,106,0,92,0,0,2,1,1,998,165,833,202,0,202
2918.0,0,105,0,93,0,0,2,1,0,999,165,834,201,0,201
2919.0,0,105,0,93,0,0,2,1,0,999,165,834,201,0,201
2920.0,0,104,0,93,0,0,2,1,1,999,165,834,201,0,201
2921.0,0,104,0,93,0,0,2,1,1,999,165,834,201,0,201
2922.0,0,104,0,93,0,0,2,1,0,1000,165,835,200,0,200
2923.0,0,104,0,92,0,0,2,1,1,1000,165,835,200,0,200
2924.0,0,104,0,91,0,0,2,1,1,1001,165,836,199,0,199
2925.0,0,103,0,92,0,0,2,1,0,1002,165,837,198,0,198
2926.0,0,103,0,92,0,0,2,1,0,1002,165,837,198,0,198
2927.0,0,102,0,93,0,0,2,1,0,1002,165,837,198,0,198
2928.0,0,102,0,93,0,0,2,1,0,1002,165,837,198,0,198
2929.0,0,102,0,92,0,0,2,1,1,1002,165,837,198,0,198
2930.0,0,101,0,93,0,0,2,1,1,1002,165,837,198,0,198
2931.0,0,101,0,92,0,0,2,1,1,1003,165,838,197,0,197
2932.0,0,100,0,93,0,0,2,1,0,1004,165,839,196,0,196
2933.0,0,100,0,93,0,0,2,1,0,1004,165,839,196,0,196
2934.0,0,99,0,93,0,0,2,1,1,1004,165,839,196,0,196
2935.0,0,99,0,93,0,0,2,1,0,1005,165,840,195,0,195
2936.0,0,98,0,94,0,0,2,1,0,1005,165,840,195,0,195
2937.0,0,98,0,93,0,0,2,1,1,1005,165,840,195,0,195
2938.0,0,98,0,93,0,0,2,1,1,1005,165,840,195,0,195
2939.0,0,98,0,93,0,0,2,1,0,1006,165,841,194,0,194
2940.0,0,98,0,93,0,0,2,1,0,1006,165,841,194,0,194
2941.0,0,98,0,92,0,0,2,1,1,1006,165,841,194,0,194
2942.0,0,98,0,92,0,0,2,1,0,1007,165,842,193,0,193
2943.0,0,96,0,93,0,0,2,1,1,1007,165,842,193,0,193
2944.0,0,96,0,93,0,0,2,1,0,1008,165,843,192,0,192
2945.0,0,96,0,92,0,0,2,1,1,1008,165,843,192,0,192
2946.0,0,95,0,93,0,0,2,1,1,1008,165,843,192,0,192
2947.0,0,95,0,92,0,0,2,1,1,1009,165,844,191,0,191
2948.0,0,95,0,92,0,0,2,1,1,1009,165,844,191,0,191
2949.0,0,94,0,93,0,0,2,1,0,1010,165,845,190,0,190
2950.0,0,94,0,92,0,0,2,1,1,1010,165,845,190,0,190
2951.0,0,94,0,92,0,0,2,1,1,1010,165,845,190,0,190
2952.0,0,94,0,91,0,0,2,1,1,1011,165,846,189,0,189
2953.0,0,94,0,91,0,0,2,1,1,1011,165,846,189,0,189
2954.0,0,94,0,91,0,0,2,1,0,1012,165,847,188,0,188
2955.0,0,93,0,91,0,0,2,1,1,1012,165,847,188,0,188
2956.0,0,92,0,92,0,0,2,1,0,1013,165,848,187,0,187
2957.0,0,92,0,91,0,0,2,1,1,1013,165,848,187,0,187
2958.0,0,92,0,90,0,0,2,1,1,1014,165,849,186,0,186
2959.0,0,91,0,91,0,0,2,1,0,1015,165,850,185,0,185
2960.0,0,91,0,90,0,0,2,1,1,1015,165,850,185,0,185
2961.0,0,90,0,91,0,0,2,1,1,1015,165,850,185,0,185
2962.0,0,89,0,91,0,0,2,1,1,1016,165,851,184,0,184
2963.0,0,89,0,91,0,0,2,1,0,1017,165,852,183,0,183
2964.0,0,89,0,90,0,0,2,1,1,1017,165,852,183,0,183
2965.0,0,89,0,90,0,0,2,1,1,1017,165,852,183,0,183
2966.0,0,88,0,91,0,0,2,1,0,1018,165,853,182,0,182
2967.0,0,87,0,92,0,0,2,1,0,1018,165,853,182,0,182
2968.0,0,87,0,91,0,0,2,1,1,1018,165,853,182,0,182
2969.0,0,87,0,91,0,0,2,1,1,1018,165,853,182,0,182
2970.0,0,87,0,91,0,0,2,1,0,1019,165,854,181,0,181
2971.0,0,86,0,92,0,0,2,1,0,1019,165,854,181,0,181
2972.0,0,86,0,91,0,0,2,1,1,1019,165,854,181,0,181
2973.0,0,86,0,90,0,1,2,1,1,1019,165,854,181,0,181
2974.0,0,86,0,90,0,0,2,1,1,1020,165,855,180,0,180
2975.0,0,84,0,92,0,0,2,1,0,1021,165,856,179,0,179
2976.0,0,84,0,92,0,0,2,1,0,1021,165,856,179,0,179
2977.0,0,84,0,91,0,0,2,1,1,1021,165,856,179,0,179
2978.0,0,83,0,92,0,0,2,1,0,1022,165,857,178,0,178
2979.0,0,83,0,91,0,0,2,1,1,1022,165,857,178,0,178
2980.0,0,83,0,91,0,0,2,1,0,1023,165,858,177,0,177
2981.0,0,82,0,91,0,0,2,1,1,1023,165,858,177,0,177
2982.0,0,81,0,92,0,0,2,1,0,1024,165,859,176,0,176
2983.0,0,81,0,91,0,0,2,1,1,1024,165,859,176,0,176
2984.0,0,80,0,92,0,0,2,1,0,1025,165,860,175,0,175
2985.0,0,79,0,93,0,0,2,1,0,1025,165,860,175,0,175
2986.0,0,79,0,92,0,0,2,1,1,1025,165,860,175,0,175
2987.0,0,79,0,92,0,0,2,1,1,1025,165,860,175,0,175
2988.0,0,78,0,93,0,0,2,1,0,1026,165,861,174,0,174
2989.0,0,77,0,93,0,0,2,1,1,1026,165,861,174,0,174
2990.0,0,76,0,94,0,0,2,1,0,1027,165,862,173,0,173
2991.0,0,76,0,93,0,0,2,1,1,1027,165,862,173,0,173
2992.0,0,75,0,94,0,0,2,1,0,1028,165,863,172,0,172
2993.0,0,75,0,93,0,0,2,1,1,1028,165,863,172,0,172
2994.0,0,74,0,94,0,0,2,1,1,1028,165,863,172,0,172
2995.0,0,73,0,95,0,0,2,1,0,1029,165,864,171,0,171
2996.0,0,73,0,94,0,0,2,1,1,1029,165,864,171,0,171
2997.0,0,73,0,94,0,0,2,1,0,1030,165,865,170,0,170
2998.0,0,73,0,94,0,0,2,1,0,1030,165,865,170,0,170
2999.0,0,73,0,93,0,0,2,1,1,1030,165,865,170,0,170
3000.0,0,73,0,93,0,0,2,1,0,1031,165,866,169,0,169
3001.0,0,72,0,94,0,0,2,1,0,1031,165,866,169,0,169
3002.0,0,72,0,93,0,0,2,1,1,1031,165,866,169,0,169
3003.0,0,71,0,94,0,0,2,1,1,1031,165,866,169,0,169
3004.0,0,71,0,93,0,0,2,1,1,1032,165,867,168,0,168
3005.0,0,71,0,93,0,0,2,1,1,1032,165,867,168,0,168
3006.0,0,71,0,93,0,0,2,1,0,1033,165,868,167,0,167
3007.0,0,69,0,94,0,0,2,1,1,1033,165,868,167,0,167
3008.0,0,69,0,94,0,0,2,1,1,1033,165,868,167,0,167
3009.0,0,69,0,94,0,0,2,1,0,1034,165,869,166,0,166
3010.0,0,69,0,94,0,0,2,1,0,1034,165,869,166,0,166
3011.0,0,69,0,93,0,0,2,1,1,1034,165,869,166,0,166
3012.0,0,69,0,93,0,0,2,1,1,1034,165,869,166,0,166
3013.0,0,69,0,92,0,0,2,1,1,1035,165,870,165,0,165
3014.0,0,69,0,92,0,0,2,1,0,1036,165,871,164,0,164
3015.0,0,68,0,94,0,0,1,1,0,1036,165,871,164,0,164
3016.0,0,67,0,94,0,0,2,1,0,1036,165,871,164,0,164
3017.0,0,66,0,95,0,0,2,1,0,1036,165,871,164,0,164
3018.0,0,65,0,96,0,0,2,1,0,1036,165,871,164,0,164
3019.0,0,65,0,95,0,0,2,1,1,1036,165,871,164,0,164
3020.0,0,65,0,94,0,1,2,1,1,1036,165,871,164,0,164
3021.0,0,63,0,96,0,1,2,1,1,1036,165,871,164,0,164
3022.0,0,63,0,96,0,0,2,1,1,1037,165,872,163,0,163
3023.0,0,63,0,95,0,0,2,1,1,1038,165,873,162,0,162
3024.0,0,63,0,95,0,0,2,1,0,1039,165,874,161,0,161
3025.0,0,63,0,95,0,0,2,1,0,1039,165,874,161,0,161
3026.0,0,61,0,96,0,0,2,1,1,1039,165,874,161,0,161
3027.0,0,61,0,96,0,0,2,1,1,1039,165,874,161,0,161
3028.0,0,61,0,95,0,0,2,1,1,1040,165,875,160,0,160
3029.0,0,61,0,95,0,0,2,1,1,1040,165,875,160,0,160
3030.0,0,61,0,94,0,0,2,1,1,1041,165,876,159,0,159
3031.0,0,60,0,95,0,0,2,1,1,1041,165,876,159,0,159
3032.0,0,60,0,94,0,0,2,1,1,1042,165,877,158,0,158
3033.0,0,60,0,94,0,0,2,1,1,1042,165,877,158,0,158
3034.0,0,59,0,95,0,0,2,1,0,1043,165,878,157,0,157
3035.0,0,59,0,95,0,0,2,1,0,1043,165,878,157,0,157
3036.0,0,59,0,94,0,0,2,1,1,1043,165,878,157,0,157
3037.0,0,58,0,95,0,0,2,1,1,1043,165,878,157,0,157
3038.0,0,57,0,96,0,0,2,1,0,1044,165,879,156,0,156
3039.0,0,57,0,95,0,0,2,1,1,1044,165,879,156,0,156
3040.0,0,56,0,96,0,0,2,1,0,1045,165,880,155,0,155
3041.0,0,56,0,95,0,0,2,1,1,1045,165,880,155,0,155
3042.0,0,56,0,95,0,0,2,1,1,1045,165,880,155,0,155
3043.0,0,55,0,96,0,0,2,1,0,1046,165,881,154,0,154
3044.0,0,55,0,96,0,0,2,1,0,1046,165,881,154,0,154
3045.0,0,54,0,97,0,0,2,1,0,1046,165,881,154,0,154
3046.0,0,54,0,96,0,0,2,1,1,1046,165,881,154,0,154
3047.0,0,53,0,97,0,0,2,1,0,1047,165,882,153,0,153
3048.0,0,53,0,97,0,0,2,1,0,1047,165,882,153,0,153
3049.0,0,52,0,97,0,0,2,1,1,1047,165,882,153,0,153
3050.0,0,52,0,97,0,0,2,1,1,1047,165,882,153,0,153
3051.0,0,52,0,97,0,0,2,1,0,1048,165,883,152,0,152
3052.0,0,52,0,97,0,0,2,1,0,1048,165,883,152,0,152
3053.0,0,52,0,97,0,0,2,1,0,1048,165,883,152,0,152
3054.0,0,52,0,97,0,0,2,1,0,1048,165,883,152,0,152
3055.0,0,52,0,96,0,0,2,1,1,1048,165,883,152,0,152
3056.0,0,51,0,96,0,0,2,1,1,1049,165,884,151,0,151
3057.0,0,51,0,96,0,0,2,1,0,1050,165,885,150,0,150
3058.0,0,50,0,96,0,0,2,1,1,1050,165,885,150,0,150
3059.0,0,50,0,96,0,0,2,1,0,1051,165,886,149,0,149
3060.0,0,50,0,96,0,0,2,1,0,1051,165,886,149,0,149
3061.0,0,49,0,96,0,0,2,1,1,1051,165,886,149,0,149
3062.0,0,49,0,95,0,0,2,1,1,1052,165,887,148,0,148
3063.0,0,49,0,95,0,0,2,1,0,1053,165,888,147,0,147
3064.0,0,48,0,96,0,0,2,1,0,1053,165,888,147,0,147
3065.0,0,47,0,97,0,0,2,1,0,1053,165,888,147,0,147
3066.0,0,47,0,97,0,0,2,1,0,1053,165,888,147,0,147
3067.0,0,47,0,96,0,0,2,1,1,1053,165,888,147,0,147
3068.0,0,47,0,95,0,1,2,1,1,1053,165,888,147,0,147
3069.0,0,46,0,96,0,0,2,1,0,1055,165,890,145,0,145
3070.0,0,46,0,96,0,0,2,1,0,1055,165,890,145,0,145
3071.0,0,46,0,96,0,0,2,1,0,1055,165,890,145,0,145
3072.0,0,45,0,97,0,0,2,1,0,1055,165,890,145,0,145
3073.0,0,45,0,96,0,0,2,1,1,1055,165,890,145,0,145
3074.0,0,45,0,96,0,0,2,1,0,1056,165,891,144,0,144
3075.0,0,44,0,96,0,0,2,1,1,1056,165,891,144,0,144
3076.0,0,44,0,96,0,0,2,1,0,1057,165,892,143,0,143
3077.0,0,44,0,96,0,0,2,1,0,1057,165,892,143,0,143
3078.0,0,44,0,95,0,0,2,1,1,1057,165,892,143,0,143
3079.0,0,44,0,95,0,0,2,1,1,1057,165,892,143,0,143
3080.0,0,44,0,95,0,0,2,1,1,1057,165,892,143,0,143
3081.0,0,44,0,94,0,0,2,1,1,1058,165,893,142,0,142
3082.0,0,43,0,95,0,0,2,1,1,1058,165,893,142,0,142
3083.0,0,43,0,95,0,0,2,1,0,1059,165,894,141,0,141
3084.0,0,43,0,95,0,0,2,1,0,1059,165,894,141,0,141
3085.0,0,43,0,94,0,0,2,1,1,1059,165,894,141,0,141
3086.0,0,43,0,94,0,0,2,1,1,1059,165,894,141,0,141
3087.0,0,43,0,94,0,0,2,1,0,1060,165,895,140,0,140
3088.0,0,43,0,93,0,0,2,1,1,1060,165,895,140,0,140
3089.0,0,41,0,95,0,0,2,1,0,1061,165,896,139,0,139
3090.0,0,41,0,94,0,0,2,1,1,1061,165,896,139,0,139
3091.0,0,41,0,94,0,0,2,1,0,1062,165,897,138,0,138
3092.0,0,41,0,94,0,0,2,1,0,1062,165,897,138,0,138
3093.0,0,41,0,93,0,0,2,1,1,1062,165,897,138,0,138
3094.0,0,40,0,94,0,0,2,1,0,1063,165,898,137,0,137
3095.0,0,40,0,94,0,0,2,1,0,1063,165,898,137,0,137
3096.0,0,39,0,94,0,0,2,1,1,1063,165,898,137,0,137
3097.0,0,39,0,94,0,0,2,1,0,1064,165,899,136,0,136
3098.0,0,39,0,93,0,0,2,1,1,1064,165,899,136,0,136
3099.0,0,39,0,93,0,0,2,1,0,1065,165,900,135,0,135
3100.0,0,39,0,93,0,0,2,1,0,1065,165,900,135,0,135
3101.0,0,38,0,94,0,0,2,1,0,1065,165,900,135,0,135
3102.0,0,38,0,93,0,0,2,1,1,1065,165,900,135,0,135
3103.0,0,38,0,93,0,0,2,1,1,1065,165,900,135,0,135
3104.0,0,36,0,95,0,0,2,1,0,1066,165,901,134,0,134
3105.0,0,36,0,95,0,0,2,1,0,1066,165,901,134,0,134
3106.0,0,36,0,95,0,0,2,1,0,1066,165,901,134,0,134
3107.0,0,36,0,94,0,0,2,1,1,1066,165,901,134,0,134
3108.0,0,35,0,95,0,0,2,1,1,1066,165,901,134,0,134
3109.0,0,35,0,94,0,0,2,1,1,1067,165,902,133,0,133
3110.0,0,34,0,95,0,0,2,1,0,1068,165,903,132,0,132
3111.0,0,34,0,95,0,0,2,1,0,1068,165,903,132,0,132
3112.0,0,34,0,94,0,0,2,1,1,1068,165,903,132,0,132
3113.0,0,34,0,94,0,0,2,1,0,1069,165,904,131,0,131
3114.0,0,33,0,94,0,0,2,1,1,1069,165,904,131,0,131
3115.0,0,33,0,94,0,0,2,1,0,1070,165,905,130,0,130
3116.0,0,33,0,94,0,0,2,1,0,1070,165,905,130,0,130
3117.0,0,32,0,95,0,0,2,1,0,1070,165,905,130,0,130
3118.0,0,32,0,94,0,0,2,1,1,1070,165,905,130,0,130
3119.0,0,32,0,94,0,0,2,1,1,1070,165,905,130,0,130
3120.0,0,31,0,95,0,0,2,1,0,1071,165,906,129,0,129
3121.0,0,30,0,96,0,0,2,1,0,1071,165,906,129,0,129
3122.0,0,30,0,95,0,0,2,1,1,1071,165,906,129,0,129
3123.0,0,30,0,95,0,0,2,1,0,1072,165,907,128,0,128
3124.0,0,29,0,96,0,0,2,1,0,1072,165,907,128,0,128
3125.0,0,28,0,96,0,0,2,1,1,1072,165,907,128,0,128
3126.0,0,28,0,96,0,0,2,1,0,1073,165,908,127,0,127
3127.0,0,28,0,95,0,0,2,1,1,1073,165,908,127,0,127
3128.0,0,26,0,97,0,0,2,1,1,1073,165,908,127,0,127
3129.0,0,26,0,97,0,0,2,1,0,1074,165,909,126,0,126
3130.0,0,26,0,97,0,0,2,1,0,1074,165,909,126,0,126
3131.0,0,25,0,98,0,0,2,1,0,1074,165,909,126,0,126
3132.0,0,25,0,97,0,0,2,1,1,1074,165,909,126,0,126
3133.0,0,25,0,97,0,0,2,1,1,1074,165,909,126,0,126
3134.0,0,24,0,98,0,0,2,1,0,1075,165,910,125,0,125
3135.0,0,24,0,98,0,0,2,1,0,1075,165,910,125,0,125
3136.0,0,24,0,98,0,0,2,1,0,1075,165,910,125,0,125
3137.0,0,24,0,98,0,0,2,1,0,1075,165,910,125,0,125
3138.0,0,24,0,97,0,0,2,1,1,1075,165,910,125,0,125
3139.0,0,23,0,98,0,0,2,1,0,1076,165,911,124,0,124
3140.0,0,22,0,99,0,0,2,1,0,1076,165,911,124,0,124
3141.0,0,22,0,98,0,0,2,1,1,1076,165,911,124,0,124
3142.0,0,22,0,98,0,0,2,1,1,1076,165,911,124,0,124
3143.0,0,22,0,98,0,0,2,1,0,1077,165,912,123,0,123
3144.0,0,22,0,98,0,0,2,1,0,1077,165,912,123,0,123
3145.0,0,21,0,98,0,0,2,1,1,1077,165,912,123,0,123
3146.0,0,21,0,98,0,0,2,1,1,1077,165,912,123,0,123
3147.0,0,21,0,98,0,0,2,1,0,1078,165,913,122,0,122
3148.0,0,21,0,98,0,0,2,1,0,1078,165,913,122,0,122
3149.0,0,20,0,98,0,0,2,1,1,1078,165,913,122,0,122
3150.0,0,19,0,99,0,0,2,1,1,1078,165,913,122,0,122
3151.0,0,19,0,99,0,0,2,1,0,1079,165,914,121,0,121
3152.0,0,18,0,100,0,0,2,1,0,1079,165,914,121,0,121
3153.0,0,18,0,99,0,0,2,1,1,1079,165,914,121,0,121
3154.0,0,18,0,99,0,0,2,1,1,1079,165,914,121,0,121
3155.0,0,17,0,99,0,0,2,1,1,1080,165,915,120,0,120
3156.0,0,17,0,99,0,0,2,1,0,1081,165,916,119,0,119
3157.0,0,17,0,98,0,0,2,1,1,1081,165,916,119,0,119
3158.0,0,16,0,99,0,0,2,1,0,1082,165,917,118,0,118
3159.0,0,16,0,99,0,0,2,1,0,1082,165,917,118,0,118
3160.0,0,16,0,98,0,0,2,1,1,1082,165,917,118,0,118
3161.0,0,16,0,98,0,0,2,1,0,1083,165,918,117,0,117
3162.0,0,15,0,98,0,0,2,1,1,1083,165,918,117,0,117
3163.0,0,15,0,98,0,0,2,1,0,1084,165,919,116,0,116
3164.0,0,15,0,98,0,0,2,1,0,1084,165,919,116,0,116
3165.0,0,14,0,99,0,0,2,1,0,1084,165,919,116,0,116
3166.0,0,14,0,99,0,0,2,1,0,1084,165,919,116,0,116
3167.0,0,13,0,100,0,0,2,1,0,1084,165,919,116,0,116
3168.0,0,13,0,100,0,0,2,1,0,1084,165,919,116,0,116
3169.0,0,13,0,99,0,0,2,1,1,1084,165,919,116,0,116
3170.0,0,13,0,99,0,0,2,1,1,1084,165,919,116,0,116
3171.0,0,13,0,98,0,1,2,1,1,1084,165,919,116,0,116
3172.0,0,13,0,98,0,1,2,1,1,1084,165,919,116,0,116
3173.0,0,13,0,98,0,1,2,1,1,1084,165,919,116,0,116
3174.0,0,13,0,98,0,0,2,1,1,1085,165,920,115,0,115
3175.0,0,13,0,97,0,1,2,1,1,1085,165,920,115,0,115
3176.0,0,13,0,97,0,0,2,1,1,1086,165,921,114,0,114
3177.0,0,13,0,96,0,1,2,1,1,1086,165,921,114,0,114
3178.0,0,13,0,96,0,0,2,1,1,1087,165,922,113,0,113
3179.0,0,13,0,96,0,0,2,1,0,1088,165,923,112,0,112
3180.0,0,13,0,95,0,0,2,1,1,1088,165,923,112,0,112
3181.0,0,12,0,96,0,0,2,1,1,1088,165,923,112,0,112
3182.0,0,12,0,96,0,0,2,1,0,1089,165,924,111,0,111
3183.0,0,12,0,95,0,0,2,1,1,1089,165,924,111,0,111
3184.0,0,12,0,95,0,0,2,1,1,1089,165,924,111,0,111
3185.0,0,10,0,97,0,0,2,1,0,1090,165,925,110,0,110
3186.0,0,10,0,96,0,0,2,1,1,1090,165,925,110,0,110
3187.0,0,10,0,96,0,0,2,1,1,1090,165,925,110,0,110
3188.0,0,10,0,96,0,0,2,1,0,1091,165,926,109,0,109
3189.0,0,9,0,97,0,0,2,1,0,1091,165,926,109,0,109
3190.0,0,8,0,98,0,0,2,1,0,1091,165,926,109,0,109
3191.0,0,8,0,98,0,0,2,1,0,1091,165,926,109,0,109
3192.0,0,8,0,98,0,0,2,1,0,1091,165,926,109,0,109
3193.0,0,8,0,97,0,0,2,1,1,1091,165,926,109,0,109
3194.0,0,7,0,97,0,1,2,1,1,1091,165,926,109,0,109
3195.0,0,7,0,97,0,0,2,1,1,1092,165,927,108,0,108
3196.0,0,7,0,97,0,0,2,1,1,1092,165,927,108,0,108
3197.0,0,6,0,97,0,0,2,1,1,1093,165,928,107,0,107
3198.0,0,6,0,97,0,0,2,1,0,1094,165,929,106,0,106
3199.0,0,6,0,97,0,0,2,1,0,1094,165,929,106,0,106
3200.0,0,5,0,98,0,0,2,1,0,1094,165,929,106,0,106
3201.0,0,5,0,97,0,0,2,1,1,1094,165,929,106,0,106
3202.0,0,5,0,97,0,0,2,1,1,1094,165,929,106,0,106
3203.0,0,4,0,97,0,0,2,1,1,1095,165,930,105,0,105
3204.0,0,3,0,98,0,0,2,1,0,1096,165,931,104,0,104
3205.0,0,3,0,98,0,0,2,1,0,1096,165,931,104,0,104
3206.0,0,3,0,98,0,0,2,1,0,1096,165,931,104,0,104
3207.0,0,3,0,98,0,0,2,1,0,1096,165,931,104,0,104
3208.0,0,2,0,98,0,0,2,1,1,1096,165,931,104,0,104
3209.0,0,1,0,99,0,0,2,1,1,1096,165,931,104,0,104
3210.0,0,0,0,99,0,0,2,1,1,1097,165,932,103,0,103
3211.0,0,0,0,99,0,0,2,1,0,1098,165,933,102,0,102
3212.0,0,0,0,99,0,0,1,1,1,1098,165,933,102,0,102
3213.0,0,0,0,100,0,0,0,1,0,1099,165,934,101,0,101
3214.0,0,0,0,99,0,0,0,1,1,1099,165,934,101,0,101
3215.0,0,0,0,99,0,0,0,1,1,1099,165,934,101,0,101
3216.0,0,0,0,99,0,0,0,1,0,1100,165,935,100,0,100
3217.0,0,0,0,98,0,0,0,1,1,1100,165,935,100,0,100
3218.0,0,0,0,98,0,0,0,1,1,1100,165,935,100,0,100
3219.0,0,0,0,98,0,0,0,1,0,1101,165,936,99,0,99
3220.0,0,0,0,98,0,0,0,1,0,1101,165,936,99,0,99
3221.0,0,0,0,97,0,0,0,1,1,1101,165,936,99,0,99
3222.0,0,0,0,97,0,0,0,1,1,1101,165,936,99,0,99
3223.0,0,0,0,97,0,0,0,1,0,1102,165,937,98,0,98
3224.0,0,0,0,96,0,0,0,1,1,1102,165,937,98,0,98
3225.0,0,0,0,96,0,0,0,1,0,1103,165,938,97,0,97
3226.0,0,0,0,95,0,0,0,1,1,1103,165,938,97,0,97
3227.0,0,0,0,95,0,0,0,1,0,1104,165,939,96,0,96
3228.0,0,0,0,95,0,0,0,1,0,1104,165,939,96,0,96
3229.0,0,0,0,95,0,0,0,1,0,1104,165,939,96,0,96
3230.0,0,0,0,94,0,0,0,1,1,1104,165,939,96,0,96
3231.0,0,0,0,94,0,0,0,1,1,1104,165,939,96,0,96
3232.0,0,0,0,94,0,0,0,1,0,1105,165,940,95,0,95
3233.0,0,0,0,94,0,0,0,1,0,1105,165,940,95,0,95
3234.0,0,0,0,93,0,0,0,1,1,1105,165,940,95,0,95
3235.0,0,0,0,93,0,0,0,1,1,1105,165,940,95,0,95
3236.0,0,0,0,93,0,0,0,1,0,1106,165,941,94,0,94
3237.0,0,0,0,92,0,0,0,1,1,1106,165,941,94,0,94
3238.0,0,0,0,91,0,1,0,1,1,1106,165,941,94,0,94
3239.0,0,0,0,91,0,0,0,1,1,1107,165,942,93,0,93
3240.0,0,0,0,91,0,0,0,1,0,1108,165,943,92,0,92
3241.0,0,0,0,91,0,0,0,1,0,1108,165,943,92,0,92
3242.0,0,0,0,90,0,0,0,1,1,1108,165,943,92,0,92
3243.0,0,0,0,90,0,0,0,1,0,1109,165,944,91,0,91
3244.0,0,0,0,89,0,0,0,1,1,1109,165,944,91,0,91
3245.0,0,0,0,89,0,0,0,1,0,1110,165,945,90,0,90
3246.0,0,0,0,89,0,0,0,1,0,1110,165,945,90,0,90
3247.0,0,0,0,88,0,0,0,1,1,1110,165,945,90,0,90
3248.0,0,0,0,88,0,0,0,1,0,1111,165,946,89,0,89
3249.0,0,0,0,87,0,0,0,1,1,1111,165,946,89,0,89
3250.0,0,0,0,87,0,0,0,1,0,1112,165,947,88,0,88
3251.0,0,0,0,87,0,0,0,1,0,1112,165,947,88,0,88
3252.0,0,0,0,86,0,0,0,1,1,1112,165,947,88,0,88
3253.0,0,0,0,86,0,0,0,1,1,1112,165,947,88,0,88
3254.0,0,0,0,86,0,0,0,1,0,1113,165,948,87,0,87
3255.0,0,0,0,85,0,0,0,1,1,1113,165,948,87,0,87
3256.0,0,0,0,85,0,0,0,1,1,1113,165,948,87,0,87
3257.0,0,0,0,85,0,0,0,1,0,1114,165,949,86,0,86
3258.0,0,0,0,84,0,0,0,1,1,1114,165,949,86,0,86
3259.0,0,0,0,84,0,0,0,1,0,1115,165,950,85,0,85
3260.0,0,0,0,83,0,0,0,1,1,1115,165,950,85,0,85
3261.0,0,0,0,83,0,0,0,1,1,1115,165,950,85,0,85
3262.0,0,0,0,83,0,0,0,1,0,1116,165,951,84,0,84
3263.0,0,0,0,82,0,0,0,1,1,1116,165,951,84,0,84
3264.0,0,0,0,82,0,0,0,1,0,1117,165,952,83,0,83
3265.0,0,0,0,81,0,0,0,1,1,1117,165,952,83,0,83
3266.0,0,0,0,81,0,0,0,1,0,1118,165,953,82,0,82
3267.0,0,0,0,80,0,0,0,1,1,1118,165,953,82,0,82
3268.0,0,0,0,80,0,0,0,1,0,1119,165,954,81,0,81
3269.0,0,0,0,79,0,0,0,1,1,1119,165,954,81,0,81
3270.0,0,0,0,79,0,0,0,1,0,1120,165,955,80,0,80
3271.0,0,0,0,78,0,0,0,1,1,1120,165,955,80,0,80
3272.0,0,0,0,78,0,0,0,1,1,1120,165,955,80,0,80
3273.0,0,0,0,77,0,0,0,1,1,1121,165,956,79,0,79
3274.0,0,0,0,77,0,0,0,1,0,1122,165,957,78,0,78
3275.0,0,0,0,76,0,0,0,1,1,1122,165,957,78,0,78
3276.0,0,0,0,76,0,0,0,1,0,1123,165,958,77,0,77
3277.0,0,0,0,75,0,0,0,1,1,1123,165,958,77,0,77
3278.0,0,0,0,75,0,0,0,1,1,1123,165,958,77,0,77
3279.0,0,0,0,74,0,0,0,1,1,1124,165,959,76,0,76
3280.0,0,0,0,74,0,0,0,1,1,1124,165,959,76,0,76
3281.0,0,0,0,74,0,0,0,1,0,1125,165,960,75,0,75
3282.0,0,0,0,73,0,0,0,1,1,1125,165,960,75,0,75
3283.0,0,0,0,73,0,0,0,1,0,1126,165,961,74,0,74
3284.0,0,0,0,73,0,0,0,1,0,1126,165,961,74,0,74
3285.0,0,0,0,73,0,0,0,1,0,1126,165,961,74,0,74
3286.0,0,0,0,72,0,0,0,1,1,1126,165,961,74,0,74
3287.0,0,0,0,72,0,0,0,1,0,1127,165,962,73,0,73
3288.0,0,0,0,72,0,0,0,1,0,1127,165,962,73,0,73
3289.0,0,0,0,72,0,0,0,1,0,1127,165,962,73,0,73
3290.0,0,0,0,71,0,0,0,1,1,1127,165,962,73,0,73
3291.0,0,0,0,70,0,0,0,1,1,1128,165,963,72,0,72
3292.0,0,0,0,70,0,0,0,1,0,1129,165,964,71,0,71
3293.0,0,0,0,70,0,0,0,1,0,1129,165,964,71,0,71
3294.0,0,0,0,70,0,0,0,1,0,1129,165,964,71,0,71
3295.0,0,0,0,70,0,0,0,1,0,1129,165,964,71,0,71
3296.0,0,0,0,69,0,0,0,1,1,1129,165,964,71,0,71
3297.0,0,0,0,69,0,0,0,1,1,1129,165,964,71,0,71
3298.0,0,0,0,69,0,0,0,1,0,1130,165,965,70,0,70
3299.0,0,0,0,68,0,0,0,1,1,1130,165,965,70,0,70
3300.0,0,0,0,68,0,0,0,1,0,1131,165,966,69,0,69
3301.0,0,0,0,67,0,0,0,1,1,1131,165,966,69,0,69
3302.0,0,0,0,67,0,0,0,1,0,1132,165,967,68,0,68
3303.0,0,0,0,66,0,0,0,1,1,1132,165,967,68,0,68
3304.0,0,0,0,66,0,0,0,1,1,1132,165,967,68,0,68
3305.0,0,0,0,65,0,0,0,1,1,1133,165,968,67,0,67
3306.0,0,0,0,65,0,0,0,1,0,1134,165,969,66,0,66
3307.0,0,0,0,65,0,0,0,1,0,1134,165,969,66,0,66
3308.0,0,0,0,64,0,0,0,1,1,1134,165,969,66,0,66
3309.0,0,0,0,64,0,0,0,1,1,1134,165,969,66,0,66
3310.0,0,0,0,64,0,0,0,1,0,1135,165,970,65,0,65
3311.0,0,0,0,63,0,0,0,1,0,1136,165,971,64,0,64
3312.0,0,0,0,63,0,0,0,1,0,1136,165,971,64,0,64
3313.0,0,0,0,63,0,0,0,1,0,1136,165,971,64,0,64
3314.0,0,0,0,62,0,0,0,1,1,1136,165,971,64,0,64
3315.0,0,0,0,62,0,0,0,1,0,1137,165,972,63,0,63
3316.0,0,0,0,61,0,0,0,1,1,1137,165,972,63,0,63
3317.0,0,0,0,61,0,0,0,1,1,1137,165,972,63,0,63
3318.0,0,0,0,61,0,0,0,1,0,1138,165,973,62,0,62
3319.0,0,0,0,61,0,0,0,1,0,1138,165,973,62,0,62
3320.0,0,0,0,61,0,0,0,1,0,1138,165,973,62,0,62
3321.0,0,0,0,60,0,0,0,1,1,1138,165,973,62,0,62
3322.0,0,0,0,60,0,0,0,1,0,1139,165,974,61,0,61
3323.0,0,0,0,60,0,0,0,1,0,1139,165,974,61,0,61
3324.0,0,0,0,59,0,0,0,1,1,1139,165,974,61,0,61
3325.0,0,0,0,59,0,0,0,1,1,1139,165,974,61,0,61
3326.0,0,0,0,59,0,0,0,1,0,1140,165,975,60,0,60
3327.0,0,0,0,58,0,0,0,1,1,1140,165,975,60,0,60
3328.0,0,0,0,58,0,0,0,1,0,1141,165,976,59,0,59
3329.0,0,0,0,58,0,0,0,1,0,1141,165,976,59,0,59
3330.0,0,0,0,57,0,0,0,1,1,1141,165,976,59,0,59
3331.0,0,0,0,57,0,0,0,1,1,1141,165,976,59,0,59
3332.0,0,0,0,57,0,0,0,1,0,1142,165,977,58,0,58
3333.0,0,0,0,57,0,0,0,1,0,1142,165,977,58,0,58
3334.0,0,0,0,56,0,0,0,1,1,1142,165,977,58,0,58
3335.0,0,0,0,55,0,0,0,1,1,1143,165,978,57,0,57
3336.0,0,0,0,55,0,0,0,1,0,1144,165,979,56,0,56
3337.0,0,0,0,55,0,0,0,1,0,1144,165,979,56,0,56
3338.0,0,0,0,54,0,0,0,1,1,1144,165,979,56,0,56
3339.0,0,0,0,53,0,0,0,1,1,1145,165,980,55,0,55
3340.0,0,0,0,53,0,0,0,1,0,1146,165,981,54,0,54
3341.0,0,0,0,53,0,0,0,1,0,1146,165,981,54,0,54
3342.0,0,0,0,53,0,0,0,1,0,1146,165,981,54,0,54
3343.0,0,0,0,53,0,0,0,1,0,1146,165,981,54,0,54
3344.0,0,0,0,53,0,0,0,1,0,1146,165,981,54,0,54
3345.0,0,0,0,53,0,0,0,1,0,1146,165,981,54,0,54
3346.0,0,0,0,53,0,0,0,1,0,1146,165,981,54,0,54
3347.0,0,0,0,53,0,0,0,1,0,1146,165,981,54,0,54
3348.0,0,0,0,52,0,0,0,1,1,1146,165,981,54,0,54
3349.0,0,0,0,52,0,0,0,1,1,1146,165,981,54,0,54
3350.0,0,0,0,52,0,0,0,1,0,1147,165,982,53,0,53
3351.0,0,0,0,51,0,0,0,1,1,1147,165,982,53,0,53
3352.0,0,0,0,51,0,0,0,1,1,1147,165,982,53,0,53
3353.0,0,0,0,51,0,0,0,1,0,1148,165,983,52,0,52
3354.0,0,0,0,51,0,0,0,1,0,1148,165,983,52,0,52
3355.0,0,0,0,50,0,0,0,1,1,1148,165,983,52,0,52
3356.0,0,0,0,50,0,0,0,1,0,1149,165,984,51,0,51
3357.0,0,0,0,49,0,0,0,1,1,1149,165,984,51,0,51
3358.0,0,0,0,49,0,0,0,1,1,1149,165,984,51,0,51
3359.0,0,0,0,49,0,0,0,1,0,1150,165,985,50,0,50
3360.0,0,0,0,49,0,0,0,1,0,1150,165,985,50,0,50
3361.0,0,0,0,48,0,0,0,1,1,1150,165,985,50,0,50
3362.0,0,0,0,48,0,0,0,1,0,1151,165,986,49,0,49
3363.0,0,0,0,47,0,0,0,1,1,1151,165,986,49,0,49
3364.0,0,0,0,47,0,0,0,1,0,1152,165,987,48,0,48
3365.0,0,0,0,46,0,0,0,1,1,1152,165,987,48,0,48
3366.0,0,0,0,46,0,0,0,1,1,1152,165,987,48,0,48
3367.0,0,0,0,45,0,0,0,1,1,1153,165,988,47,0,47
3368.0,0,0,0,45,0,0,0,1,0,1154,165,989,46,0,46
3369.0,0,0,0,45,0,0,0,1,0,1154,165,989,46,0,46
3370.0,0,0,0,45,0,0,0,1,0,1154,165,989,46,0,46
3371.0,0,0,0,45,0,0,0,1,0,1154,165,989,46,0,46
3372.0,0,0,0,45,0,0,0,1,0,1154,165,989,46,0,46
3373.0,0,0,0,45,0,0,0,1,0,1154,165,989,46,0,46
3374.0,0,0,0,45,0,0,0,1,0,1154,165,989,46,0,46
3375.0,0,0,0,44,0,0,0,1,1,1154,165,989,46,0,46
3376.0,0,0,0,44,0,0,0,1,1,1154,165,989,46,0,46
3377.0,0,0,0,44,0,0,0,1,1,1154,165,989,46,0,46
3378.0,0,0,0,44,0,0,0,1,0,1155,165,990,45,0,45
3379.0,0,0,0,44,0,0,0,1,0,1155,165,990,45,0,45
3380.0,0,0,0,44,0,0,0,1,0,1155,165,990,45,0,45
3381.0,0,0,0,44,0,0,0,1,0,1155,165,990,45,0,45
3382.0,0,0,0,43,0,0,0,1,1,1155,165,990,45,0,45
3383.0,0,0,0,43,0,0,0,1,1,1155,165,990,45,0,45
3384.0,0,0,0,43,0,0,0,1,1,1155,165,990,45,0,45
3385.0,0,0,0,43,0,0,0,1,0,1156,165,991,44,0,44
3386.0,0,0,0,43,0,0,0,1,0,1156,165,991,44,0,44
3387.0,0,0,0,42,0,0,0,1,1,1156,165,991,44,0,44
3388.0,0,0,0,42,0,0,0,1,1,1156,165,991,44,0,44
3389.0,0,0,0,42,0,0,0,1,0,1157,165,992,43,0,43
3390.0,0,0,0,41,0,0,0,1,1,1157,165,992,43,0,43
3391.0,0,0,0,41,0,0,0,1,1,1157,165,992,43,0,43
3392.0,0,0,0,40,0,0,0,1,1,1158,165,993,42,0,42
3393.0,0,0,0,40,0,0,0,1,0,1159,165,994,41,0,41
3394.0,0,0,0,39,0,0,0,1,1,1159,165,994,41,0,41
3395.0,0,0,0,39,0,0,0,1,0,1160,165,995,40,0,40
3396.0,0,0,0,39,0,0,0,1,0,1160,165,995,40,0,40
3397.0,0,0,0,39,0,0,0,1,0,1160,165,995,40,0,40
3398.0,0,0,0,39,0,0,0,1,0,1160,165,995,40,0,40
3399.0,0,0,0,39,0,0,0,1,0,1160,165,995,40,0,40
3400.0,0,0,0,39,0,0,0,1,0,1160,165,995,40,0,40
3401.0,0,0,0,39,0,0,0,1,0,1160,165,995,40,0,40
3402.0,0,0,0,39,0,0,0,1,0,1160,165,995,40,0,40
3403.0,0,0,0,39,0,0,0,1,0,1160,165,995,40,0,40
3404.0,0,0,0,38,0,0,0,1,1,1160,165,995,40,0,40
3405.0,0,0,0,38,0,0,0,1,1,1160,165,995,40,0,40
3406.0,0,0,0,38,0,0,0,1,1,1160,165,995,40,0,40
3407.0,0,0,0,37,0,1,0,1,1,1160,165,995,40,0,40
3408.0,0,0,0,37,0,0,0,1,1,1161,165,996,39,0,39
3409.0,0,0,0,36,0,1,0,1,1,1161,165,996,39,0,39
3410.0,0,0,0,36,0,0,0,1,1,1162,165,997,38,0,38
3411.0,0,0,0,36,0,0,0,1,0,1163,165,998,37,0,37
3412.0,0,0,0,36,0,0,0,1,0,1163,165,998,37,0,37
3413.0,0,0,0,36,0,0,0,1,0,1163,165,998,37,0,37
3414.0,0,0,0,35,0,0,0,1,1,1163,165,998,37,0,37
3415.0,0,0,0,35,0,0,0,1,1,1163,165,998,37,0,37
3416.0,0,0,0,35,0,0,0,1,0,1164,165,999,36,0,36
3417.0,0,0,0,34,0,0,0,1,1,1164,165,999,36,0,36
3418.0,0,0,0,33,0,0,0,1,1,1165,165,1000,35,0,35
3419.0,0,0,0,33,0,0,0,1,1,1165,165,1000,35,0,35
3420.0,0,0,0,33,0,0,0,1,0,1166,165,1001,34,0,34
3421.0,0,0,0,33,0,0,0,1,0,1166,165,1001,34,0,34
3422.0,0,0,0,33,0,0,0,1,0,1166,165,1001,34,0,34
3423.0,0,0,0,32,0,0,0,1,1,1166,165,1001,34,0,34
3424.0,0,0,0,32,0,0,0,1,1,1166,165,1001,34,0,34
3425.0,0,0,0,32,0,0,0,1,0,1167,165,1002,33,0,33
3426.0,0,0,0,31,0,0,0,1,1,1167,165,1002,33,0,33
3427.0,0,0,0,31,0,0,0,1,1,1167,165,1002,33,0,33
3428.0,0,0,0,30,0,0,0,1,1,1168,165,1003,32,0,32
3429.0,0,0,0,29,0,1,0,1,1,1168,165,1003,32,0,32
3430.0,0,0,0,29,0,0,0,1,1,1169,165,1004,31,0,31
3431.0,0,0,0,29,0,0,0,1,0,1170,165,1005,30,0,30
3432.0,0,0,0,29,0,0,0,1,0,1170,165,1005,30,0,30
3433.0,0,0,0,29,0,0,0,1,0,1170,165,1005,30,0,30
3434.0,0,0,0,28,0,0,0,1,1,1170,165,1005,30,0,30
3435.0,0,0,0,28,0,0,0,1,1,1170,165,1005,30,0,30
3436.0,0,0,0,27,0,1,0,1,1,1170,165,1005,30,0,30
3437.0,0,0,0,26,0,1,0,1,1,1171,165,1006,29,0,29
3438.0,0,0,0,26,0,0,0,1,1,1172,165,1007,28,0,28
3439.0,0,0,0,25,0,0,0,1,1,1173,165,1008,27,0,27
3440.0,0,0,0,25,0,0,0,1,0,1174,165,1009,26,0,26
3441.0,0,0,0,25,0,0,0,1,0,1174,165,1009,26,0,26
3442.0,0,0,0,24,0,0,0,1,1,1174,165,1009,26,0,26
3443.0,0,0,0,24,0,0,0,1,0,1175,165,1010,25,0,25
3444.0,0,0,0,24,0,0,0,1,0,1175,165,1010,25,0,25
3445.0,0,0,0,24,0,0,0,1,0,1175,165,1010,25,0,25
3446.0,0,0,0,23,0,0,0,1,1,1175,165,1010,25,0,25
3447.0,0,0,0,23,0,0,0,1,1,1175,165,1010,25,0,25
3448.0,0,0,0,22,0,1,0,1,1,1175,165,1010,25,0,25
3449.0,0,0,0,22,0,0,0,1,1,1176,165,1011,24,0,24
3450.0,0,0,0,22,0,0,0,1,0,1177,165,1012,23,0,23
3451.0,0,0,0,21,0,0,0,1,1,1177,165,1012,23,0,23
3452.0,0,0,0,21,0,0,0,1,0,1178,165,1013,22,0,22
3453.0,0,0,0,21,0,0,0,1,0,1178,165,1013,22,0,22
3454.0,0,0,0,20,0,0,0,1,1,1178,165,1013,22,0,22
3455.0,0,0,0,20,0,0,0,1,1,1178,165,1013,22,0,22
3456.0,0,0,0,19,0,0,0,1,1,1179,165,1014,21,0,21
3457.0,0,0,0,18,0,0,0,1,1,1180,165,1015,20,0,20
3458.0,0,0,0,18,0,0,0,1,0,1181,165,1016,19,0,19
3459.0,0,0,0,18,0,0,0,1,0,1181,165,1016,19,0,19
3460.0,0,0,0,18,0,0,0,1,0,1181,165,1016,19,0,19
3461.0,0,0,0,17,0,0,0,1,1,1181,165,1016,19,0,19
3462.0,0,0,0,17,0,0,0,1,1,1181,165,1016,19,0,19
3463.0,0,0,0,17,0,0,0,1,0,1182,165,1017,18,0,18
3464.0,0,0,0,16,0,0,0,1,1,1182,165,1017,18,0,18
3465.0,0,0,0,16,0,0,0,1,0,1183,165,1018,17,0,17
3466.0,0,0,0,16,0,0,0,1,0,1183,165,1018,17,0,17
3467.0,0,0,0,16,0,0,0,1,0,1183,165,1018,17,0,17
3468.0,0,0,0,16,0,0,0,1,0,1183,165,1018,17,0,17
3469.0,0,0,0,15,0,0,0,1,1,1183,165,1018,17,0,17
3470.0,0,0,0,15,0,0,0,1,1,1183,165,1018,17,0,17
3471.0,0,0,0,15,0,0,0,1,1,1183,165,1018,17,0,17
3472.0,0,0,0,14,0,0,0,1,1,1184,165,1019,16,0,16
3473.0,0,0,0,14,0,0,0,1,1,1184,165,1019,16,0,16
3474.0,0,0,0,14,0,0,0,1,0,1185,165,1020,15,0,15
3475.0,0,0,0,14,0,0,0,1,0,1185,165,1020,15,0,15
3476.0,0,0,0,14,0,0,0,1,0,1185,165,1020,15,0,15
3477.0,0,0,0,14,0,0,0,1,0,1185,165,1020,15,0,15
3478.0,0,0,0,14,0,0,0,1,0,1185,165,1020,15,0,15
3479.0,0,0,0,14,0,0,0,1,0,1185,165,1020,15,0,15
3480.0,0,0,0,13,0,0,0,1,1,1185,165,1020,15,0,15
3481.0,0,0,0,13,0,0,0,1,1,1185,165,1020,15,0,15
3482.0,0,0,0,12,0,1,0,1,1,1185,165,1020,15,0,15
3483.0,0,0,0,12,0,1,0,1,1,1185,165,1020,15,0,15
3484.0,0,0,0,12,0,0,0,1,1,1186,165,1021,14,0,14
3485.0,0,0,0,12,0,0,0,1,0,1187,165,1022,13,0,13
3486.0,0,0,0,12,0,0,0,1,0,1187,165,1022,13,0,13
3487.0,0,0,0,11,0,0,0,1,1,1187,165,1022,13,0,13
3488.0,0,0,0,11,0,0,0,1,1,1187,165,1022,13,0,13
3489.0,0,0,0,11,0,0,0,1,1,1187,165,1022,13,0,13
3490.0,0,0,0,11,0,0,0,1,0,1188,165,1023,12,0,12
3491.0,0,0,0,10,0,0,0,1,1,1188,165,1023,12,0,12
3492.0,0,0,0,10,0,0,0,1,1,1188,165,1023,12,0,12
3493.0,0,0,0,10,0,0,0,1,0,1189,165,1024,11,0,11
3494.0,0,0,0,9,0,0,0,1,1,1189,165,1024,11,0,11
3495.0,0,0,0,9,0,0,0,1,1,1189,165,1024,11,0,11
3496.0,0,0,0,9,0,0,0,1,0,1190,165,1025,10,0,10
3497.0,0,0,0,8,0,0,0,1,1,1190,165,1025,10,0,10
3498.0,0,0,0,8,0,0,0,1,1,1190,165,1025,10,0,10
3499.0,0,0,0,8,0,0,0,1,0,1191,165,1026,9,0,9
3500.0,0,0,0,8,0,0,0,1,0,1191,165,1026,9,0,9
3501.0,0,0,0,7,0,0,0,1,1,1191,165,1026,9,0,9
3502.0,0,0,0,7,0,0,0,1,0,1192,165,1027,8,0,8
3503.0,0,0,0,7,0,0,0,1,0,1192,165,1027,8,0,8
3504.0,0,0,0,7,0,0,0,1,0,1192,165,1027,8,0,8
3505.0,0,0,0,7,0,0,0,1,0,1192,165,1027,8,0,8
3506.0,0,0,0,6,0,0,0,1,1,1192,165,1027,8,0,8
3507.0,0,0,0,6,0,0,0,1,1,1192,165,1027,8,0,8
3508.0,0,0,0,6,0,0,0,1,0,1193,165,1028,7,0,7
3509.0,0,0,0,5,0,0,0,1,1,1193,165,1028,7,0,7
3510.0,0,0,0,4,0,0,0,1,1,1194,165,1029,6,0,6
3511.0,0,0,0,4,0,0,0,1,0,1195,165,1030,5,0,5
3512.0,0,0,0,4,0,0,0,1,0,1195,165,1030,5,0,5
3513.0,0,0,0,3,0,0,0,1,1,1195,165,1030,5,0,5
3514.0,0,0,0,3,0,0,0,1,0,1196,165,1031,4,0,4
3515.0,0,0,0,3,0,0,0,1,0,1196,165,1031,4,0,4
3516.0,0,0,0,3,0,0,0,1,0,1196,165,1031,4,0,4
3517.0,0,0,0,2,0,0,0,1,1,1196,165,1031,4,0,4
3518.0,0,0,0,1,0,1,0,1,1,1196,165,1031,4,0,4
3519.0,0,0,0,1,0,0,0,1,0,1198,165,1033,2,0,2
3520.0,0,0,0,1,0,0,0,1,0,1198,165,1033,2,0,2
3521.0,0,0,0,1,0,0,0,1,0,1198,165,1033,2,0,2
3522.0,0,0,0,0,0,0,0,1,1,1198,165,1033,2,0,2
3523.0,0,0,0,0,0,0,0,1,0,1199,165,1034,1,0,1
3524.0,0,0,0,0,0,0,0,0,1,1199,165,1034,1,0,1
3524.383333333333,0,0,0,0,0,0,0,0,0,1200,165,1035,0,0,0
