month,month_name,regime,policy,picking_workers,quality_check_workers,packing_workers,labelling_workers,dispatch_workers,total_workers,total_orders,urgent_orders,normal_orders,urgent_share,total_sla,urgent_sla,normal_sla,mean_system_time_min,p90_system_time_min,urgent_late_orders,normal_late_orders,estimated_late_cost,estimated_worker_cost,estimated_total_cost,savings_total_cost_vs_fifo_same_month_regime,savings_total_cost_vs_urgent_first_same_month_regime,p_urgent_overall,p_urgent_pick,p_urgent_quality_check,p_urgent_pack,p_urgent_labelling,p_urgent_dispatch,decisions_total,decisions_pick,decisions_quality_check,decisions_pack,decisions_labelling,decisions_dispatch,cost_late_urgent,cost_late_normal,worker_cost_per_hour,hours_per_worker_month
1,January,s11111,fifo,1,1,1,1,1,5,16812,2040,14772,0.1213,0.016595289079229122,0.004411764705882353,0.018277822908204712,20982.331530057894,38187.785,2031.0,14502.0,113130.0,12000.0,125130.0,0.0,-40150.0,,,,,,,,,,,,,20.0,5.0,15.0,160.0
1,January,s11111,urgent_first,1,1,1,1,1,5,16812,2040,14772,0.1213,0.13181061146799905,1.0,0.011914432710533442,20882.326805258148,38061.71666666667,0.0,14596.0,72980.0,12000.0,84980.0,40150.0,0.0,,,,,,,,,,,,,20.0,5.0,15.0,160.0
1,January,s11111,rl5_dqn,1,1,1,1,1,5,16812,2040,14772,0.1213,0.13151320485367596,1.0,0.01157595450852965,21000.014047505752,38179.534999999996,0.0,14601.0,73005.0,12000.0,85005.0,40125.0,-25.0,0.9942556247008137,0.9951219512195122,1.0,0.9354838709677419,0.0,1.0,2089.0,2050.0,6.0,31.0,0.0,2.0,20.0,5.0,15.0,160.0
1,January,s21111,fifo,2,1,1,1,1,6,16812,2040,14772,0.1213,0.12169878658101356,0.012254901960784314,0.13681288924993232,3449.430146125783,5634.533333333333,2015.0,12751.0,104055.0,14400.0,118455.0,0.0,-37955.0,,,,,,,,,,,,,20.0,5.0,15.0,160.0
1,January,s21111,urgent_first,2,1,1,1,1,6,16812,2040,14772,0.1213,0.21365691172971688,1.0,0.10506363390197672,3467.0863738202866,6151.8516666666665,0.0,13220.0,66100.0,14400.0,80500.0,37955.0,0.0,,,,,,,,,,,,,20.0,5.0,15.0,160.0
1,January,s21111,rl5_dqn,2,1,1,1,1,6,16812,2040,14772,0.1213,0.2113966214608613,1.0,0.1024911995667479,3474.34095983028,6143.16,0.0,13258.0,66290.0,14400.0,80690.0,37765.0,-190.0,0.8715339233038348,0.8578637510513036,0.8368444643657552,0.9216504404265183,0.0,1.0,6780.0,2378.0,2231.0,2157.0,0.0,14.0,20.0,5.0,15.0,160.0
1,January,s31111,fifo,3,1,1,1,1,7,16812,2040,14772,0.1213,0.12395907684986913,0.013725490196078431,0.13918223666395885,3510.7303781029423,5746.92,2012.0,12716.0,103820.0,16800.0,120620.0,0.0,-37725.0,,,,,,,,,,,,,20.0,5.0,15.0,160.0
1,January,s31111,urgent_first,3,1,1,1,1,7,16812,2040,14772,0.1213,0.2137163930525815,1.0,0.10513132954237747,3451.6494478150526,6097.171666666666,0.0,13219.0,66095.0,16800.0,82895.0,37725.0,0.0,,,,,,,,,,,,,20.0,5.0,15.0,160.0
1,January,s31111,rl5_dqn,3,1,1,1,1,7,16812,2040,14772,0.1213,0.2120509160123721,1.0,0.10323585161115624,3473.622901300658,6139.133333333333,0.0,13247.0,66235.0,16800.0,83035.0,37585.0,-140.0,0.7742426163011789,0.6198704103671706,0.8289313287281593,0.940959409594096,0.0,1.0,7889.0,3241.0,2461.0,2168.0,0.0,19.0,20.0,5.0,15.0,160.0
1,January,s32111,fifo,3,2,1,1,1,8,16812,2040,14772,0.1213,0.12033071615512729,0.013725490196078431,0.13505280259951258,3473.8291597271796,5658.325,2012.0,12777.0,104125.0,19200.0,123325.0,0.0,-37850.0,,,,,,,,,,,,,20.0,5.0,15.0,160.0
1,January,s32111,urgent_first,3,2,1,1,1,8,16812,2040,14772,0.1213,0.21157506542945514,1.0,0.10269428648795018,3482.10995023396,6177.508333333333,0.0,13255.0,66275.0,19200.0,85475.0,37850.0,0.0,,,,,,,,,,,,,20.0,5.0,15.0,160.0
1,January,s32111,rl5_dqn,3,2,1,1,1,8,16812,2040,14772,0.1213,0.21103973352367356,1.0,0.10208502572434336,3507.522238083908,6210.301666666665,0.0,13264.0,66320.0,19200.0,85520.0,37805.0,-45.0,0.5249169435215947,0.40692197419619086,0.11589403973509933,0.8770421324161651,0.0,0.8461538461538461,7826.0,4883.0,604.0,2326.0,0.0,13.0,20.0,5.0,15.0,160.0
1,January,s32211,fifo,3,2,2,1,1,9,16812,2040,14772,0.1213,0.9125029740661432,0.278921568627451,1.0,402.86214806883976,703.3533333333332,1471.0,0.0,29420.0,21600.0,51020.0,0.0,-29420.0,,,,,,,,,,,,,20.0,5.0,15.0,160.0
1,January,s32211,urgent_first,3,2,2,1,1,9,16812,2040,14772,0.1213,1.0,1.0,1.0,393.16183975731616,709.8383333333334,0.0,0.0,0.0,21600.0,21600.0,29420.0,0.0,,,,,,,,,,,,,20.0,5.0,15.0,160.0
1,January,s32211,rl5_dqn,3,2,2,1,1,9,16812,2040,14772,0.1213,0.9831073043064478,0.8607843137254902,1.0,392.6259903640257,708.355,284.0,0.0,5680.0,21600.0,27280.0,23740.0,-5680.0,0.16493229689067201,0.14180929095354522,0.10627177700348432,0.24295506473724296,0.19607843137254902,0.28727064220183485,15952.0,12270.0,574.0,1313.0,51.0,1744.0,20.0,5.0,15.0,160.0
1,January,s32221,fifo,3,2,2,2,1,10,16812,2040,14772,0.1213,0.9128598620033309,0.2818627450980392,1.0,400.12388670790705,701.315,1465.0,0.0,29300.0,24000.0,53300.0,0.0,-29300.0,,,,,,,,,,,,,20.0,5.0,15.0,160.0
1,January,s32221,urgent_first,3,2,2,2,1,10,16812,2040,14772,0.1213,1.0,1.0,1.0,395.83507217067176,711.4416666666667,0.0,0.0,0.0,24000.0,24000.0,29300.0,0.0,,,,,,,,,,,,,20.0,5.0,15.0,160.0
1,January,s32221,rl5_dqn,3,2,2,2,1,10,16812,2040,14772,0.1213,0.9886985486557222,0.9068627450980392,1.0,388.61135101911333,692.1566666666666,190.0,0.0,3800.0,24000.0,27800.0,25500.0,-3800.0,0.18327822390174775,0.1599858732120784,0.14147286821705427,0.2620320855614973,0.4,0.29191797346200243,14819.0,11326.0,516.0,1309.0,10.0,1658.0,20.0,5.0,15.0,160.0
1,January,s33322,fifo,3,3,3,2,2,13,16812,2040,14772,0.1213,0.9135736378777064,0.28774509803921566,1.0,394.21413375366797,701.4466666666667,1453.0,0.0,29060.0,31200.0,60260.0,0.0,-29060.0,,,,,,,,,,,,,20.0,5.0,15.0,160.0
1,January,s33322,urgent_first,3,3,3,2,2,13,16812,2040,14772,0.1213,1.0,1.0,1.0,397.77354568165595,722.5816666666667,0.0,0.0,0.0,31200.0,31200.0,29060.0,0.0,,,,,,,,,,,,,20.0,5.0,15.0,160.0
1,January,s33322,rl5_dqn,3,3,3,2,2,13,16812,2040,14772,0.1213,0.9941113490364025,0.9514705882352941,1.0,387.7709750971528,704.3100000000001,99.0,0.0,1980.0,31200.0,33180.0,27080.0,-1980.0,0.1759679572763685,0.17327459618208516,0.23529411764705882,0.23563218390804597,0.5,0.2782608695652174,11235.0,10896.0,34.0,174.0,16.0,115.0,20.0,5.0,15.0,160.0
1,January,s32121,fifo,3,2,1,2,1,9,16812,2040,14772,0.1213,0.12169878658101356,0.013725490196078431,0.13660980232873002,3476.542819612975,5686.641666666666,2012.0,12754.0,104010.0,21600.0,125610.0,0.0,-37850.0,,,,,,,,,,,,,20.0,5.0,15.0,160.0
1,January,s32121,urgent_first,3,2,1,2,1,9,16812,2040,14772,0.1213,0.21294313585534141,1.0,0.10425128621716762,3478.081043302403,6175.304999999999,0.0,13232.0,66160.0,21600.0,87760.0,37850.0,0.0,,,,,,,,,,,,,20.0,5.0,15.0,160.0
1,January,s32121,rl5_dqn,3,2,1,2,1,9,16812,2040,14772,0.1213,0.21252676659528907,1.0,0.1037774167343623,3509.2457302323737,6235.799999999999,0.0,13239.0,66195.0,21600.0,87795.0,37815.0,-35.0,0.5356444676137104,0.41643950513734534,0.12857142857142856,0.8751608751608752,0.0,0.9230769230769231,7673.0,4769.0,560.0,2331.0,0.0,13.0,20.0,5.0,15.0,160.0
1,January,s32112,fifo,3,2,1,1,2,9,16812,2040,14772,0.1213,0.12110397335236736,0.013725490196078431,0.13593284592472243,3505.752449639147,5705.045,2012.0,12764.0,104060.0,21600.0,125660.0,0.0,-37915.0,,,,,,,,,,,,,20.0,5.0,15.0,160.0
1,January,s32112,urgent_first,3,2,1,1,2,9,16812,2040,14772,0.1213,0.2131215798239353,1.0,0.10445437313836989,3463.7782853517333,6156.405,0.0,13229.0,66145.0,21600.0,87745.0,37915.0,0.0,,,,,,,,,,,,,20.0,5.0,15.0,160.0
1,January,s32112,rl5_dqn,3,2,1,1,2,9,16812,2040,14772,0.1213,0.21615512729003092,1.0,0.10790685079880856,3406.880622967721,6048.751666666666,0.0,13178.0,65890.0,21600.0,87490.0,38170.0,255.0,0.5281925849639547,0.41226434638491816,0.12207357859531773,0.8706786171574904,0.0,0.0,7768.0,4827.0,598.0,2343.0,0.0,0.0,20.0,5.0,15.0,160.0
1,January,s32212,fifo,3,2,2,1,2,10,16812,2040,14772,0.1213,0.9134546752319772,0.2867647058823529,1.0,394.67277638988026,694.3100000000001,1455.0,0.0,29100.0,24000.0,53100.0,0.0,-29100.0,,,,,,,,,,,,,20.0,5.0,15.0,160.0
1,January,s32212,urgent_first,3,2,2,1,2,10,16812,2040,14772,0.1213,1.0,1.0,1.0,383.90768994369097,685.0,0.0,0.0,0.0,24000.0,24000.0,29100.0,0.0,,,,,,,,,,,,,20.0,5.0,15.0,160.0
1,January,s32212,rl5_dqn,3,2,2,1,2,10,16812,2040,14772,0.1213,0.9939923863906733,0.9504901960784313,1.0,386.25574886985487,691.365,101.0,0.0,2020.0,24000.0,26020.0,27080.0,-2020.0,0.1778674176116904,0.17246086639970878,0.11202635914332784,0.23978201634877383,0.2833333333333333,0.3125,13139.0,10988.0,607.0,1468.0,60.0,16.0,20.0,5.0,15.0,160.0
1,January,s33211,fifo,3,3,2,1,1,10,16812,2040,14772,0.1213,0.9132762312633833,0.2852941176470588,1.0,394.50073459433736,693.3833333333333,1458.0,0.0,29160.0,24000.0,53160.0,0.0,-29160.0,,,,,,,,,,,,,20.0,5.0,15.0,160.0
1,January,s33211,urgent_first,3,3,2,1,1,10,16812,2040,14772,0.1213,1.0,1.0,1.0,401.45403283369023,714.3466666666666,0.0,0.0,0.0,24000.0,24000.0,29160.0,0.0,,,,,,,,,,,,,20.0,5.0,15.0,160.0
1,January,s33211,rl5_dqn,3,3,2,1,1,10,16812,2040,14772,0.1213,0.9887580299785867,0.9073529411764706,1.0,390.8751011182489,696.73,189.0,0.0,3780.0,24000.0,27780.0,25380.0,-3780.0,0.18799671142778843,0.162444641275465,0.3103448275862069,0.28027681660899656,0.2653061224489796,0.27089175546831185,14596.0,11290.0,29.0,1445.0,49.0,1783.0,20.0,5.0,15.0,160.0
1,January,s42211,fifo,4,2,2,1,1,10,16812,2040,14772,0.1213,0.9261241970021413,0.3911764705882353,1.0,278.7081330795463,481.4116666666667,1242.0,0.0,24840.0,24000.0,48840.0,0.0,-24840.0,,,,,,,,,,,,,20.0,5.0,15.0,160.0
1,January,s42211,urgent_first,4,2,2,1,1,10,16812,2040,14772,0.1213,1.0,1.0,1.0,278.3694266000476,509.495,0.0,0.0,0.0,24000.0,24000.0,24840.0,0.0,,,,,,,,,,,,,20.0,5.0,15.0,160.0
1,January,s42211,rl5_dqn,4,2,2,1,1,10,16812,2040,14772,0.1213,0.9919105400904116,0.9333333333333333,1.0,279.68445356491395,501.6983333333333,136.0,0.0,2720.0,24000.0,26720.0,22120.0,-2720.0,0.20970873786407768,0.11832406569248674,0.11709004825639625,0.48583099310696964,0.4827586206896552,0.7383326685281213,32960.0,15466.0,10983.0,3917.0,87.0,2507.0,20.0,5.0,15.0,160.0
1,January,s23211,fifo,2,3,2,1,1,9,16812,2040,14772,0.1213,0.3071020699500357,0.03725490196078431,0.3443677227186569,1857.9860813704497,3062.741666666667,1964.0,9685.0,87705.0,21600.0,109305.0,0.0,-34150.0,,,,,,,,,,,,,20.0,5.0,15.0,160.0
1,January,s23211,urgent_first,2,3,2,1,1,9,16812,2040,14772,0.1213,0.3628955507970497,1.0,0.27491199566747904,1870.8215064636372,3242.41,0.0,10711.0,53555.0,21600.0,75155.0,34150.0,0.0,,,,,,,,,,,,,20.0,5.0,15.0,160.0
1,January,s23211,rl5_dqn,2,3,2,1,1,9,16812,2040,14772,0.1213,0.3703307161551273,1.0,0.28337395071757376,1847.641227496233,3207.9366666666665,0.0,10586.0,52930.0,21600.0,74530.0,34775.0,625.0,0.5259665980324868,0.513595166163142,1.0,0.717948717948718,0.6428571428571429,0.612,4371.0,3972.0,4.0,117.0,28.0,250.0,20.0,5.0,15.0,160.0
1,January,s22121,fifo,2,2,1,2,1,8,16812,2040,14772,0.1213,0.12086604806090888,0.013725490196078431,0.13566206336311942,3477.3850344991674,5684.075,2012.0,12768.0,104080.0,19200.0,123280.0,0.0,-37940.0,,,,,,,,,,,,,20.0,5.0,15.0,160.0
1,January,s22121,urgent_first,2,2,1,2,1,8,16812,2040,14772,0.1213,0.2131810611467999,1.0,0.10452206877877064,3445.150434213657,6106.013333333333,0.0,13228.0,66140.0,19200.0,85340.0,37940.0,0.0,,,,,,,,,,,,,20.0,5.0,15.0,160.0
1,January,s22121,rl5_dqn,2,2,1,2,1,8,16812,2040,14772,0.1213,0.2125862479181537,1.0,0.10384511237476307,3476.6048378142596,6170.709999999999,0.0,13238.0,66190.0,19200.0,85390.0,37890.0,-50.0,0.8704255319148936,0.8589473684210527,0.8695652173913043,0.881993006993007,0.0,0.9285714285714286,4700.0,2375.0,23.0,2288.0,0.0,14.0,20.0,5.0,15.0,160.0
1,January,s22112,fifo,2,2,1,1,2,8,16812,2040,14772,0.1213,0.1229478943611706,0.013725490196078431,0.13803141077714595,3503.098637877706,5730.879999999999,2012.0,12733.0,103905.0,19200.0,123105.0,0.0,-37565.0,,,,,,,,,,,,,20.0,5.0,15.0,160.0
1,January,s22112,urgent_first,2,2,1,1,2,8,16812,2040,14772,0.1213,0.2108018082322151,1.0,0.10181424316274032,3482.7226980728046,6158.1883333333335,0.0,13268.0,66340.0,19200.0,85540.0,37565.0,0.0,,,,,,,,,,,,,20.0,5.0,15.0,160.0
1,January,s22112,rl5_dqn,2,2,1,1,2,8,16812,2040,14772,0.1213,0.21121817749226743,1.0,0.10228811264554563,3488.6599175192323,6161.415,0.0,13261.0,66305.0,19200.0,85505.0,37600.0,35.0,0.874467178175618,0.8725406330196749,0.7741935483870968,0.8776916451335056,1.0,0.0,4692.0,2338.0,31.0,2322.0,1.0,0.0,20.0,5.0,15.0,160.0
2,February,s11111,fifo,1,1,1,1,1,5,15411,1882,13529,0.1221,0.018493284017909284,0.005844845908607864,0.02025279030231355,21672.303669456884,37656.05,1871.0,13255.0,103695.0,12000.0,115695.0,0.0,-36905.0,,,,,,,,,,,,,20.0,5.0,15.0,160.0
2,February,s11111,urgent_first,1,1,1,1,1,5,15411,1882,13529,0.1221,0.13321653364479916,1.0,0.012639515115677433,21886.985736378778,38266.933333333334,0.0,13358.0,66790.0,12000.0,78790.0,36905.0,0.0,,,,,,,,,,,,,20.0,5.0,15.0,160.0
2,February,s11111,rl5_dqn,1,1,1,1,1,5,15411,1882,13529,0.1221,0.054830964895204726,0.3517534537725824,0.013526498632567078,21685.17858564229,34946.566666666666,1220.0,13346.0,91130.0,12000.0,103130.0,12565.0,-24340.0,0.05324644361440038,0.0526441351888668,0.0,1.0,0.0,0.0,12583.0,12575.0,0.0,8.0,0.0,0.0,20.0,5.0,15.0,160.0
2,February,s21111,fifo,2,1,1,1,1,6,15411,1882,13529,0.1221,0.0547011874635001,0.010626992561105207,0.06083228620001478,4147.250547228171,6267.166666666667,1862.0,12706.0,100770.0,14400.0,115170.0,0.0,-35280.0,,,,,,,,,,,,,20.0,5.0,15.0,160.0
2,February,s21111,urgent_first,2,1,1,1,1,6,15411,1882,13529,0.1221,0.15008759976640063,1.0,0.031857491314953065,4122.434277464149,6587.216666666666,0.0,13098.0,65490.0,14400.0,79890.0,35280.0,0.0,,,,,,,,,,,,,20.0,5.0,15.0,160.0
2,February,s21111,rl5_dqn,2,1,1,1,1,6,15411,1882,13529,0.1221,0.15112581922003762,1.0,0.033040136004139256,4117.462957195077,6592.95,0.0,13082.0,65410.0,14400.0,79810.0,35360.0,80.0,0.9428619302949062,0.9375624375624375,0.9321018472291562,0.9591211037301993,0.0,1.0,5968.0,2002.0,2003.0,1957.0,0.0,6.0,20.0,5.0,15.0,160.0
2,February,s31111,fifo,3,1,1,1,1,7,15411,1882,13529,0.1221,0.055414963337875545,0.010626992561105207,0.06164535442383029,4117.671404624402,6249.6,1862.0,12695.0,100715.0,16800.0,117515.0,0.0,-35160.0,,,,,,,,,,,,,20.0,5.0,15.0,160.0
2,February,s31111,urgent_first,3,1,1,1,1,7,15411,1882,13529,0.1221,0.14924404646032055,1.0,0.030896592504989284,4154.462692232821,6611.633333333333,0.0,13111.0,65555.0,16800.0,82355.0,35160.0,0.0,,,,,,,,,,,,,20.0,5.0,15.0,160.0
2,February,s31111,rl5_dqn,3,1,1,1,1,7,15411,1882,13529,0.1221,0.15183959509441308,1.0,0.033853204227954764,4040.2448835247556,6455.55,0.0,13071.0,65355.0,16800.0,82155.0,35360.0,200.0,0.8756991920447483,0.7540518638573744,0.932077342588002,0.9710893133711925,0.0,1.0,6436.0,2468.0,2017.0,1937.0,0.0,14.0,20.0,5.0,15.0,160.0
2,February,s32111,fifo,3,2,1,1,1,8,15411,1882,13529,0.1221,0.055998961780546364,0.010626992561105207,0.06231059206149753,4074.2692795189587,6125.766666666666,1862.0,12686.0,100670.0,19200.0,119870.0,0.0,-35175.0,,,,,,,,,,,,,20.0,5.0,15.0,160.0
2,February,s32111,urgent_first,3,2,1,1,1,8,15411,1882,13529,0.1221,0.15002271105054832,1.0,0.03178357602187893,4137.619506629463,6593.666666666667,0.0,13099.0,65495.0,19200.0,84695.0,35175.0,0.0,,,,,,,,,,,,,20.0,5.0,15.0,160.0
2,February,s32111,rl5_dqn,3,2,1,1,1,8,15411,1882,13529,0.1221,0.15119070793588996,1.0,0.03311405129721339,4070.0933791880257,6516.9,0.0,13081.0,65405.0,19200.0,84605.0,35265.0,90.0,0.5781297134238311,0.44881125667151867,0.18843683083511778,0.9279723729649728,0.0,1.0,6630.0,4122.0,467.0,2027.0,0.0,14.0,20.0,5.0,15.0,160.0
2,February,s32211,fifo,3,2,2,1,1,9,15411,1882,13529,0.1221,0.9122704561676724,0.281615302869288,1.0,399.85612657625506,716.1,1352.0,0.0,27040.0,21600.0,48640.0,0.0,-27040.0,,,,,,,,,,,,,20.0,5.0,15.0,160.0
2,February,s32211,urgent_first,3,2,2,1,1,9,15411,1882,13529,0.1221,1.0,1.0,1.0,398.93170787100127,732.6,0.0,0.0,0.0,21600.0,21600.0,27040.0,0.0,,,,,,,,,,,,,20.0,5.0,15.0,160.0
2,February,s32211,rl5_dqn,3,2,2,1,1,9,15411,1882,13529,0.1221,1.0,1.0,1.0,397.47782319987886,732.6666666666666,0.0,0.0,0.0,21600.0,21600.0,27040.0,0.0,0.20813342472012794,0.1960763520678685,0.09042553191489362,0.2530769230769231,0.2,0.27644096250699496,13131.0,9430.0,564.0,1300.0,50.0,1787.0,20.0,5.0,15.0,160.0
2,February,s32221,fifo,3,2,2,2,1,10,15411,1882,13529,0.1221,0.912400233599377,0.2826780021253985,1.0,400.4370319901369,716.6,1350.0,0.0,27000.0,24000.0,51000.0,0.0,-27000.0,,,,,,,,,,,,,20.0,5.0,15.0,160.0
2,February,s32221,urgent_first,3,2,2,2,1,10,15411,1882,13529,0.1221,1.0,1.0,1.0,397.8116172430948,726.7833333333333,0.0,0.0,0.0,24000.0,24000.0,27000.0,0.0,,,,,,,,,,,,,20.0,5.0,15.0,160.0
2,February,s32221,rl5_dqn,3,2,2,2,1,10,15411,1882,13529,0.1221,0.9949386801635196,0.9585547290116897,1.0,405.22850128695956,740.6,78.0,0.0,1560.0,24000.0,25560.0,25440.0,-1560.0,0.19151736745886655,0.17637071806651353,0.11029411764705882,0.22305953278070836,0.3333333333333333,0.2773109243697479,13675.0,10013.0,544.0,1327.0,6.0,1785.0,20.0,5.0,15.0,160.0
2,February,s33322,fifo,3,3,3,2,2,13,15411,1882,13529,0.1221,0.9133086756213095,0.29011689691817216,1.0,396.3414671338654,710.0333333333333,1336.0,0.0,26720.0,31200.0,57920.0,0.0,-26720.0,,,,,,,,,,,,,20.0,5.0,15.0,160.0
2,February,s33322,urgent_first,3,3,3,2,2,13,15411,1882,13529,0.1221,1.0,1.0,1.0,390.3724017476694,728.35,0.0,0.0,0.0,31200.0,31200.0,26720.0,0.0,,,,,,,,,,,,,20.0,5.0,15.0,160.0
2,February,s33322,rl5_dqn,3,3,3,2,2,13,15411,1882,13529,0.1221,1.0,1.0,1.0,396.45203317976336,724.9833333333333,0.0,0.0,0.0,31200.0,31200.0,26720.0,0.0,0.20051921079958462,0.198689017837954,0.32558139534883723,0.2222222222222222,0.11764705882352941,0.2833333333333333,9630.0,9306.0,43.0,144.0,17.0,120.0,20.0,5.0,15.0,160.0
2,February,s32121,fifo,3,2,1,2,1,9,15411,1882,13529,0.1221,0.055414963337875545,0.010626992561105207,0.06164535442383029,4093.7472541258408,6178.983333333334,1862.0,12695.0,100715.0,21600.0,122315.0,0.0,-35365.0,,,,,,,,,,,,,20.0,5.0,15.0,160.0
2,February,s32121,urgent_first,3,2,1,2,1,9,15411,1882,13529,0.1221,0.1519044838102654,1.0,0.0339271195210289,4043.9734994484456,6470.133333333333,0.0,13070.0,65350.0,21600.0,86950.0,35365.0,0.0,,,,,,,,,,,,,20.0,5.0,15.0,160.0
2,February,s32121,rl5_dqn,3,2,1,2,1,9,15411,1882,13529,0.1221,0.1519044838102654,1.0,0.0339271195210289,4076.9988730993014,6529.666666666667,0.0,13070.0,65350.0,21600.0,86950.0,35365.0,0.0,0.5810420780799028,0.4545008584743684,0.16594827586206898,0.9275147928994083,0.0,1.0,6583.0,4077.0,464.0,2028.0,0.0,14.0,20.0,5.0,15.0,160.0
2,February,s32112,fifo,3,2,1,1,2,9,15411,1882,13529,0.1221,0.056647848939069496,0.011158342189160468,0.06297582969916475,4044.6677016416843,6090.083333333333,1861.0,12677.0,100605.0,21600.0,122205.0,0.0,-35130.0,,,,,,,,,,,,,20.0,5.0,15.0,160.0
2,February,s32112,urgent_first,3,2,1,1,2,9,15411,1882,13529,0.1221,0.15028226591395757,1.0,0.03207923719417548,4080.49034564056,6518.633333333333,0.0,13095.0,65475.0,21600.0,87075.0,35130.0,0.0,,,,,,,,,,,,,20.0,5.0,15.0,160.0
2,February,s32112,rl5_dqn,3,2,1,1,2,9,15411,1882,13529,0.1221,0.14969826747128676,1.0,0.03141399955650824,4081.706247701858,6493.65,0.0,13104.0,65520.0,21600.0,87120.0,35085.0,-45.0,0.5917168907433163,0.4673721340388007,0.1894093686354379,0.9353555445052213,0.0,0.0,6471.0,3969.0,491.0,2011.0,0.0,0.0,20.0,5.0,15.0,160.0
2,February,s32212,fifo,3,2,2,1,2,10,15411,1882,13529,0.1221,0.9128544546103433,0.2863974495217853,1.0,397.6661562087686,711.4833333333333,1343.0,0.0,26860.0,24000.0,50860.0,0.0,-26860.0,,,,,,,,,,,,,20.0,5.0,15.0,160.0
2,February,s32212,urgent_first,3,2,2,1,2,10,15411,1882,13529,0.1221,1.0,1.0,1.0,394.2016589881686,720.7,0.0,0.0,0.0,24000.0,24000.0,26860.0,0.0,,,,,,,,,,,,,20.0,5.0,15.0,160.0
2,February,s32212,rl5_dqn,3,2,2,1,2,10,15411,1882,13529,0.1221,1.0,1.0,1.0,398.4182748253412,734.1,0.0,0.0,0.0,24000.0,24000.0,26860.0,0.0,0.20038944946008144,0.1975560081466395,0.13382899628252787,0.24231332357247437,0.2830188679245283,0.25,11298.0,9329.0,538.0,1366.0,53.0,12.0,20.0,5.0,15.0,160.0
2,February,s33211,fifo,3,3,2,1,1,10,15411,1882,13529,0.1221,0.9135033417688664,0.2917109458023379,1.0,393.087891765622,707.8333333333334,1333.0,0.0,26660.0,24000.0,50660.0,0.0,-26660.0,,,,,,,,,,,,,20.0,5.0,15.0,160.0
2,February,s33211,urgent_first,3,3,2,1,1,10,15411,1882,13529,0.1221,1.0,1.0,1.0,397.43546060173475,710.2,0.0,0.0,0.0,24000.0,24000.0,26660.0,0.0,,,,,,,,,,,,,20.0,5.0,15.0,160.0
2,February,s33211,rl5_dqn,3,3,2,1,1,10,15411,1882,13529,0.1221,0.9949386801635196,0.9585547290116897,1.0,397.6033363614734,741.6666666666666,78.0,0.0,1560.0,24000.0,25560.0,25100.0,-1560.0,0.19793171621929892,0.177327040867557,0.3870967741935484,0.25951557093425603,0.225,0.26312649164677804,13151.0,9959.0,31.0,1445.0,40.0,1676.0,20.0,5.0,15.0,160.0
2,February,s42211,fifo,4,2,2,1,1,10,15411,1882,13529,0.1221,0.9263513075076244,0.3969181721572795,1.0,279.73032574135357,489.68333333333334,1135.0,0.0,22700.0,24000.0,46700.0,0.0,-22700.0,,,,,,,,,,,,,20.0,5.0,15.0,160.0
2,February,s42211,urgent_first,4,2,2,1,1,10,15411,1882,13529,0.1221,1.0,1.0,1.0,279.2453345013302,519.9166666666666,0.0,0.0,0.0,24000.0,24000.0,22700.0,0.0,,,,,,,,,,,,,20.0,5.0,15.0,160.0
2,February,s42211,rl5_dqn,4,2,2,1,1,10,15411,1882,13529,0.1221,0.989423139316073,0.9133900106269925,1.0,279.4451787684122,510.6333333333333,163.0,0.0,3260.0,24000.0,27260.0,19440.0,-3260.0,0.20240564081294068,0.11665735827981011,0.10728764023757896,0.4444725524917784,0.42592592592592593,0.7367077839217354,31343.0,14324.0,10607.0,3953.0,108.0,2351.0,20.0,5.0,15.0,160.0
2,February,s23211,fifo,2,3,2,1,1,9,15411,1882,13529,0.1221,0.2563753163324898,0.04197662061636557,0.2862000147830586,1965.3074686911946,3086.8333333333335,1803.0,9657.0,84345.0,21600.0,105945.0,0.0,-31270.0,,,,,,,,,,,,,20.0,5.0,15.0,160.0
2,February,s23211,urgent_first,2,3,2,1,1,9,15411,1882,13529,0.1221,0.3112062812276945,1.0,0.21538916401803535,1950.1288311379317,3235.233333333333,0.0,10615.0,53075.0,21600.0,74675.0,31270.0,0.0,,,,,,,,,,,,,20.0,5.0,15.0,160.0
2,February,s23211,rl5_dqn,2,3,2,1,1,9,15411,1882,13529,0.1221,0.31269872169229773,1.0,0.2170892157587405,1949.9007235091817,3220.4666666666667,0.0,10592.0,52960.0,21600.0,74560.0,31385.0,115.0,0.5612325520147485,0.5501172332942555,1.0,0.7663551401869159,0.6153846153846154,0.616,3797.0,3412.0,2.0,107.0,26.0,250.0,20.0,5.0,15.0,160.0
2,February,s22121,fifo,2,2,1,2,1,8,15411,1882,13529,0.1221,0.05638829407566024,0.010626992561105207,0.06275408381994235,4069.847928968486,6155.733333333334,1862.0,12680.0,100640.0,19200.0,119840.0,0.0,-35390.0,,,,,,,,,,,,,20.0,5.0,15.0,160.0
2,February,s22121,urgent_first,2,2,1,2,1,8,15411,1882,13529,0.1221,0.15320225812731167,1.0,0.035405425382511645,4068.9157690394304,6555.766666666666,0.0,13050.0,65250.0,19200.0,84450.0,35390.0,0.0,,,,,,,,,,,,,20.0,5.0,15.0,160.0
2,February,s22121,rl5_dqn,2,2,1,2,1,8,15411,1882,13529,0.1221,0.1504120433456622,1.0,0.03222706778032375,4097.577587437544,6551.466666666666,0.0,13093.0,65465.0,19200.0,84665.0,35175.0,-215.0,0.9373297002724795,0.9338308457711443,1.0,0.9398797595190381,0.0,1.0,4037.0,2010.0,19.0,1996.0,0.0,12.0,20.0,5.0,15.0,160.0
2,February,s22112,fifo,2,2,1,1,2,8,15411,1882,13529,0.1221,0.055414963337875545,0.010626992561105207,0.06164535442383029,4104.327828607272,6209.733333333334,1862.0,12695.0,100715.0,19200.0,119915.0,0.0,-35250.0,,,,,,,,,,,,,20.0,5.0,15.0,160.0
2,February,s22112,urgent_first,2,2,1,1,2,8,15411,1882,13529,0.1221,0.1504120433456622,1.0,0.03222706778032375,4156.961273332901,6576.516666666666,0.0,13093.0,65465.0,19200.0,84665.0,35250.0,0.0,,,,,,,,,,,,,20.0,5.0,15.0,160.0
2,February,s22112,rl5_dqn,2,2,1,1,2,8,15411,1882,13529,0.1221,0.15112581922003762,1.0,0.033040136004139256,4087.6352237579217,6554.016666666666,0.0,13082.0,65410.0,19200.0,84610.0,35305.0,55.0,0.9382470119521913,0.9356929212362911,0.9375,0.9408224674022067,0.0,0.0,4016.0,2006.0,16.0,1994.0,0.0,0.0,20.0,5.0,15.0,160.0
3,March,s11111,fifo,1,1,1,1,1,5,19430,2300,17130,0.1184,0.014462171899125064,0.0026086956521739132,0.016053706946876824,29315.856475381715,51163.848333333335,2294.0,16855.0,130155.0,12000.0,142155.0,0.0,-45365.0,,,,,,,,,,,,,20.0,5.0,15.0,160.0
3,March,s11111,urgent_first,1,1,1,1,1,5,19430,2300,17130,0.1184,0.1272259392691714,1.0,0.010040863981319323,29216.45748670441,51701.99833333334,0.0,16958.0,84790.0,12000.0,96790.0,45365.0,0.0,,,,,,,,,,,,,20.0,5.0,15.0,160.0
3,March,s11111,rl5_dqn,1,1,1,1,1,5,19430,2300,17130,0.1184,0.12655687081832218,1.0,0.009281961471103328,29420.563575227312,51910.145,0.0,16971.0,84855.0,12000.0,96855.0,45300.0,-65.0,0.9991511035653651,0.9991311902693311,1.0,1.0,0.0,1.0,2356.0,2302.0,5.0,42.0,0.0,7.0,20.0,5.0,15.0,160.0
3,March,s21111,fifo,2,1,1,1,1,6,19430,2300,17130,0.1184,0.02979927946474524,0.007391304347826087,0.03280793928779918,7239.001744724653,11578.441666666666,2283.0,16568.0,128500.0,14400.0,142900.0,0.0,-44890.0,,,,,,,,,,,,,20.0,5.0,15.0,160.0
3,March,s21111,urgent_first,2,1,1,1,1,6,19430,2300,17130,0.1184,0.13937210499227998,1.0,0.023817863397548163,7309.729149939956,12351.710000000003,0.0,16722.0,83610.0,14400.0,98010.0,44890.0,0.0,,,,,,,,,,,,,20.0,5.0,15.0,160.0
3,March,s21111,rl5_dqn,2,1,1,1,1,6,19430,2300,17130,0.1184,0.13988677303139474,1.0,0.024401634559252774,7218.289974266598,12262.358333333334,0.0,16712.0,83560.0,14400.0,97960.0,44940.0,50.0,0.9656493967352733,0.9551495016611296,0.9670853183196189,0.9753886010362695,0.0,0.9166666666666666,7045.0,2408.0,2309.0,2316.0,0.0,12.0,20.0,5.0,15.0,160.0
3,March,s31111,fifo,3,1,1,1,1,7,19430,2300,17130,0.1184,0.02979927946474524,0.007391304347826087,0.03280793928779918,7287.288986103963,11628.756666666668,2283.0,16568.0,128500.0,16800.0,145300.0,0.0,-44915.0,,,,,,,,,,,,,20.0,5.0,15.0,160.0
3,March,s31111,urgent_first,3,1,1,1,1,7,19430,2300,17130,0.1184,0.13962943901183736,1.0,0.02410974897840047,7238.78157831532,12272.646666666667,0.0,16717.0,83585.0,16800.0,100385.0,44915.0,0.0,,,,,,,,,,,,,20.0,5.0,15.0,160.0
3,March,s31111,rl5_dqn,3,1,1,1,1,7,19430,2300,17130,0.1184,0.13993823983530623,1.0,0.024460011675423235,7291.463271573169,12320.44,0.0,16711.0,83555.0,16800.0,100355.0,44945.0,30.0,0.9363463626492943,0.864234674689733,0.9667927700714586,0.9875,0.0,1.0,7368.0,2659.0,2379.0,2320.0,0.0,10.0,20.0,5.0,15.0,160.0
3,March,s32111,fifo,3,2,1,1,1,8,19430,2300,17130,0.1184,0.02923314462171899,0.007391304347826087,0.03216579100992411,7220.591020758279,11533.466666666667,2283.0,16579.0,128555.0,19200.0,147755.0,0.0,-44995.0,,,,,,,,,,,,,20.0,5.0,15.0,160.0
3,March,s32111,urgent_first,3,2,1,1,1,8,19430,2300,17130,0.1184,0.13988677303139474,1.0,0.024401634559252774,7247.990826042203,12289.338333333333,0.0,16712.0,83560.0,19200.0,102760.0,44995.0,0.0,,,,,,,,,,,,,20.0,5.0,15.0,160.0
3,March,s32111,rl5_dqn,3,2,1,1,1,8,19430,2300,17130,0.1184,0.13983530622748327,1.0,0.02434325744308231,7248.001309830159,12273.221666666666,0.0,16713.0,83565.0,19200.0,102765.0,44990.0,-5.0,0.8693977591036415,0.812942008486563,0.7435897435897436,0.9595327492699207,0.0,1.0,5712.0,2828.0,468.0,2397.0,0.0,19.0,20.0,5.0,15.0,160.0
3,March,s32211,fifo,3,2,2,1,1,9,19430,2300,17130,0.1184,0.8879053010808029,0.05304347826086957,1.0,755.9429430434036,1121.3666666666666,2178.0,0.0,43560.0,21600.0,65160.0,0.0,-43140.0,,,,,,,,,,,,,20.0,5.0,15.0,160.0
3,March,s32211,urgent_first,3,2,2,1,1,9,19430,2300,17130,0.1184,0.9956767884714359,1.0,0.9950963222416812,749.0596105678504,1200.1733333333336,0.0,84.0,420.0,21600.0,22020.0,43140.0,0.0,,,,,,,,,,,,,20.0,5.0,15.0,160.0
3,March,s32211,rl5_dqn,3,2,2,1,1,9,19430,2300,17130,0.1184,0.9642305712815235,0.6978260869565217,1.0,747.020407445531,1138.7000000000005,695.0,0.0,13900.0,21600.0,35500.0,29660.0,-13480.0,0.13602521602086842,0.10266062655522236,0.23558897243107768,0.4019088016967126,0.20408163265306123,0.30740463724756917,18401.0,15673.0,399.0,943.0,49.0,1337.0,20.0,5.0,15.0,160.0
3,March,s32221,fifo,3,2,2,2,1,10,19430,2300,17130,0.1184,0.8881626351003603,0.05521739130434783,1.0,753.1524386687253,1120.981666666667,2173.0,0.0,43460.0,24000.0,67460.0,0.0,-43130.0,,,,,,,,,,,,,20.0,5.0,15.0,160.0
3,March,s32221,urgent_first,3,2,2,2,1,10,19430,2300,17130,0.1184,0.9966031909418425,1.0,0.9961471103327496,758.4584680048035,1209.8100000000002,0.0,66.0,330.0,24000.0,24330.0,43130.0,0.0,,,,,,,,,,,,,20.0,5.0,15.0,160.0
3,March,s32221,rl5_dqn,3,2,2,2,1,10,19430,2300,17130,0.1184,0.9642305712815235,0.6978260869565217,1.0,749.9366357865844,1133.2366666666667,695.0,0.0,13900.0,24000.0,37900.0,29560.0,-13570.0,0.13354409680584323,0.10300429184549356,0.19111111111111112,0.37662337662337664,0.4,0.2994100294985251,18346.0,15611.0,450.0,924.0,5.0,1356.0,20.0,5.0,15.0,160.0
3,March,s33322,fifo,3,3,3,2,2,13,19430,2300,17130,0.1184,0.8884199691199176,0.057391304347826085,1.0,754.6447958483444,1116.4950000000003,2168.0,0.0,43360.0,31200.0,74560.0,0.0,-42980.0,,,,,,,,,,,,,20.0,5.0,15.0,160.0
3,March,s33322,urgent_first,3,3,3,2,2,13,19430,2300,17130,0.1184,0.9960885229027278,1.0,0.995563339171045,763.7341919711786,1228.843333333334,0.0,76.0,380.0,31200.0,31580.0,42980.0,0.0,,,,,,,,,,,,,20.0,5.0,15.0,160.0
3,March,s33322,rl5_dqn,3,3,3,2,2,13,19430,2300,17130,0.1184,0.9694287184765826,0.7417391304347826,1.0,746.7326428203809,1137.1033333333332,594.0,0.0,11880.0,31200.0,43080.0,31480.0,-11500.0,0.12102557164118523,0.11724327292696321,0.4166666666666667,0.44565217391304346,0.36363636363636365,0.2988505747126437,14782.0,14568.0,24.0,92.0,11.0,87.0,20.0,5.0,15.0,160.0
3,March,s32121,fifo,3,2,1,2,1,9,19430,2300,17130,0.1184,0.029644879053010807,0.007391304347826087,0.0326328079392878,7248.709891061932,11613.960000000003,2283.0,16571.0,128515.0,21600.0,150115.0,0.0,-44950.0,,,,,,,,,,,,,20.0,5.0,15.0,160.0
3,March,s32121,urgent_first,3,2,1,2,1,9,19430,2300,17130,0.1184,0.13983530622748327,1.0,0.02434325744308231,7300.0155163836,12395.55,0.0,16713.0,83565.0,21600.0,105165.0,44950.0,0.0,,,,,,,,,,,,,20.0,5.0,15.0,160.0
3,March,s32121,rl5_dqn,3,2,1,2,1,9,19430,2300,17130,0.1184,0.13947503860010294,1.0,0.023934617629889084,7229.849796706125,12269.398333333334,0.0,16720.0,83600.0,21600.0,105200.0,44915.0,-35.0,0.8642794759825327,0.8071654373024236,0.7591743119266054,0.9492364836978952,0.0,1.0,5725.0,2847.0,436.0,2423.0,0.0,19.0,20.0,5.0,15.0,160.0
3,March,s32112,fifo,3,2,1,1,2,9,19430,2300,17130,0.1184,0.029696345856922286,0.007391304347826087,0.03269118505545826,7169.490116658089,11480.743333333334,2283.0,16570.0,128510.0,21600.0,150110.0,0.0,-44935.0,,,,,,,,,,,,,20.0,5.0,15.0,160.0
3,March,s32112,urgent_first,3,2,1,1,2,9,19430,2300,17130,0.1184,0.13973237261966032,1.0,0.02422650321074139,7283.932160747984,12388.60166666667,0.0,16715.0,83575.0,21600.0,105175.0,44935.0,0.0,,,,,,,,,,,,,20.0,5.0,15.0,160.0
3,March,s32112,rl5_dqn,3,2,1,1,2,9,19430,2300,17130,0.1184,0.13988677303139474,1.0,0.024401634559252774,7220.519377251672,12244.230000000001,0.0,16712.0,83560.0,21600.0,105160.0,44950.0,15.0,0.8708603469423515,0.8146704464918497,0.7761506276150628,0.9555463232239302,0.0,0.0,5707.0,2822.0,478.0,2407.0,0.0,0.0,20.0,5.0,15.0,160.0
3,March,s32212,fifo,3,2,2,1,2,10,19430,2300,17130,0.1184,0.8881111682964488,0.05478260869565217,1.0,758.3098455995882,1121.6216666666667,2174.0,0.0,43480.0,24000.0,67480.0,0.0,-42690.0,,,,,,,,,,,,,20.0,5.0,15.0,160.0
3,March,s32212,urgent_first,3,2,2,1,2,10,19430,2300,17130,0.1184,0.9918682449819867,1.0,0.9907764156450671,773.2077406073083,1238.7716666666668,0.0,158.0,790.0,24000.0,24790.0,42690.0,0.0,,,,,,,,,,,,,20.0,5.0,15.0,160.0
3,March,s32212,rl5_dqn,3,2,2,1,2,10,19430,2300,17130,0.1184,0.9643335048893463,0.698695652173913,1.0,738.5814264882484,1122.1733333333336,693.0,0.0,13860.0,24000.0,37860.0,29620.0,-13070.0,0.12963416126269423,0.10818083961248655,0.22857142857142856,0.39979231568016615,0.3404255319148936,0.35294117647058826,16346.0,14864.0,455.0,963.0,47.0,17.0,20.0,5.0,15.0,160.0
3,March,s33211,fifo,3,3,2,1,1,10,19430,2300,17130,0.1184,0.8884199691199176,0.057391304347826085,1.0,749.9579584834448,1113.4350000000004,2168.0,0.0,43360.0,24000.0,67360.0,0.0,-42920.0,,,,,,,,,,,,,20.0,5.0,15.0,160.0
3,March,s33211,urgent_first,3,3,2,1,1,10,19430,2300,17130,0.1184,0.9954709212557901,1.0,0.9948628137769994,747.1632115285641,1205.3583333333338,0.0,88.0,440.0,24000.0,24440.0,42920.0,0.0,,,,,,,,,,,,,20.0,5.0,15.0,160.0
3,March,s33211,rl5_dqn,3,3,2,1,1,10,19430,2300,17130,0.1184,0.9642305712815235,0.6978260869565217,1.0,742.7507119574541,1130.5166666666667,695.0,0.0,13900.0,24000.0,37900.0,29460.0,-13460.0,0.13485650599052662,0.10293176289847651,0.3181818181818182,0.40986908358509566,0.2558139534883721,0.3059288537549407,17945.0,15622.0,22.0,993.0,43.0,1265.0,20.0,5.0,15.0,160.0
3,March,s42211,fifo,4,2,2,1,1,10,19430,2300,17130,0.1184,0.917807514153371,0.3056521739130435,1.0,367.7041370732544,666.9216666666667,1597.0,0.0,31940.0,24000.0,55940.0,0.0,-31940.0,,,,,,,,,,,,,20.0,5.0,15.0,160.0
3,March,s42211,urgent_first,4,2,2,1,1,10,19430,2300,17130,0.1184,1.0,1.0,1.0,369.30035683650715,687.5516666666666,0.0,0.0,0.0,24000.0,24000.0,31940.0,0.0,,,,,,,,,,,,,20.0,5.0,15.0,160.0
3,March,s42211,rl5_dqn,4,2,2,1,1,10,19430,2300,17130,0.1184,0.9851260936695831,0.8743478260869565,1.0,367.17934208269,665.1,289.0,0.0,5780.0,24000.0,29780.0,26160.0,-5780.0,0.21506702853853113,0.10702560735390676,0.13909707351891507,0.504725897920605,0.6111111111111112,0.8008236615499813,36477.0,18276.0,11208.0,4232.0,90.0,2671.0,20.0,5.0,15.0,160.0
3,March,s23211,fifo,2,3,2,1,1,9,19430,2300,17130,0.1184,0.04590838908903757,0.00826086956521739,0.05096322241681261,4473.651845942701,6795.65,2281.0,16257.0,126905.0,21600.0,148505.0,0.0,-43785.0,,,,,,,,,,,,,20.0,5.0,15.0,160.0
3,March,s23211,urgent_first,2,3,2,1,1,9,19430,2300,17130,0.1184,0.14441585177560473,1.0,0.029538820782253356,4352.15013896037,7062.958333333334,0.0,16624.0,83120.0,21600.0,104720.0,43785.0,0.0,,,,,,,,,,,,,20.0,5.0,15.0,160.0
3,March,s23211,rl5_dqn,2,3,2,1,1,9,19430,2300,17130,0.1184,0.1451363870303654,1.0,0.030356100408639813,4411.950108080288,7213.751666666668,0.0,16610.0,83050.0,21600.0,104650.0,43855.0,70.0,0.8961973278520041,0.8870034708831469,1.0,0.9891304347826086,0.9333333333333333,0.9631336405529954,2919.0,2593.0,2.0,92.0,15.0,217.0,20.0,5.0,15.0,160.0
3,March,s22121,fifo,2,2,1,2,1,8,19430,2300,17130,0.1184,0.028821410190427176,0.007391304347826087,0.03169877408056042,7280.892781780752,11578.048333333334,2283.0,16587.0,128595.0,19200.0,147795.0,0.0,-45035.0,,,,,,,,,,,,,20.0,5.0,15.0,160.0
3,March,s22121,urgent_first,2,2,1,2,1,8,19430,2300,17130,0.1184,0.13988677303139474,1.0,0.024401634559252774,7224.335943558071,12255.03,0.0,16712.0,83560.0,19200.0,102760.0,45035.0,0.0,,,,,,,,,,,,,20.0,5.0,15.0,160.0
3,March,s22121,rl5_dqn,2,2,1,2,1,8,19430,2300,17130,0.1184,0.1397838394235718,1.0,0.02428488032691185,7233.315499227998,12316.356666666668,0.0,16714.0,83570.0,19200.0,102770.0,45025.0,-10.0,0.9574643815816642,0.956738768718802,0.9565217391304348,0.9579341940857976,0.0,1.0,4843.0,2404.0,23.0,2401.0,0.0,15.0,20.0,5.0,15.0,160.0
3,March,s22112,fifo,2,2,1,1,2,8,19430,2300,17130,0.1184,0.029284611425630467,0.007391304347826087,0.03222416812609457,7275.344809572825,11633.080000000002,2283.0,16578.0,128550.0,19200.0,147750.0,0.0,-44975.0,,,,,,,,,,,,,20.0,5.0,15.0,160.0
3,March,s22112,urgent_first,2,2,1,1,2,8,19430,2300,17130,0.1184,0.13973237261966032,1.0,0.02422650321074139,7243.052845256476,12289.350000000002,0.0,16715.0,83575.0,19200.0,102775.0,44975.0,0.0,,,,,,,,,,,,,20.0,5.0,15.0,160.0
3,March,s22112,rl5_dqn,2,2,1,1,2,8,19430,2300,17130,0.1184,0.13973237261966032,1.0,0.02422650321074139,7234.1223528907185,12272.335000000001,0.0,16715.0,83575.0,19200.0,102775.0,44975.0,0.0,0.9587393738337134,0.9579341940857976,0.8928571428571429,0.9603174603174603,0.0,0.0,4823.0,2401.0,28.0,2394.0,0.0,0.0,20.0,5.0,15.0,160.0
4,April,s11111,fifo,1,1,1,1,1,5,19272,2316,16956,0.1202,0.014840182648401826,0.0025906735751295338,0.016513328615239443,28125.715630621282,49991.68166666667,2310.0,16676.0,129580.0,12000.0,141580.0,0.0,-45595.0,,,,,,,,,,,,,20.0,5.0,15.0,160.0
4,April,s11111,urgent_first,1,1,1,1,1,5,19272,2316,16956,0.1202,0.1284246575342466,1.0,0.00937721160651097,28104.452071225962,50127.51,0.0,16797.0,83985.0,12000.0,95985.0,45595.0,0.0,,,,,,,,,,,,,20.0,5.0,15.0,160.0
4,April,s11111,rl5_dqn,1,1,1,1,1,5,19272,2316,16956,0.1202,0.033156911581569116,0.20250431778929187,0.010025949516395377,27965.23826189982,46887.71500000002,1847.0,16786.0,120870.0,12000.0,132870.0,8710.0,-36885.0,0.02959347584332139,0.02899357072205737,1.0,1.0,0.0,1.0,16186.0,16176.0,1.0,7.0,0.0,2.0,20.0,5.0,15.0,160.0
4,April,s21111,fifo,2,1,1,1,1,6,19272,2316,16956,0.1202,0.06569115815691158,0.012089810017271158,0.07301250294880868,6058.14627698215,10465.423333333332,2288.0,15718.0,124350.0,14400.0,138750.0,0.0,-43680.0,,,,,,,,,,,,,20.0,5.0,15.0,160.0
4,April,s21111,urgent_first,2,1,1,1,1,6,19272,2316,16956,0.1202,0.162826899128269,1.0,0.04847841472045294,5981.725011242563,11166.433333333334,0.0,16134.0,80670.0,14400.0,95070.0,43680.0,0.0,,,,,,,,,,,,,20.0,5.0,15.0,160.0
4,April,s21111,rl5_dqn,2,1,1,1,1,6,19272,2316,16956,0.1202,0.16189290161892902,1.0,0.047416843595187545,6057.971635879341,11236.025000000001,0.0,16152.0,80760.0,14400.0,95160.0,43590.0,-90.0,0.9261493097440021,0.9107002360346184,0.9110933119743693,0.9588870431893688,0.0,0.7857142857142857,7461.0,2542.0,2497.0,2408.0,0.0,14.0,20.0,5.0,15.0,160.0
4,April,s31111,fifo,3,1,1,1,1,7,19272,2316,16956,0.1202,0.06595060190950602,0.011226252158894647,0.07342533616418967,6021.813845648264,10508.021666666667,2290.0,15711.0,124355.0,16800.0,141155.0,0.0,-43730.0,,,,,,,,,,,,,20.0,5.0,15.0,160.0
4,April,s31111,urgent_first,3,1,1,1,1,7,19272,2316,16956,0.1202,0.16329389788293897,1.0,0.049009200283085634,6060.31394423689,11295.981666666667,0.0,16125.0,80625.0,16800.0,97425.0,43730.0,0.0,,,,,,,,,,,,,20.0,5.0,15.0,160.0
4,April,s31111,rl5_dqn,3,1,1,1,1,7,19272,2316,16956,0.1202,0.16189290161892902,1.0,0.047416843595187545,6066.070756365019,11245.975,0.0,16152.0,80760.0,16800.0,97560.0,43595.0,-135.0,0.849932787486252,0.7123034227567068,0.9201112877583466,0.9609958506224067,0.0,1.0,8183.0,3243.0,2516.0,2410.0,0.0,14.0,20.0,5.0,15.0,160.0
4,April,s32111,fifo,3,2,1,1,1,8,19272,2316,16956,0.1202,0.0647571606475716,0.010362694300518135,0.07218683651804671,5992.398589490799,10341.93,2292.0,15732.0,124500.0,19200.0,143700.0,0.0,-43795.0,,,,,,,,,,,,,20.0,5.0,15.0,160.0
4,April,s32111,urgent_first,3,2,1,1,1,8,19272,2316,16956,0.1202,0.16246367787463678,1.0,0.04806558150507195,6060.996104019648,11273.760000000002,0.0,16141.0,80705.0,19200.0,99905.0,43795.0,0.0,,,,,,,,,,,,,20.0,5.0,15.0,160.0
4,April,s32111,rl5_dqn,3,2,1,1,1,8,19272,2316,16956,0.1202,0.1620485678704857,1.0,0.04759377211606511,6151.9943657465055,11427.88,0.0,16149.0,80745.0,19200.0,99945.0,43755.0,-40.0,0.8066199249959237,0.7487029831387808,0.6376811594202898,0.9093050647820966,0.0,0.7368421052631579,6133.0,3084.0,483.0,2547.0,0.0,19.0,20.0,5.0,15.0,160.0
4,April,s32211,fifo,3,2,2,1,1,9,19272,2316,16956,0.1202,0.8878684101286841,0.06692573402417962,1.0,727.7596201743462,1108.8983333333335,2161.0,0.0,43220.0,21600.0,64820.0,0.0,-42055.0,,,,,,,,,,,,,20.0,5.0,15.0,160.0
4,April,s32211,urgent_first,3,2,2,1,1,9,19272,2316,16956,0.1202,0.9879099211290993,1.0,0.9862585515451757,746.163911374014,1224.5633333333333,0.0,233.0,1165.0,21600.0,22765.0,42055.0,0.0,,,,,,,,,,,,,20.0,5.0,15.0,160.0
4,April,s32211,rl5_dqn,3,2,2,1,1,9,19272,2316,16956,0.1202,0.9471772519717725,0.5604490500863558,1.0,729.5592586827175,1076.2450000000006,1018.0,0.0,20360.0,21600.0,41960.0,22860.0,-19195.0,0.10734906665171814,0.08259982140579156,0.19434628975265017,0.3299856527977044,0.25925925925925924,0.28482697426796805,17839.0,15678.0,283.0,697.0,54.0,1127.0,20.0,5.0,15.0,160.0
4,April,s32221,fifo,3,2,2,2,1,10,19272,2316,16956,0.1202,0.8877646326276464,0.06606217616580311,1.0,723.5594999654076,1098.0316666666668,2163.0,0.0,43260.0,24000.0,67260.0,0.0,-42370.0,,,,,,,,,,,,,20.0,5.0,15.0,160.0
4,April,s32221,urgent_first,3,2,2,2,1,10,19272,2316,16956,0.1202,0.9907638024076381,1.0,0.9895022410945978,730.9971452539089,1191.3133333333333,0.0,178.0,890.0,24000.0,24890.0,42370.0,0.0,,,,,,,,,,,,,20.0,5.0,15.0,160.0
4,April,s32221,rl5_dqn,3,2,2,2,1,10,19272,2316,16956,0.1202,0.9472291407222914,0.560880829015544,1.0,739.6514044555141,1076.301666666667,1017.0,0.0,20340.0,24000.0,44340.0,22920.0,-19450.0,0.11448625014382695,0.08579177139833312,0.1891025641025641,0.35964912280701755,0.25,0.3008695652173913,17382.0,15118.0,312.0,798.0,4.0,1150.0,20.0,5.0,15.0,160.0
4,April,s33322,fifo,3,3,3,2,2,13,19272,2316,16956,0.1202,0.8878165213781652,0.06649395509499137,1.0,728.73925124533,1102.6783333333335,2162.0,0.0,43240.0,31200.0,74440.0,0.0,-42275.0,,,,,,,,,,,,,20.0,5.0,15.0,160.0
4,April,s33322,urgent_first,3,3,3,2,2,13,19272,2316,16956,0.1202,0.9899854711498547,1.0,0.9886175984902099,738.805003805175,1210.6616666666669,0.0,193.0,965.0,31200.0,32165.0,42275.0,0.0,,,,,,,,,,,,,20.0,5.0,15.0,160.0
4,April,s33322,rl5_dqn,3,3,3,2,2,13,19272,2316,16956,0.1202,0.9592673308426733,0.6610535405872193,1.0,734.6992484779299,1147.4816666666668,785.0,0.0,15700.0,31200.0,46900.0,27540.0,-14735.0,0.1080736163353036,0.10404033521836888,0.34782608695652173,0.43010752688172044,0.7058823529411765,0.28205128205128205,14888.0,14677.0,23.0,93.0,17.0,78.0,20.0,5.0,15.0,160.0
4,April,s32121,fifo,3,2,1,2,1,9,19272,2316,16956,0.1202,0.06589871315898713,0.011226252158894647,0.07336635999056382,5995.168594333749,10374.933333333334,2290.0,15712.0,124360.0,21600.0,145960.0,0.0,-43665.0,,,,,,,,,,,,,20.0,5.0,15.0,160.0
4,April,s32121,urgent_first,3,2,1,2,1,9,19272,2316,16956,0.1202,0.16256745537567455,1.0,0.048183533852323664,6002.752546872838,11130.548333333334,0.0,16139.0,80695.0,21600.0,102295.0,43665.0,0.0,,,,,,,,,,,,,20.0,5.0,15.0,160.0
4,April,s32121,rl5_dqn,3,2,1,2,1,9,19272,2316,16956,0.1202,0.1614777916147779,1.0,0.0469450342061807,6130.024117026429,11346.006666666668,0.0,16160.0,80800.0,21600.0,102400.0,43560.0,-105.0,0.81701073492981,0.76657824933687,0.6390041493775933,0.9100196463654224,0.0,0.9166666666666666,6055.0,3016.0,482.0,2545.0,0.0,12.0,20.0,5.0,15.0,160.0
4,April,s32112,fifo,3,2,1,1,2,9,19272,2316,16956,0.1202,0.06268161062681611,0.009930915371329879,0.06988676574663835,6063.768399750935,10466.853333333334,2293.0,15771.0,124715.0,21600.0,146315.0,0.0,-43965.0,,,,,,,,,,,,,20.0,5.0,15.0,160.0
4,April,s32112,urgent_first,3,2,1,1,2,9,19272,2316,16956,0.1202,0.1619966791199668,1.0,0.047534795942439256,6032.129754739173,11226.428333333337,0.0,16150.0,80750.0,21600.0,102350.0,43965.0,0.0,,,,,,,,,,,,,20.0,5.0,15.0,160.0
4,April,s32112,rl5_dqn,3,2,1,1,2,9,19272,2316,16956,0.1202,0.16298256537982567,1.0,0.0486553432413305,6090.267171717172,11334.461666666668,0.0,16131.0,80655.0,21600.0,102255.0,44060.0,95.0,0.8148148148148148,0.762549537648613,0.6558441558441559,0.9053948397185301,0.0,0.0,6048.0,3028.0,462.0,2558.0,0.0,0.0,20.0,5.0,15.0,160.0
4,April,s32212,fifo,3,2,2,1,2,10,19272,2316,16956,0.1202,0.8877646326276464,0.06735751295336788,0.9998230714791224,735.0493738757438,1119.845,2160.0,3.0,43215.0,24000.0,67215.0,0.0,-42355.0,,,,,,,,,,,,,20.0,5.0,15.0,160.0
4,April,s32212,urgent_first,3,2,2,1,2,10,19272,2316,16956,0.1202,0.9910751349107514,1.0,0.9898560981363529,736.5199711152621,1205.3216666666667,0.0,172.0,860.0,24000.0,24860.0,42355.0,0.0,,,,,,,,,,,,,20.0,5.0,15.0,160.0
4,April,s32212,rl5_dqn,3,2,2,1,2,10,19272,2316,16956,0.1202,0.9753528435035285,0.7949050086355786,1.0,736.0525390895253,1167.0133333333335,475.0,0.0,9500.0,24000.0,33500.0,33715.0,-8640.0,0.14435917578101395,0.12321070234113712,0.18379446640316205,0.4115384615384615,0.45652173913043476,0.7142857142857143,16549.0,14950.0,506.0,1040.0,46.0,7.0,20.0,5.0,15.0,160.0
4,April,s33211,fifo,3,3,2,1,1,10,19272,2316,16956,0.1202,0.8881278538812786,0.0690846286701209,1.0,723.5354183962917,1106.7883333333334,2156.0,0.0,43120.0,24000.0,67120.0,0.0,-42075.0,,,,,,,,,,,,,20.0,5.0,15.0,160.0
4,April,s33211,urgent_first,3,3,2,1,1,10,19272,2316,16956,0.1202,0.9891552511415526,1.0,0.9876739797121963,741.4036348069739,1205.881666666667,0.0,209.0,1045.0,24000.0,25045.0,42075.0,0.0,,,,,,,,,,,,,20.0,5.0,15.0,160.0
4,April,s33211,rl5_dqn,3,3,2,1,1,10,19272,2316,16956,0.1202,0.95895599833956,0.6584628670120898,1.0,734.5557648401826,1145.991666666667,791.0,0.0,15820.0,24000.0,39820.0,27300.0,-14775.0,0.12681300361211448,0.09578544061302682,0.4166666666666667,0.43924191750278707,0.24242424242424243,0.3080357142857143,17995.0,15921.0,24.0,897.0,33.0,1120.0,20.0,5.0,15.0,160.0
4,April,s42211,fifo,4,2,2,1,1,10,19272,2316,16956,0.1202,0.9158883354088834,0.30008635578583764,1.0,362.3467975992805,630.4133333333333,1621.0,0.0,32420.0,24000.0,56420.0,0.0,-32420.0,,,,,,,,,,,,,20.0,5.0,15.0,160.0
4,April,s42211,urgent_first,4,2,2,1,1,10,19272,2316,16956,0.1202,1.0,1.0,1.0,360.8805235574927,639.9633333333334,0.0,0.0,0.0,24000.0,24000.0,32420.0,0.0,,,,,,,,,,,,,20.0,5.0,15.0,160.0
4,April,s42211,rl5_dqn,4,2,2,1,1,10,19272,2316,16956,0.1202,0.9876504773765048,0.8972366148531952,1.0,362.9825722983257,640.7783333333334,238.0,0.0,4760.0,24000.0,28760.0,27660.0,-4760.0,0.20753413739971308,0.11022590854523627,0.12143690615102518,0.48764452505100886,0.4634146341463415,0.759646017699115,37642.0,18326.0,11998.0,4411.0,82.0,2825.0,20.0,5.0,15.0,160.0
4,April,s23211,fifo,2,3,2,1,1,9,19272,2316,16956,0.1202,0.10144250726442507,0.015112262521588947,0.11323425336164189,3821.9212839006505,6358.916666666667,2281.0,15036.0,120800.0,21600.0,142400.0,0.0,-42245.0,,,,,,,,,,,,,20.0,5.0,15.0,160.0
4,April,s23211,urgent_first,2,3,2,1,1,9,19272,2316,16956,0.1202,0.1847758405977584,1.0,0.07342533616418967,3855.1422772242977,6795.866666666667,0.0,15711.0,78555.0,21600.0,100155.0,42245.0,0.0,,,,,,,,,,,,,20.0,5.0,15.0,160.0
4,April,s23211,rl5_dqn,2,3,2,1,1,9,19272,2316,16956,0.1202,0.18083229555832295,1.0,0.06894314696862468,3871.3569332018815,6815.343333333334,0.0,15787.0,78935.0,21600.0,100535.0,41865.0,-380.0,0.8005970149253732,0.7866123003737683,1.0,0.9354838709677419,0.9047619047619048,0.8841698841698842,3350.0,2943.0,3.0,124.0,21.0,259.0,20.0,5.0,15.0,160.0
4,April,s22121,fifo,2,2,1,2,1,8,19272,2316,16956,0.1202,0.0648090493980905,0.011226252158894647,0.07212786034442085,6060.055265843365,10460.061666666668,2290.0,15733.0,124465.0,19200.0,143665.0,0.0,-43745.0,,,,,,,,,,,,,20.0,5.0,15.0,160.0
4,April,s22121,urgent_first,2,2,1,2,1,8,19272,2316,16956,0.1202,0.16230801162308012,1.0,0.04788865298419438,5990.729859381486,11164.611666666668,0.0,16144.0,80720.0,19200.0,99920.0,43745.0,0.0,,,,,,,,,,,,,20.0,5.0,15.0,160.0
4,April,s22121,rl5_dqn,2,2,1,2,1,8,19272,2316,16956,0.1202,0.1631901203819012,1.0,0.04889124793583392,6032.42695101702,11240.415000000003,0.0,16127.0,80635.0,19200.0,99835.0,43830.0,85.0,0.9190043461082577,0.9267413931144916,0.9285714285714286,0.9120662460567823,0.0,0.7857142857142857,5062.0,2498.0,14.0,2536.0,0.0,14.0,20.0,5.0,15.0,160.0
4,April,s22112,fifo,2,2,1,1,2,8,19272,2316,16956,0.1202,0.06460149439601494,0.010362694300518135,0.07200990799716914,6043.305893697247,10471.88,2292.0,15735.0,124515.0,19200.0,143715.0,0.0,-43810.0,,,,,,,,,,,,,20.0,5.0,15.0,160.0
4,April,s22112,urgent_first,2,2,1,1,2,8,19272,2316,16956,0.1202,0.16246367787463678,1.0,0.04806558150507195,5979.750166044002,11129.288333333332,0.0,16141.0,80705.0,19200.0,99905.0,43810.0,0.0,,,,,,,,,,,,,20.0,5.0,15.0,160.0
4,April,s22112,rl5_dqn,2,2,1,1,2,8,19272,2316,16956,0.1202,0.16293067662930677,1.0,0.04859636706770465,5998.661585893179,11188.213333333333,0.0,16132.0,80660.0,19200.0,99860.0,43855.0,45.0,0.9222797927461139,0.926,0.8888888888888888,0.9188,0.0,0.0,5018.0,2500.0,18.0,2500.0,0.0,0.0,20.0,5.0,15.0,160.0
5,May,s11111,fifo,1,1,1,1,1,5,20700,2552,18148,0.1233,0.025555555555555557,0.0023510971786833857,0.02881860260083756,31287.911283413847,57215.62000000001,2546.0,17625.0,139045.0,12000.0,151045.0,0.0,-49895.0,,,,,,,,,,,,,20.0,5.0,15.0,160.0
5,May,s11111,urgent_first,1,1,1,1,1,5,20700,2552,18148,0.1233,0.1393719806763285,0.9980407523510971,0.01862464183381089,31155.976361513684,57278.068333333336,5.0,17810.0,89150.0,12000.0,101150.0,49895.0,0.0,,,,,,,,,,,,,20.0,5.0,15.0,160.0
5,May,s11111,rl5_dqn,1,1,1,1,1,5,20700,2552,18148,0.1233,0.052270531400966186,0.2864420062695925,0.019340974212034383,31248.883618357486,54295.59000000001,1821.0,17797.0,125405.0,12000.0,137405.0,13640.0,-36255.0,0.043740303138799376,0.0435690838555655,0.0,1.0,0.0,0.0,16758.0,16755.0,0.0,3.0,0.0,0.0,20.0,5.0,15.0,160.0
5,May,s21111,fifo,2,1,1,1,1,6,20700,2552,18148,0.1233,0.05434782608695652,0.007836990595611285,0.06088825214899714,9695.134066022545,16819.506666666668,2532.0,17043.0,135855.0,14400.0,150255.0,0.0,-49825.0,,,,,,,,,,,,,20.0,5.0,15.0,160.0
5,May,s21111,urgent_first,2,1,1,1,1,6,20700,2552,18148,0.1233,0.16879227053140097,1.0,0.05190654617588715,9613.972947665057,17180.561666666665,0.0,17206.0,86030.0,14400.0,100430.0,49825.0,0.0,,,,,,,,,,,,,20.0,5.0,15.0,160.0
5,May,s21111,rl5_dqn,2,1,1,1,1,6,20700,2552,18148,0.1233,0.16908212560386474,1.0,0.05223716111968261,9559.52260547504,17109.378333333334,0.0,17200.0,86000.0,14400.0,100400.0,49855.0,30.0,0.9322158326196012,0.9100963253656796,0.9320208023774146,0.9560315670800451,0.0,0.8823529411764706,8173.0,2803.0,2692.0,2661.0,0.0,17.0,20.0,5.0,15.0,160.0
5,May,s31111,fifo,3,1,1,1,1,7,20700,2552,18148,0.1233,0.05492753623188406,0.007836990595611285,0.061549482036588055,9663.08571900161,16727.79,2532.0,17031.0,135795.0,16800.0,152595.0,0.0,-49840.0,,,,,,,,,,,,,20.0,5.0,15.0,160.0
5,May,s31111,urgent_first,3,1,1,1,1,7,20700,2552,18148,0.1233,0.16951690821256038,1.0,0.0527330835353758,9605.675171497584,17169.086666666666,0.0,17191.0,85955.0,16800.0,102755.0,49840.0,0.0,,,,,,,,,,,,,20.0,5.0,15.0,160.0
5,May,s31111,rl5_dqn,3,1,1,1,1,7,20700,2552,18148,0.1233,0.16932367149758454,1.0,0.052512673572845496,9590.337257648953,17210.856666666667,0.0,17195.0,85975.0,16800.0,102775.0,49820.0,-20.0,0.8943859649122807,0.8096147723654887,0.9259259259259259,0.961771385314156,0.0,1.0,8550.0,3141.0,2754.0,2642.0,0.0,13.0,20.0,5.0,15.0,160.0
5,May,s32111,fifo,3,2,1,1,1,8,20700,2552,18148,0.1233,0.05492753623188406,0.008228840125391849,0.06149437954595548,9579.262015297905,16642.97,2531.0,17032.0,135780.0,19200.0,154980.0,0.0,-49815.0,,,,,,,,,,,,,20.0,5.0,15.0,160.0
5,May,s32111,urgent_first,3,2,1,1,1,8,20700,2552,18148,0.1233,0.16942028985507246,1.0,0.052622878554110644,9603.821306763286,17134.875,0.0,17193.0,85965.0,19200.0,105165.0,49815.0,0.0,,,,,,,,,,,,,20.0,5.0,15.0,160.0
5,May,s32111,rl5_dqn,3,2,1,1,1,8,20700,2552,18148,0.1233,0.16951690821256038,1.0,0.0527330835353758,9586.94242109501,17159.353333333333,0.0,17191.0,85955.0,19200.0,105155.0,49825.0,10.0,0.8537993446715556,0.8201160541586073,0.8102678571428571,0.8966608084358524,0.0,1.0,6409.0,3102.0,448.0,2845.0,0.0,14.0,20.0,5.0,15.0,160.0
5,May,s32211,fifo,3,2,2,1,1,9,20700,2552,18148,0.1233,0.5616425120772947,0.0493730407523511,0.6336786422746308,1202.354684380032,1849.0083333333334,2426.0,6648.0,81760.0,21600.0,103360.0,0.0,-35095.0,,,,,,,,,,,,,20.0,5.0,15.0,160.0
5,May,s32211,urgent_first,3,2,2,1,1,9,20700,2552,18148,0.1233,0.5491304347826087,1.0,0.4857284549261627,1208.304033816425,1985.47,0.0,9333.0,46665.0,21600.0,68265.0,35095.0,0.0,,,,,,,,,,,,,20.0,5.0,15.0,160.0
5,May,s32211,rl5_dqn,3,2,2,1,1,9,20700,2552,18148,0.1233,0.80256038647343,0.49216300940438873,0.8462089486444787,1200.3132391304348,1793.556666666667,1296.0,2791.0,39875.0,21600.0,61475.0,41885.0,6790.0,0.11046162250751161,0.07648968093575846,0.2964169381107492,0.5310015898251192,0.38461538461538464,0.33266733266733267,18305.0,16329.0,307.0,629.0,39.0,1001.0,20.0,5.0,15.0,160.0
5,May,s32221,fifo,3,2,2,2,1,10,20700,2552,18148,0.1233,0.5607246376811594,0.049764890282131664,0.6325765924619793,1201.129691626409,1834.7366666666667,2425.0,6668.0,81840.0,24000.0,105840.0,0.0,-35945.0,,,,,,,,,,,,,20.0,5.0,15.0,160.0
5,May,s32221,urgent_first,3,2,2,2,1,10,20700,2552,18148,0.1233,0.5565700483091788,1.0,0.4942142384835795,1200.0823856682769,1979.6183333333333,0.0,9179.0,45895.0,24000.0,69895.0,35945.0,0.0,,,,,,,,,,,,,20.0,5.0,15.0,160.0
5,May,s32221,rl5_dqn,3,2,2,2,1,10,20700,2552,18148,0.1233,0.8285024154589372,0.4486677115987461,0.8819153625743884,1186.495725442834,1795.4016666666669,1407.0,2143.0,38855.0,24000.0,62855.0,42985.0,7040.0,0.10146624296147627,0.07028497249180936,0.2565597667638484,0.509090909090909,0.6666666666666666,0.3612078977932636,17937.0,16177.0,343.0,550.0,6.0,861.0,20.0,5.0,15.0,160.0
5,May,s33322,fifo,3,3,3,2,2,13,20700,2552,18148,0.1233,0.5708212560386473,0.05054858934169279,0.6439828080229226,1188.135492753623,1816.3666666666666,2423.0,6461.0,80765.0,31200.0,111965.0,0.0,-35775.0,,,,,,,,,,,,,20.0,5.0,15.0,160.0
5,May,s33322,urgent_first,3,3,3,2,2,13,20700,2552,18148,0.1233,0.5653140096618358,1.0,0.5041877892880758,1190.5398727858294,1976.6033333333332,0.0,8998.0,44990.0,31200.0,76190.0,35775.0,0.0,,,,,,,,,,,,,20.0,5.0,15.0,160.0
5,May,s33322,rl5_dqn,3,3,3,2,2,13,20700,2552,18148,0.1233,0.8275845410628019,0.44945141065830724,0.8807582102711042,1193.084536231884,1824.4350000000002,1405.0,2164.0,38920.0,31200.0,70120.0,41845.0,6070.0,0.07413336617203374,0.0707189867130262,0.3888888888888889,0.5555555555555556,0.7142857142857143,0.3829787234042553,16241.0,16106.0,18.0,63.0,7.0,47.0,20.0,5.0,15.0,160.0
5,May,s32121,fifo,3,2,1,2,1,9,20700,2552,18148,0.1233,0.05507246376811594,0.007836990595611285,0.06171478950848578,9559.08477777778,16643.258333333335,2532.0,17028.0,135780.0,21600.0,157380.0,0.0,-49765.0,,,,,,,,,,,,,20.0,5.0,15.0,160.0
5,May,s32121,urgent_first,3,2,1,2,1,9,20700,2552,18148,0.1233,0.16893719806763285,1.0,0.05207185364778488,9489.863136070853,16976.478333333333,0.0,17203.0,86015.0,21600.0,107615.0,49765.0,0.0,,,,,,,,,,,,,20.0,5.0,15.0,160.0
5,May,s32121,rl5_dqn,3,2,1,2,1,9,20700,2552,18148,0.1233,0.1688888888888889,1.0,0.052016751157152305,9644.365396135268,17261.661666666667,0.0,17204.0,86020.0,21600.0,107620.0,49760.0,-5.0,0.8584139868872932,0.8219133807369101,0.8144329896907216,0.9055733049343273,0.0,1.0,6406.0,3094.0,485.0,2817.0,0.0,10.0,20.0,5.0,15.0,160.0
5,May,s32112,fifo,3,2,1,1,2,9,20700,2552,18148,0.1233,0.05492753623188406,0.007836990595611285,0.061549482036588055,9622.63626489533,16706.025000000005,2532.0,17031.0,135795.0,21600.0,157395.0,0.0,-49775.0,,,,,,,,,,,,,20.0,5.0,15.0,160.0
5,May,s32112,urgent_first,3,2,1,1,2,9,20700,2552,18148,0.1233,0.1688888888888889,1.0,0.052016751157152305,9666.430238325282,17240.321666666667,0.0,17204.0,86020.0,21600.0,107620.0,49775.0,0.0,,,,,,,,,,,,,20.0,5.0,15.0,160.0
5,May,s32112,rl5_dqn,3,2,1,1,2,9,20700,2552,18148,0.1233,0.16917874396135266,1.0,0.05234736610094776,9616.935528180355,17230.843333333334,0.0,17198.0,85990.0,21600.0,107590.0,49805.0,30.0,0.857098332554153,0.8251702886798573,0.811623246492986,0.8998236331569665,0.0,0.0,6417.0,3083.0,499.0,2835.0,0.0,0.0,20.0,5.0,15.0,160.0
5,May,s32212,fifo,3,2,2,1,2,10,20700,2552,18148,0.1233,0.5720772946859903,0.04898119122257053,0.6456358827419,1192.234698067633,1818.5900000000001,2427.0,6431.0,80695.0,24000.0,104695.0,0.0,-35245.0,,,,,,,,,,,,,20.0,5.0,15.0,160.0
5,May,s32212,urgent_first,3,2,2,1,2,10,20700,2552,18148,0.1233,0.5608695652173913,1.0,0.49911836014987876,1195.9899710144928,1971.02,0.0,9090.0,45450.0,24000.0,69450.0,35245.0,0.0,,,,,,,,,,,,,20.0,5.0,15.0,160.0
5,May,s32212,rl5_dqn,3,2,2,1,2,10,20700,2552,18148,0.1233,0.8242512077294686,0.44945141065830724,0.8769561384174565,1182.826889694042,1825.6516666666669,1405.0,2233.0,39265.0,24000.0,63265.0,41430.0,6185.0,0.09301235869501552,0.07060572277963582,0.3018867924528302,0.5621019108280255,0.4827586206896552,0.2,17073.0,16146.0,265.0,628.0,29.0,5.0,20.0,5.0,15.0,160.0
5,May,s33211,fifo,3,3,2,1,1,10,20700,2552,18148,0.1233,0.5784541062801932,0.0493730407523511,0.6528543090147675,1180.775888083736,1801.7916666666667,2426.0,6300.0,80020.0,24000.0,104020.0,0.0,-35720.0,,,,,,,,,,,,,20.0,5.0,15.0,160.0
5,May,s33211,urgent_first,3,3,2,1,1,10,20700,2552,18148,0.1233,0.5719806763285025,1.0,0.5117919329953714,1184.9793260869565,1946.1366666666675,0.0,8860.0,44300.0,24000.0,68300.0,35720.0,0.0,,,,,,,,,,,,,20.0,5.0,15.0,160.0
5,May,s33211,rl5_dqn,3,3,2,1,1,10,20700,2552,18148,0.1233,0.8320289855072464,0.44945141065830724,0.8858276394093013,1190.8293582930758,1813.1616666666673,1405.0,2072.0,38460.0,24000.0,62460.0,41560.0,5840.0,0.09864139741979679,0.07038775006174364,0.6153846153846154,0.5616942909760589,0.38461538461538464,0.3581081081081081,17518.0,16196.0,13.0,543.0,26.0,740.0,20.0,5.0,15.0,160.0
5,May,s42211,fifo,4,2,2,1,1,10,20700,2552,18148,0.1233,0.8878260869565218,0.09012539184952978,1.0,609.6150152979066,950.2100000000003,2322.0,0.0,46440.0,24000.0,70440.0,0.0,-46440.0,,,,,,,,,,,,,20.0,5.0,15.0,160.0
5,May,s42211,urgent_first,4,2,2,1,1,10,20700,2552,18148,0.1233,1.0,1.0,1.0,607.4537737520129,976.1683333333333,0.0,0.0,0.0,24000.0,24000.0,46440.0,0.0,,,,,,,,,,,,,20.0,5.0,15.0,160.0
5,May,s42211,rl5_dqn,4,2,2,1,1,10,20700,2552,18148,0.1233,0.9123188405797101,0.28879310344827586,1.0,610.271997584541,945.0666666666667,1815.0,0.0,36300.0,24000.0,60300.0,10140.0,-36300.0,0.06281864530225784,0.04328274311410905,0.11881838074398249,0.059083246367504214,0.5384615384615384,0.07665236995491037,43936.0,17790.0,4570.0,12457.0,26.0,9093.0,20.0,5.0,15.0,160.0
5,May,s23211,fifo,2,3,2,1,1,9,20700,2552,18148,0.1233,0.06463768115942028,0.010579937304075235,0.07223936521930792,6861.3818188405785,11559.141666666668,2525.0,16837.0,134685.0,21600.0,156285.0,0.0,-49520.0,,,,,,,,,,,,,20.0,5.0,15.0,160.0
5,May,s23211,urgent_first,2,3,2,1,1,9,20700,2552,18148,0.1233,0.17714975845410627,1.0,0.0614392770553229,6887.777570048309,12339.94166666667,0.0,17033.0,85165.0,21600.0,106765.0,49520.0,0.0,,,,,,,,,,,,,20.0,5.0,15.0,160.0
5,May,s23211,rl5_dqn,2,3,2,1,1,9,20700,2552,18148,0.1233,0.17758454106280194,1.0,0.06193519947101609,6966.4425636070855,12509.335000000001,0.0,17024.0,85120.0,21600.0,106720.0,49565.0,45.0,0.866764705882353,0.8606612685560054,1.0,0.944,0.7307692307692307,0.9074733096085409,3400.0,2964.0,4.0,125.0,26.0,281.0,20.0,5.0,15.0,160.0
5,May,s22121,fifo,2,2,1,2,1,8,20700,2552,18148,0.1233,0.05555555555555555,0.008620689655172414,0.062155609433546394,9649.130107890498,16747.373333333333,2530.0,17020.0,135700.0,19200.0,154900.0,0.0,-49785.0,,,,,,,,,,,,,20.0,5.0,15.0,160.0
5,May,s22121,urgent_first,2,2,1,2,1,8,20700,2552,18148,0.1233,0.16990338164251206,1.0,0.05317390346043641,9604.14621336554,17221.291666666668,0.0,17183.0,85915.0,19200.0,105115.0,49785.0,0.0,,,,,,,,,,,,,20.0,5.0,15.0,160.0
5,May,s22121,rl5_dqn,2,2,1,2,1,8,20700,2552,18148,0.1233,0.16922705314009662,1.0,0.05240246859158034,9689.058772946859,17348.528333333335,0.0,17197.0,85985.0,19200.0,105185.0,49715.0,-70.0,0.9223161301924114,0.9252811026478056,0.8,0.9201589595375722,0.0,1.0,5561.0,2757.0,25.0,2768.0,0.0,11.0,20.0,5.0,15.0,160.0
5,May,s22112,fifo,2,2,1,1,2,8,20700,2552,18148,0.1233,0.05507246376811594,0.008228840125391849,0.06165968701785321,9681.442026570048,16784.518333333333,2531.0,17029.0,135765.0,19200.0,154965.0,0.0,-49795.0,,,,,,,,,,,,,20.0,5.0,15.0,160.0
5,May,s22112,urgent_first,2,2,1,1,2,8,20700,2552,18148,0.1233,0.1693719806763285,1.0,0.05256777606347807,9627.339684380033,17212.075,0.0,17194.0,85970.0,19200.0,105170.0,49795.0,0.0,,,,,,,,,,,,,20.0,5.0,15.0,160.0
5,May,s22112,rl5_dqn,2,2,1,1,2,8,20700,2552,18148,0.1233,0.17019323671497585,1.0,0.05350451840423187,9621.31028904992,17240.411666666667,0.0,17177.0,85885.0,19200.0,105085.0,49880.0,85.0,0.926,0.9272991639403854,0.9230769230769231,0.9247153874403232,0.0,0.0,5500.0,2751.0,26.0,2723.0,0.0,0.0,20.0,5.0,15.0,160.0
6,June,s11111,fifo,1,1,1,1,1,5,19761,2419,17342,0.1224,0.01411871868832549,0.0028937577511368336,0.0156844654595779,29804.368785317878,52431.36666666667,2412.0,17070.0,133590.0,12000.0,145590.0,0.0,-47640.0,,,,,,,,,,,,,20.0,5.0,15.0,160.0
6,June,s11111,urgent_first,1,1,1,1,1,5,19761,2419,17342,0.1224,0.1301047517838166,1.0,0.00876484834505824,29794.555749540337,53050.01666666667,0.0,17190.0,85950.0,12000.0,97950.0,47640.0,0.0,,,,,,,,,,,,,20.0,5.0,15.0,160.0
6,June,s11111,rl5_dqn,1,1,1,1,1,5,19761,2419,17342,0.1224,0.03724507869034968,0.24018189334435716,0.008937838772921232,29575.51956378726,48519.333333333336,1838.0,17187.0,122695.0,12000.0,134695.0,10895.0,-36745.0,0.03601411363912885,0.035368600474828024,1.0,1.0,0.0,0.0,16438.0,16427.0,4.0,7.0,0.0,0.0,20.0,5.0,15.0,160.0
6,June,s21111,fifo,2,1,1,1,1,6,19761,2419,17342,0.1224,0.03183037295683417,0.004960727573377429,0.035578364663821936,7451.98497630012,12221.4,2407.0,16725.0,131765.0,14400.0,146165.0,0.0,-47085.0,,,,,,,,,,,,,20.0,5.0,15.0,160.0
6,June,s21111,urgent_first,2,1,1,1,1,6,19761,2419,17342,0.1224,0.14295835231010576,1.0,0.023411371237458192,7462.189267580926,12730.266666666666,0.0,16936.0,84680.0,14400.0,99080.0,47085.0,0.0,,,,,,,,,,,,,20.0,5.0,15.0,160.0
6,June,s21111,rl5_dqn,2,1,1,1,1,6,19761,2419,17342,0.1224,0.14386923738677193,1.0,0.024449313804636143,7413.607855540373,12729.7,0.0,16918.0,84590.0,14400.0,98990.0,47175.0,90.0,0.971107544141252,0.9595398651328838,0.9730273752012882,0.9809020723283218,0.0,1.0,7476.0,2521.0,2484.0,2461.0,0.0,10.0,20.0,5.0,15.0,160.0
6,June,s31111,fifo,3,1,1,1,1,7,19761,2419,17342,0.1224,0.03127372096553818,0.004960727573377429,0.0349440664283243,7460.225859858643,12277.45,2407.0,16736.0,131820.0,16800.0,148620.0,0.0,-47245.0,,,,,,,,,,,,,20.0,5.0,15.0,160.0
6,June,s31111,urgent_first,3,1,1,1,1,7,19761,2419,17342,0.1224,0.14402105156621628,1.0,0.024622304232499136,7440.674067607914,12775.15,0.0,16915.0,84575.0,16800.0,101375.0,47245.0,0.0,,,,,,,,,,,,,20.0,5.0,15.0,160.0
6,June,s31111,rl5_dqn,3,1,1,1,1,7,19761,2419,17342,0.1224,0.14407165629269775,1.0,0.024679967708453467,7366.371026263852,12687.933333333332,0.0,16914.0,84570.0,16800.0,101370.0,47250.0,5.0,0.929156010230179,0.8448637316561844,0.9757966922146026,0.9797488861887403,0.0,1.0,7820.0,2862.0,2479.0,2469.0,0.0,10.0,20.0,5.0,15.0,160.0
6,June,s32111,fifo,3,2,1,1,1,8,19761,2419,17342,0.1224,0.03066646424776074,0.004960727573377429,0.03425210471687233,7467.788040416308,12221.983333333334,2407.0,16748.0,131880.0,19200.0,151080.0,0.0,-47255.0,,,,,,,,,,,,,20.0,5.0,15.0,160.0
6,June,s32111,urgent_first,3,2,1,1,1,8,19761,2419,17342,0.1224,0.14351500430140174,1.0,0.02404566947295583,7456.432435099438,12740.5,0.0,16925.0,84625.0,19200.0,103825.0,47255.0,0.0,,,,,,,,,,,,,20.0,5.0,15.0,160.0
6,June,s32111,rl5_dqn,3,2,1,1,1,8,19761,2419,17342,0.1224,0.14381863266029046,1.0,0.024391650328681812,7453.6799402864235,12812.166666666666,0.0,16919.0,84595.0,19200.0,103795.0,47285.0,30.0,0.8946196024674434,0.8552724699221514,0.7758985200845666,0.9603017070265979,0.0,1.0,5836.0,2826.0,473.0,2519.0,0.0,18.0,20.0,5.0,15.0,160.0
6,June,s32211,fifo,3,2,2,1,1,9,19761,2419,17342,0.1224,0.88335610546025,0.05828854898718479,0.998443086149233,794.4931742658098,1169.25,2278.0,27.0,45695.0,21600.0,67295.0,0.0,-42805.0,,,,,,,,,,,,,20.0,5.0,15.0,160.0
6,June,s32211,urgent_first,3,2,2,1,1,9,19761,2419,17342,0.1224,0.9707504680937199,1.0,0.966670510898397,803.1115783614191,1294.5,0.0,578.0,2890.0,21600.0,24490.0,42805.0,0.0,,,,,,,,,,,,,20.0,5.0,15.0,160.0
6,June,s32211,rl5_dqn,3,2,2,1,1,9,19761,2419,17342,0.1224,0.9547593745255807,0.7374948325754443,0.9850651597278284,797.0203329791003,1241.25,635.0,259.0,13995.0,21600.0,35595.0,31700.0,-11105.0,0.1566953210638666,0.1238029146426093,0.22377622377622378,0.4424686192468619,0.5625,0.26228419654714474,17333.0,14410.0,429.0,956.0,32.0,1506.0,20.0,5.0,15.0,160.0
6,June,s32221,fifo,3,2,2,2,1,10,19761,2419,17342,0.1224,0.8845706188958049,0.05704836709384043,1.0,789.7442605806049,1170.7833333333333,2281.0,0.0,45620.0,24000.0,69620.0,0.0,-43185.0,,,,,,,,,,,,,20.0,5.0,15.0,160.0
6,June,s32221,urgent_first,3,2,2,2,1,10,19761,2419,17342,0.1224,0.9753554982035322,1.0,0.9719178872102411,793.7815857834455,1278.5833333333333,0.0,487.0,2435.0,24000.0,26435.0,43185.0,0.0,,,,,,,,,,,,,20.0,5.0,15.0,160.0
6,June,s32221,rl5_dqn,3,2,2,2,1,10,19761,2419,17342,0.1224,0.9479277364505845,0.5746176105828855,1.0,791.0663697856046,1160.85,1029.0,0.0,20580.0,24000.0,44580.0,25040.0,-18145.0,0.11422461066023251,0.08634612995403156,0.19205298013245034,0.3595360824742268,0.5,0.3352272727272727,18236.0,16098.0,302.0,776.0,4.0,1056.0,20.0,5.0,15.0,160.0
6,June,s33322,fifo,3,3,3,2,2,13,19761,2419,17342,0.1224,0.8837609432721016,0.05622157916494419,0.9991927113366393,801.2576455307592,1182.5666666666666,2283.0,14.0,45730.0,31200.0,76930.0,0.0,-43895.0,,,,,,,,,,,,,20.0,5.0,15.0,160.0
6,June,s33322,urgent_first,3,3,3,2,2,13,19761,2419,17342,0.1224,0.9814280653813067,1.0,0.9788375043247607,788.2773653492569,1276.3166666666666,0.0,367.0,1835.0,31200.0,33035.0,43895.0,0.0,,,,,,,,,,,,,20.0,5.0,15.0,160.0
6,June,s33322,rl5_dqn,3,3,3,2,2,13,19761,2419,17342,0.1224,0.9475735033652143,0.6548160396858206,0.9884096413331795,793.2461068097093,1206.8333333333333,835.0,201.0,17705.0,31200.0,48905.0,28025.0,-15870.0,0.11105193075898802,0.10717185385656293,0.42857142857142855,0.44,0.2727272727272727,0.24752475247524752,15020.0,14780.0,28.0,100.0,11.0,101.0,20.0,5.0,15.0,160.0
6,June,s32121,fifo,3,2,1,2,1,9,19761,2419,17342,0.1224,0.03097009260664946,0.004960727573377429,0.03459808557259832,7463.091518647841,12156.333333333334,2407.0,16742.0,131850.0,21600.0,153450.0,0.0,-47240.0,,,,,,,,,,,,,20.0,5.0,15.0,160.0
6,June,s32121,urgent_first,3,2,1,2,1,9,19761,2419,17342,0.1224,0.14366681848084611,1.0,0.024218659900818822,7422.724710287941,12714.65,0.0,16922.0,84610.0,21600.0,106210.0,47240.0,0.0,,,,,,,,,,,,,20.0,5.0,15.0,160.0
6,June,s32121,rl5_dqn,3,2,1,2,1,9,19761,2419,17342,0.1224,0.14295835231010576,1.0,0.023411371237458192,7421.694344078403,12715.333333333334,0.0,16936.0,84680.0,21600.0,106280.0,47170.0,-70.0,0.8918318523581682,0.847124824684432,0.7639751552795031,0.9672131147540983,0.0,0.9375,5852.0,2852.0,483.0,2501.0,0.0,16.0,20.0,5.0,15.0,160.0
6,June,s32112,fifo,3,2,1,1,2,9,19761,2419,17342,0.1224,0.03021102170942766,0.004960727573377429,0.03373313343328336,7528.06617158376,12297.4,2407.0,16757.0,131925.0,21600.0,153525.0,0.0,-47350.0,,,,,,,,,,,,,20.0,5.0,15.0,160.0
6,June,s32112,urgent_first,3,2,1,1,2,9,19761,2419,17342,0.1224,0.14402105156621628,1.0,0.024622304232499136,7441.044452035155,12775.95,0.0,16915.0,84575.0,21600.0,106175.0,47350.0,0.0,,,,,,,,,,,,,20.0,5.0,15.0,160.0
6,June,s32112,rl5_dqn,3,2,1,1,2,9,19761,2419,17342,0.1224,0.14361621375436465,1.0,0.02416099642486449,7389.732040382573,12697.283333333333,0.0,16923.0,84615.0,21600.0,106215.0,47310.0,-40.0,0.8949536560247168,0.847719298245614,0.8185745140388769,0.9625945085555113,0.0,0.0,5826.0,2850.0,463.0,2513.0,0.0,0.0,20.0,5.0,15.0,160.0
6,June,s32212,fifo,3,2,2,1,2,10,19761,2419,17342,0.1224,0.8849754567076565,0.060355518809425385,1.0,783.3345233878179,1160.9166666666667,2273.0,0.0,45460.0,24000.0,69460.0,0.0,-43205.0,,,,,,,,,,,,,20.0,5.0,15.0,160.0
6,June,s32212,urgent_first,3,2,2,1,2,10,19761,2419,17342,0.1224,0.9771772683568646,1.0,0.9739937723445969,798.5416662449607,1290.7166666666667,0.0,451.0,2255.0,24000.0,26255.0,43205.0,0.0,,,,,,,,,,,,,20.0,5.0,15.0,160.0
6,June,s32212,rl5_dqn,3,2,2,1,2,10,19761,2419,17342,0.1224,0.9536966752694702,0.7023563455973543,0.9887556221889056,792.7691589494459,1215.4333333333334,720.0,195.0,15375.0,24000.0,39375.0,30085.0,-13120.0,0.13287831273442785,0.11354821452454193,0.2202970297029703,0.4214876033057851,0.3488372093023256,0.13333333333333333,16263.0,14954.0,404.0,847.0,43.0,15.0,20.0,5.0,15.0,160.0
6,June,s33211,fifo,3,3,2,1,1,10,19761,2419,17342,0.1224,0.8844694094428419,0.05622157916494419,1.0,799.5439898453183,1184.9166666666667,2283.0,0.0,45660.0,24000.0,69660.0,0.0,-43370.0,,,,,,,,,,,,,20.0,5.0,15.0,160.0
6,June,s33211,urgent_first,3,3,2,1,1,10,19761,2419,17342,0.1224,0.9768230352714944,1.0,0.9735901280129167,796.5784769664152,1292.1333333333334,0.0,458.0,2290.0,24000.0,26290.0,43370.0,0.0,,,,,,,,,,,,,20.0,5.0,15.0,160.0
6,June,s33211,rl5_dqn,3,3,2,1,1,10,19761,2419,17342,0.1224,0.9536966752694702,0.621744522529971,1.0,793.6278950120608,1204.25,915.0,0.0,18300.0,24000.0,42300.0,27360.0,-16010.0,0.12124923453766075,0.09303331890956296,0.5882352941176471,0.4648876404494382,0.3611111111111111,0.31243878550440746,17963.0,16177.0,17.0,712.0,36.0,1021.0,20.0,5.0,15.0,160.0
6,June,s42211,fifo,4,2,2,1,1,10,19761,2419,17342,0.1224,0.9146804311522696,0.30301777594047125,1.0,377.74160551928884,673.3833333333333,1686.0,0.0,33720.0,24000.0,57720.0,0.0,-33720.0,,,,,,,,,,,,,20.0,5.0,15.0,160.0
6,June,s42211,urgent_first,4,2,2,1,1,10,19761,2419,17342,0.1224,1.0,1.0,1.0,379.22917615505287,690.0,0.0,0.0,0.0,24000.0,24000.0,33720.0,0.0,,,,,,,,,,,,,20.0,5.0,15.0,160.0
6,June,s42211,rl5_dqn,4,2,2,1,1,10,19761,2419,17342,0.1224,0.9889175649005617,0.909466721785862,1.0,377.2911264612115,679.4,219.0,0.0,4380.0,24000.0,28380.0,29340.0,-4380.0,0.21693521097430826,0.11579517745868328,0.12947543713572024,0.4587618471466021,0.5121951219512195,0.7986946066643765,38417.0,18455.0,12010.0,4959.0,82.0,2911.0,20.0,5.0,15.0,160.0
6,June,s23211,fifo,2,3,2,1,1,9,19761,2419,17342,0.1224,0.05470370932645109,0.005374121537825548,0.061584592319225,4599.643491388762,7177.616666666667,2406.0,16274.0,129490.0,21600.0,151090.0,0.0,-46085.0,,,,,,,,,,,,,20.0,5.0,15.0,160.0
6,June,s23211,urgent_first,2,3,2,1,1,9,19761,2419,17342,0.1224,0.15586255756287637,1.0,0.03811555760581248,4590.67062901675,7818.55,0.0,16681.0,83405.0,21600.0,105005.0,46085.0,0.0,,,,,,,,,,,,,20.0,5.0,15.0,160.0
6,June,s23211,rl5_dqn,2,3,2,1,1,9,19761,2419,17342,0.1224,0.15525530084509892,1.0,0.03742359589436051,4608.228105865088,7817.25,0.0,16693.0,83465.0,21600.0,105065.0,46025.0,-60.0,0.8956604977664326,0.8847841989758596,1.0,0.9907407407407407,0.967741935483871,0.9615384615384616,3134.0,2734.0,1.0,108.0,31.0,260.0,20.0,5.0,15.0,160.0
6,June,s22121,fifo,2,2,1,2,1,8,19761,2419,17342,0.1224,0.031526744597945446,0.004960727573377429,0.03523238380809595,7445.896972150532,12251.816666666668,2407.0,16731.0,131795.0,19200.0,150995.0,0.0,-47220.0,,,,,,,,,,,,,20.0,5.0,15.0,160.0
6,June,s22121,urgent_first,2,2,1,2,1,8,19761,2419,17342,0.1224,0.14402105156621628,1.0,0.024622304232499136,7439.545025555387,12801.066666666668,0.0,16915.0,84575.0,19200.0,103775.0,47220.0,0.0,,,,,,,,,,,,,20.0,5.0,15.0,160.0
6,June,s22121,rl5_dqn,2,2,1,2,1,8,19761,2419,17342,0.1224,0.1433631901219574,1.0,0.023872679045092837,7401.625228142975,12726.55,0.0,16928.0,84640.0,19200.0,103840.0,47155.0,-65.0,0.9671511049173801,0.9664402716739912,0.9411764705882353,0.9678843837816138,0.0,1.0,5023.0,2503.0,17.0,2491.0,0.0,12.0,20.0,5.0,15.0,160.0
6,June,s22112,fifo,2,2,1,1,2,8,19761,2419,17342,0.1224,0.031324325692019636,0.004960727573377429,0.035001729904278626,7424.8919217988305,12174.75,2407.0,16735.0,131815.0,19200.0,151015.0,0.0,-47185.0,,,,,,,,,,,,,20.0,5.0,15.0,160.0
6,June,s22112,urgent_first,2,2,1,1,2,8,19761,2419,17342,0.1224,0.1434643995749203,1.0,0.0239880059970015,7369.12147327227,12668.666666666666,0.0,16926.0,84630.0,19200.0,103830.0,47185.0,0.0,,,,,,,,,,,,,20.0,5.0,15.0,160.0
6,June,s22112,rl5_dqn,2,2,1,1,2,8,19761,2419,17342,0.1224,0.14381863266029046,1.0,0.024391650328681812,7417.72637012297,12705.283333333333,0.0,16919.0,84595.0,19200.0,103795.0,47220.0,35.0,0.9644700277888051,0.9656686626746507,0.9615384615384616,0.963302752293578,0.0,0.0,5038.0,2505.0,26.0,2507.0,0.0,0.0,20.0,5.0,15.0,160.0
7,July,s11111,fifo,1,1,1,1,1,5,14944,1816,13128,0.1215,0.020944860813704495,0.004405286343612335,0.023232784887263862,16116.41485211456,28483.833333333336,1808.0,12823.0,100275.0,12000.0,112275.0,0.0,-35870.0,,,,,,,,,,,,,20.0,5.0,15.0,160.0
7,July,s11111,urgent_first,1,1,1,1,1,5,14944,1816,13128,0.1215,0.13804871520342613,1.0,0.018814747105423524,16007.872895476447,28744.426666666666,0.0,12881.0,64405.0,12000.0,76405.0,35870.0,0.0,,,,,,,,,,,,,20.0,5.0,15.0,160.0
7,July,s11111,rl5_dqn,1,1,1,1,1,5,14944,1816,13128,0.1215,0.13737955032119914,1.0,0.018053016453382083,16112.840660688795,28955.768333333337,0.0,12891.0,64455.0,12000.0,76455.0,35820.0,-50.0,0.9768399382398353,0.9758064516129032,1.0,1.0,0.0,1.0,1943.0,1860.0,18.0,59.0,0.0,6.0,20.0,5.0,15.0,160.0
7,July,s21111,fifo,2,1,1,1,1,6,14944,1816,13128,0.1215,0.3766729122055675,0.040198237885462555,0.42321755027422303,1619.4770532209138,2620.1283333333336,1743.0,7572.0,72720.0,14400.0,87120.0,0.0,-28195.0,,,,,,,,,,,,,20.0,5.0,15.0,160.0
7,July,s21111,urgent_first,2,1,1,1,1,6,14944,1816,13128,0.1215,0.40410867237687365,1.0,0.3216788543570993,1630.2184689507492,2777.6949999999997,0.0,8905.0,44525.0,14400.0,58925.0,28195.0,0.0,,,,,,,,,,,,,20.0,5.0,15.0,160.0
7,July,s21111,rl5_dqn,2,1,1,1,1,6,14944,1816,13128,0.1215,0.4099304068522484,1.0,0.32830591102985984,1602.9861081370448,2752.611666666667,0.0,8818.0,44090.0,14400.0,58490.0,28630.0,435.0,0.6638864683181874,0.6297325460229246,0.6002113420218387,0.7832533798517226,0.0,0.9090909090909091,8033.0,2879.0,2839.0,2293.0,0.0,22.0,20.0,5.0,15.0,160.0
7,July,s31111,fifo,3,1,1,1,1,7,14944,1816,13128,0.1215,0.36610010706638113,0.042951541850220265,0.4108013406459476,1630.4210474660956,2635.2833333333333,1738.0,7735.0,73435.0,16800.0,90235.0,0.0,-29035.0,,,,,,,,,,,,,20.0,5.0,15.0,160.0
7,July,s31111,urgent_first,3,1,1,1,1,7,14944,1816,13128,0.1215,0.4057815845824411,1.0,0.3235831809872029,1613.8952310849393,2756.9883333333332,0.0,8880.0,44400.0,16800.0,61200.0,29035.0,0.0,,,,,,,,,,,,,20.0,5.0,15.0,160.0
7,July,s31111,rl5_dqn,3,1,1,1,1,7,14944,1816,13128,0.1215,0.4085251605995717,1.0,0.32670627666057284,1617.829897171663,2767.0033333333336,0.0,8839.0,44195.0,16800.0,60995.0,29240.0,205.0,0.4934922089825848,0.27460242481498975,0.7175632911392406,0.9001490312965723,0.0,0.7777777777777778,10910.0,6351.0,2528.0,2013.0,0.0,18.0,20.0,5.0,15.0,160.0
7,July,s32111,fifo,3,2,1,1,1,8,14944,1816,13128,0.1215,0.3686429336188437,0.043502202643171804,0.41361974405850094,1626.8028406049252,2629.516666666667,1737.0,7698.0,73230.0,19200.0,92430.0,0.0,-28870.0,,,,,,,,,,,,,20.0,5.0,15.0,160.0
7,July,s32111,urgent_first,3,2,1,1,1,8,14944,1816,13128,0.1215,0.4063169164882227,1.0,0.3241925655088361,1611.9781885706639,2757.1966666666667,0.0,8872.0,44360.0,19200.0,63560.0,28870.0,0.0,,,,,,,,,,,,,20.0,5.0,15.0,160.0
7,July,s32111,rl5_dqn,3,2,1,1,1,8,14944,1816,13128,0.1215,0.41441381156316914,1.0,0.3334095063985375,1600.1059076106353,2746.936666666667,0.0,8751.0,43755.0,19200.0,62955.0,29475.0,605.0,0.3337354988399072,0.22765509989484753,0.058823529411764705,0.7151873767258383,0.0,0.75,10775.0,7608.0,612.0,2535.0,0.0,20.0,20.0,5.0,15.0,160.0
7,July,s32211,fifo,3,2,2,1,1,9,14944,1816,13128,0.1215,0.926191113490364,0.39262114537444937,1.0,276.7302473679515,492.35,1103.0,0.0,22060.0,21600.0,43660.0,0.0,-22060.0,,,,,,,,,,,,,20.0,5.0,15.0,160.0
7,July,s32211,urgent_first,3,2,2,1,1,9,14944,1816,13128,0.1215,1.0,1.0,1.0,274.76300298893653,514.4300000000001,0.0,0.0,0.0,21600.0,21600.0,22060.0,0.0,,,,,,,,,,,,,20.0,5.0,15.0,160.0
7,July,s32211,rl5_dqn,3,2,2,1,1,9,14944,1816,13128,0.1215,1.0,1.0,1.0,272.2879003836545,513.14,0.0,0.0,0.0,21600.0,21600.0,22060.0,0.0,0.17120490129339686,0.16942873854552545,0.06472491909385113,0.153337342152736,0.21428571428571427,0.2243436754176611,14690.0,10258.0,618.0,1663.0,56.0,2095.0,20.0,5.0,15.0,160.0
7,July,s32221,fifo,3,2,2,2,1,10,14944,1816,13128,0.1215,0.9259234475374732,0.3904185022026432,1.0,275.9301101891506,489.78333333333336,1107.0,0.0,22140.0,24000.0,46140.0,0.0,-22140.0,,,,,,,,,,,,,20.0,5.0,15.0,160.0
7,July,s32221,urgent_first,3,2,2,2,1,10,14944,1816,13128,0.1215,1.0,1.0,1.0,272.33748884725196,512.9550000000002,0.0,0.0,0.0,24000.0,24000.0,22140.0,0.0,,,,,,,,,,,,,20.0,5.0,15.0,160.0
7,July,s32221,rl5_dqn,3,2,2,2,1,10,14944,1816,13128,0.1215,1.0,1.0,1.0,271.01963441291934,504.645,0.0,0.0,0.0,24000.0,24000.0,22140.0,0.0,0.17621980104216012,0.16989815902859381,0.09908536585365854,0.17029816513761467,0.5,0.23294663573085847,14777.0,10212.0,656.0,1744.0,10.0,2155.0,20.0,5.0,15.0,160.0
7,July,s33322,fifo,3,3,3,2,2,13,14944,1816,13128,0.1215,0.9269271948608137,0.3986784140969163,1.0,271.08473300321197,484.045,1092.0,0.0,21840.0,31200.0,53040.0,0.0,-21840.0,,,,,,,,,,,,,20.0,5.0,15.0,160.0
7,July,s33322,urgent_first,3,3,3,2,2,13,14944,1816,13128,0.1215,1.0,1.0,1.0,271.37245940399714,505.8283333333333,0.0,0.0,0.0,31200.0,31200.0,21840.0,0.0,,,,,,,,,,,,,20.0,5.0,15.0,160.0
7,July,s33322,rl5_dqn,3,3,3,2,2,13,14944,1816,13128,0.1215,1.0,1.0,1.0,267.1564674785867,499.55,0.0,0.0,0.0,31200.0,31200.0,21840.0,0.0,0.17501942501942502,0.17330140676444178,0.2222222222222222,0.1732283464566929,0.6666666666666666,0.2818181818181818,10296.0,10023.0,27.0,127.0,9.0,110.0,20.0,5.0,15.0,160.0
7,July,s32121,fifo,3,2,1,2,1,9,14944,1816,13128,0.1215,0.3677730192719486,0.043502202643171804,0.41262949421084705,1635.027857334047,2652.371666666667,1737.0,7711.0,73295.0,21600.0,94895.0,0.0,-28740.0,,,,,,,,,,,,,20.0,5.0,15.0,160.0
7,July,s32121,urgent_first,3,2,1,2,1,9,14944,1816,13128,0.1215,0.4037071734475375,1.0,0.32122181596587446,1616.2148822269808,2754.2816666666668,0.0,8911.0,44555.0,21600.0,66155.0,28740.0,0.0,,,,,,,,,,,,,20.0,5.0,15.0,160.0
7,July,s32121,rl5_dqn,3,2,1,2,1,9,14944,1816,13128,0.1215,0.4129416488222698,1.0,0.3317336989640463,1589.5402235010706,2719.09,0.0,8773.0,43865.0,21600.0,65465.0,29430.0,690.0,0.3319113419271075,0.22435233160621762,0.045060658578856154,0.7325252525252526,0.0,0.7272727272727273,10783.0,7720.0,577.0,2475.0,0.0,11.0,20.0,5.0,15.0,160.0
7,July,s32112,fifo,3,2,1,1,2,9,14944,1816,13128,0.1215,0.3717210920770878,0.04405286343612335,0.4170475319926874,1621.8318433261957,2619.6066666666666,1736.0,7653.0,72985.0,21600.0,94585.0,0.0,-28850.0,,,,,,,,,,,,,20.0,5.0,15.0,160.0
7,July,s32112,urgent_first,3,2,1,1,2,9,14944,1816,13128,0.1215,0.4093281584582441,1.0,0.32762035344302254,1604.5749498126336,2744.775,0.0,8827.0,44135.0,21600.0,65735.0,28850.0,0.0,,,,,,,,,,,,,20.0,5.0,15.0,160.0
7,July,s32112,rl5_dqn,3,2,1,1,2,9,14944,1816,13128,0.1215,0.4089935760171306,1.0,0.3272394881170018,1604.4596136688078,2747.36,0.0,8832.0,44160.0,21600.0,65760.0,28825.0,-25.0,0.33706491063029165,0.22852619079034173,0.07011070110701106,0.7225986448784376,0.0,0.0,10630.0,7579.0,542.0,2509.0,0.0,0.0,20.0,5.0,15.0,160.0
7,July,s32212,fifo,3,2,2,1,2,10,14944,1816,13128,0.1215,0.9272617773019272,0.401431718061674,1.0,272.0057024000714,490.56666666666666,1087.0,0.0,21740.0,24000.0,45740.0,0.0,-21740.0,,,,,,,,,,,,,20.0,5.0,15.0,160.0
7,July,s32212,urgent_first,3,2,2,1,2,10,14944,1816,13128,0.1215,1.0,1.0,1.0,274.494335519272,510.445,0.0,0.0,0.0,24000.0,24000.0,21740.0,0.0,,,,,,,,,,,,,20.0,5.0,15.0,160.0
7,July,s32212,rl5_dqn,3,2,2,1,2,10,14944,1816,13128,0.1215,1.0,1.0,1.0,271.813147974661,504.09000000000003,0.0,0.0,0.0,24000.0,24000.0,21740.0,0.0,0.16382741601655787,0.1711916279988153,0.055312954876273655,0.15892857142857142,0.2549019607843137,0.4,12562.0,10129.0,687.0,1680.0,51.0,15.0,20.0,5.0,15.0,160.0
7,July,s33211,fifo,3,3,2,1,1,10,14944,1816,13128,0.1215,0.9262580299785867,0.3931718061674009,1.0,272.2235222608851,483.06166666666667,1102.0,0.0,22040.0,24000.0,46040.0,0.0,-22040.0,,,,,,,,,,,,,20.0,5.0,15.0,160.0
7,July,s33211,urgent_first,3,3,2,1,1,10,14944,1816,13128,0.1215,1.0,1.0,1.0,272.11101333868663,512.3783333333333,0.0,0.0,0.0,24000.0,24000.0,22040.0,0.0,,,,,,,,,,,,,20.0,5.0,15.0,160.0
7,July,s33211,rl5_dqn,3,3,2,1,1,10,14944,1816,13128,0.1215,1.0,1.0,1.0,272.3252799339757,508.6116666666667,0.0,0.0,0.0,24000.0,24000.0,22040.0,0.0,0.17905186677217466,0.17003532182103612,0.21428571428571427,0.1836734693877551,0.13333333333333333,0.21965044874822862,13901.0,10192.0,28.0,1519.0,45.0,2117.0,20.0,5.0,15.0,160.0
7,July,s42211,fifo,4,2,2,1,1,10,14944,1816,13128,0.1215,0.9549652034261242,0.6294052863436124,1.0,200.01045012491076,353.29500000000013,673.0,0.0,13460.0,24000.0,37460.0,0.0,-13460.0,,,,,,,,,,,,,20.0,5.0,15.0,160.0
7,July,s42211,urgent_first,4,2,2,1,1,10,14944,1816,13128,0.1215,1.0,1.0,1.0,200.09984832262668,378.5516666666667,0.0,0.0,0.0,24000.0,24000.0,13460.0,0.0,,,,,,,,,,,,,20.0,5.0,15.0,160.0
7,July,s42211,rl5_dqn,4,2,2,1,1,10,14944,1816,13128,0.1215,0.9953158458244111,0.961453744493392,1.0,198.6111148286938,368.3066666666667,70.0,0.0,1400.0,24000.0,25400.0,12060.0,-1400.0,0.19907843073628192,0.11522574099572433,0.1118546845124283,0.3926640018810252,0.5348837209302325,0.7476340694006309,30817.0,13799.0,10460.0,4253.0,86.0,2219.0,20.0,5.0,15.0,160.0
7,July,s23211,fifo,2,3,2,1,1,9,14944,1816,13128,0.1215,0.5774892933618844,0.051211453744493395,0.6502894576477758,1175.5804124286224,1837.6466666666668,1723.0,4591.0,57415.0,21600.0,79015.0,0.0,-26675.0,,,,,,,,,,,,,20.0,5.0,15.0,160.0
7,July,s23211,urgent_first,2,3,2,1,1,9,14944,1816,13128,0.1215,0.5885974304068522,1.0,0.5316879951249238,1170.7931031406138,1960.315,0.0,6148.0,30740.0,21600.0,52340.0,26675.0,0.0,,,,,,,,,,,,,20.0,5.0,15.0,160.0
7,July,s23211,rl5_dqn,2,3,2,1,1,9,14944,1816,13128,0.1215,0.6137580299785867,1.0,0.5603290676416819,1147.05801213419,1934.035,0.0,5772.0,28860.0,21600.0,50460.0,28555.0,1880.0,0.362732694740647,0.35674931129476584,1.0,0.549618320610687,0.5263157894736842,0.3614864864864865,5533.0,5082.0,5.0,131.0,19.0,296.0,20.0,5.0,15.0,160.0
7,July,s22121,fifo,2,2,1,2,1,8,14944,1816,13128,0.1215,0.37352783725910066,0.042400881057268726,0.4193327239488117,1614.3153049161315,2596.9950000000003,1739.0,7623.0,72895.0,19200.0,92095.0,0.0,-28855.0,,,,,,,,,,,,,20.0,5.0,15.0,160.0
7,July,s22121,urgent_first,2,2,1,2,1,8,14944,1816,13128,0.1215,0.41059957173447537,1.0,0.3290676416819013,1603.6436150517488,2744.811666666667,0.0,8808.0,44040.0,19200.0,63240.0,28855.0,0.0,,,,,,,,,,,,,20.0,5.0,15.0,160.0
7,July,s22121,rl5_dqn,2,2,1,2,1,8,14944,1816,13128,0.1215,0.4045770877944325,1.0,0.32221206581352835,1609.509182057459,2750.9700000000003,0.0,8898.0,44490.0,19200.0,63690.0,28405.0,-450.0,0.6564582958025581,0.6211031175059952,0.5357142857142857,0.69629057187017,0.0,0.875,5551.0,2919.0,28.0,2588.0,0.0,16.0,20.0,5.0,15.0,160.0
7,July,s22112,fifo,2,2,1,1,2,8,14944,1816,13128,0.1215,0.36589935760171305,0.042400881057268726,0.4106489945155393,1632.1522640078513,2627.7400000000002,1739.0,7737.0,73465.0,19200.0,92665.0,0.0,-28880.0,,,,,,,,,,,,,20.0,5.0,15.0,160.0
7,July,s22112,urgent_first,2,2,1,1,2,8,14944,1816,13128,0.1215,0.40330567451820126,1.0,0.3207647775746496,1624.5693165596003,2769.4433333333336,0.0,8917.0,44585.0,19200.0,63785.0,28880.0,0.0,,,,,,,,,,,,,20.0,5.0,15.0,160.0
7,July,s22112,rl5_dqn,2,2,1,1,2,8,14944,1816,13128,0.1215,0.4065176659528908,1.0,0.3244210847044485,1619.0625669164883,2781.761666666667,0.0,8869.0,44345.0,19200.0,63545.0,29120.0,240.0,0.654280510018215,0.6241818808129521,0.6818181818181818,0.6881091617933723,0.0,0.0,5490.0,2903.0,22.0,2565.0,0.0,0.0,20.0,5.0,15.0,160.0
8,August,s11111,fifo,1,1,1,1,1,5,14038,1704,12334,0.1214,0.020800683858099446,0.00528169014084507,0.022944705691584237,16670.846941634612,28465.976666666666,1695.0,12051.0,94155.0,12000.0,106155.0,0.0,-33555.0,,,,,,,,,,,,,20.0,5.0,15.0,160.0
8,August,s11111,urgent_first,1,1,1,1,1,5,14038,1704,12334,0.1214,0.13662914945148882,1.0,0.01735041349116264,16669.094613430214,29128.030000000002,0.0,12120.0,60600.0,12000.0,72600.0,33555.0,0.0,,,,,,,,,,,,,20.0,5.0,15.0,160.0
8,August,s11111,rl5_dqn,1,1,1,1,1,5,14038,1704,12334,0.1214,0.1359167972645676,1.0,0.016539646505594294,16780.438874246094,29159.548333333336,0.0,12130.0,60650.0,12000.0,72650.0,33505.0,-50.0,0.9860413176996091,0.9895470383275261,0.9,0.9,0.0,0.8888888888888888,1791.0,1722.0,10.0,50.0,0.0,9.0,20.0,5.0,15.0,160.0
8,August,s21111,fifo,2,1,1,1,1,6,14038,1704,12334,0.1214,0.3577432682718336,0.03755868544600939,0.40197827144478676,1684.2402942014533,2731.771666666667,1640.0,7376.0,69680.0,14400.0,84080.0,0.0,-27185.0,,,,,,,,,,,,,20.0,5.0,15.0,160.0
8,August,s21111,urgent_first,2,1,1,1,1,6,14038,1704,12334,0.1214,0.3945718763356604,1.0,0.3109291389654613,1660.997151778506,2844.278333333334,0.0,8499.0,42495.0,14400.0,56895.0,27185.0,0.0,,,,,,,,,,,,,20.0,5.0,15.0,160.0
8,August,s21111,rl5_dqn,2,1,1,1,1,6,14038,1704,12334,0.1214,0.39286223108704943,0.9994131455399061,0.3090643748986541,1660.4700586503297,2840.1566666666668,1.0,8522.0,42630.0,14400.0,57030.0,27050.0,-135.0,0.6597924427887174,0.5524861878453039,0.6523356758991319,0.8321713147410359,0.0,0.8333333333333334,7516.0,3077.0,2419.0,2008.0,0.0,12.0,20.0,5.0,15.0,160.0
8,August,s31111,fifo,3,1,1,1,1,7,14038,1704,12334,0.1214,0.3681436102008833,0.03755868544600939,0.41381546943408465,1656.0673279669468,2681.8100000000004,1640.0,7230.0,68950.0,16800.0,85750.0,0.0,-26630.0,,,,,,,,,,,,,20.0,5.0,15.0,160.0
8,August,s31111,urgent_first,3,1,1,1,1,7,14038,1704,12334,0.1214,0.3970651089898846,1.0,0.31376682341495055,1652.3368654129267,2840.1633333333334,0.0,8464.0,42320.0,16800.0,59120.0,26630.0,0.0,,,,,,,,,,,,,20.0,5.0,15.0,160.0
8,August,s31111,rl5_dqn,3,1,1,1,1,7,14038,1704,12334,0.1214,0.39685140333380825,1.0,0.31352359331928004,1661.6246687562332,2855.5750000000003,0.0,8467.0,42335.0,16800.0,59135.0,26615.0,-15.0,0.5166734860883797,0.3017319963536919,0.7300429184549356,0.8634496919917864,0.0,1.0,9776.0,5485.0,2330.0,1948.0,0.0,13.0,20.0,5.0,15.0,160.0
8,August,s32111,fifo,3,2,1,1,1,8,14038,1704,12334,0.1214,0.3689984328251888,0.03697183098591549,0.41486946651532347,1647.190722800019,2663.965,1641.0,7217.0,68905.0,19200.0,88105.0,0.0,-27010.0,,,,,,,,,,,,,20.0,5.0,15.0,160.0
8,August,s32111,urgent_first,3,2,1,1,1,8,14038,1704,12334,0.1214,0.4031201025787149,1.0,0.3206583427922815,1640.4086170869543,2835.6800000000003,0.0,8379.0,41895.0,19200.0,61095.0,27010.0,0.0,,,,,,,,,,,,,20.0,5.0,15.0,160.0
8,August,s32111,rl5_dqn,3,2,1,1,1,8,14038,1704,12334,0.1214,0.39948710642541674,1.0,0.31652343116588294,1652.4525977109747,2839.0916666666667,0.0,8430.0,42150.0,19200.0,61350.0,26755.0,-255.0,0.36455532852994943,0.2542137003247255,0.064,0.7352051835853132,0.0,0.7058823529411765,9299.0,6467.0,500.0,2315.0,0.0,17.0,20.0,5.0,15.0,160.0
8,August,s32211,fifo,3,2,2,1,1,9,14038,1704,12334,0.1214,0.926627724747115,0.3955399061032864,1.0,293.67414992639027,512.16,1030.0,0.0,20600.0,21600.0,42200.0,0.0,-20600.0,,,,,,,,,,,,,20.0,5.0,15.0,160.0
8,August,s32211,urgent_first,3,2,2,1,1,9,14038,1704,12334,0.1214,1.0,1.0,1.0,291.5627190482975,533.8833333333333,0.0,0.0,0.0,21600.0,21600.0,20600.0,0.0,,,,,,,,,,,,,20.0,5.0,15.0,160.0
8,August,s32211,rl5_dqn,3,2,2,1,1,9,14038,1704,12334,0.1214,1.0,1.0,1.0,291.74829272925865,528.95,0.0,0.0,0.0,21600.0,21600.0,20600.0,0.0,0.18144651750538912,0.17724241772424176,0.07559055118110236,0.1870202372644801,0.25,0.228009828009828,13453.0,9298.0,635.0,1433.0,52.0,2035.0,20.0,5.0,15.0,160.0
8,August,s32221,fifo,3,2,2,2,1,10,14038,1704,12334,0.1214,0.9267701951844992,0.3967136150234742,1.0,290.4382248183502,506.01666666666665,1028.0,0.0,20560.0,24000.0,44560.0,0.0,-20560.0,,,,,,,,,,,,,20.0,5.0,15.0,160.0
8,August,s32221,urgent_first,3,2,2,2,1,10,14038,1704,12334,0.1214,1.0,1.0,1.0,290.1950812081493,525.4333333333333,0.0,0.0,0.0,24000.0,24000.0,20560.0,0.0,,,,,,,,,,,,,20.0,5.0,15.0,160.0
8,August,s32221,rl5_dqn,3,2,2,2,1,10,14038,1704,12334,0.1214,1.0,1.0,1.0,291.1027128745785,530.1016666666668,0.0,0.0,0.0,24000.0,24000.0,20560.0,0.0,0.1794833618700216,0.17540494458653028,0.06181818181818182,0.1671018276762402,0.4444444444444444,0.24055158324821246,13433.0,9384.0,550.0,1532.0,9.0,1958.0,20.0,5.0,15.0,160.0
8,August,s33322,fifo,3,3,3,2,2,13,14038,1704,12334,0.1214,0.9281948995583417,0.4084507042253521,1.0,286.81920738946667,501.58000000000027,1008.0,0.0,20160.0,31200.0,51360.0,0.0,-20160.0,,,,,,,,,,,,,20.0,5.0,15.0,160.0
8,August,s33322,urgent_first,3,3,3,2,2,13,14038,1704,12334,0.1214,1.0,1.0,1.0,286.5933454433205,526.5083333333336,0.0,0.0,0.0,31200.0,31200.0,20160.0,0.0,,,,,,,,,,,,,20.0,5.0,15.0,160.0
8,August,s33322,rl5_dqn,3,3,3,2,2,13,14038,1704,12334,0.1214,0.9999287647813079,0.9994131455399061,1.0,285.81128840765535,520.5366666666667,1.0,0.0,20.0,31200.0,31220.0,20140.0,-20.0,0.17468095967330272,0.17325899431937725,0.2682926829268293,0.1984732824427481,0.23529411764705882,0.23,9795.0,9506.0,41.0,131.0,17.0,100.0,20.0,5.0,15.0,160.0
8,August,s32121,fifo,3,2,1,2,1,9,14038,1704,12334,0.1214,0.3604502065821342,0.03755868544600939,0.4050591859899465,1668.1832300422666,2700.1316666666667,1640.0,7338.0,69490.0,21600.0,91090.0,0.0,-27430.0,,,,,,,,,,,,,20.0,5.0,15.0,160.0
8,August,s32121,urgent_first,3,2,1,2,1,9,14038,1704,12334,0.1214,0.4007693403618749,1.0,0.31798281173990595,1647.6938132212565,2847.4933333333333,0.0,8412.0,42060.0,21600.0,63660.0,27430.0,0.0,,,,,,,,,,,,,20.0,5.0,15.0,160.0
8,August,s32121,rl5_dqn,3,2,1,2,1,9,14038,1704,12334,0.1214,0.39528422852258155,1.0,0.3117399059510297,1665.7833440186164,2868.2983333333336,0.0,8489.0,42445.0,21600.0,64045.0,27045.0,-385.0,0.37071514620523494,0.2633263966704018,0.060362173038229376,0.7163299663299664,0.0,0.7272727272727273,9131.0,6247.0,497.0,2376.0,0.0,11.0,20.0,5.0,15.0,160.0
8,August,s32112,fifo,3,2,1,1,2,9,14038,1704,12334,0.1214,0.3642256731728166,0.03814553990610329,0.4092751743149019,1662.738690221779,2693.28,1639.0,7286.0,69210.0,21600.0,90810.0,0.0,-26985.0,,,,,,,,,,,,,20.0,5.0,15.0,160.0
8,August,s32112,urgent_first,3,2,1,1,2,9,14038,1704,12334,0.1214,0.3984185781450349,1.0,0.3153072806875304,1650.4563648667902,2844.7716666666674,0.0,8445.0,42225.0,21600.0,63825.0,26985.0,0.0,,,,,,,,,,,,,20.0,5.0,15.0,160.0
8,August,s32112,rl5_dqn,3,2,1,1,2,9,14038,1704,12334,0.1214,0.39628152158427127,1.0,0.31287497973082534,1664.1323087334379,2859.8733333333334,0.0,8475.0,42375.0,21600.0,63975.0,26835.0,-150.0,0.3681462140992167,0.25976284584980236,0.07632093933463796,0.7224108658743633,0.0,0.0,9192.0,6325.0,511.0,2356.0,0.0,0.0,20.0,5.0,15.0,160.0
8,August,s32212,fifo,3,2,2,1,2,10,14038,1704,12334,0.1214,0.9273400769340362,0.4014084507042254,1.0,287.08971363442083,501.6266666666667,1020.0,0.0,20400.0,24000.0,44400.0,0.0,-20400.0,,,,,,,,,,,,,20.0,5.0,15.0,160.0
8,August,s32212,urgent_first,3,2,2,1,2,10,14038,1704,12334,0.1214,1.0,1.0,1.0,289.96227857719526,531.1383333333333,0.0,0.0,0.0,24000.0,24000.0,20400.0,0.0,,,,,,,,,,,,,20.0,5.0,15.0,160.0
8,August,s32212,rl5_dqn,3,2,2,1,2,10,14038,1704,12334,0.1214,1.0,1.0,1.0,287.40624970318663,529.205,0.0,0.0,0.0,24000.0,24000.0,20400.0,0.0,0.17249666221628837,0.17879282218597065,0.05964214711729622,0.16791808873720138,0.2459016393442623,0.2727272727272727,11235.0,9195.0,503.0,1465.0,61.0,11.0,20.0,5.0,15.0,160.0
8,August,s33211,fifo,3,3,2,1,1,10,14038,1704,12334,0.1214,0.9272688417153441,0.40082159624413144,1.0,289.82935128460844,510.9033333333334,1021.0,0.0,20420.0,24000.0,44420.0,0.0,-20420.0,,,,,,,,,,,,,20.0,5.0,15.0,160.0
8,August,s33211,urgent_first,3,3,2,1,1,10,14038,1704,12334,0.1214,1.0,1.0,1.0,289.9945588165456,525.0033333333334,0.0,0.0,0.0,24000.0,24000.0,20420.0,0.0,,,,,,,,,,,,,20.0,5.0,15.0,160.0
8,August,s33211,rl5_dqn,3,3,2,1,1,10,14038,1704,12334,0.1214,0.9999287647813079,0.9994131455399061,1.0,288.6031034810277,525.9200000000001,1.0,0.0,20.0,24000.0,24020.0,20400.0,-20.0,0.18448556166292482,0.17114024136496048,0.16666666666666666,0.20931849791376914,0.3111111111111111,0.23303670745272526,12917.0,9612.0,24.0,1438.0,45.0,1798.0,20.0,5.0,15.0,160.0
8,August,s42211,fifo,4,2,2,1,1,10,14038,1704,12334,0.1214,0.947784584698675,0.5698356807511737,1.0,214.6392197369046,371.1866666666668,733.0,0.0,14660.0,24000.0,38660.0,0.0,-14660.0,,,,,,,,,,,,,20.0,5.0,15.0,160.0
8,August,s42211,urgent_first,4,2,2,1,1,10,14038,1704,12334,0.1214,1.0,1.0,1.0,213.23816070665336,387.53333333333336,0.0,0.0,0.0,24000.0,24000.0,14660.0,0.0,,,,,,,,,,,,,20.0,5.0,15.0,160.0
8,August,s42211,rl5_dqn,4,2,2,1,1,10,14038,1704,12334,0.1214,0.9936600655364012,0.9477699530516432,1.0,213.81204706273448,382.3566666666668,89.0,0.0,1780.0,24000.0,25780.0,12880.0,-1780.0,0.2030381494907647,0.11819655678221261,0.11186537909934029,0.4485585076314302,0.4794520547945205,0.8022657054582905,28965.0,12953.0,10459.0,3538.0,73.0,1942.0,20.0,5.0,15.0,160.0
8,August,s23211,fifo,2,3,2,1,1,9,14038,1704,12334,0.1214,0.5874056133352329,0.04460093896713615,0.66239662720934,1192.1602958636083,1866.7950000000005,1628.0,4164.0,53380.0,21600.0,74980.0,0.0,-25080.0,,,,,,,,,,,,,20.0,5.0,15.0,160.0
8,August,s23211,urgent_first,2,3,2,1,1,9,14038,1704,12334,0.1214,0.596808662202593,1.0,0.5411058861683152,1189.0033884219024,1991.736666666667,0.0,5660.0,28300.0,21600.0,49900.0,25080.0,0.0,,,,,,,,,,,,,20.0,5.0,15.0,160.0
8,August,s23211,rl5_dqn,2,3,2,1,1,9,14038,1704,12334,0.1214,0.5953127226100584,1.0,0.5394032754986217,1197.9261670703327,2014.785,0.0,5681.0,28405.0,21600.0,50005.0,24975.0,-105.0,0.39188905232191634,0.38871115173674586,1.0,0.5504587155963303,0.4583333333333333,0.35655737704918034,4759.0,4376.0,6.0,109.0,24.0,244.0,20.0,5.0,15.0,160.0
8,August,s22121,fifo,2,2,1,2,1,8,14038,1704,12334,0.1214,0.3633708505485112,0.03697183098591549,0.40846440732933353,1661.0145177375693,2691.6983333333333,1641.0,7296.0,69300.0,19200.0,88500.0,0.0,-27365.0,,,,,,,,,,,,,20.0,5.0,15.0,160.0
8,August,s22121,urgent_first,2,2,1,2,1,8,14038,1704,12334,0.1214,0.40255022082917796,1.0,0.3200097292038268,1643.0281759035,2833.6700000000005,0.0,8387.0,41935.0,19200.0,61135.0,27365.0,0.0,,,,,,,,,,,,,20.0,5.0,15.0,160.0
8,August,s22121,rl5_dqn,2,2,1,2,1,8,14038,1704,12334,0.1214,0.3981336372702664,1.0,0.31498297389330304,1645.3369829510377,2809.4933333333333,0.0,8449.0,42245.0,19200.0,61445.0,27055.0,-310.0,0.6818907060231352,0.6505931879066208,0.875,0.7141649048625793,0.0,0.75,5014.0,2613.0,24.0,2365.0,0.0,12.0,20.0,5.0,15.0,160.0
8,August,s22112,fifo,2,2,1,1,2,8,14038,1704,12334,0.1214,0.35695968086622026,0.03755868544600939,0.4010864277606616,1681.2403963052666,2733.353333333334,1640.0,7387.0,69735.0,19200.0,88935.0,0.0,-27230.0,,,,,,,,,,,,,20.0,5.0,15.0,160.0
8,August,s22112,urgent_first,2,2,1,1,2,8,14038,1704,12334,0.1214,0.39442940589827613,1.0,0.31076698556834764,1657.6523056465783,2843.1133333333337,0.0,8501.0,42505.0,19200.0,61705.0,27230.0,0.0,,,,,,,,,,,,,20.0,5.0,15.0,160.0
8,August,s22112,rl5_dqn,2,2,1,1,2,8,14038,1704,12334,0.1214,0.3980624020515743,0.9994131455399061,0.31498297389330304,1658.9031438476516,2856.981666666667,1.0,8449.0,42265.0,19200.0,61465.0,27470.0,240.0,0.6308376575240919,0.5644090305444888,0.6296296296296297,0.7157403478998727,0.0,0.0,5396.0,3012.0,27.0,2357.0,0.0,0.0,20.0,5.0,15.0,160.0
9,September,s11111,fifo,1,1,1,1,1,5,19195,2279,16916,0.1187,0.014482938265173223,0.002193944712593243,0.016138567037124615,28106.40519579751,49005.566666666666,2274.0,16643.0,128695.0,12000.0,140695.0,0.0,-45005.0,,,,,,,,,,,,,20.0,5.0,15.0,160.0
9,September,s11111,urgent_first,1,1,1,1,1,5,19195,2279,16916,0.1187,0.12800208387600936,1.0,0.01052258217072594,28310.17669531996,49979.450000000004,0.0,16738.0,83690.0,12000.0,95690.0,45005.0,0.0,,,,,,,,,,,,,20.0,5.0,15.0,160.0
9,September,s11111,rl5_dqn,1,1,1,1,1,5,19195,2279,16916,0.1187,0.031206043240427195,0.18736287845546293,0.010167888389690235,28009.84871320656,45787.55333333336,1852.0,16744.0,120760.0,12000.0,132760.0,7935.0,-37070.0,0.027722526106414718,0.02658283010645583,0.8,0.7368421052631579,0.0,1.0,16088.0,16063.0,5.0,19.0,0.0,1.0,20.0,5.0,15.0,160.0
9,September,s21111,fifo,2,1,1,1,1,6,19195,2279,16916,0.1187,0.04626204740817921,0.006581834137779728,0.0516079451406952,6243.893877745942,10457.566666666668,2264.0,16043.0,125495.0,14400.0,139895.0,0.0,-43525.0,,,,,,,,,,,,,20.0,5.0,15.0,160.0
9,September,s21111,urgent_first,2,1,1,1,1,6,19195,2279,16916,0.1187,0.1459234175566554,1.0,0.03085835895010641,6253.613925501432,11221.45,0.0,16394.0,81970.0,14400.0,96370.0,43525.0,0.0,,,,,,,,,,,,,20.0,5.0,15.0,160.0
9,September,s21111,rl5_dqn,2,1,1,1,1,6,19195,2279,16916,0.1187,0.14399583224798124,1.0,0.028671080633719554,6275.963449683078,11200.720000000001,0.0,16431.0,82155.0,14400.0,96555.0,43340.0,-185.0,0.9625956361575517,0.9436853002070393,0.9743366681165724,0.9716494845360825,0.0,0.8125,7058.0,2415.0,2299.0,2328.0,0.0,16.0,20.0,5.0,15.0,160.0
9,September,s31111,fifo,3,1,1,1,1,7,19195,2279,16916,0.1187,0.04423026829903621,0.006581834137779728,0.04930243556396311,6290.942176782149,10488.730000000001,2264.0,16082.0,125690.0,16800.0,142490.0,0.0,-43580.0,,,,,,,,,,,,,20.0,5.0,15.0,160.0
9,September,s31111,urgent_first,3,1,1,1,1,7,19195,2279,16916,0.1187,0.14446470435009118,1.0,0.029203121305273114,6207.9688495267865,11156.360000000002,0.0,16422.0,82110.0,16800.0,98910.0,43580.0,0.0,,,,,,,,,,,,,20.0,5.0,15.0,160.0
9,September,s31111,rl5_dqn,3,1,1,1,1,7,19195,2279,16916,0.1187,0.14383954154727793,1.0,0.028493733743201702,6263.048203525224,11208.986666666668,0.0,16434.0,82170.0,16800.0,98970.0,43520.0,-60.0,0.8778518328633683,0.7431462140992167,0.9555555555555556,0.9751818570817287,0.0,0.875,7802.0,3064.0,2385.0,2337.0,0.0,16.0,20.0,5.0,15.0,160.0
9,September,s32111,fifo,3,2,1,1,1,8,19195,2279,16916,0.1187,0.04490752800208388,0.007020623080298377,0.05001182312603453,6260.610645133282,10418.16,2263.0,16070.0,125610.0,19200.0,144810.0,0.0,-43325.0,,,,,,,,,,,,,20.0,5.0,15.0,160.0
9,September,s32111,urgent_first,3,2,1,1,1,8,19195,2279,16916,0.1187,0.14264131284188591,1.0,0.027134074249231498,6280.514104367457,11197.723333333335,0.0,16457.0,82285.0,19200.0,101485.0,43325.0,0.0,,,,,,,,,,,,,20.0,5.0,15.0,160.0
9,September,s32111,rl5_dqn,3,2,1,1,1,8,19195,2279,16916,0.1187,0.14498567335243553,1.0,0.029794277606999292,6238.171735695059,11176.09,0.0,16412.0,82060.0,19200.0,101260.0,43550.0,225.0,0.8629727352682498,0.8126119670369043,0.7292110874200426,0.9464285714285714,0.0,1.0,5685.0,2791.0,469.0,2408.0,0.0,17.0,20.0,5.0,15.0,160.0
9,September,s32211,fifo,3,2,2,1,1,9,19195,2279,16916,0.1187,0.8895024746027611,0.06932865291794647,1.0,679.9817330902144,1022.5333333333335,2121.0,0.0,42420.0,21600.0,64020.0,0.0,-41955.0,,,,,,,,,,,,,20.0,5.0,15.0,160.0
9,September,s32211,urgent_first,3,2,2,1,1,9,19195,2279,16916,0.1187,0.9951549882781975,1.0,0.9945022463939466,678.2344482069983,1077.9166666666667,0.0,93.0,465.0,21600.0,22065.0,41955.0,0.0,,,,,,,,,,,,,20.0,5.0,15.0,160.0
9,September,s32211,rl5_dqn,3,2,2,1,1,9,19195,2279,16916,0.1187,0.9657723365459755,0.711715664765248,1.0,685.2677042632629,1021.1533333333334,657.0,0.0,13140.0,21600.0,34740.0,29280.0,-12675.0,0.13684902250698208,0.10411855273287143,0.20501138952164008,0.3635427394438723,0.35185185185185186,0.3424317617866005,18261.0,15588.0,439.0,971.0,54.0,1209.0,20.0,5.0,15.0,160.0
9,September,s32221,fifo,3,2,2,2,1,10,19195,2279,16916,0.1187,0.8889815056004168,0.06494076349275998,1.0,675.5597317009639,1021.2666666666667,2131.0,0.0,42620.0,24000.0,66620.0,0.0,-41890.0,,,,,,,,,,,,,20.0,5.0,15.0,160.0
9,September,s32221,urgent_first,3,2,2,2,1,10,19195,2279,16916,0.1187,0.9923938525657723,1.0,0.9913691179947979,685.6261743509596,1099.0466666666666,0.0,146.0,730.0,24000.0,24730.0,41890.0,0.0,,,,,,,,,,,,,20.0,5.0,15.0,160.0
9,September,s32221,rl5_dqn,3,2,2,2,1,10,19195,2279,16916,0.1187,0.9718155769731701,0.7626151820974112,1.0,682.7170026916731,1038.0533333333335,541.0,0.0,10820.0,24000.0,34820.0,31800.0,-10090.0,0.14611500244339468,0.11127463527002815,0.21040189125295508,0.3731193580742227,0.5,0.3584491587417703,18417.0,15628.0,423.0,997.0,2.0,1367.0,20.0,5.0,15.0,160.0
9,September,s33322,fifo,3,3,3,2,2,13,19195,2279,16916,0.1187,0.8893461839020578,0.06801228609039052,1.0,670.6026005036034,1010.8766666666667,2124.0,0.0,42480.0,31200.0,73680.0,0.0,-42010.0,,,,,,,,,,,,,20.0,5.0,15.0,160.0
9,September,s33322,urgent_first,3,3,3,2,2,13,19195,2279,16916,0.1187,0.995102891377963,1.0,0.994443130763774,678.2315524876269,1083.506666666667,0.0,94.0,470.0,31200.0,31670.0,42010.0,0.0,,,,,,,,,,,,,20.0,5.0,15.0,160.0
9,September,s33322,rl5_dqn,3,3,3,2,2,13,19195,2279,16916,0.1187,0.9721802552748111,0.7656867046950416,1.0,677.2085438916384,1035.5366666666669,534.0,0.0,10680.0,31200.0,41880.0,31800.0,-10210.0,0.1235811673047216,0.11915648672626766,0.36363636363636365,0.43636363636363634,0.5454545454545454,0.34146341463414637,14889.0,14653.0,33.0,110.0,11.0,82.0,20.0,5.0,15.0,160.0
9,September,s32121,fifo,3,2,1,2,1,9,19195,2279,16916,0.1187,0.04652253190935139,0.007020623080298377,0.05184440766138567,6187.06576365373,10341.123333333333,2263.0,16039.0,125455.0,21600.0,147055.0,0.0,-43315.0,,,,,,,,,,,,,20.0,5.0,15.0,160.0
9,September,s32121,urgent_first,3,2,1,2,1,9,19195,2279,16916,0.1187,0.14415212294868454,1.0,0.02884842752423741,6253.180929061387,11223.48666666667,0.0,16428.0,82140.0,21600.0,103740.0,43315.0,0.0,,,,,,,,,,,,,20.0,5.0,15.0,160.0
9,September,s32121,rl5_dqn,3,2,1,2,1,9,19195,2279,16916,0.1187,0.14404792914821568,1.0,0.02873019626389217,6241.219027524529,11170.1,0.0,16430.0,82150.0,21600.0,103750.0,43305.0,-10.0,0.855242429546648,0.7994360239689813,0.7065217391304348,0.9491878384006663,0.0,0.9333333333333333,5713.0,2837.0,460.0,2401.0,0.0,15.0,20.0,5.0,15.0,160.0
9,September,s32112,fifo,3,2,1,1,2,9,19195,2279,16916,0.1187,0.04339671789528523,0.007020623080298377,0.04829746985102861,6244.870376834245,10403.206666666667,2263.0,16099.0,125755.0,21600.0,147355.0,0.0,-43380.0,,,,,,,,,,,,,20.0,5.0,15.0,160.0
9,September,s32112,urgent_first,3,2,1,1,2,9,19195,2279,16916,0.1187,0.14170356863766606,1.0,0.02606999290612438,6283.122870539204,11215.643333333333,0.0,16475.0,82375.0,21600.0,103975.0,43380.0,0.0,,,,,,,,,,,,,20.0,5.0,15.0,160.0
9,September,s32112,rl5_dqn,3,2,1,1,2,9,19195,2279,16916,0.1187,0.14540244855431103,1.0,0.03026720264838023,6234.434335330383,11192.636666666667,0.0,16404.0,82020.0,21600.0,103620.0,43735.0,355.0,0.8528025144054479,0.8040325433321542,0.6761710794297352,0.946035699460357,0.0,0.0,5727.0,2827.0,491.0,2409.0,0.0,0.0,20.0,5.0,15.0,160.0
9,September,s32212,fifo,3,2,2,1,2,10,19195,2279,16916,0.1187,0.8899713467048711,0.0732777534006143,1.0,668.6537457671268,1021.6933333333334,2112.0,0.0,42240.0,24000.0,66240.0,0.0,-41800.0,,,,,,,,,,,,,20.0,5.0,15.0,160.0
9,September,s32212,urgent_first,3,2,2,1,2,10,19195,2279,16916,0.1187,0.9954154727793696,1.0,0.9947978245448097,668.902688200052,1074.8333333333335,0.0,88.0,440.0,24000.0,24440.0,41800.0,0.0,,,,,,,,,,,,,20.0,5.0,15.0,160.0
9,September,s32212,rl5_dqn,3,2,2,1,2,10,19195,2279,16916,0.1187,0.9570200573065902,0.637999122422115,1.0,675.1422531909352,1033.64,825.0,0.0,16500.0,24000.0,40500.0,25740.0,-16060.0,0.11869898436039629,0.09893486276116346,0.15178571428571427,0.4,0.49056603773584906,0.5714285714285714,16049.0,14646.0,448.0,895.0,53.0,7.0,20.0,5.0,15.0,160.0
9,September,s33211,fifo,3,3,2,1,1,10,19195,2279,16916,0.1187,0.8896587653034644,0.07064501974550241,1.0,681.6676426152644,1031.336666666667,2118.0,0.0,42360.0,24000.0,66360.0,0.0,-41735.0,,,,,,,,,,,,,20.0,5.0,15.0,160.0
9,September,s33211,urgent_first,3,3,2,1,1,10,19195,2279,16916,0.1187,0.9934878874706955,1.0,0.9926105462284228,679.9883719718678,1086.56,0.0,125.0,625.0,24000.0,24625.0,41735.0,0.0,,,,,,,,,,,,,20.0,5.0,15.0,160.0
9,September,s33211,rl5_dqn,3,3,2,1,1,10,19195,2279,16916,0.1187,0.9568637666058869,0.636682755594559,1.0,674.0501085352088,1022.8300000000002,828.0,0.0,16560.0,24000.0,40560.0,25800.0,-15935.0,0.12710575573233504,0.09623068726691529,0.75,0.35562632696390656,0.3076923076923077,0.3392029657089898,17096.0,15016.0,20.0,942.0,39.0,1079.0,20.0,5.0,15.0,160.0
9,September,s42211,fifo,4,2,2,1,1,10,19195,2279,16916,0.1187,0.9192498046366241,0.3198771390960948,1.0,352.8533177042633,607.9833333333337,1550.0,0.0,31000.0,24000.0,55000.0,0.0,-31000.0,,,,,,,,,,,,,20.0,5.0,15.0,160.0
9,September,s42211,urgent_first,4,2,2,1,1,10,19195,2279,16916,0.1187,1.0,1.0,1.0,352.23087088651556,626.2466666666668,0.0,0.0,0.0,24000.0,24000.0,31000.0,0.0,,,,,,,,,,,,,20.0,5.0,15.0,160.0
9,September,s42211,rl5_dqn,4,2,2,1,1,10,19195,2279,16916,0.1187,0.9834331857254494,0.8604651162790697,1.0,354.9056533819571,622.5233333333334,318.0,0.0,6360.0,24000.0,30360.0,24640.0,-6360.0,0.21095021608576078,0.10825470365557376,0.12568600989653622,0.5114522417153996,0.6268656716417911,0.7787844469611174,35634.0,17699.0,11115.0,4104.0,67.0,2649.0,20.0,5.0,15.0,160.0
9,September,s23211,fifo,2,3,2,1,1,9,19195,2279,16916,0.1187,0.10112008335504037,0.013163668275559455,0.11296996925987231,3395.190027785013,5427.926666666667,2249.0,15005.0,120005.0,21600.0,141605.0,0.0,-42160.0,,,,,,,,,,,,,20.0,5.0,15.0,160.0
9,September,s23211,urgent_first,2,3,2,1,1,9,19195,2279,16916,0.1187,0.18890336025006513,1.0,0.07962875384251596,3432.431249457324,5886.166666666667,0.0,15569.0,77845.0,21600.0,99445.0,42160.0,0.0,,,,,,,,,,,,,20.0,5.0,15.0,160.0
9,September,s23211,rl5_dqn,2,3,2,1,1,9,19195,2279,16916,0.1187,0.18718416254232872,1.0,0.07767793804681958,3565.6843136233397,6185.170000000001,0.0,15602.0,78010.0,21600.0,99610.0,41995.0,-165.0,0.778134110787172,0.772542372881356,1.0,0.8832116788321168,0.7586206896551724,0.780327868852459,3430.0,2950.0,9.0,137.0,29.0,305.0,20.0,5.0,15.0,160.0
9,September,s22121,fifo,2,2,1,2,1,8,19195,2279,16916,0.1187,0.044126074498567334,0.006581834137779728,0.049184204303617876,6248.728873838674,10428.446666666667,2264.0,16084.0,125700.0,19200.0,144900.0,0.0,-43540.0,,,,,,,,,,,,,20.0,5.0,15.0,160.0
9,September,s22121,urgent_first,2,2,1,2,1,8,19195,2279,16916,0.1187,0.14394373534774682,1.0,0.028611965003546937,6294.897262307893,11285.756666666668,0.0,16432.0,82160.0,19200.0,101360.0,43540.0,0.0,,,,,,,,,,,,,20.0,5.0,15.0,160.0
9,September,s22121,rl5_dqn,2,2,1,2,1,8,19195,2279,16916,0.1187,0.14321437874446472,1.0,0.02778434618113029,6241.853782234956,11137.013333333334,0.0,16446.0,82230.0,19200.0,101430.0,43470.0,-70.0,0.9510475005185646,0.9476091476091476,0.9444444444444444,0.9543168482816429,0.0,1.0,4821.0,2405.0,18.0,2386.0,0.0,12.0,20.0,5.0,15.0,160.0
9,September,s22112,fifo,2,2,1,1,2,8,19195,2279,16916,0.1187,0.04245897369106538,0.006581834137779728,0.04729250413809411,6267.9694738213075,10433.573333333334,2264.0,16116.0,125860.0,19200.0,145060.0,0.0,-43760.0,,,,,,,,,,,,,20.0,5.0,15.0,160.0
9,September,s22112,urgent_first,2,2,1,1,2,8,19195,2279,16916,0.1187,0.14456889815056004,1.0,0.02932135256561835,6154.756532083008,11018.116666666667,0.0,16420.0,82100.0,19200.0,101300.0,43760.0,0.0,,,,,,,,,,,,,20.0,5.0,15.0,160.0
9,September,s22112,rl5_dqn,2,2,1,1,2,8,19195,2279,16916,0.1187,0.14389163844751238,1.0,0.02855284937337432,6227.959977424677,11121.673333333334,0.0,16433.0,82165.0,19200.0,101365.0,43695.0,-65.0,0.9551738583996648,0.9527591973244147,1.0,0.9572396274343776,0.0,0.0,4774.0,2392.0,20.0,2362.0,0.0,0.0,20.0,5.0,15.0,160.0
10,October,s11111,fifo,1,1,1,1,1,5,21883,2704,19179,0.1236,0.012658227848101266,0.0011094674556213018,0.014286459148026487,33964.13650779143,61710.666666666664,2701.0,18905.0,148545.0,12000.0,160545.0,0.0,-51860.0,,,,,,,,,,,,,20.0,5.0,15.0,160.0
10,October,s11111,urgent_first,1,1,1,1,1,5,21883,2704,19179,0.1236,0.1277247178174839,0.9693047337278107,0.00907242296261536,34170.05677238039,62042.96666666667,83.0,19005.0,96685.0,12000.0,108685.0,51860.0,0.0,,,,,,,,,,,,,20.0,5.0,15.0,160.0
10,October,s11111,rl5_dqn,1,1,1,1,1,5,21883,2704,19179,0.1236,0.01855321482429283,0.08357988165680473,0.009385265133740028,33905.461687154406,71541.55,2478.0,18999.0,144555.0,12000.0,156555.0,3990.0,-47870.0,0.012708885403709912,0.012228113840493453,0.0,1.0,0.0,1.0,18491.0,18482.0,0.0,7.0,0.0,2.0,20.0,5.0,15.0,160.0
10,October,s21111,fifo,2,1,1,1,1,6,21883,2704,19179,0.1236,0.05588813234017274,0.00628698224852071,0.06288127639605819,10018.948418102333,17923.516666666663,2687.0,17973.0,143605.0,14400.0,158005.0,0.0,-51750.0,,,,,,,,,,,,,20.0,5.0,15.0,160.0
10,October,s21111,urgent_first,2,1,1,1,1,6,21883,2704,19179,0.1236,0.16048987798747885,1.0,0.04212941237812191,9971.416786241982,18217.086666666666,0.0,18371.0,91855.0,14400.0,106255.0,51750.0,0.0,,,,,,,,,,,,,20.0,5.0,15.0,160.0
10,October,s21111,rl5_dqn,2,1,1,1,1,6,21883,2704,19179,0.1236,0.16282045423388017,1.0,0.044788570832681576,10051.241805663452,18371.16,0.0,18320.0,91600.0,14400.0,106000.0,52005.0,255.0,0.9430162303044662,0.9159891598915989,0.9451954694921447,0.9697301239970825,0.0,1.0,8441.0,2952.0,2737.0,2742.0,0.0,10.0,20.0,5.0,15.0,160.0
10,October,s31111,fifo,3,1,1,1,1,7,21883,2704,19179,0.1236,0.05698487410318512,0.0070266272189349116,0.06402836435684864,9967.294019710887,17803.409999999993,2685.0,17951.0,143455.0,16800.0,160255.0,0.0,-51805.0,,,,,,,,,,,,,20.0,5.0,15.0,160.0
10,October,s31111,urgent_first,3,1,1,1,1,7,21883,2704,19179,0.1236,0.1623634784992917,1.0,0.044267167214140465,9956.976508400738,18223.916666666668,0.0,18330.0,91650.0,16800.0,108450.0,51805.0,0.0,,,,,,,,,,,,,20.0,5.0,15.0,160.0
10,October,s31111,rl5_dqn,3,1,1,1,1,7,21883,2704,19179,0.1236,0.16076406342823196,1.0,0.04244225454924657,10051.745701381591,18355.283333333333,0.0,18365.0,91825.0,16800.0,108625.0,51630.0,-175.0,0.8954334877564527,0.783289817232376,0.9531194924215721,0.9765173410404624,0.0,0.7857142857142857,9066.0,3447.0,2837.0,2768.0,0.0,14.0,20.0,5.0,15.0,160.0
10,October,s32111,fifo,3,2,1,1,1,8,21883,2704,19179,0.1236,0.05744184983777362,0.0070266272189349116,0.06454976797538975,10000.216003290227,17893.756666666668,2685.0,17941.0,143405.0,19200.0,162605.0,0.0,-51910.0,,,,,,,,,,,,,20.0,5.0,15.0,160.0
10,October,s32111,urgent_first,3,2,1,1,1,8,21883,2704,19179,0.1236,0.16378010327651601,1.0,0.04588351843161791,9990.436364605706,18308.91333333333,0.0,18299.0,91495.0,19200.0,110695.0,51910.0,0.0,,,,,,,,,,,,,20.0,5.0,15.0,160.0
10,October,s32111,rl5_dqn,3,2,1,1,1,8,21883,2704,19179,0.1236,0.1629118493807979,1.0,0.0448928515563898,10008.165756523329,18285.953333333335,0.0,18318.0,91590.0,19200.0,110790.0,51815.0,-95.0,0.8630055215639457,0.8109975961538461,0.8043478260869565,0.9314502239063038,0.0,1.0,6701.0,3328.0,460.0,2903.0,0.0,10.0,20.0,5.0,15.0,160.0
10,October,s32211,fifo,3,2,2,1,1,9,21883,2704,19179,0.1236,0.5059635333363799,0.04807692307692308,0.5705198394076855,1275.2889541348688,2011.2833333333333,2574.0,8237.0,92665.0,21600.0,114265.0,0.0,-37970.0,,,,,,,,,,,,,20.0,5.0,15.0,160.0
10,October,s32211,urgent_first,3,2,2,1,1,9,21883,2704,19179,0.1236,0.5001142439336471,1.0,0.4296365816778768,1291.2210863836465,2160.7,0.0,10939.0,54695.0,21600.0,76295.0,37970.0,0.0,,,,,,,,,,,,,20.0,5.0,15.0,160.0
10,October,s32211,rl5_dqn,3,2,2,1,1,9,21883,2704,19179,0.1236,0.741900105104419,0.4552514792899408,0.7823139892590855,1283.1797887248854,2025.4933333333333,1473.0,4175.0,50335.0,21600.0,71935.0,42330.0,4360.0,0.10702341137123746,0.0734985300293994,0.2893772893772894,0.5370967741935484,0.4634146341463415,0.35005336179295626,18538.0,16667.0,273.0,620.0,41.0,937.0,20.0,5.0,15.0,160.0
10,October,s32221,fifo,3,2,2,2,1,10,21883,2704,19179,0.1236,0.5014851711374126,0.04807692307692308,0.5654100839459826,1282.2642743986962,2017.2833333333333,2574.0,8335.0,93155.0,24000.0,117155.0,0.0,-39355.0,,,,,,,,,,,,,20.0,5.0,15.0,160.0
10,October,s32221,urgent_first,3,2,2,2,1,10,21883,2704,19179,0.1236,0.5082941095827812,1.0,0.43896970644976274,1277.178568599674,2149.333333333333,0.0,10760.0,53800.0,24000.0,77800.0,39355.0,0.0,,,,,,,,,,,,,20.0,5.0,15.0,160.0
10,October,s32221,rl5_dqn,3,2,2,2,1,10,21883,2704,19179,0.1236,0.6776950143947357,0.6301775147928994,0.6843943896970645,1277.4169728404088,2186.0899999999997,1000.0,6053.0,50265.0,24000.0,74265.0,42890.0,3535.0,0.16459984271973868,0.12084549142409792,0.28851540616246496,0.6105006105006106,0.5714285714285714,0.3207401696222051,16531.0,14051.0,357.0,819.0,7.0,1297.0,20.0,5.0,15.0,160.0
10,October,s33322,fifo,3,3,3,2,2,13,21883,2704,19179,0.1236,0.4984234337156697,0.04696745562130177,0.5620731007873194,1286.2081440692164,2025.49,2577.0,8399.0,93535.0,31200.0,124735.0,0.0,-38450.0,,,,,,,,,,,,,20.0,5.0,15.0,160.0
10,October,s33322,urgent_first,3,3,3,2,2,13,21883,2704,19179,0.1236,0.49654983320385687,1.0,0.42556963345325616,1300.5035377538122,2177.36,0.0,11017.0,55085.0,31200.0,86285.0,38450.0,0.0,,,,,,,,,,,,,20.0,5.0,15.0,160.0
10,October,s33322,rl5_dqn,3,3,3,2,2,13,21883,2704,19179,0.1236,0.6767810629255586,0.6309171597633136,0.683247301736274,1283.8894499535409,2215.5533333333333,998.0,6075.0,50335.0,31200.0,81535.0,43200.0,4750.0,0.1272804713565699,0.1223213001582051,0.35714285714285715,0.6588235294117647,0.6666666666666666,0.35526315789473684,14087.0,13906.0,14.0,85.0,6.0,76.0,20.0,5.0,15.0,160.0
10,October,s32121,fifo,3,2,1,2,1,9,21883,2704,19179,0.1236,0.05707626925010282,0.0070266272189349116,0.06413264508055685,10034.371614952246,17947.973333333335,2685.0,17949.0,143445.0,21600.0,165045.0,0.0,-51865.0,,,,,,,,,,,,,20.0,5.0,15.0,160.0
10,October,s32121,urgent_first,3,2,1,2,1,9,21883,2704,19179,0.1236,0.16300324452771559,1.0,0.04499713228009802,9988.662869959939,18336.57,0.0,18316.0,91580.0,21600.0,113180.0,51865.0,0.0,,,,,,,,,,,,,20.0,5.0,15.0,160.0
10,October,s32121,rl5_dqn,3,2,1,2,1,9,21883,2704,19179,0.1236,0.16149522460357355,1.0,0.04327650033891235,10002.756194306083,18298.786666666667,0.0,18349.0,91745.0,21600.0,113345.0,51700.0,-165.0,0.8558478228562937,0.8051327961802447,0.7631578947368421,0.9285714285714286,0.0,0.9,6729.0,3351.0,456.0,2912.0,0.0,10.0,20.0,5.0,15.0,160.0
10,October,s32112,fifo,3,2,1,1,2,9,21883,2704,19179,0.1236,0.056893478956267424,0.006656804733727811,0.06397622399499453,10034.86759585066,17936.636666666665,2686.0,17952.0,143480.0,21600.0,165080.0,0.0,-51790.0,,,,,,,,,,,,,20.0,5.0,15.0,160.0
10,October,s32112,urgent_first,3,2,1,1,2,9,21883,2704,19179,0.1236,0.1619978979116209,1.0,0.04385004431930758,9978.273819098538,18279.526666666665,0.0,18338.0,91690.0,21600.0,113290.0,51790.0,0.0,,,,,,,,,,,,,20.0,5.0,15.0,160.0
10,October,s32112,rl5_dqn,3,2,1,1,2,9,21883,2704,19179,0.1236,0.1623634784992917,1.0,0.044267167214140465,10040.150059406846,18362.239999999998,0.0,18330.0,91650.0,21600.0,113250.0,51830.0,40.0,0.8536585365853658,0.8013657957244655,0.7621722846441947,0.931129476584022,0.0,0.0,6806.0,3368.0,534.0,2904.0,0.0,0.0,20.0,5.0,15.0,160.0
10,October,s32212,fifo,3,2,2,1,2,10,21883,2704,19179,0.1236,0.5014394735639538,0.04807692307692308,0.5653579435841285,1274.5470806866822,1996.2733333333333,2574.0,8336.0,93160.0,24000.0,117160.0,0.0,-38100.0,,,,,,,,,,,,,20.0,5.0,15.0,160.0
10,October,s32212,urgent_first,3,2,2,1,2,10,21883,2704,19179,0.1236,0.4967783210711511,1.0,0.4258303352625267,1295.2490433974624,2185.4966666666664,0.0,11012.0,55060.0,24000.0,79060.0,38100.0,0.0,,,,,,,,,,,,,20.0,5.0,15.0,160.0
10,October,s32212,rl5_dqn,3,2,2,1,2,10,21883,2704,19179,0.1236,0.6493625188502491,0.676405325443787,0.6455498201157516,1283.670300385383,2164.29,875.0,6798.0,51490.0,24000.0,75490.0,41670.0,3570.0,0.16650109278760183,0.13290078005394765,0.29691211401425177,0.5977900552486188,0.5,0.2857142857142857,15099.0,13717.0,421.0,905.0,42.0,14.0,20.0,5.0,15.0,160.0
10,October,s33211,fifo,3,3,2,1,1,10,21883,2704,19179,0.1236,0.5022163323127542,0.05029585798816568,0.5659314875645237,1278.3963997928377,2007.4033333333334,2568.0,8325.0,92985.0,24000.0,116985.0,0.0,-38385.0,,,,,,,,,,,,,20.0,5.0,15.0,160.0
10,October,s33211,urgent_first,3,3,2,1,1,10,21883,2704,19179,0.1236,0.5009824978293652,1.0,0.43062724855310497,1287.6890858962056,2161.5833333333335,0.0,10920.0,54600.0,24000.0,78600.0,38385.0,0.0,,,,,,,,,,,,,20.0,5.0,15.0,160.0
10,October,s33211,rl5_dqn,3,3,2,1,1,10,21883,2704,19179,0.1236,0.6753644381483344,0.6301775147928994,0.6817352312425048,1286.8654632972323,2203.2566666666667,1000.0,6104.0,50520.0,24000.0,74520.0,42465.0,4080.0,0.1593471625241388,0.12180084593877698,0.42857142857142855,0.5883069427527405,0.2972972972972973,0.2913961038961039,16053.0,13949.0,14.0,821.0,37.0,1232.0,20.0,5.0,15.0,160.0
10,October,s42211,fifo,4,2,2,1,1,10,21883,2704,19179,0.1236,0.8854361833386647,0.07285502958579881,1.0,683.4354559856205,1061.0933333333332,2507.0,0.0,50140.0,24000.0,74140.0,0.0,-49945.0,,,,,,,,,,,,,20.0,5.0,15.0,160.0
10,October,s42211,urgent_first,4,2,2,1,1,10,21883,2704,19179,0.1236,0.9982177946351048,1.0,0.9979665258876896,685.6997121052873,1136.7666666666667,0.0,39.0,195.0,24000.0,24195.0,49945.0,0.0,,,,,,,,,,,,,20.0,5.0,15.0,160.0
10,October,s42211,rl5_dqn,4,2,2,1,1,10,21883,2704,19179,0.1236,0.912352054105927,0.2906804733727811,1.0,691.12661274353,1029.5466666666666,1918.0,0.0,38360.0,24000.0,62360.0,11780.0,-38165.0,0.06588391486536946,0.04363001745200698,0.06252933996807812,0.07008314949940607,0.7333333333333333,0.12254758418740849,48206.0,18909.0,10651.0,11786.0,30.0,6830.0,20.0,5.0,15.0,160.0
10,October,s23211,fifo,2,3,2,1,1,9,21883,2704,19179,0.1236,0.07051135584700452,0.008136094674556213,0.07930549038010323,7317.84379503115,12634.376666666667,2682.0,17658.0,141930.0,21600.0,163530.0,0.0,-52090.0,,,,,,,,,,,,,20.0,5.0,15.0,160.0
10,October,s23211,urgent_first,2,3,2,1,1,9,21883,2704,19179,0.1236,0.17890600009139515,1.0,0.06314197820532874,7299.997330500083,13354.976666666667,0.0,17968.0,89840.0,21600.0,111440.0,52090.0,0.0,,,,,,,,,,,,,20.0,5.0,15.0,160.0
10,October,s23211,rl5_dqn,2,3,2,1,1,9,21883,2704,19179,0.1236,0.17918018553214823,1.0,0.06345482037645342,7258.299746378467,13332.02,0.0,17962.0,89810.0,21600.0,111410.0,52120.0,30.0,0.8478442280945758,0.8452641450453267,0.0,0.8947368421052632,0.9047619047619048,0.8544061302681992,3595.0,3199.0,0.0,114.0,21.0,261.0,20.0,5.0,15.0,160.0
10,October,s22121,fifo,2,2,1,2,1,8,21883,2704,19179,0.1236,0.05643650322167893,0.0070266272189349116,0.0634026800145993,10058.021637801034,17992.28333333333,2685.0,17963.0,143515.0,19200.0,162715.0,0.0,-51895.0,,,,,,,,,,,,,20.0,5.0,15.0,160.0
10,October,s22121,urgent_first,2,2,1,2,1,8,21883,2704,19179,0.1236,0.16263766394004478,1.0,0.044580009385265136,10000.343709729013,18244.89,0.0,18324.0,91620.0,19200.0,110820.0,51895.0,0.0,,,,,,,,,,,,,20.0,5.0,15.0,160.0
10,October,s22121,rl5_dqn,2,2,1,2,1,8,21883,2704,19179,0.1236,0.16218068820545628,1.0,0.04405860576672402,10061.861529497783,18366.093333333334,0.0,18334.0,91670.0,19200.0,110870.0,51845.0,-50.0,0.9376839189890946,0.940848990953375,0.9583333333333334,0.9344262295081968,0.0,0.9166666666666666,5777.0,2874.0,24.0,2867.0,0.0,12.0,20.0,5.0,15.0,160.0
10,October,s22112,fifo,2,2,1,1,2,8,21883,2704,19179,0.1236,0.05757894255815016,0.006656804733727811,0.0647583294228062,9975.892803393805,17855.946666666667,2686.0,17937.0,143405.0,19200.0,162605.0,0.0,-51680.0,,,,,,,,,,,,,20.0,5.0,15.0,160.0
10,October,s22112,urgent_first,2,2,1,1,2,8,21883,2704,19179,0.1236,0.16167801489740893,1.0,0.0434850617863288,10059.85835732456,18375.613333333335,0.0,18345.0,91725.0,19200.0,110925.0,51680.0,0.0,,,,,,,,,,,,,20.0,5.0,15.0,160.0
10,October,s22112,rl5_dqn,2,2,1,1,2,8,21883,2704,19179,0.1236,0.1624548736462094,1.0,0.04437144793784869,9983.320282867979,18194.343333333334,0.0,18328.0,91640.0,19200.0,110840.0,51765.0,85.0,0.9357909311180339,0.9330572808833678,1.0,0.9381983240223464,0.0,0.0,5778.0,2898.0,16.0,2864.0,0.0,0.0,20.0,5.0,15.0,160.0
11,November,s11111,fifo,1,1,1,1,1,5,27873,3350,24523,0.1202,0.009973809780073907,0.0023880597014925373,0.011010072177139828,52311.79231334983,93368.06333333332,3342.0,24253.0,188105.0,12000.0,200105.0,0.0,-50570.0,,,,,,,,,,,,,20.0,5.0,15.0,160.0
11,November,s11111,urgent_first,1,1,1,1,1,5,27873,3350,24523,0.1202,0.09632978150898719,0.7692537313432836,0.004404028870855932,52550.75145242109,94134.12333333334,773.0,24415.0,137535.0,12000.0,149535.0,50570.0,0.0,,,,,,,,,,,,,20.0,5.0,15.0,160.0
11,November,s11111,rl5_dqn,1,1,1,1,1,5,27873,3350,24523,0.1202,0.011408890323969433,0.016417910447761194,0.010724625861436203,52037.342797689525,106312.24999999999,3295.0,24260.0,187200.0,12000.0,199200.0,905.0,-49665.0,0.0022378646702201246,0.0022378646702201246,0.0,0.0,0.0,0.0,24577.0,24577.0,0.0,0.0,0.0,0.0,20.0,5.0,15.0,160.0
11,November,s21111,fifo,2,1,1,1,1,6,27873,3350,24523,0.1202,0.018978940193018334,0.005373134328358209,0.02083758104636464,20602.73047752305,35686.86666666667,3332.0,24012.0,186700.0,14400.0,201100.0,0.0,-65900.0,,,,,,,,,,,,,20.0,5.0,15.0,160.0
11,November,s21111,urgent_first,2,1,1,1,1,6,27873,3350,24523,0.1202,0.13321135148710223,1.0,0.014802430371487992,20578.67889415085,36111.46,0.0,24160.0,120800.0,14400.0,135200.0,65900.0,0.0,,,,,,,,,,,,,20.0,5.0,15.0,160.0
11,November,s21111,rl5_dqn,2,1,1,1,1,6,27873,3350,24523,0.1202,0.050191942022746024,0.31223880597014925,0.014394649920482812,20620.7236004975,31675.516666666666,2304.0,24170.0,166930.0,14400.0,181330.0,19770.0,-46130.0,0.04620961339704319,0.048071700162954915,0.04410502056125446,0.046408447579750656,0.0,1.0,66761.0,22092.0,22129.0,22539.0,0.0,1.0,20.0,5.0,15.0,160.0
11,November,s31111,fifo,3,1,1,1,1,7,27873,3350,24523,0.1202,0.01883543213862878,0.005373134328358209,0.020674468865962567,20554.451759767515,35619.22666666667,3332.0,24016.0,186720.0,16800.0,203520.0,0.0,-65910.0,,,,,,,,,,,,,20.0,5.0,15.0,160.0
11,November,s31111,urgent_first,3,1,1,1,1,7,27873,3350,24523,0.1202,0.13313959745990744,1.0,0.014720874281286956,20648.63007629845,36176.76,0.0,24162.0,120810.0,16800.0,137610.0,65910.0,0.0,,,,,,,,,,,,,20.0,5.0,15.0,160.0
11,November,s31111,rl5_dqn,3,1,1,1,1,7,27873,3350,24523,0.1202,0.13313959745990744,1.0,0.014720874281286956,20464.261490211553,35928.07666666667,0.0,24162.0,120810.0,16800.0,137610.0,65910.0,0.0,0.9756334336472187,0.9595988538681949,0.9786674459380479,0.9890726520968695,0.0,1.0,10301.0,3490.0,3422.0,3386.0,0.0,3.0,20.0,5.0,15.0,160.0
11,November,s32111,fifo,3,2,1,1,1,8,27873,3350,24523,0.1202,0.018763678111434003,0.005373134328358209,0.02059291277576153,20545.336144895304,35557.76666666666,3332.0,24018.0,186730.0,19200.0,205930.0,0.0,-65885.0,,,,,,,,,,,,,20.0,5.0,15.0,160.0
11,November,s32111,urgent_first,3,2,1,1,1,8,27873,3350,24523,0.1202,0.1328884583647257,1.0,0.01443542796558333,20499.83024611631,35895.02333333334,0.0,24169.0,120845.0,19200.0,140045.0,65885.0,0.0,,,,,,,,,,,,,20.0,5.0,15.0,160.0
11,November,s32111,rl5_dqn,3,2,1,1,1,8,27873,3350,24523,0.1202,0.1329602123919205,1.0,0.014516984055784365,20619.775088197657,36045.69666666666,0.0,24167.0,120835.0,19200.0,140035.0,65895.0,10.0,0.9768714930888189,0.9766695829687956,0.9617977528089887,0.9789535223618825,0.0,1.0,7307.0,3429.0,445.0,3421.0,0.0,12.0,20.0,5.0,15.0,160.0
11,November,s32211,fifo,3,2,2,1,1,9,27873,3350,24523,0.1202,0.045169160119111686,0.008656716417910448,0.050156995473636994,4636.705603391573,6971.986666666666,3321.0,23293.0,182885.0,21600.0,204485.0,0.0,-64130.0,,,,,,,,,,,,,20.0,5.0,15.0,160.0
11,November,s32211,urgent_first,3,2,2,1,1,9,27873,3350,24523,0.1202,0.14788505004843397,1.0,0.031480650817599806,4621.9205874263025,7714.34,0.0,23751.0,118755.0,21600.0,140355.0,64130.0,0.0,,,,,,,,,,,,,20.0,5.0,15.0,160.0
11,November,s32211,rl5_dqn,3,2,2,1,1,9,27873,3350,24523,0.1202,0.14709575574929143,1.0,0.03058353382538841,4657.148612157524,7749.916666666666,0.0,23773.0,118865.0,21600.0,140465.0,64020.0,-110.0,0.8718473074301295,0.8359960059910134,0.84765625,0.9351687388987566,0.9705882352941176,0.9199014171287738,7335.0,4006.0,512.0,1126.0,68.0,1623.0,20.0,5.0,15.0,160.0
11,November,s32221,fifo,3,2,2,2,1,10,27873,3350,24523,0.1202,0.04312417034406056,0.008656716417910448,0.04783264690290748,4593.053344933568,6883.333333333333,3321.0,23350.0,183170.0,24000.0,207170.0,0.0,-64245.0,,,,,,,,,,,,,20.0,5.0,15.0,160.0
11,November,s32221,urgent_first,3,2,2,2,1,10,27873,3350,24523,0.1202,0.14666523158612277,1.0,0.030094197284182195,4613.704613185999,7672.72,0.0,23785.0,118925.0,24000.0,142925.0,64245.0,0.0,,,,,,,,,,,,,20.0,5.0,15.0,160.0
11,November,s32221,rl5_dqn,3,2,2,2,1,10,27873,3350,24523,0.1202,0.14713163276288882,1.0,0.03062431187048893,4609.096454155157,7676.016666666666,0.0,23772.0,118860.0,24000.0,142860.0,64310.0,65.0,0.8722368969831781,0.8281404549950544,0.8833693304535637,0.9570277529095792,1.0,0.9218950064020487,7193.0,4044.0,463.0,1117.0,7.0,1562.0,20.0,5.0,15.0,160.0
11,November,s33322,fifo,3,3,3,2,2,13,27873,3350,24523,0.1202,0.046030208445449,0.008656716417910448,0.051135668556049424,4631.122708355757,7021.886666666666,3321.0,23269.0,182765.0,31200.0,213965.0,0.0,-63960.0,,,,,,,,,,,,,20.0,5.0,15.0,160.0
11,November,s33322,urgent_first,3,3,3,2,2,13,27873,3350,24523,0.1202,0.1475262799124601,1.0,0.031072870366594625,4637.684946005094,7744.846666666666,0.0,23761.0,118805.0,31200.0,150005.0,63960.0,0.0,,,,,,,,,,,,,20.0,5.0,15.0,160.0
11,November,s33322,rl5_dqn,3,3,3,2,2,13,27873,3350,24523,0.1202,0.14802855810282353,1.0,0.031643762998001874,4558.404402109569,7606.393333333333,0.0,23747.0,118735.0,31200.0,149935.0,64030.0,70.0,0.837360594795539,0.8324633358190405,0.8148148148148148,0.9117647058823529,0.9411764705882353,0.9207920792079208,4304.0,4023.0,27.0,136.0,17.0,101.0,20.0,5.0,15.0,160.0
11,November,s32121,fifo,3,2,1,2,1,9,27873,3350,24523,0.1202,0.019122448247407886,0.005373134328358209,0.02100069322676671,20563.07541647233,35565.316666666666,3332.0,24008.0,186680.0,21600.0,208280.0,0.0,-65830.0,,,,,,,,,,,,,20.0,5.0,15.0,160.0
11,November,s32121,urgent_first,3,2,1,2,1,9,27873,3350,24523,0.1202,0.13285258135112832,1.0,0.014394649920482812,20611.32704648465,36075.53333333333,0.0,24170.0,120850.0,21600.0,142450.0,65830.0,0.0,,,,,,,,,,,,,20.0,5.0,15.0,160.0
11,November,s32121,rl5_dqn,3,2,1,2,1,9,27873,3350,24523,0.1202,0.13342661356868654,1.0,0.015047098642091097,20515.189642306173,35963.95666666667,0.0,24154.0,120770.0,21600.0,142370.0,65910.0,80.0,0.9763854763854763,0.973263586166812,0.9888888888888889,0.9778102189781022,0.0,1.0,7326.0,3441.0,450.0,3425.0,0.0,10.0,20.0,5.0,15.0,160.0
11,November,s32112,fifo,3,2,1,1,2,9,27873,3350,24523,0.1202,0.019050694220213108,0.005373134328358209,0.020919137136565673,20473.337059161197,35509.11333333333,3332.0,24010.0,186690.0,21600.0,208290.0,0.0,-65910.0,,,,,,,,,,,,,20.0,5.0,15.0,160.0
11,November,s32112,urgent_first,3,2,1,1,2,9,27873,3350,24523,0.1202,0.13335485954149176,1.0,0.014965542551890063,20510.785554718426,35980.94666666667,0.0,24156.0,120780.0,21600.0,142380.0,65910.0,0.0,,,,,,,,,,,,,20.0,5.0,15.0,160.0
11,November,s32112,rl5_dqn,3,2,1,1,2,9,27873,3350,24523,0.1202,0.1329602123919205,1.0,0.014516984055784365,20464.03559836879,35854.17,0.0,24167.0,120835.0,21600.0,142435.0,65855.0,-55.0,0.9775326797385621,0.9738296016283804,0.9717171717171718,0.9821114369501466,0.0,0.0,7344.0,3439.0,495.0,3410.0,0.0,0.0,20.0,5.0,15.0,160.0
11,November,s32212,fifo,3,2,2,1,2,10,27873,3350,24523,0.1202,0.04509740609191691,0.008656716417910448,0.050075439383435956,4626.427939822289,6954.693333333334,3321.0,23295.0,182895.0,24000.0,206895.0,0.0,-64080.0,,,,,,,,,,,,,20.0,5.0,15.0,160.0
11,November,s32212,urgent_first,3,2,2,1,2,10,27873,3350,24523,0.1202,0.1474545258852653,1.0,0.03099131427639359,4600.70424963226,7660.096666666666,0.0,23763.0,118815.0,24000.0,142815.0,64080.0,0.0,,,,,,,,,,,,,20.0,5.0,15.0,160.0
11,November,s32212,rl5_dqn,3,2,2,1,2,10,27873,3350,24523,0.1202,0.1477415419940444,1.0,0.03131753863719773,4629.893982826869,7725.713333333333,0.0,23755.0,118775.0,24000.0,142775.0,64120.0,40.0,0.8596730245231607,0.8293709757305597,0.8681318681318682,0.9541666666666667,0.9452054794520548,0.7333333333333333,5872.0,4038.0,546.0,1200.0,73.0,15.0,20.0,5.0,15.0,160.0
11,November,s33211,fifo,3,3,2,1,1,10,27873,3350,24523,0.1202,0.04506152907831952,0.008656716417910448,0.05003466133833544,4631.000239778041,6977.593333333333,3321.0,23296.0,182900.0,24000.0,206900.0,0.0,-64145.0,,,,,,,,,,,,,20.0,5.0,15.0,160.0
11,November,s33211,urgent_first,3,3,2,1,1,10,27873,3350,24523,0.1202,0.14788505004843397,1.0,0.031480650817599806,4603.263624893863,7647.266666666666,0.0,23751.0,118755.0,24000.0,142755.0,64145.0,0.0,,,,,,,,,,,,,20.0,5.0,15.0,160.0
11,November,s33211,rl5_dqn,3,3,2,1,1,10,27873,3350,24523,0.1202,0.14702400172209665,1.0,0.030501977735187376,4605.4676192013785,7679.156666666667,0.0,23775.0,118875.0,24000.0,142875.0,64025.0,-120.0,0.8757233796296297,0.8318430203676105,0.9428571428571428,0.9482484076433121,1.0,0.9253731343283582,6912.0,4026.0,35.0,1256.0,54.0,1541.0,20.0,5.0,15.0,160.0
11,November,s42211,fifo,4,2,2,1,1,10,27873,3350,24523,0.1202,0.30484698453700715,0.046567164179104475,0.34012967418341966,1784.4037640966762,2824.1966666666667,3194.0,16182.0,144790.0,24000.0,168790.0,0.0,-54500.0,,,,,,,,,,,,,20.0,5.0,15.0,160.0
11,November,s42211,urgent_first,4,2,2,1,1,10,27873,3350,24523,0.1202,0.3521328884583647,1.0,0.2636300615748481,1786.7551806407635,2975.84,0.0,18058.0,90290.0,24000.0,114290.0,54500.0,0.0,,,,,,,,,,,,,20.0,5.0,15.0,160.0
11,November,s42211,rl5_dqn,4,2,2,1,1,10,27873,3350,24523,0.1202,0.4030064937394611,0.2650746268656716,0.4218488765648575,1782.4553199631662,2317.1233333333334,2462.0,14178.0,120130.0,24000.0,144130.0,24660.0,-29840.0,0.08656126482213439,0.03488280325151922,0.08241758241758242,0.2719190680564071,0.6153846153846154,0.5713337757133378,37950.0,25342.0,7826.0,3262.0,13.0,1507.0,20.0,5.0,15.0,160.0
11,November,s23211,fifo,2,3,2,1,1,9,27873,3350,24523,0.1202,0.020701036845692966,0.005970149253731343,0.02271337112098846,16639.454484028753,28309.763333333332,3330.0,23966.0,186430.0,21600.0,208030.0,0.0,-65945.0,,,,,,,,,,,,,20.0,5.0,15.0,160.0
11,November,s23211,urgent_first,2,3,2,1,1,9,27873,3350,24523,0.1202,0.13547160334373767,1.0,0.017371447212820617,16530.085772372306,28765.336666666666,0.0,24097.0,120485.0,21600.0,142085.0,65945.0,0.0,,,,,,,,,,,,,20.0,5.0,15.0,160.0
11,November,s23211,rl5_dqn,2,3,2,1,1,9,27873,3350,24523,0.1202,0.13525634126215333,1.0,0.01712677894221751,16415.37403520731,28516.46,0.0,24103.0,120515.0,21600.0,142115.0,65915.0,-30.0,0.9623474422227992,0.9618145277060006,1.0,1.0,1.0,0.947136563876652,3851.0,3483.0,5.0,107.0,29.0,227.0,20.0,5.0,15.0,160.0
11,November,s22121,fifo,2,2,1,2,1,8,27873,3350,24523,0.1202,0.018656047070641838,0.005373134328358209,0.020470578640459976,20648.215528169432,35698.85666666667,3332.0,24021.0,186745.0,19200.0,205945.0,0.0,-65920.0,,,,,,,,,,,,,20.0,5.0,15.0,160.0
11,November,s22121,urgent_first,2,2,1,2,1,8,27873,3350,24523,0.1202,0.13303196641911527,1.0,0.014598540145985401,20602.17329853263,36106.23666666667,0.0,24165.0,120825.0,19200.0,140025.0,65920.0,0.0,,,,,,,,,,,,,20.0,5.0,15.0,160.0
11,November,s22121,rl5_dqn,2,2,1,2,1,8,27873,3350,24523,0.1202,0.05076597424030424,0.3143283582089552,0.014761652326387473,20574.73964828568,31605.106666666667,2297.0,24161.0,166745.0,19200.0,185945.0,20000.0,-45920.0,0.04757535748651733,0.04821347806422433,1.0,0.04665485157288436,0.0,1.0,44687.0,22110.0,4.0,22570.0,0.0,3.0,20.0,5.0,15.0,160.0
11,November,s22112,fifo,2,2,1,1,2,8,27873,3350,24523,0.1202,0.018943063179420946,0.005373134328358209,0.02079680300126412,20570.66928688456,35592.14666666667,3332.0,24013.0,186705.0,19200.0,205905.0,0.0,-65885.0,,,,,,,,,,,,,20.0,5.0,15.0,160.0
11,November,s22112,urgent_first,2,2,1,1,2,8,27873,3350,24523,0.1202,0.13306784343271266,1.0,0.01463931819108592,20584.366570994633,36114.433333333334,0.0,24164.0,120820.0,19200.0,140020.0,65885.0,0.0,,,,,,,,,,,,,20.0,5.0,15.0,160.0
11,November,s22112,rl5_dqn,2,2,1,1,2,8,27873,3350,24523,0.1202,0.0508736052810964,0.3188059701492537,0.01427231578518126,20602.920556332894,31652.466666666667,2282.0,24173.0,166505.0,19200.0,185705.0,20200.0,-45685.0,0.04813862493012856,0.04871875988611199,0.875,0.047277556440903055,0.0,0.0,44725.0,22127.0,8.0,22590.0,0.0,0.0,20.0,5.0,15.0,160.0
12,December,s11111,fifo,1,1,1,1,1,5,30681,3845,26836,0.1253,0.008832828134676184,0.0023407022106631988,0.009763004918765836,57031.9392903317,100993.25,3836.0,26574.0,209590.0,12000.0,221590.0,0.0,-58120.0,,,,,,,,,,,,,20.0,5.0,15.0,160.0
12,December,s11111,urgent_first,1,1,1,1,1,5,30681,3845,26836,0.1253,0.10002933411557642,0.7674902470741223,0.0043970785511998805,56890.785955477324,101191.75,894.0,26718.0,151470.0,12000.0,163470.0,58120.0,0.0,,,,,,,,,,,,,20.0,5.0,15.0,160.0
12,December,s11111,rl5_dqn,1,1,1,1,1,5,30681,3845,26836,0.1253,0.010071379681235944,0.050455136540962287,0.004285288418542256,56852.500523668285,115384.83333333333,3651.0,26721.0,206625.0,12000.0,218625.0,2965.0,-55155.0,0.007391449689856257,0.007391449689856257,0.0,0.0,0.0,0.0,26923.0,26923.0,0.0,0.0,0.0,0.0,20.0,5.0,15.0,160.0
12,December,s21111,fifo,2,1,1,1,1,6,30681,3845,26836,0.1253,0.016850819725563054,0.002860858257477243,0.01885526904158593,22042.51363873407,38308.75,3834.0,26330.0,208330.0,14400.0,222730.0,0.0,-75835.0,,,,,,,,,,,,,20.0,5.0,15.0,160.0
12,December,s21111,urgent_first,2,1,1,1,1,6,30681,3845,26836,0.1253,0.13630585704507675,1.0,0.01255775823520644,21921.934433362665,38398.683333333334,0.0,26499.0,132495.0,14400.0,146895.0,75835.0,0.0,,,,,,,,,,,,,20.0,5.0,15.0,160.0
12,December,s21111,rl5_dqn,2,1,1,1,1,6,30681,3845,26836,0.1253,0.03419054137739969,0.1825747724317295,0.012930392010731854,21958.47640342014,44159.433333333334,3143.0,26489.0,195305.0,14400.0,209705.0,13025.0,-62810.0,0.027420063656097268,0.028435068581053984,0.02608870158539033,0.02762036853576382,0.0,0.42857142857142855,75091.0,24934.0,24915.0,25235.0,0.0,7.0,20.0,5.0,15.0,160.0
12,December,s31111,fifo,3,1,1,1,1,7,30681,3845,26836,0.1253,0.016883413187314626,0.0031209362808842654,0.01885526904158593,21922.986498158465,38075.183333333334,3833.0,26330.0,208310.0,16800.0,225110.0,0.0,-75810.0,,,,,,,,,,,,,20.0,5.0,15.0,160.0
12,December,s31111,urgent_first,3,1,1,1,1,7,30681,3845,26836,0.1253,0.13627326358332517,1.0,0.012520494857653898,21933.485751224973,38370.55,0.0,26500.0,132500.0,16800.0,149300.0,75810.0,0.0,,,,,,,,,,,,,20.0,5.0,15.0,160.0
12,December,s31111,rl5_dqn,3,1,1,1,1,7,30681,3845,26836,0.1253,0.1363710439685799,1.0,0.012632284990311523,21901.47410992688,38302.28333333333,0.0,26497.0,132485.0,16800.0,149285.0,75825.0,15.0,0.9769667202980777,0.9559701492537314,0.9858865794200667,0.9896986865825392,0.0,1.0,11809.0,4020.0,3897.0,3883.0,0.0,9.0,20.0,5.0,15.0,160.0
12,December,s32111,fifo,3,2,1,1,1,8,30681,3845,26836,0.1253,0.016753039340308334,0.0031209362808842654,0.018706215531375765,21972.603879708397,38212.75,3833.0,26334.0,208330.0,19200.0,227530.0,0.0,-75880.0,,,,,,,,,,,,,20.0,5.0,15.0,160.0
12,December,s32111,urgent_first,3,2,1,1,1,8,30681,3845,26836,0.1253,0.1365991982008409,1.0,0.012893128633179311,21967.467432069792,38449.21666666667,0.0,26490.0,132450.0,19200.0,151650.0,75880.0,0.0,,,,,,,,,,,,,20.0,5.0,15.0,160.0
12,December,s32111,rl5_dqn,3,2,1,1,1,8,30681,3845,26836,0.1253,0.1365014178155862,1.0,0.012781338500521688,21971.443842008626,38510.88333333333,0.0,26493.0,132465.0,19200.0,151665.0,75865.0,-15.0,0.9688015069460796,0.9658205579291279,0.9396092362344582,0.9758822036049759,0.0,1.0,8494.0,3979.0,563.0,3939.0,0.0,13.0,20.0,5.0,15.0,160.0
12,December,s32211,fifo,3,2,2,1,1,9,30681,3845,26836,0.1253,0.06821811544604152,0.008062418725617686,0.07683708451334029,4287.767649902763,6907.716666666666,3814.0,24774.0,200150.0,21600.0,221750.0,0.0,-72805.0,,,,,,,,,,,,,20.0,5.0,15.0,160.0
12,December,s32211,urgent_first,3,2,2,1,1,9,30681,3845,26836,0.1253,0.16987712264919658,1.0,0.05093903711432404,4412.867662396923,7601.066666666667,0.0,25469.0,127345.0,21600.0,148945.0,72805.0,0.0,,,,,,,,,,,,,20.0,5.0,15.0,160.0
12,December,s32211,rl5_dqn,3,2,2,1,1,9,30681,3845,26836,0.1253,0.17691731038753625,1.0,0.05898792666567298,4247.559629738274,7479.0,0.0,25253.0,126265.0,21600.0,147865.0,73885.0,1080.0,0.796587487453998,0.7554550815804993,0.7815533980582524,0.898220640569395,0.8333333333333334,0.8375209380234506,8967.0,5087.0,618.0,1405.0,66.0,1791.0,20.0,5.0,15.0,160.0
12,December,s32221,fifo,3,2,2,2,1,10,30681,3845,26836,0.1253,0.06841367621655096,0.007542262678803641,0.07713519153376062,4344.692490466413,6973.333333333333,3816.0,24766.0,200150.0,24000.0,224150.0,0.0,-73485.0,,,,,,,,,,,,,20.0,5.0,15.0,160.0
12,December,s32221,urgent_first,3,2,2,2,1,10,30681,3845,26836,0.1253,0.17430983344741044,1.0,0.05600685646146967,4284.472821398694,7442.033333333334,0.0,25333.0,126665.0,24000.0,150665.0,73485.0,0.0,,,,,,,,,,,,,20.0,5.0,15.0,160.0
12,December,s32221,rl5_dqn,3,2,2,2,1,10,30681,3845,26836,0.1253,0.17362537075062742,1.0,0.0552243255328663,4330.070692502417,7538.483333333334,0.0,25354.0,126770.0,24000.0,150770.0,73380.0,-105.0,0.8104050279329609,0.7673722044728435,0.8451492537313433,0.8946515397082658,1.0,0.8610957387935805,8592.0,5008.0,536.0,1234.0,7.0,1807.0,20.0,5.0,15.0,160.0
12,December,s33322,fifo,3,3,3,2,2,13,30681,3845,26836,0.1253,0.06763143313451321,0.007282184655396619,0.07627813385005217,4310.179922427561,6959.916666666667,3817.0,24789.0,200285.0,31200.0,231485.0,0.0,-73285.0,,,,,,,,,,,,,20.0,5.0,15.0,160.0
12,December,s33322,urgent_first,3,3,3,2,2,13,30681,3845,26836,0.1253,0.17212607151005507,1.0,0.0535102101654494,4300.344038112621,7449.266666666666,0.0,25400.0,127000.0,31200.0,158200.0,73285.0,0.0,,,,,,,,,,,,,20.0,5.0,15.0,160.0
12,December,s33322,rl5_dqn,3,3,3,2,2,13,30681,3845,26836,0.1253,0.1750920765294482,1.0,0.05690117752273066,4305.049198200841,7513.6,0.0,25309.0,126545.0,31200.0,157745.0,73740.0,455.0,0.7791581679955498,0.7678321678321678,0.8421052631578947,0.9576719576719577,1.0,0.8972602739726028,5393.0,5005.0,38.0,189.0,15.0,146.0,20.0,5.0,15.0,160.0
12,December,s32121,fifo,3,2,1,2,1,9,30681,3845,26836,0.1253,0.016622665493302043,0.002860858257477243,0.01859442539871814,22060.962398009622,38348.2,3834.0,26337.0,208365.0,21600.0,229965.0,0.0,-75910.0,,,,,,,,,,,,,20.0,5.0,15.0,160.0
12,December,s32121,urgent_first,3,2,1,2,1,9,30681,3845,26836,0.1253,0.13656660473908933,1.0,0.01285586525562677,21984.060781917146,38440.73333333333,0.0,26491.0,132455.0,21600.0,154055.0,75910.0,0.0,,,,,,,,,,,,,20.0,5.0,15.0,160.0
12,December,s32121,rl5_dqn,3,2,1,2,1,9,30681,3845,26836,0.1253,0.13656660473908933,1.0,0.01285586525562677,21855.759388546656,38383.15,0.0,26491.0,132455.0,21600.0,154055.0,75910.0,0.0,0.964642311758487,0.9619524405506884,0.9147424511545293,0.9751395230847285,0.0,0.7692307692307693,8513.0,3995.0,563.0,3942.0,0.0,13.0,20.0,5.0,15.0,160.0
12,December,s32112,fifo,3,2,1,1,2,9,30681,3845,26836,0.1253,0.016753039340308334,0.002860858257477243,0.018743478908928305,22049.527670762578,38321.7,3834.0,26333.0,208345.0,21600.0,229945.0,0.0,-75845.0,,,,,,,,,,,,,20.0,5.0,15.0,160.0
12,December,s32112,urgent_first,3,2,1,1,2,9,30681,3845,26836,0.1253,0.13627326358332517,1.0,0.012520494857653898,22006.18930119618,38474.78333333333,0.0,26500.0,132500.0,21600.0,154100.0,75845.0,0.0,,,,,,,,,,,,,20.0,5.0,15.0,160.0
12,December,s32112,rl5_dqn,3,2,1,1,2,9,30681,3845,26836,0.1253,0.13627326358332517,1.0,0.012520494857653898,21879.23733363754,38344.5,0.0,26500.0,132500.0,21600.0,154100.0,75845.0,0.0,0.9684891240446796,0.9658205579291279,0.935374149659864,0.9761300152361605,0.0,0.0,8505.0,3979.0,588.0,3938.0,0.0,0.0,20.0,5.0,15.0,160.0
12,December,s32212,fifo,3,2,2,1,2,10,30681,3845,26836,0.1253,0.06873961083406668,0.008062418725617686,0.07743329855418095,4299.2468949295435,6952.933333333333,3814.0,24758.0,200070.0,24000.0,224070.0,0.0,-73190.0,,,,,,,,,,,,,20.0,5.0,15.0,160.0
12,December,s32212,urgent_first,3,2,2,1,2,10,30681,3845,26836,0.1253,0.17290831459209283,1.0,0.054404531226710386,4351.716940451745,7594.75,0.0,25376.0,126880.0,24000.0,150880.0,73190.0,0.0,,,,,,,,,,,,,20.0,5.0,15.0,160.0
12,December,s32212,rl5_dqn,3,2,2,1,2,10,30681,3845,26836,0.1253,0.17463576806492617,1.0,0.05637949023699508,4342.721071673022,7616.0,0.0,25323.0,126615.0,24000.0,150615.0,73455.0,265.0,0.8037545126353791,0.7744860943168077,0.8324697754749568,0.897025171624714,0.9137931034482759,0.8,6925.0,4962.0,579.0,1311.0,58.0,15.0,20.0,5.0,15.0,160.0
12,December,s33211,fifo,3,3,2,1,1,10,30681,3845,26836,0.1253,0.06675140966722076,0.007542262678803641,0.075234759278581,4385.520928261792,7086.6,3816.0,24817.0,200405.0,24000.0,224405.0,0.0,-73420.0,,,,,,,,,,,,,20.0,5.0,15.0,160.0
12,December,s33211,urgent_first,3,3,2,1,1,10,30681,3845,26836,0.1253,0.1722238518953098,1.0,0.05362200029810702,4326.910704779288,7498.966666666666,0.0,25397.0,126985.0,24000.0,150985.0,73420.0,0.0,,,,,,,,,,,,,20.0,5.0,15.0,160.0
12,December,s33211,rl5_dqn,3,3,2,1,1,10,30681,3845,26836,0.1253,0.17606988038199536,1.0,0.058019078849306904,4228.731428788718,7370.816666666667,0.0,25279.0,126395.0,24000.0,150395.0,74010.0,590.0,0.8122260395687715,0.7656903765690377,0.9166666666666666,0.9154098360655738,0.8852459016393442,0.8495525727069351,8441.0,5019.0,48.0,1525.0,61.0,1788.0,20.0,5.0,15.0,160.0
12,December,s42211,fifo,4,2,2,1,1,10,30681,3845,26836,0.1253,0.30556370392099347,0.03589076723016905,0.34420181845282455,1781.7236628532316,2847.25,3707.0,17599.0,162135.0,24000.0,186135.0,0.0,-60990.0,,,,,,,,,,,,,20.0,5.0,15.0,160.0
12,December,s42211,urgent_first,4,2,2,1,1,10,30681,3845,26836,0.1253,0.3406668622274372,1.0,0.24619913548964079,1790.1753359842683,3034.8,0.0,20229.0,101145.0,24000.0,125145.0,60990.0,0.0,,,,,,,,,,,,,20.0,5.0,15.0,160.0
12,December,s42211,rl5_dqn,4,2,2,1,1,10,30681,3845,26836,0.1253,0.4292558912682116,0.22522756827048115,0.4584885974064689,1779.3623866019143,2523.6833333333334,2979.0,14532.0,132240.0,24000.0,156240.0,29895.0,-31095.0,0.07034557235421167,0.03149407000289268,0.050178688644154326,0.2491349480968858,0.782608695652174,0.565880721220527,46300.0,27656.0,13711.0,3468.0,23.0,1442.0,20.0,5.0,15.0,160.0
12,December,s23211,fifo,2,3,2,1,1,9,30681,3845,26836,0.1253,0.019164955509924708,0.0031209362808842654,0.021463705470263824,17502.68966841585,30067.95,3833.0,26260.0,207960.0,21600.0,229560.0,0.0,-75840.0,,,,,,,,,,,,,20.0,5.0,15.0,160.0
12,December,s23211,urgent_first,2,3,2,1,1,9,30681,3845,26836,0.1253,0.1387503666764447,1.0,0.015352511551647042,17497.540936844736,30674.016666666666,0.0,26424.0,132120.0,21600.0,153720.0,75840.0,0.0,,,,,,,,,,,,,20.0,5.0,15.0,160.0
12,December,s23211,rl5_dqn,2,3,2,1,1,9,30681,3845,26836,0.1253,0.036504677161761354,0.18491547464239272,0.015240721418989417,17463.16981519507,35143.26666666667,3134.0,26427.0,194815.0,21600.0,216415.0,13145.0,-62695.0,0.030326004548900682,0.028364538326132182,1.0,0.9473684210526315,0.7142857142857143,0.7105263157894737,25061.0,24996.0,1.0,19.0,7.0,38.0,20.0,5.0,15.0,160.0
12,December,s22121,fifo,2,2,1,2,1,8,30681,3845,26836,0.1253,0.016622665493302043,0.002860858257477243,0.01859442539871814,22015.523850808862,38203.183333333334,3834.0,26337.0,208365.0,19200.0,227565.0,0.0,-75895.0,,,,,,,,,,,,,20.0,5.0,15.0,160.0
12,December,s22121,urgent_first,2,2,1,2,1,8,30681,3845,26836,0.1253,0.13646882435383462,1.0,0.012744075122969146,21984.608135328053,38445.86666666667,0.0,26494.0,132470.0,19200.0,151670.0,75895.0,0.0,,,,,,,,,,,,,20.0,5.0,15.0,160.0
12,December,s22121,rl5_dqn,2,2,1,2,1,8,30681,3845,26836,0.1253,0.03425572830090284,0.18439531859557867,0.012744075122969146,21946.47262638115,44073.46666666667,3136.0,26494.0,195190.0,19200.0,214390.0,13175.0,-62720.0,0.028380102040816327,0.028716012691272743,0.8333333333333334,0.027819548872180452,0.0,1.0,50176.0,24899.0,6.0,25270.0,0.0,1.0,20.0,5.0,15.0,160.0
12,December,s22112,fifo,2,2,1,1,2,8,30681,3845,26836,0.1253,0.0165574785697989,0.002860858257477243,0.01851989864361306,22069.979682865618,38323.566666666666,3834.0,26339.0,208375.0,19200.0,227575.0,0.0,-75900.0,,,,,,,,,,,,,20.0,5.0,15.0,160.0
12,December,s22112,urgent_first,2,2,1,1,2,8,30681,3845,26836,0.1253,0.13643623089208304,1.0,0.012706811745416605,21929.876506632765,38407.933333333334,0.0,26495.0,132475.0,19200.0,151675.0,75900.0,0.0,,,,,,,,,,,,,20.0,5.0,15.0,160.0
12,December,s22112,rl5_dqn,2,2,1,1,2,8,30681,3845,26836,0.1253,0.03402757406864183,0.1823146944083225,0.012781338500521688,21922.85177797334,44123.5,3144.0,26493.0,195345.0,19200.0,214545.0,13030.0,-62870.0,0.02792171556122449,0.028258339019788865,1.0,0.027512766715490283,0.0,0.0,50176.0,24913.0,2.0,25261.0,0.0,0.0,20.0,5.0,15.0,160.0
