order_id,arrival_time,order_type,sla_minutes,num_items,product_class,scenario,policy,system_time_min,met_sla
1,2026-01-01 08:00:23,normal,1440,7,B,base,urgent_first,11.883333333333333,True
2,2026-01-01 08:00:51,normal,1440,2,C,base,urgent_first,31.3,True
3,2026-01-01 08:02:02,normal,1440,4,C,base,urgent_first,43.65,True
4,2026-01-01 08:02:17,normal,1440,2,A,base,urgent_first,49.96666666666667,True
5,2026-01-01 08:02:20,normal,1440,2,A,base,urgent_first,56.916666666666664,True
6,2026-01-01 08:03:46,urgent,240,6,B,base,urgent_first,43.2,True
7,2026-01-01 08:04:31,normal,1440,3,C,base,urgent_first,94.15,True
8,2026-01-01 08:05:24,normal,1440,2,C,base,urgent_first,111.31666666666666,True
9,2026-01-01 08:06:35,normal,1440,4,A,base,urgent_first,114.4,True
10,2026-01-01 08:07:48,urgent,240,2,A,base,urgent_first,40.416666666666664,True
11,2026-01-01 08:13:41,normal,1440,4,B,base,urgent_first,111.66666666666667,True
12,2026-01-01 08:14:15,normal,1440,3,B,base,urgent_first,607.5166666666667,True
13,2026-01-01 08:14:31,normal,1440,3,A,base,urgent_first,882.25,True
14,2026-01-01 08:15:15,normal,1440,4,B,base,urgent_first,1020.3333333333334,True
15,2026-01-01 08:17:22,urgent,240,3,B,base,urgent_first,32.5,True
16,2026-01-01 08:19:57,normal,1440,9,C,base,urgent_first,1017.9666666666667,True
17,2026-01-01 08:20:44,normal,1440,5,A,base,urgent_first,1019.3166666666667,True
18,2026-01-01 08:22:42,normal,1440,8,C,base,urgent_first,1019.05,True
19,2026-01-01 08:22:51,normal,1440,4,A,base,urgent_first,1020.3833333333333,True
20,2026-01-01 08:24:40,normal,1440,8,B,base,urgent_first,1020.75,True
21,2026-01-01 08:26:24,normal,1440,4,A,base,urgent_first,1020.45,True
22,2026-01-01 08:27:00,normal,1440,2,B,base,urgent_first,1021.1,True
23,2026-01-01 08:29:37,urgent,240,2,B,base,urgent_first,21.55,True
24,2026-01-01 08:30:54,normal,1440,3,C,base,urgent_first,1018.3666666666667,True
25,2026-01-01 08:32:36,normal,1440,4,B,base,urgent_first,1017.7333333333333,True
26,2026-01-01 08:33:53,normal,1440,2,C,base,urgent_first,1017.9666666666667,True
27,2026-01-01 08:38:44,normal,1440,5,A,base,urgent_first,1014.75,True
28,2026-01-01 08:38:45,normal,1440,11,B,base,urgent_first,1017.3,True
29,2026-01-01 08:39:32,normal,1440,7,B,base,urgent_first,1018.3166666666667,True
30,2026-01-01 08:40:23,urgent,240,4,B,base,urgent_first,60.1,True
31,2026-01-01 08:42:16,urgent,240,1,B,base,urgent_first,59.11666666666667,True
32,2026-01-01 08:45:06,normal,1440,7,A,base,urgent_first,1014.5666666666667,True
33,2026-01-01 08:46:14,normal,1440,3,A,base,urgent_first,1014.5,True
34,2026-01-01 08:46:53,normal,1440,3,A,base,urgent_first,1014.9166666666666,True
35,2026-01-01 08:47:01,normal,1440,6,A,base,urgent_first,1016.8833333333333,True
36,2026-01-01 08:48:40,normal,1440,2,B,base,urgent_first,1016.6333333333333,True
37,2026-01-01 08:49:51,normal,1440,2,B,base,urgent_first,1016.4,True
38,2026-01-01 08:51:11,normal,1440,2,B,base,urgent_first,1016.5833333333334,True
39,2026-01-01 08:51:26,normal,1440,9,A,base,urgent_first,1018.3333333333334,True
40,2026-01-01 08:52:14,normal,1440,2,A,base,urgent_first,1018.6666666666666,True
41,2026-01-01 08:55:14,urgent,240,5,A,base,urgent_first,47.55,True
42,2026-01-01 08:55:26,normal,1440,8,B,base,urgent_first,1017.3833333333333,True
43,2026-01-01 08:57:06,normal,1440,3,A,base,urgent_first,1016.8,True
44,2026-01-01 08:57:54,normal,1440,2,B,base,urgent_first,1016.8166666666667,True
45,2026-01-01 08:58:30,urgent,240,3,C,base,urgent_first,45.65,True
46,2026-01-01 08:59:51,normal,1440,3,A,base,urgent_first,1016.1666666666666,True
47,2026-01-01 09:01:19,normal,1440,3,B,base,urgent_first,1016.1666666666666,True
48,2026-01-01 09:03:28,normal,1440,3,B,base,urgent_first,1015.5333333333333,True
49,2026-01-01 09:04:28,normal,1440,5,B,base,urgent_first,1016.3,True
50,2026-01-01 09:04:47,normal,1440,1,C,base,urgent_first,1017.1666666666666,True
51,2026-01-01 09:05:37,urgent,240,7,B,base,urgent_first,41.266666666666666,True
52,2026-01-01 09:06:54,normal,1440,3,A,base,urgent_first,1015.9333333333333,True
53,2026-01-01 09:07:33,normal,1440,5,A,base,urgent_first,1016.8333333333334,True
54,2026-01-01 09:08:03,normal,1440,12,B,base,urgent_first,1018.6166666666667,True
55,2026-01-01 09:08:40,urgent,240,2,C,base,urgent_first,39.43333333333333,True
56,2026-01-01 09:11:47,normal,1440,5,C,base,urgent_first,1016.7166666666667,True
57,2026-01-01 09:12:03,normal,1440,1,A,base,urgent_first,1017.25,True
58,2026-01-01 09:12:10,normal,1440,6,B,base,urgent_first,1019.1333333333333,True
59,2026-01-01 09:13:40,normal,1440,3,B,base,urgent_first,1018.7666666666667,True
60,2026-01-01 09:14:34,urgent,240,2,A,base,urgent_first,34.65,True
61,2026-01-01 09:17:17,normal,1440,6,C,base,urgent_first,1016.9,True
62,2026-01-01 09:17:20,normal,1440,6,C,base,urgent_first,1018.5666666666667,True
63,2026-01-01 09:18:06,normal,1440,4,C,base,urgent_first,1019.6333333333333,True
64,2026-01-01 09:18:30,normal,1440,5,B,base,urgent_first,1020.5166666666667,True
65,2026-01-01 09:19:59,normal,1440,5,A,base,urgent_first,1020.0,True
66,2026-01-01 09:20:01,normal,1440,6,B,base,urgent_first,1021.4333333333333,True
67,2026-01-01 09:20:02,normal,1440,4,B,base,urgent_first,1022.9333333333333,True
68,2026-01-01 09:20:46,normal,1440,6,B,base,urgent_first,1024.0833333333333,True
69,2026-01-01 09:20:48,normal,1440,4,B,base,urgent_first,1025.4166666666667,True
70,2026-01-01 09:21:11,normal,1440,4,B,base,urgent_first,1026.6333333333334,True
71,2026-01-01 09:21:16,normal,1440,4,A,base,urgent_first,1027.9833333333333,True
72,2026-01-01 09:23:14,normal,1440,6,A,base,urgent_first,1028.0333333333333,True
73,2026-01-01 09:23:56,normal,1440,4,B,base,urgent_first,1028.9333333333334,True
74,2026-01-01 09:24:00,normal,1440,8,A,base,urgent_first,1031.4666666666667,True
75,2026-01-01 09:25:14,normal,1440,3,A,base,urgent_first,1031.3166666666666,True
76,2026-01-01 09:25:56,normal,1440,12,B,base,urgent_first,1032.95,True
77,2026-01-01 09:26:17,normal,1440,2,A,base,urgent_first,1033.4833333333333,True
78,2026-01-01 09:26:30,normal,1440,3,A,base,urgent_first,1034.5833333333333,True
79,2026-01-01 09:27:25,urgent,240,10,C,base,urgent_first,32.233333333333334,True
80,2026-01-01 09:29:15,normal,1440,6,A,base,urgent_first,1033.9833333333333,True
81,2026-01-01 09:29:59,normal,1440,12,A,base,urgent_first,1035.7,True
82,2026-01-01 09:30:57,normal,1440,9,C,base,urgent_first,1037.1,True
83,2026-01-01 09:31:47,normal,1440,8,A,base,urgent_first,1038.5,True
84,2026-01-01 09:32:16,normal,1440,5,A,base,urgent_first,1039.4666666666667,True
85,2026-01-01 09:32:19,normal,1440,3,A,base,urgent_first,1040.9666666666667,True
86,2026-01-01 09:32:44,normal,1440,6,B,base,urgent_first,1042.0,True
87,2026-01-01 09:33:03,normal,1440,3,A,base,urgent_first,1042.9833333333333,True
88,2026-01-01 09:33:33,normal,1440,5,A,base,urgent_first,1043.8833333333334,True
89,2026-01-01 09:34:15,normal,1440,6,B,base,urgent_first,1044.7166666666667,True
90,2026-01-01 09:35:51,normal,1440,5,C,base,urgent_first,1044.85,True
91,2026-01-01 09:38:09,normal,1440,3,A,base,urgent_first,1043.5,True
92,2026-01-01 09:38:19,normal,1440,4,C,base,urgent_first,1044.9666666666667,True
93,2026-01-01 09:40:35,normal,1440,3,B,base,urgent_first,1044.4333333333334,True
94,2026-01-01 09:40:39,normal,1440,1,A,base,urgent_first,1045.5666666666666,True
95,2026-01-01 09:42:38,normal,1440,3,A,base,urgent_first,1045.0833333333333,True
96,2026-01-01 09:43:51,normal,1440,2,B,base,urgent_first,1045.2166666666667,True
97,2026-01-01 09:44:02,normal,1440,1,B,base,urgent_first,1045.95,True
98,2026-01-01 09:44:26,normal,1440,3,C,base,urgent_first,1047.1833333333334,True
99,2026-01-01 09:45:56,normal,1440,1,B,base,urgent_first,1046.85,True
100,2026-01-01 09:46:52,normal,1440,3,A,base,urgent_first,1047.1,True
101,2026-01-01 09:48:17,normal,1440,5,A,base,urgent_first,1046.9166666666667,True
102,2026-01-01 09:51:47,normal,1440,6,A,base,urgent_first,1045.5833333333333,True
103,2026-01-01 09:52:57,normal,1440,10,B,base,urgent_first,1047.1666666666667,True
104,2026-01-01 09:53:03,normal,1440,2,A,base,urgent_first,1048.3166666666666,True
105,2026-01-01 09:53:25,urgent,240,2,A,base,urgent_first,8.6,True
106,2026-01-01 09:53:27,normal,1440,2,A,base,urgent_first,1049.3666666666666,True
107,2026-01-01 09:54:15,normal,1440,1,A,base,urgent_first,1049.45,True
108,2026-01-01 09:54:35,normal,1440,5,B,base,urgent_first,1052.0666666666666,True
109,2026-01-01 09:57:02,normal,1440,7,C,base,urgent_first,1054.6166666666666,True
110,2026-01-01 09:57:08,normal,1440,5,B,base,urgent_first,1058.6666666666667,True
111,2026-01-01 09:57:39,normal,1440,2,C,base,urgent_first,1060.6833333333334,True
112,2026-01-01 09:58:06,normal,1440,4,A,base,urgent_first,1069.8,True
113,2026-01-01 09:59:10,normal,1440,1,B,base,urgent_first,1069.75,True
114,2026-01-01 09:59:18,normal,1440,3,B,base,urgent_first,1075.9,True
115,2026-01-01 09:59:35,normal,1440,9,A,base,urgent_first,1085.7333333333333,True
116,2026-01-01 10:00:39,urgent,240,3,A,base,urgent_first,777.15,False
117,2026-01-01 10:00:43,normal,1440,2,B,base,urgent_first,1085.6833333333334,True
118,2026-01-01 10:00:44,normal,1440,3,C,base,urgent_first,1091.6,True
119,2026-01-01 10:00:50,normal,1440,2,B,base,urgent_first,1093.2166666666667,True
120,2026-01-01 10:01:07,normal,1440,6,A,base,urgent_first,1100.3666666666666,True
121,2026-01-01 10:01:37,normal,1440,5,C,base,urgent_first,1108.9833333333333,True
122,2026-01-01 10:01:44,urgent,240,3,A,base,urgent_first,777.4,False
123,2026-01-01 10:02:24,normal,1440,3,A,base,urgent_first,1109.8833333333334,True
124,2026-01-01 10:02:34,normal,1440,1,A,base,urgent_first,1111.8833333333334,True
125,2026-01-01 10:03:06,normal,1440,5,B,base,urgent_first,1120.5166666666667,True
126,2026-01-01 10:04:30,normal,1440,3,A,base,urgent_first,1121.65,True
127,2026-01-01 10:05:01,normal,1440,7,B,base,urgent_first,1130.95,True
128,2026-01-01 10:05:16,normal,1440,5,B,base,urgent_first,1138.5,True
129,2026-01-01 10:06:08,normal,1440,3,A,base,urgent_first,1140.65,True
130,2026-01-01 10:06:20,normal,1440,1,A,base,urgent_first,1141.2666666666667,True
131,2026-01-01 10:06:23,normal,1440,4,B,base,urgent_first,1150.4166666666667,True
132,2026-01-01 10:06:43,urgent,240,1,B,base,urgent_first,773.4166666666666,False
133,2026-01-01 10:08:09,normal,1440,6,B,base,urgent_first,1153.3333333333333,True
134,2026-01-01 10:09:01,normal,1440,3,B,base,urgent_first,1154.8166666666666,True
135,2026-01-01 10:09:05,normal,1440,2,B,base,urgent_first,1157.3833333333334,True
136,2026-01-01 10:09:09,urgent,240,3,B,base,urgent_first,772.5666666666667,False
137,2026-01-01 10:09:17,normal,1440,7,A,base,urgent_first,1165.2166666666667,True
138,2026-01-01 10:09:31,normal,1440,4,A,base,urgent_first,1173.6833333333334,True
139,2026-01-01 10:11:26,normal,1440,2,C,base,urgent_first,1176.0,True
140,2026-01-01 10:11:53,normal,1440,2,A,base,urgent_first,1178.55,True
141,2026-01-01 10:12:30,normal,1440,2,A,base,urgent_first,1180.5,True
142,2026-01-01 10:13:04,normal,1440,1,C,base,urgent_first,1183.3333333333333,True
143,2026-01-01 10:13:08,normal,1440,15,B,base,urgent_first,1211.7333333333333,True
144,2026-01-01 10:13:15,normal,1440,5,A,base,urgent_first,1215.6833333333334,True
145,2026-01-01 10:13:35,normal,1440,3,B,base,urgent_first,1217.7166666666667,True
146,2026-01-01 10:14:00,normal,1440,2,A,base,urgent_first,1219.85,True
147,2026-01-01 10:14:03,normal,1440,6,B,base,urgent_first,1228.55,True
148,2026-01-01 10:14:11,normal,1440,5,A,base,urgent_first,1231.45,True
149,2026-01-01 10:14:34,urgent,240,3,C,base,urgent_first,768.2833333333333,False
150,2026-01-01 10:15:45,normal,1440,2,C,base,urgent_first,1234.35,True
151,2026-01-01 10:15:46,urgent,240,7,B,base,urgent_first,769.2,False
152,2026-01-01 10:16:15,normal,1440,1,A,base,urgent_first,1235.0,True
153,2026-01-01 10:16:42,normal,1440,4,A,base,urgent_first,1238.7166666666667,True
154,2026-01-01 10:17:20,urgent,240,4,B,base,urgent_first,769.4333333333333,False
155,2026-01-01 10:17:43,urgent,240,3,A,base,urgent_first,770.3666666666667,False
156,2026-01-01 10:18:38,normal,1440,2,A,base,urgent_first,1238.0,True
157,2026-01-01 10:19:32,urgent,240,7,B,base,urgent_first,770.7333333333333,False
158,2026-01-01 10:19:40,normal,1440,7,A,base,urgent_first,1244.1166666666666,True
159,2026-01-01 10:19:49,normal,1440,4,A,base,urgent_first,1249.9666666666667,True
160,2026-01-01 10:19:55,normal,1440,2,B,base,urgent_first,1251.15,True
161,2026-01-01 10:20:59,normal,1440,4,B,base,urgent_first,1259.25,True
162,2026-01-01 10:21:56,normal,1440,2,C,base,urgent_first,1261.9833333333333,True
163,2026-01-01 10:23:32,normal,1440,1,A,base,urgent_first,1262.0666666666666,True
164,2026-01-01 10:23:49,normal,1440,2,A,base,urgent_first,1264.8666666666666,True
165,2026-01-01 10:24:01,normal,1440,10,A,base,urgent_first,1281.2666666666667,True
166,2026-01-01 10:24:19,normal,1440,1,C,base,urgent_first,1281.9833333333333,True
167,2026-01-01 10:24:51,normal,1440,7,B,base,urgent_first,1289.9333333333334,True
168,2026-01-01 10:25:07,urgent,240,7,B,base,urgent_first,767.2833333333333,False
169,2026-01-01 10:26:12,normal,1440,10,B,base,urgent_first,1300.7,True
170,2026-01-01 10:27:23,normal,1440,5,C,base,urgent_first,1305.1166666666666,True
171,2026-01-01 10:27:33,normal,1440,4,A,base,urgent_first,1307.5,True
172,2026-01-01 10:27:43,urgent,240,9,B,base,urgent_first,766.8166666666667,False
173,2026-01-01 10:28:35,normal,1440,2,A,base,urgent_first,1309.2666666666667,True
174,2026-01-01 10:28:47,urgent,240,3,A,base,urgent_first,766.7333333333333,False
175,2026-01-01 10:28:50,normal,1440,2,A,base,urgent_first,1317.8,True
176,2026-01-01 10:28:59,normal,1440,2,C,base,urgent_first,1322.7833333333333,True
177,2026-01-01 10:29:18,normal,1440,2,B,base,urgent_first,1325.75,True
178,2026-01-01 10:29:19,normal,1440,5,A,base,urgent_first,1332.1166666666666,True
179,2026-01-01 10:29:35,normal,1440,4,C,base,urgent_first,1338.5166666666667,True
180,2026-01-01 10:29:52,normal,1440,4,B,base,urgent_first,1345.5666666666666,True
181,2026-01-01 10:30:50,urgent,240,3,A,base,urgent_first,766.0666666666667,False
182,2026-01-01 10:31:07,normal,1440,5,B,base,urgent_first,1349.9666666666667,True
183,2026-01-01 10:31:36,normal,1440,4,B,base,urgent_first,1360.0666666666666,True
184,2026-01-01 10:33:45,normal,1440,4,A,base,urgent_first,1382.1833333333334,True
185,2026-01-01 10:33:53,normal,1440,1,A,base,urgent_first,1390.2333333333333,True
186,2026-01-01 10:34:03,normal,1440,4,B,base,urgent_first,1417.8666666666666,True
187,2026-01-01 10:35:09,normal,1440,5,A,base,urgent_first,1655.7333333333333,False
188,2026-01-01 10:35:41,normal,1440,7,A,base,urgent_first,1800.7833333333333,False
189,2026-01-01 10:36:08,normal,1440,5,B,base,urgent_first,1883.9166666666667,False
190,2026-01-01 10:36:52,urgent,240,4,A,base,urgent_first,761.1,False
191,2026-01-01 10:37:11,urgent,240,2,B,base,urgent_first,761.9333333333333,False
192,2026-01-01 10:37:58,urgent,240,1,C,base,urgent_first,762.25,False
193,2026-01-01 10:38:19,normal,1440,3,B,base,urgent_first,1883.0333333333333,False
194,2026-01-01 10:40:07,normal,1440,9,B,base,urgent_first,1884.1,False
195,2026-01-01 10:41:13,normal,1440,2,C,base,urgent_first,1883.9833333333333,False
196,2026-01-01 10:41:17,normal,1440,5,A,base,urgent_first,1885.4,False
197,2026-01-01 10:42:34,normal,1440,2,B,base,urgent_first,1886.7333333333333,False
198,2026-01-01 10:42:39,normal,1440,1,A,base,urgent_first,1887.7833333333333,False
199,2026-01-01 10:44:00,urgent,240,8,B,base,urgent_first,757.7666666666667,False
200,2026-01-01 10:44:00,normal,1440,5,B,base,urgent_first,1888.15,False
201,2026-01-01 10:46:08,normal,1440,7,B,base,urgent_first,1887.5166666666667,False
202,2026-01-01 10:46:45,normal,1440,4,B,base,urgent_first,1888.7833333333333,False
203,2026-01-01 10:46:47,normal,1440,5,B,base,urgent_first,1890.25,False
204,2026-01-01 10:48:35,normal,1440,4,B,base,urgent_first,1891.2666666666667,False
205,2026-01-01 10:50:14,normal,1440,6,B,base,urgent_first,1891.9333333333334,False
206,2026-01-01 10:50:50,normal,1440,2,C,base,urgent_first,1892.5666666666666,False
207,2026-01-01 10:51:07,normal,1440,4,A,base,urgent_first,1893.5,False
208,2026-01-01 10:51:30,urgent,240,2,B,base,urgent_first,751.4333333333333,False
209,2026-01-01 10:51:31,normal,1440,2,C,base,urgent_first,1894.4666666666667,False
210,2026-01-01 10:51:37,urgent,240,5,C,base,urgent_first,753.1333333333333,False
211,2026-01-01 10:51:42,normal,1440,6,A,base,urgent_first,1896.1666666666667,False
212,2026-01-01 10:51:48,urgent,240,3,C,base,urgent_first,754.3666666666667,False
213,2026-01-01 10:53:23,normal,1440,4,B,base,urgent_first,1896.0166666666667,False
214,2026-01-01 10:53:36,normal,1440,2,A,base,urgent_first,1896.85,False
215,2026-01-01 10:54:10,normal,1440,4,A,base,urgent_first,1897.6166666666666,False
216,2026-01-01 10:54:25,normal,1440,4,A,base,urgent_first,1898.5833333333333,False
217,2026-01-01 10:55:03,urgent,240,3,A,base,urgent_first,752.3166666666667,False
218,2026-01-01 10:55:10,normal,1440,4,B,base,urgent_first,1899.1166666666666,False
219,2026-01-01 10:55:16,normal,1440,8,B,base,urgent_first,1904.1,False
220,2026-01-01 10:55:33,normal,1440,2,A,base,urgent_first,1905.0833333333333,False
221,2026-01-01 10:58:24,urgent,240,7,B,base,urgent_first,750.7833333333333,False
222,2026-01-01 10:58:59,normal,1440,2,C,base,urgent_first,1904.5166666666667,False
223,2026-01-01 10:59:40,normal,1440,2,A,base,urgent_first,1907.4333333333334,False
224,2026-01-01 10:59:55,urgent,240,6,B,base,urgent_first,750.9666666666667,False
225,2026-01-01 11:00:25,normal,1440,1,A,base,urgent_first,1908.5333333333333,False
226,2026-01-01 11:00:50,urgent,240,5,B,base,urgent_first,752.0833333333334,False
227,2026-01-01 11:01:37,normal,1440,1,C,base,urgent_first,1910.6666666666667,False
228,2026-01-01 11:01:37,normal,1440,8,A,base,urgent_first,1930.5333333333333,False
229,2026-01-01 11:02:10,normal,1440,1,B,base,urgent_first,1937.6333333333334,False
230,2026-01-01 11:02:43,normal,1440,2,A,base,urgent_first,1941.6333333333334,False
231,2026-01-01 11:04:02,normal,1440,9,A,base,urgent_first,1942.4166666666667,False
232,2026-01-01 11:05:18,normal,1440,3,A,base,urgent_first,1950.2666666666667,False
233,2026-01-01 11:05:33,normal,1440,4,C,base,urgent_first,1959.2833333333333,False
234,2026-01-01 11:05:52,normal,1440,3,B,base,urgent_first,1961.9,False
235,2026-01-01 11:06:57,normal,1440,1,B,base,urgent_first,1963.1333333333334,False
236,2026-01-01 11:07:53,normal,1440,5,A,base,urgent_first,1969.15,False
237,2026-01-01 11:08:31,normal,1440,4,B,base,urgent_first,1970.1666666666667,False
238,2026-01-01 11:09:06,normal,1440,5,A,base,urgent_first,1972.3166666666666,False
239,2026-01-01 11:09:58,normal,1440,3,A,base,urgent_first,1974.8333333333333,False
240,2026-01-01 11:10:15,normal,1440,2,B,base,urgent_first,1977.95,False
241,2026-01-01 11:11:02,normal,1440,1,B,base,urgent_first,1978.7166666666667,False
242,2026-01-01 11:11:12,normal,1440,4,B,base,urgent_first,1987.4333333333334,False
243,2026-01-01 11:12:05,urgent,240,2,A,base,urgent_first,741.6666666666666,False
244,2026-01-01 11:12:24,normal,1440,2,A,base,urgent_first,1988.2166666666667,False
245,2026-01-01 11:12:39,normal,1440,4,C,base,urgent_first,1999.5666666666666,False
246,2026-01-01 11:14:14,normal,1440,5,A,base,urgent_first,2002.7,False
247,2026-01-01 11:15:27,normal,1440,4,A,base,urgent_first,2003.3166666666666,False
248,2026-01-01 11:18:23,normal,1440,9,B,base,urgent_first,2013.7833333333333,False
249,2026-01-01 11:19:35,normal,1440,4,B,base,urgent_first,2016.0,False
250,2026-01-01 11:19:43,normal,1440,5,C,base,urgent_first,2023.6666666666667,False
251,2026-01-01 11:20:31,normal,1440,2,A,base,urgent_first,2024.6,False
252,2026-01-01 11:20:36,normal,1440,9,A,base,urgent_first,2034.8666666666666,False
253,2026-01-01 11:20:40,normal,1440,3,C,base,urgent_first,2036.5666666666666,False
254,2026-01-01 11:20:50,normal,1440,4,B,base,urgent_first,2039.6833333333334,False
255,2026-01-01 11:21:03,normal,1440,2,B,base,urgent_first,2042.6333333333334,False
256,2026-01-01 11:21:11,normal,1440,2,A,base,urgent_first,2045.8166666666666,False
257,2026-01-01 11:21:24,normal,1440,10,A,base,urgent_first,2057.9666666666667,False
258,2026-01-01 11:22:09,urgent,240,5,A,base,urgent_first,732.9833333333333,False
259,2026-01-01 11:22:17,normal,1440,1,C,base,urgent_first,2058.0833333333335,False
260,2026-01-01 11:22:56,normal,1440,2,A,base,urgent_first,2058.6666666666665,False
261,2026-01-01 11:23:07,normal,1440,2,A,base,urgent_first,2059.5,False
262,2026-01-01 11:23:12,normal,1440,4,C,base,urgent_first,2066.6,False
263,2026-01-01 11:23:50,normal,1440,5,A,base,urgent_first,2074.1666666666665,False
264,2026-01-01 11:23:51,normal,1440,2,B,base,urgent_first,2075.4,False
265,2026-01-01 11:24:18,normal,1440,4,B,base,urgent_first,2082.9333333333334,False
266,2026-01-01 11:24:22,urgent,240,8,A,base,urgent_first,732.4166666666666,False
267,2026-01-01 11:24:45,normal,1440,2,B,base,urgent_first,2085.0666666666666,False
268,2026-01-01 11:25:28,normal,1440,3,C,base,urgent_first,2090.383333333333,False
269,2026-01-01 11:25:48,normal,1440,2,A,base,urgent_first,2092.3,False
270,2026-01-01 11:26:21,normal,1440,4,A,base,urgent_first,2097.2833333333333,False
271,2026-01-01 11:27:44,normal,1440,11,A,base,urgent_first,2106.9333333333334,False
272,2026-01-01 11:28:28,urgent,240,5,A,base,urgent_first,730.15,False
273,2026-01-01 11:28:29,normal,1440,3,A,base,urgent_first,2108.85,False
274,2026-01-01 11:28:46,normal,1440,4,C,base,urgent_first,2115.3333333333335,False
275,2026-01-01 11:30:01,urgent,240,3,A,base,urgent_first,729.75,False
276,2026-01-01 11:30:13,normal,1440,3,B,base,urgent_first,2119.9666666666667,False
277,2026-01-01 11:31:05,urgent,240,2,A,base,urgent_first,729.9333333333333,False
278,2026-01-01 11:31:45,normal,1440,3,A,base,urgent_first,2121.55,False
279,2026-01-01 11:32:06,normal,1440,4,C,base,urgent_first,2128.5333333333333,False
280,2026-01-01 11:34:06,normal,1440,4,A,base,urgent_first,2128.233333333333,False
281,2026-01-01 11:34:17,normal,1440,13,A,base,urgent_first,2148.7833333333333,False
282,2026-01-01 11:34:44,normal,1440,2,B,base,urgent_first,2149.65,False
283,2026-01-01 11:34:58,normal,1440,4,A,base,urgent_first,2151.6666666666665,False
284,2026-01-01 11:36:24,normal,1440,3,A,base,urgent_first,2154.733333333333,False
285,2026-01-01 11:36:44,normal,1440,6,B,base,urgent_first,2160.3166666666666,False
286,2026-01-01 11:37:06,urgent,240,3,A,base,urgent_first,725.0333333333333,False
287,2026-01-01 11:37:22,normal,1440,11,A,base,urgent_first,2170.1666666666665,False
288,2026-01-01 11:38:08,normal,1440,2,A,base,urgent_first,2170.5,False
289,2026-01-01 11:38:14,normal,1440,2,A,base,urgent_first,2171.6,False
290,2026-01-01 11:39:28,urgent,240,2,B,base,urgent_first,723.8833333333333,False
291,2026-01-01 11:39:46,urgent,240,5,B,base,urgent_first,725.5333333333333,False
292,2026-01-01 11:40:07,normal,1440,6,A,base,urgent_first,2174.733333333333,False
293,2026-01-01 11:40:11,normal,1440,4,A,base,urgent_first,2178.883333333333,False
294,2026-01-01 11:41:15,normal,1440,2,B,base,urgent_first,2181.35,False
295,2026-01-01 11:41:24,normal,1440,3,C,base,urgent_first,2184.35,False
296,2026-01-01 11:43:15,normal,1440,4,A,base,urgent_first,2185.9666666666667,False
297,2026-01-01 11:43:54,normal,1440,4,B,base,urgent_first,2190.25,False
298,2026-01-01 11:44:06,normal,1440,10,A,base,urgent_first,2200.633333333333,False
299,2026-01-01 11:44:50,normal,1440,2,B,base,urgent_first,2202.1,False
300,2026-01-01 11:44:52,normal,1440,1,A,base,urgent_first,2202.983333333333,False
301,2026-01-01 11:46:13,urgent,240,5,B,base,urgent_first,721.0833333333334,False
302,2026-01-01 11:46:20,normal,1440,2,C,base,urgent_first,2206.3166666666666,False
303,2026-01-01 11:46:35,urgent,240,3,B,base,urgent_first,722.0833333333334,False
304,2026-01-01 11:46:59,normal,1440,2,B,base,urgent_first,2208.4666666666667,False
305,2026-01-01 11:47:14,normal,1440,3,A,base,urgent_first,2211.7,False
306,2026-01-01 11:47:18,normal,1440,7,A,base,urgent_first,2222.1666666666665,False
307,2026-01-01 11:48:04,normal,1440,1,A,base,urgent_first,2222.65,False
308,2026-01-01 11:51:08,normal,1440,3,C,base,urgent_first,2225.0,False
309,2026-01-01 11:51:28,normal,1440,5,A,base,urgent_first,2228.516666666667,False
310,2026-01-01 11:51:56,normal,1440,3,A,base,urgent_first,2229.1833333333334,False
311,2026-01-01 11:52:15,urgent,240,7,A,base,urgent_first,718.3833333333333,False
312,2026-01-01 11:52:53,normal,1440,3,A,base,urgent_first,2233.7166666666667,False
313,2026-01-01 11:53:09,urgent,240,8,B,base,urgent_first,719.35,False
314,2026-01-01 11:53:16,urgent,240,3,A,base,urgent_first,720.4333333333333,False
315,2026-01-01 11:54:04,normal,1440,2,C,base,urgent_first,2238.4666666666667,False
316,2026-01-01 11:54:57,normal,1440,3,A,base,urgent_first,2242.6833333333334,False
317,2026-01-01 11:55:00,urgent,240,3,B,base,urgent_first,720.0166666666667,False
318,2026-01-01 11:55:27,urgent,240,10,B,base,urgent_first,721.5333333333333,False
319,2026-01-01 11:56:35,normal,1440,3,C,base,urgent_first,2248.5,False
320,2026-01-01 11:56:36,normal,1440,3,B,base,urgent_first,2252.15,False
321,2026-01-01 11:56:45,urgent,240,2,A,base,urgent_first,721.3833333333333,False
322,2026-01-01 11:57:10,normal,1440,11,B,base,urgent_first,2273.2166666666667,False
323,2026-01-01 11:57:28,normal,1440,1,C,base,urgent_first,2274.266666666667,False
324,2026-01-01 11:58:32,normal,1440,2,A,base,urgent_first,2274.733333333333,False
325,2026-01-01 11:59:05,normal,1440,4,A,base,urgent_first,2277.883333333333,False
326,2026-01-01 11:59:31,normal,1440,2,B,base,urgent_first,2280.4333333333334,False
327,2026-01-01 12:00:03,normal,1440,3,B,base,urgent_first,2286.65,False
328,2026-01-01 12:00:38,normal,1440,6,A,base,urgent_first,2292.866666666667,False
329,2026-01-01 12:01:37,normal,1440,8,A,base,urgent_first,2300.133333333333,False
330,2026-01-01 12:02:33,urgent,240,7,B,base,urgent_first,717.8666666666667,False
331,2026-01-01 12:03:58,normal,1440,5,B,base,urgent_first,2306.8,False
332,2026-01-01 12:04:55,normal,1440,4,B,base,urgent_first,2311.6833333333334,False
333,2026-01-01 12:05:33,normal,1440,2,C,base,urgent_first,2312.4,False
334,2026-01-01 12:07:23,normal,1440,9,B,base,urgent_first,2325.233333333333,False
335,2026-01-01 12:07:26,normal,1440,3,B,base,urgent_first,2326.6,False
336,2026-01-01 12:07:38,normal,1440,4,C,base,urgent_first,2333.1,False
337,2026-01-01 12:08:50,normal,1440,7,A,base,urgent_first,2335.866666666667,False
338,2026-01-01 12:08:52,urgent,240,3,B,base,urgent_first,712.8,False
339,2026-01-01 12:09:03,normal,1440,3,A,base,urgent_first,2337.85,False
340,2026-01-01 12:09:09,normal,1440,1,A,base,urgent_first,2339.383333333333,False
341,2026-01-01 12:09:20,normal,1440,3,A,base,urgent_first,2341.616666666667,False
342,2026-01-01 12:09:26,normal,1440,2,A,base,urgent_first,2343.5,False
343,2026-01-01 12:10:45,normal,1440,8,C,base,urgent_first,2354.233333333333,False
344,2026-01-01 12:11:31,normal,1440,2,B,base,urgent_first,2354.9666666666667,False
345,2026-01-01 12:12:07,normal,1440,1,B,base,urgent_first,2355.883333333333,False
346,2026-01-01 12:14:09,normal,1440,4,A,base,urgent_first,2359.05,False
347,2026-01-01 12:14:31,normal,1440,2,B,base,urgent_first,2361.383333333333,False
348,2026-01-01 12:14:55,normal,1440,8,A,base,urgent_first,2370.4,False
349,2026-01-01 12:15:09,normal,1440,8,A,base,urgent_first,2376.633333333333,False
350,2026-01-01 12:16:03,normal,1440,2,A,base,urgent_first,2377.0333333333333,False
351,2026-01-01 12:17:40,urgent,240,8,B,base,urgent_first,705.2833333333333,False
352,2026-01-01 12:19:19,normal,1440,3,B,base,urgent_first,2380.133333333333,False
353,2026-01-01 12:19:39,normal,1440,5,B,base,urgent_first,2385.2833333333333,False
354,2026-01-01 12:19:49,normal,1440,5,A,base,urgent_first,2388.5666666666666,False
355,2026-01-01 12:20:44,normal,1440,4,A,base,urgent_first,2393.3166666666666,False
356,2026-01-01 12:21:17,urgent,240,4,B,base,urgent_first,703.1166666666667,False
357,2026-01-01 12:21:31,normal,1440,1,A,base,urgent_first,2393.3166666666666,False
358,2026-01-01 12:22:23,urgent,240,7,A,base,urgent_first,703.4333333333333,False
359,2026-01-01 12:22:29,normal,1440,7,A,base,urgent_first,2399.8333333333335,False
360,2026-01-01 12:23:49,normal,1440,2,A,base,urgent_first,2399.5833333333335,False
361,2026-01-01 12:24:27,normal,1440,2,C,base,urgent_first,2402.4333333333334,False
362,2026-01-01 12:26:24,normal,1440,3,A,base,urgent_first,2405.3166666666666,False
363,2026-01-01 12:26:55,normal,1440,4,A,base,urgent_first,2409.2166666666667,False
364,2026-01-01 12:27:38,urgent,240,2,A,base,urgent_first,699.2333333333333,False
365,2026-01-01 12:28:59,normal,1440,3,A,base,urgent_first,2409.35,False
366,2026-01-01 12:29:45,normal,1440,7,A,base,urgent_first,2416.733333333333,False
367,2026-01-01 12:31:28,normal,1440,3,B,base,urgent_first,2419.7833333333333,False
368,2026-01-01 12:31:37,normal,1440,4,B,base,urgent_first,2424.5666666666666,False
369,2026-01-01 12:31:47,urgent,240,2,A,base,urgent_first,695.9666666666667,False
370,2026-01-01 12:32:12,normal,1440,5,B,base,urgent_first,2430.633333333333,False
371,2026-01-01 12:32:22,urgent,240,3,A,base,urgent_first,696.4333333333333,False
372,2026-01-01 12:33:27,normal,1440,6,C,base,urgent_first,2437.6666666666665,False
373,2026-01-01 12:34:08,normal,1440,5,B,base,urgent_first,2442.0833333333335,False
374,2026-01-01 12:36:43,normal,1440,7,A,base,urgent_first,2446.366666666667,False
375,2026-01-01 12:39:04,normal,1440,3,B,base,urgent_first,2446.7166666666667,False
376,2026-01-01 12:42:11,urgent,240,3,A,base,urgent_first,688.0666666666667,False
377,2026-01-01 12:43:50,normal,1440,2,A,base,urgent_first,2444.7,False
378,2026-01-01 12:44:49,urgent,240,2,C,base,urgent_first,686.4,False
379,2026-01-01 12:46:47,normal,1440,3,C,base,urgent_first,2449.0333333333333,False
380,2026-01-01 12:49:12,normal,1440,1,B,base,urgent_first,2447.6833333333334,False
381,2026-01-01 12:50:16,urgent,240,3,B,base,urgent_first,682.3666666666667,False
382,2026-01-01 12:51:59,normal,1440,2,C,base,urgent_first,2450.633333333333,False
383,2026-01-01 12:52:39,urgent,240,2,B,base,urgent_first,681.2,False
384,2026-01-01 12:52:47,normal,1440,1,A,base,urgent_first,2450.5333333333333,False
385,2026-01-01 12:52:49,normal,1440,2,C,base,urgent_first,2456.3,False
386,2026-01-01 12:53:20,normal,1440,4,B,base,urgent_first,2458.6833333333334,False
387,2026-01-01 12:54:24,normal,1440,3,B,base,urgent_first,2462.483333333333,False
388,2026-01-01 12:55:55,normal,1440,6,A,base,urgent_first,2470.9666666666667,False
389,2026-01-01 12:56:03,normal,1440,5,B,base,urgent_first,2474.15,False
390,2026-01-01 12:57:00,normal,1440,4,A,base,urgent_first,2480.616666666667,False
391,2026-01-01 12:57:16,normal,1440,2,B,base,urgent_first,2483.5833333333335,False
392,2026-01-01 12:57:47,normal,1440,9,B,base,urgent_first,2497.7166666666667,False
393,2026-01-01 13:02:19,normal,1440,4,A,base,urgent_first,2494.766666666667,False
394,2026-01-01 13:04:25,normal,1440,2,A,base,urgent_first,2494.616666666667,False
395,2026-01-01 13:05:26,urgent,240,11,B,base,urgent_first,670.4666666666667,False
396,2026-01-01 13:08:08,normal,1440,4,B,base,urgent_first,2496.0833333333335,False
397,2026-01-01 13:10:27,normal,1440,3,B,base,urgent_first,2496.1666666666665,False
398,2026-01-01 13:10:46,normal,1440,1,A,base,urgent_first,2497.5,False
399,2026-01-01 13:16:01,normal,1440,1,A,base,urgent_first,2493.0833333333335,False
400,2026-01-01 13:17:39,normal,1440,2,B,base,urgent_first,2495.8,False
401,2026-01-01 13:18:30,normal,1440,10,A,base,urgent_first,2507.883333333333,False
402,2026-01-01 13:18:56,normal,1440,2,A,base,urgent_first,2508.6833333333334,False
403,2026-01-01 13:20:41,normal,1440,6,B,base,urgent_first,2510.75,False
404,2026-01-01 13:21:51,normal,1440,6,B,base,urgent_first,2521.2166666666667,False
405,2026-01-01 13:21:54,normal,1440,7,A,base,urgent_first,2528.95,False
406,2026-01-01 13:23:07,normal,1440,5,A,base,urgent_first,2531.0,False
407,2026-01-01 13:24:52,urgent,240,3,A,base,urgent_first,652.4833333333333,False
408,2026-01-01 13:26:07,normal,1440,8,B,base,urgent_first,2540.9333333333334,False
409,2026-01-01 13:27:19,normal,1440,4,A,base,urgent_first,2542.35,False
410,2026-01-01 13:27:35,normal,1440,8,A,base,urgent_first,2547.866666666667,False
411,2026-01-01 13:28:11,urgent,240,3,B,base,urgent_first,650.4666666666667,False
412,2026-01-01 13:31:20,urgent,240,3,A,base,urgent_first,648.2166666666667,False
413,2026-01-01 13:31:48,normal,1440,1,B,base,urgent_first,2544.5333333333333,False
414,2026-01-01 13:33:24,normal,1440,4,C,base,urgent_first,2551.5833333333335,False
415,2026-01-01 13:33:45,normal,1440,2,C,base,urgent_first,2555.6,False
416,2026-01-01 13:35:05,normal,1440,2,A,base,urgent_first,2556.116666666667,False
417,2026-01-01 13:35:19,normal,1440,2,A,base,urgent_first,2558.9666666666667,False
418,2026-01-01 13:36:38,normal,1440,4,A,base,urgent_first,2564.2,False
419,2026-01-01 13:39:09,normal,1440,3,A,base,urgent_first,2565.516666666667,False
420,2026-01-01 13:39:43,normal,1440,5,B,base,urgent_first,2572.133333333333,False
421,2026-01-01 13:39:54,normal,1440,5,B,base,urgent_first,2577.8166666666666,False
422,2026-01-01 13:40:15,normal,1440,5,A,base,urgent_first,2584.366666666667,False
423,2026-01-01 13:42:14,normal,1440,1,A,base,urgent_first,2583.55,False
424,2026-01-01 13:43:43,normal,1440,3,B,base,urgent_first,2584.3166666666666,False
425,2026-01-01 13:44:10,normal,1440,1,A,base,urgent_first,2584.9166666666665,False
426,2026-01-01 13:44:18,normal,1440,4,B,base,urgent_first,2593.85,False
427,2026-01-01 13:44:39,normal,1440,7,A,base,urgent_first,2600.7833333333333,False
428,2026-01-01 13:44:40,urgent,240,3,A,base,urgent_first,636.4666666666667,False
429,2026-01-01 13:45:11,normal,1440,4,C,base,urgent_first,2610.1666666666665,False
430,2026-01-01 13:50:49,urgent,240,3,A,base,urgent_first,631.8833333333333,False
431,2026-01-01 13:53:16,normal,1440,9,B,base,urgent_first,2610.0,False
432,2026-01-01 13:53:43,normal,1440,2,A,base,urgent_first,2610.633333333333,False
433,2026-01-01 13:56:45,normal,1440,3,A,base,urgent_first,2609.616666666667,False
434,2026-01-01 13:57:24,normal,1440,2,A,base,urgent_first,2611.0666666666666,False
435,2026-01-01 13:59:07,normal,1440,5,A,base,urgent_first,2618.9333333333334,False
436,2026-01-01 13:59:40,normal,1440,2,B,base,urgent_first,2620.5833333333335,False
437,2026-01-01 13:59:53,normal,1440,2,A,base,urgent_first,2622.0833333333335,False
438,2026-01-01 14:01:27,normal,1440,3,A,base,urgent_first,2624.4,False
439,2026-01-01 14:03:01,normal,1440,5,A,base,urgent_first,2629.1833333333334,False
440,2026-01-01 14:10:27,normal,1440,4,B,base,urgent_first,2625.05,False
441,2026-01-01 14:12:37,normal,1440,2,C,base,urgent_first,2626.6,False
442,2026-01-01 14:15:50,normal,1440,5,A,base,urgent_first,2629.7833333333333,False
443,2026-01-01 14:16:19,normal,1440,5,A,base,urgent_first,2634.866666666667,False
444,2026-01-01 14:16:51,normal,1440,2,A,base,urgent_first,2635.4166666666665,False
445,2026-01-01 14:17:19,normal,1440,13,B,base,urgent_first,2657.0833333333335,False
446,2026-01-01 14:18:56,normal,1440,2,A,base,urgent_first,2656.366666666667,False
447,2026-01-01 14:19:44,normal,1440,1,C,base,urgent_first,2656.5666666666666,False
448,2026-01-01 14:21:18,normal,1440,3,C,base,urgent_first,2660.0,False
449,2026-01-01 14:23:45,normal,1440,3,A,base,urgent_first,2659.05,False
450,2026-01-01 14:24:14,normal,1440,3,A,base,urgent_first,2660.8166666666666,False
451,2026-01-01 14:26:06,normal,1440,1,C,base,urgent_first,2663.016666666667,False
452,2026-01-01 14:26:15,normal,1440,2,B,base,urgent_first,2666.7,False
453,2026-01-01 14:31:13,normal,1440,1,C,base,urgent_first,2663.95,False
454,2026-01-01 14:32:20,normal,1440,3,A,base,urgent_first,2668.3166666666666,False
455,2026-01-01 14:32:37,normal,1440,4,A,base,urgent_first,2673.7833333333333,False
456,2026-01-01 14:32:41,normal,1440,4,B,base,urgent_first,2677.516666666667,False
457,2026-01-01 14:32:48,normal,1440,5,C,base,urgent_first,2685.4666666666667,False
458,2026-01-01 14:34:57,normal,1440,2,A,base,urgent_first,2684.4166666666665,False
459,2026-01-01 14:36:17,normal,1440,3,A,base,urgent_first,2686.1666666666665,False
460,2026-01-01 14:36:55,normal,1440,6,A,base,urgent_first,2691.7833333333333,False
461,2026-01-01 14:37:58,normal,1440,3,B,base,urgent_first,2692.866666666667,False
462,2026-01-01 14:40:32,normal,1440,2,B,base,urgent_first,2694.65,False
463,2026-01-01 14:41:28,normal,1440,15,A,base,urgent_first,2709.1666666666665,False
464,2026-01-01 14:42:14,normal,1440,3,A,base,urgent_first,2709.8,False
465,2026-01-01 14:42:36,normal,1440,8,B,base,urgent_first,2715.866666666667,False
466,2026-01-01 14:43:59,normal,1440,8,A,base,urgent_first,2724.6,False
467,2026-01-01 14:44:18,urgent,240,4,B,base,urgent_first,579.9833333333333,False
468,2026-01-01 14:44:26,normal,1440,5,A,base,urgent_first,2726.4333333333334,False
469,2026-01-01 14:46:24,normal,1440,9,B,base,urgent_first,2733.2,False
470,2026-01-01 14:50:21,urgent,240,10,C,base,urgent_first,576.75,False
471,2026-01-01 14:51:24,normal,1440,5,A,base,urgent_first,2731.8333333333335,False
472,2026-01-01 14:52:38,normal,1440,3,C,base,urgent_first,2739.2166666666667,False
473,2026-01-01 14:54:29,normal,1440,6,B,base,urgent_first,2744.983333333333,False
474,2026-01-01 14:54:42,normal,1440,5,A,base,urgent_first,2752.2166666666667,False
475,2026-01-01 14:56:35,normal,1440,3,A,base,urgent_first,2753.6833333333334,False
476,2026-01-01 14:57:38,normal,1440,4,A,base,urgent_first,2757.1666666666665,False
477,2026-01-01 14:57:48,normal,1440,3,A,base,urgent_first,2761.366666666667,False
478,2026-01-01 14:57:54,normal,1440,14,A,base,urgent_first,2773.4666666666667,False
479,2026-01-01 14:58:45,normal,1440,13,A,base,urgent_first,2783.5833333333335,False
480,2026-01-01 15:00:34,urgent,240,5,B,base,urgent_first,567.9833333333333,False
481,2026-01-01 15:01:43,normal,1440,4,A,base,urgent_first,2782.133333333333,False
482,2026-01-01 15:02:10,urgent,240,1,A,base,urgent_first,567.25,False
483,2026-01-01 15:04:12,normal,1440,1,A,base,urgent_first,2781.4,False
484,2026-01-01 15:06:00,normal,1440,4,B,base,urgent_first,2788.0,False
485,2026-01-01 15:06:59,urgent,240,3,A,base,urgent_first,563.6333333333333,False
486,2026-01-01 15:08:17,normal,1440,16,A,base,urgent_first,2802.733333333333,False
487,2026-01-01 15:08:22,normal,1440,1,A,base,urgent_first,2803.6833333333334,False
488,2026-01-01 15:08:33,urgent,240,6,C,base,urgent_first,564.2833333333333,False
489,2026-01-01 15:09:41,normal,1440,3,A,base,urgent_first,2803.733333333333,False
490,2026-01-01 15:10:42,normal,1440,5,A,base,urgent_first,2805.5833333333335,False
491,2026-01-01 15:11:06,normal,1440,3,B,base,urgent_first,2808.6666666666665,False
492,2026-01-01 15:13:28,normal,1440,3,A,base,urgent_first,2807.7,False
493,2026-01-01 15:14:21,normal,1440,4,A,base,urgent_first,2809.2166666666667,False
494,2026-01-01 15:14:30,normal,1440,3,B,base,urgent_first,2813.733333333333,False
495,2026-01-01 15:17:16,normal,1440,7,B,base,urgent_first,2817.4166666666665,False
496,2026-01-01 15:17:27,normal,1440,2,A,base,urgent_first,2819.5833333333335,False
497,2026-01-01 15:17:30,normal,1440,2,C,base,urgent_first,2825.5,False
498,2026-01-01 15:17:39,normal,1440,2,A,base,urgent_first,2827.233333333333,False
499,2026-01-01 15:20:09,normal,1440,2,B,base,urgent_first,2828.9666666666667,False
500,2026-01-01 15:21:49,normal,1440,5,B,base,urgent_first,2836.383333333333,False
501,2026-01-01 15:23:01,normal,1440,3,B,base,urgent_first,2836.95,False
502,2026-01-01 15:24:58,normal,1440,6,A,base,urgent_first,2842.7,False
503,2026-01-01 15:25:07,normal,1440,5,B,base,urgent_first,2850.0666666666666,False
504,2026-01-01 15:27:25,normal,1440,3,A,base,urgent_first,2848.85,False
505,2026-01-01 15:27:59,normal,1440,1,A,base,urgent_first,2849.25,False
506,2026-01-01 15:34:06,normal,1440,14,B,base,urgent_first,2860.366666666667,False
507,2026-01-01 15:35:40,normal,1440,2,C,base,urgent_first,2860.0333333333333,False
508,2026-01-01 15:36:39,normal,1440,8,A,base,urgent_first,2864.1,False
509,2026-01-01 15:37:19,normal,1440,1,B,base,urgent_first,2864.4,False
510,2026-01-01 15:37:25,normal,1440,2,C,base,urgent_first,2867.85,False
511,2026-01-01 15:39:53,urgent,240,5,C,base,urgent_first,534.9,False
512,2026-01-01 15:41:41,normal,1440,8,A,base,urgent_first,2872.6833333333334,False
513,2026-01-01 15:46:47,normal,1440,7,C,base,urgent_first,2883.9333333333334,False
514,2026-01-01 15:47:30,normal,1440,2,C,base,urgent_first,2885.35,False
515,2026-01-01 15:47:45,urgent,240,9,A,base,urgent_first,529.1,False
516,2026-01-01 15:48:13,normal,1440,5,A,base,urgent_first,2888.116666666667,False
517,2026-01-01 15:50:14,normal,1440,5,B,base,urgent_first,2892.9666666666667,False
518,2026-01-01 15:51:27,urgent,240,2,A,base,urgent_first,526.6,False
519,2026-01-01 15:52:19,normal,1440,2,B,base,urgent_first,2893.35,False
520,2026-01-01 15:55:17,normal,1440,5,B,base,urgent_first,2896.266666666667,False
521,2026-01-01 15:56:03,normal,1440,5,A,base,urgent_first,2901.5666666666666,False
522,2026-01-01 15:56:05,normal,1440,2,B,base,urgent_first,2903.733333333333,False
523,2026-01-01 15:58:10,normal,1440,3,A,base,urgent_first,2906.483333333333,False
524,2026-01-01 15:59:01,normal,1440,4,C,base,urgent_first,2911.766666666667,False
525,2026-01-01 16:00:00,normal,1440,3,B,base,urgent_first,2913.1666666666665,False
526,2026-01-01 16:01:36,normal,1440,8,C,base,urgent_first,2928.483333333333,False
527,2026-01-01 16:02:22,normal,1440,5,C,base,urgent_first,2932.1,False
528,2026-01-01 16:02:49,normal,1440,3,A,base,urgent_first,2933.8166666666666,False
529,2026-01-01 16:03:15,normal,1440,1,A,base,urgent_first,2934.45,False
530,2026-01-01 16:03:29,normal,1440,4,A,base,urgent_first,2938.75,False
531,2026-01-01 16:04:56,normal,1440,9,A,base,urgent_first,2949.733333333333,False
532,2026-01-01 16:05:20,normal,1440,2,B,base,urgent_first,2950.5666666666666,False
533,2026-01-01 16:05:27,normal,1440,3,B,base,urgent_first,2953.6,False
534,2026-01-01 16:05:33,normal,1440,4,A,base,urgent_first,2958.45,False
535,2026-01-01 16:05:49,normal,1440,4,A,base,urgent_first,2961.35,False
536,2026-01-01 16:05:50,normal,1440,2,B,base,urgent_first,2963.9166666666665,False
537,2026-01-01 16:07:46,normal,1440,2,A,base,urgent_first,2963.883333333333,False
538,2026-01-01 16:08:22,normal,1440,3,B,base,urgent_first,2969.4666666666667,False
539,2026-01-01 16:08:57,normal,1440,4,B,base,urgent_first,2976.55,False
540,2026-01-01 16:09:37,normal,1440,2,A,base,urgent_first,2977.85,False
541,2026-01-01 16:10:26,normal,1440,3,B,base,urgent_first,2980.633333333333,False
542,2026-01-01 16:10:55,urgent,240,2,A,base,urgent_first,508.23333333333335,False
543,2026-01-01 16:12:18,normal,1440,5,C,base,urgent_first,2988.233333333333,False
544,2026-01-01 16:12:35,normal,1440,5,A,base,urgent_first,2991.4666666666667,False
545,2026-01-01 16:13:00,normal,1440,8,A,base,urgent_first,3000.766666666667,False
546,2026-01-01 16:13:23,normal,1440,2,A,base,urgent_first,3001.3,False
547,2026-01-01 16:13:44,normal,1440,5,B,base,urgent_first,3005.1666666666665,False
548,2026-01-01 16:14:08,urgent,240,2,B,base,urgent_first,506.03333333333336,False
549,2026-01-01 16:15:07,normal,1440,3,C,base,urgent_first,3009.7166666666667,False
550,2026-01-01 16:16:15,normal,1440,3,A,base,urgent_first,3011.6666666666665,False
551,2026-01-01 16:16:39,normal,1440,2,A,base,urgent_first,3014.9333333333334,False
552,2026-01-01 16:16:52,urgent,240,4,A,base,urgent_first,504.56666666666666,False
553,2026-01-01 16:18:03,normal,1440,10,B,base,urgent_first,3035.1,False
554,2026-01-01 16:18:13,normal,1440,3,B,base,urgent_first,3036.016666666667,False
555,2026-01-01 16:19:10,normal,1440,3,A,base,urgent_first,3038.4333333333334,False
556,2026-01-01 16:19:11,normal,1440,5,B,base,urgent_first,3042.116666666667,False
557,2026-01-01 16:19:31,normal,1440,5,B,base,urgent_first,3045.616666666667,False
558,2026-01-01 16:19:51,normal,1440,7,C,base,urgent_first,3055.9166666666665,False
559,2026-01-01 16:20:02,normal,1440,6,A,base,urgent_first,3059.3333333333335,False
560,2026-01-01 16:20:42,normal,1440,3,A,base,urgent_first,3060.2166666666667,False
561,2026-01-01 16:20:53,normal,1440,3,B,base,urgent_first,3064.4333333333334,False
562,2026-01-01 16:22:21,normal,1440,2,B,base,urgent_first,3064.2166666666667,False
563,2026-01-01 16:23:09,normal,1440,9,A,base,urgent_first,3073.766666666667,False
564,2026-01-01 16:23:59,normal,1440,4,A,base,urgent_first,3075.5833333333335,False
565,2026-01-01 16:24:00,normal,1440,3,A,base,urgent_first,3078.15,False
566,2026-01-01 16:24:41,normal,1440,4,A,base,urgent_first,3083.8,False
567,2026-01-01 16:25:33,normal,1440,6,A,base,urgent_first,3091.133333333333,False
568,2026-01-01 16:26:44,normal,1440,9,A,base,urgent_first,3097.4166666666665,False
569,2026-01-01 16:27:45,urgent,240,3,A,base,urgent_first,494.73333333333335,False
570,2026-01-01 16:27:50,urgent,240,5,B,base,urgent_first,496.1333333333333,False
571,2026-01-01 16:29:55,normal,1440,3,C,base,urgent_first,3096.8,False
572,2026-01-01 16:30:17,normal,1440,2,B,base,urgent_first,3100.4333333333334,False
573,2026-01-01 16:30:27,normal,1440,4,C,base,urgent_first,3107.65,False
574,2026-01-01 16:32:15,normal,1440,4,B,base,urgent_first,3110.9,False
575,2026-01-01 16:32:23,normal,1440,4,B,base,urgent_first,3114.4,False
576,2026-01-01 16:32:28,normal,1440,3,A,base,urgent_first,3116.8166666666666,False
577,2026-01-01 16:32:33,normal,1440,3,A,base,urgent_first,3120.0666666666666,False
578,2026-01-01 16:33:25,normal,1440,1,B,base,urgent_first,3121.633333333333,False
579,2026-01-01 16:34:58,urgent,240,5,C,base,urgent_first,490.56666666666666,False
580,2026-01-01 16:35:16,normal,1440,6,A,base,urgent_first,3127.2166666666667,False
581,2026-01-01 16:37:12,normal,1440,2,A,base,urgent_first,3127.233333333333,False
582,2026-01-01 16:38:53,normal,1440,4,A,base,urgent_first,3129.1833333333334,False
583,2026-01-01 16:39:27,normal,1440,1,A,base,urgent_first,3129.5333333333333,False
584,2026-01-01 16:40:10,normal,1440,7,A,base,urgent_first,3138.0833333333335,False
585,2026-01-01 16:42:39,normal,1440,4,B,base,urgent_first,3139.25,False
586,2026-01-01 16:42:40,normal,1440,7,A,base,urgent_first,3145.383333333333,False
587,2026-01-01 16:44:01,normal,1440,8,A,base,urgent_first,3152.133333333333,False
588,2026-01-01 16:44:45,normal,1440,2,A,base,urgent_first,3152.6,False
589,2026-01-01 16:44:59,urgent,240,4,A,base,urgent_first,481.8666666666667,False
590,2026-01-01 16:45:09,urgent,240,2,A,base,urgent_first,482.73333333333335,False
591,2026-01-01 16:45:10,normal,1440,3,B,base,urgent_first,3155.983333333333,False
592,2026-01-01 16:45:38,normal,1440,6,B,base,urgent_first,3164.483333333333,False
593,2026-01-01 16:45:46,normal,1440,5,A,base,urgent_first,3167.2833333333333,False
594,2026-01-01 16:46:23,normal,1440,3,C,base,urgent_first,3172.1666666666665,False
595,2026-01-01 16:47:09,normal,1440,2,C,base,urgent_first,3175.9166666666665,False
596,2026-01-01 16:48:10,urgent,240,2,A,base,urgent_first,480.9,False
597,2026-01-01 16:49:02,urgent,240,8,B,base,urgent_first,482.03333333333336,False
598,2026-01-01 16:49:03,normal,1440,1,A,base,urgent_first,3175.633333333333,False
599,2026-01-01 16:49:06,normal,1440,9,B,base,urgent_first,3190.6833333333334,False
600,2026-01-01 16:49:17,normal,1440,2,A,base,urgent_first,3191.65,False
601,2026-01-01 16:49:31,urgent,240,1,B,base,urgent_first,482.45,False
602,2026-01-01 16:51:33,normal,1440,4,B,base,urgent_first,3192.1666666666665,False
603,2026-01-01 16:51:37,normal,1440,5,A,base,urgent_first,3195.266666666667,False
604,2026-01-01 16:52:57,normal,1440,3,A,base,urgent_first,3201.15,False
605,2026-01-01 16:53:11,normal,1440,2,A,base,urgent_first,3201.766666666667,False
606,2026-01-01 16:54:49,normal,1440,2,A,base,urgent_first,3203.9333333333334,False
607,2026-01-01 16:54:52,normal,1440,7,A,base,urgent_first,3214.45,False
608,2026-01-01 16:56:23,urgent,240,1,B,base,urgent_first,476.55,False
609,2026-01-01 16:57:38,normal,1440,5,C,base,urgent_first,3219.4,False
610,2026-01-01 17:01:02,normal,1440,11,A,base,urgent_first,3226.85,False
611,2026-01-01 17:01:19,normal,1440,1,C,base,urgent_first,3227.5333333333333,False
612,2026-01-01 17:03:17,normal,1440,12,A,base,urgent_first,3238.4166666666665,False
613,2026-01-01 17:03:51,normal,1440,4,C,base,urgent_first,3240.0,False
614,2026-01-01 17:03:57,normal,1440,6,A,base,urgent_first,3243.55,False
615,2026-01-01 17:04:48,normal,1440,9,B,base,urgent_first,3252.35,False
616,2026-01-01 17:05:03,normal,1440,3,A,base,urgent_first,3253.35,False
617,2026-01-01 17:05:06,normal,1440,4,A,base,urgent_first,3255.7833333333333,False
618,2026-01-01 17:05:58,urgent,240,9,C,base,urgent_first,469.23333333333335,False
619,2026-01-01 17:06:47,normal,1440,2,A,base,urgent_first,3255.7833333333333,False
620,2026-01-01 17:06:56,normal,1440,1,B,base,urgent_first,3258.2,False
621,2026-01-01 17:08:55,normal,1440,3,B,base,urgent_first,3262.5833333333335,False
622,2026-01-01 17:10:54,normal,1440,2,A,base,urgent_first,3263.3,False
623,2026-01-01 17:10:58,normal,1440,1,A,base,urgent_first,3264.7,False
624,2026-01-01 17:11:08,normal,1440,6,A,base,urgent_first,3277.733333333333,False
625,2026-01-01 17:12:06,normal,1440,4,A,base,urgent_first,3278.116666666667,False
626,2026-01-01 17:12:12,normal,1440,7,A,base,urgent_first,3287.7166666666667,False
627,2026-01-01 17:12:28,normal,1440,5,C,base,urgent_first,3293.5333333333333,False
628,2026-01-01 17:12:28,urgent,240,3,B,base,urgent_first,463.8833333333333,False
629,2026-01-01 17:14:29,normal,1440,2,A,base,urgent_first,3292.4666666666667,False
630,2026-01-01 17:15:48,normal,1440,4,A,base,urgent_first,3298.4666666666667,False
631,2026-01-01 17:18:59,urgent,240,1,A,base,urgent_first,458.6,False
632,2026-01-01 17:19:19,normal,1440,2,A,base,urgent_first,3296.25,False
633,2026-01-01 17:20:22,normal,1440,1,B,base,urgent_first,3298.25,False
634,2026-01-01 17:20:29,urgent,240,6,B,base,urgent_first,458.81666666666666,False
635,2026-01-01 17:20:45,normal,1440,3,C,base,urgent_first,3304.383333333333,False
636,2026-01-01 17:21:31,urgent,240,2,B,base,urgent_first,458.95,False
637,2026-01-01 17:21:57,normal,1440,5,C,base,urgent_first,3313.0833333333335,False
638,2026-01-01 17:24:19,normal,1440,3,A,base,urgent_first,3313.15,False
639,2026-01-01 17:25:05,normal,1440,4,A,base,urgent_first,3315.7166666666667,False
640,2026-01-01 17:25:35,normal,1440,3,B,base,urgent_first,3319.5,False
641,2026-01-01 17:27:31,normal,1440,2,C,base,urgent_first,3324.15,False
642,2026-01-01 17:28:24,urgent,240,5,A,base,urgent_first,453.68333333333334,False
643,2026-01-01 17:28:27,normal,1440,2,A,base,urgent_first,3324.483333333333,False
644,2026-01-01 17:28:49,normal,1440,9,C,base,urgent_first,3344.5833333333335,False
645,2026-01-01 17:28:51,normal,1440,3,B,base,urgent_first,3349.25,False
646,2026-01-01 17:31:34,urgent,240,2,B,base,urgent_first,451.43333333333334,False
647,2026-01-01 17:31:58,normal,1440,3,A,base,urgent_first,3349.55,False
648,2026-01-01 17:35:41,normal,1440,3,B,base,urgent_first,3353.616666666667,False
649,2026-01-01 17:36:47,normal,1440,2,B,base,urgent_first,3355.6,False
650,2026-01-01 17:39:10,normal,1440,3,A,base,urgent_first,3356.5833333333335,False
651,2026-01-01 17:40:26,normal,1440,2,A,base,urgent_first,3357.366666666667,False
652,2026-01-01 17:41:11,urgent,240,3,A,base,urgent_first,442.81666666666666,False
653,2026-01-01 17:45:06,normal,1440,6,C,base,urgent_first,3364.116666666667,False
654,2026-01-01 17:48:07,normal,1440,1,A,base,urgent_first,3362.0,False
655,2026-01-01 17:49:37,normal,1440,8,C,base,urgent_first,3380.65,False
656,2026-01-01 17:50:07,normal,1440,1,A,base,urgent_first,3381.0333333333333,False
657,2026-01-01 17:51:48,normal,1440,3,A,base,urgent_first,3383.1,False
658,2026-01-01 17:53:24,normal,1440,3,C,base,urgent_first,3387.1,False
659,2026-01-01 17:53:39,normal,1440,4,C,base,urgent_first,3393.9333333333334,False
660,2026-01-01 17:55:13,normal,1440,7,B,base,urgent_first,3398.766666666667,False
661,2026-01-01 17:55:23,normal,1440,2,A,base,urgent_first,3399.733333333333,False
662,2026-01-01 17:56:11,urgent,240,2,A,base,urgent_first,428.9166666666667,False
663,2026-01-01 18:01:58,normal,1440,4,C,base,urgent_first,3400.3,False
664,2026-01-01 18:16:31,normal,1440,3,A,base,urgent_first,3387.483333333333,False
665,2026-01-01 18:17:10,normal,1440,4,A,base,urgent_first,3390.7,False
666,2026-01-01 18:19:03,normal,1440,2,C,base,urgent_first,3393.7,False
667,2026-01-01 18:19:45,urgent,240,6,C,base,urgent_first,407.3333333333333,False
668,2026-01-01 18:21:06,normal,1440,4,A,base,urgent_first,3395.6666666666665,False
669,2026-01-01 18:21:22,normal,1440,1,A,base,urgent_first,3396.4666666666667,False
670,2026-01-01 18:22:58,normal,1440,1,A,base,urgent_first,3396.6833333333334,False
671,2026-01-01 18:22:59,normal,1440,2,B,base,urgent_first,3402.0666666666666,False
672,2026-01-01 18:23:33,normal,1440,5,A,base,urgent_first,3408.55,False
673,2026-01-01 18:23:58,normal,1440,4,B,base,urgent_first,3412.883333333333,False
674,2026-01-01 18:24:05,urgent,240,3,A,base,urgent_first,404.46666666666664,False
675,2026-01-01 18:25:09,normal,1440,1,C,base,urgent_first,3414.15,False
676,2026-01-01 18:26:18,normal,1440,3,A,base,urgent_first,3416.85,False
677,2026-01-01 18:27:15,normal,1440,6,B,base,urgent_first,3428.1833333333334,False
678,2026-01-01 18:27:55,normal,1440,4,A,base,urgent_first,3430.0333333333333,False
679,2026-01-01 18:33:40,normal,1440,2,B,base,urgent_first,3425.7833333333333,False
680,2026-01-01 18:34:04,normal,1440,6,A,base,urgent_first,3434.1,False
681,2026-01-01 18:34:49,normal,1440,3,A,base,urgent_first,3434.7,False
682,2026-01-01 18:35:20,normal,1440,7,C,base,urgent_first,3442.8333333333335,False
683,2026-01-01 18:37:43,normal,1440,5,A,base,urgent_first,3445.7833333333333,False
684,2026-01-01 18:39:35,normal,1440,2,C,base,urgent_first,3447.116666666667,False
685,2026-01-01 18:40:31,normal,1440,4,A,base,urgent_first,3449.5833333333335,False
686,2026-01-01 18:43:46,normal,1440,2,A,base,urgent_first,3448.45,False
687,2026-01-01 18:46:45,normal,1440,12,A,base,urgent_first,3460.8,False
688,2026-01-01 18:48:30,normal,1440,2,A,base,urgent_first,3459.85,False
689,2026-01-01 18:48:51,normal,1440,3,A,base,urgent_first,3463.85,False
690,2026-01-01 18:55:12,normal,1440,6,A,base,urgent_first,3464.4666666666667,False
691,2026-01-01 18:55:23,normal,1440,4,A,base,urgent_first,3466.733333333333,False
692,2026-01-01 18:58:31,urgent,240,2,A,base,urgent_first,371.3833333333333,False
693,2026-01-01 19:00:12,normal,1440,2,A,base,urgent_first,3462.866666666667,False
694,2026-01-01 19:02:27,normal,1440,5,B,base,urgent_first,3467.983333333333,False
695,2026-01-01 19:06:44,normal,1440,3,C,base,urgent_first,3469.616666666667,False
696,2026-01-01 19:23:20,normal,1440,3,A,base,urgent_first,3456.483333333333,False
697,2026-01-01 19:34:14,urgent,240,3,B,base,urgent_first,337.03333333333336,False
698,2026-01-01 19:36:27,urgent,240,9,B,base,urgent_first,337.6166666666667,False
699,2026-01-01 19:39:33,normal,1440,1,A,base,urgent_first,3441.6,False
700,2026-01-01 19:40:34,normal,1440,2,A,base,urgent_first,3442.383333333333,False
701,2026-01-01 19:50:01,normal,1440,7,A,base,urgent_first,3439.55,False
702,2026-01-01 19:54:47,normal,1440,4,A,base,urgent_first,3438.1,False
703,2026-01-01 19:55:09,normal,1440,2,A,base,urgent_first,3438.983333333333,False
704,2026-01-01 19:55:51,normal,1440,2,C,base,urgent_first,3443.633333333333,False
705,2026-01-01 19:56:00,normal,1440,2,B,base,urgent_first,3445.6833333333334,False
706,2026-01-01 19:56:04,normal,1440,2,B,base,urgent_first,3449.9333333333334,False
707,2026-01-01 19:58:29,normal,1440,2,C,base,urgent_first,3452.2166666666667,False
708,2026-01-02 08:01:11,normal,1440,3,A,base,urgent_first,2732.45,False
709,2026-01-02 08:02:08,normal,1440,1,A,base,urgent_first,2732.483333333333,False
710,2026-01-02 08:03:56,normal,1440,3,B,base,urgent_first,2736.9,False
711,2026-01-02 08:04:11,normal,1440,3,A,base,urgent_first,2740.4333333333334,False
712,2026-01-02 08:06:52,normal,1440,5,A,base,urgent_first,2744.25,False
713,2026-01-02 08:08:25,normal,1440,5,C,base,urgent_first,2749.5,False
714,2026-01-02 08:09:34,normal,1440,3,B,base,urgent_first,2753.633333333333,False
715,2026-01-02 08:12:22,urgent,240,4,A,base,urgent_first,20.833333333333332,True
716,2026-01-02 08:13:08,normal,1440,2,B,base,urgent_first,2752.35,False
717,2026-01-02 08:17:29,normal,1440,4,A,base,urgent_first,2752.3,False
718,2026-01-02 08:18:11,normal,1440,6,B,base,urgent_first,2758.0333333333333,False
719,2026-01-02 08:22:53,normal,1440,8,A,base,urgent_first,2761.1666666666665,False
720,2026-01-02 08:26:58,normal,1440,4,B,base,urgent_first,2760.4666666666667,False
721,2026-01-02 08:26:59,normal,1440,12,B,base,urgent_first,2775.6,False
722,2026-01-02 08:27:21,normal,1440,3,B,base,urgent_first,2776.8,False
723,2026-01-02 08:27:24,normal,1440,3,B,base,urgent_first,2779.483333333333,False
724,2026-01-02 08:30:48,normal,1440,2,A,base,urgent_first,2778.5,False
725,2026-01-02 08:31:12,normal,1440,1,A,base,urgent_first,2779.1,False
726,2026-01-02 08:31:13,normal,1440,4,B,base,urgent_first,2783.45,False
727,2026-01-02 08:34:04,normal,1440,6,B,base,urgent_first,2788.516666666667,False
728,2026-01-02 08:34:25,normal,1440,14,A,base,urgent_first,2801.4,False
729,2026-01-02 08:37:21,normal,1440,5,A,base,urgent_first,2800.75,False
730,2026-01-02 08:37:39,normal,1440,8,B,base,urgent_first,2810.7,False
731,2026-01-02 08:40:59,normal,1440,5,B,base,urgent_first,2810.5666666666666,False
732,2026-01-02 08:41:14,urgent,240,2,A,base,urgent_first,20.9,True
733,2026-01-02 08:42:20,normal,1440,2,A,base,urgent_first,2810.0333333333333,False
734,2026-01-02 08:43:05,normal,1440,4,B,base,urgent_first,2815.5333333333333,False
735,2026-01-02 08:47:38,normal,1440,11,A,base,urgent_first,2825.8,False
736,2026-01-02 08:50:34,normal,1440,19,A,base,urgent_first,2839.65,False
737,2026-01-02 08:52:30,urgent,240,4,C,base,urgent_first,44.9,True
738,2026-01-02 08:55:32,normal,1440,10,B,base,urgent_first,2842.25,False
739,2026-01-02 08:56:24,normal,1440,2,A,base,urgent_first,2842.4666666666667,False
740,2026-01-02 08:57:02,normal,1440,4,B,base,urgent_first,2843.766666666667,False
741,2026-01-02 09:00:43,normal,1440,2,C,base,urgent_first,2844.0833333333335,False
742,2026-01-02 09:02:21,normal,1440,15,A,base,urgent_first,2867.35,False
743,2026-01-02 09:02:42,normal,1440,3,B,base,urgent_first,2868.4,False
744,2026-01-02 09:03:13,normal,1440,4,A,base,urgent_first,2872.016666666667,False
745,2026-01-02 09:03:46,normal,1440,4,B,base,urgent_first,2877.8333333333335,False
746,2026-01-02 09:04:05,normal,1440,2,A,base,urgent_first,2879.45,False
747,2026-01-02 09:05:09,normal,1440,6,A,base,urgent_first,2883.9166666666665,False
748,2026-01-02 09:07:04,urgent,240,4,C,base,urgent_first,38.45,True
749,2026-01-02 09:07:08,normal,1440,1,A,base,urgent_first,2882.883333333333,False
750,2026-01-02 09:07:12,urgent,240,3,B,base,urgent_first,39.81666666666667,True
751,2026-01-02 09:07:21,normal,1440,6,A,base,urgent_first,2887.65,False
752,2026-01-02 09:09:55,normal,1440,2,A,base,urgent_first,2886.4666666666667,False
753,2026-01-02 09:10:23,normal,1440,5,B,base,urgent_first,2893.8166666666666,False
754,2026-01-02 09:11:21,normal,1440,9,C,base,urgent_first,2906.85,False
755,2026-01-02 09:11:33,normal,1440,1,C,base,urgent_first,2907.7,False
756,2026-01-02 09:11:58,normal,1440,3,B,base,urgent_first,2908.55,False
757,2026-01-02 09:12:45,normal,1440,4,B,base,urgent_first,2910.7166666666667,False
758,2026-01-02 09:16:34,normal,1440,4,A,base,urgent_first,2910.6833333333334,False
759,2026-01-02 09:17:14,normal,1440,3,B,base,urgent_first,2912.55,False
760,2026-01-02 09:17:39,normal,1440,4,A,base,urgent_first,2916.9166666666665,False
761,2026-01-02 09:18:11,urgent,240,3,A,base,urgent_first,30.033333333333335,True
762,2026-01-02 09:18:27,normal,1440,2,B,base,urgent_first,2919.133333333333,False
763,2026-01-02 09:18:51,normal,1440,3,C,base,urgent_first,2924.5333333333333,False
764,2026-01-02 09:18:56,normal,1440,6,B,base,urgent_first,2935.133333333333,False
765,2026-01-02 09:21:39,normal,1440,3,A,base,urgent_first,2935.483333333333,False
766,2026-01-02 09:23:12,normal,1440,2,B,base,urgent_first,2937.0666666666666,False
767,2026-01-02 09:23:16,normal,1440,8,A,base,urgent_first,2949.1,False
768,2026-01-02 09:23:39,normal,1440,2,A,base,urgent_first,2949.9,False
769,2026-01-02 09:26:58,normal,1440,2,A,base,urgent_first,2948.45,False
770,2026-01-02 09:28:12,normal,1440,3,B,base,urgent_first,2950.366666666667,False
771,2026-01-02 09:30:02,normal,1440,14,A,base,urgent_first,2962.55,False
772,2026-01-02 09:31:51,normal,1440,3,C,base,urgent_first,2962.9,False
773,2026-01-02 09:32:08,normal,1440,2,B,base,urgent_first,2965.4333333333334,False
774,2026-01-02 09:32:27,normal,1440,2,A,base,urgent_first,2966.4666666666667,False
775,2026-01-02 09:32:36,normal,1440,4,A,base,urgent_first,2971.633333333333,False
776,2026-01-02 09:32:37,normal,1440,3,B,base,urgent_first,2975.15,False
777,2026-01-02 09:32:51,urgent,240,11,C,base,urgent_first,280.73333333333335,False
778,2026-01-02 09:34:09,normal,1440,6,B,base,urgent_first,2980.983333333333,False
779,2026-01-02 09:37:15,normal,1440,4,A,base,urgent_first,2981.0,False
780,2026-01-02 09:37:47,normal,1440,3,C,base,urgent_first,2985.2166666666667,False
781,2026-01-02 09:39:26,normal,1440,1,B,base,urgent_first,2984.633333333333,False
782,2026-01-02 09:40:55,normal,1440,3,A,base,urgent_first,2988.616666666667,False
783,2026-01-02 09:42:11,normal,1440,11,A,base,urgent_first,3003.8166666666666,False
784,2026-01-02 09:42:28,normal,1440,4,A,base,urgent_first,3005.133333333333,False
785,2026-01-02 09:42:51,normal,1440,7,A,base,urgent_first,3010.3333333333335,False
786,2026-01-02 09:43:50,normal,1440,1,A,base,urgent_first,3010.2833333333333,False
787,2026-01-02 09:45:06,urgent,240,3,A,base,urgent_first,269.6,False
788,2026-01-02 09:47:16,normal,1440,6,A,base,urgent_first,3014.0333333333333,False
789,2026-01-02 09:47:48,normal,1440,8,A,base,urgent_first,3019.5666666666666,False
790,2026-01-02 09:47:52,normal,1440,3,B,base,urgent_first,3021.8333333333335,False
791,2026-01-02 09:49:34,urgent,240,2,A,base,urgent_first,266.3666666666667,False
792,2026-01-02 09:50:05,normal,1440,4,C,base,urgent_first,3026.9,False
793,2026-01-02 09:50:26,normal,1440,4,A,base,urgent_first,3030.6666666666665,False
794,2026-01-02 09:50:32,normal,1440,5,A,base,urgent_first,3034.65,False
795,2026-01-02 09:52:03,normal,1440,4,C,base,urgent_first,3042.6833333333334,False
796,2026-01-02 09:52:18,normal,1440,4,B,base,urgent_first,3050.0833333333335,False
797,2026-01-02 09:53:56,normal,1440,8,A,base,urgent_first,3056.35,False
798,2026-01-02 09:54:02,normal,1440,6,C,base,urgent_first,3071.266666666667,False
799,2026-01-02 09:54:23,normal,1440,3,C,base,urgent_first,3072.483333333333,False
800,2026-01-02 09:54:43,normal,1440,4,B,base,urgent_first,3078.75,False
801,2026-01-02 09:55:30,normal,1440,6,A,base,urgent_first,3084.6833333333334,False
802,2026-01-02 09:56:11,normal,1440,2,A,base,urgent_first,3085.0666666666666,False
803,2026-01-02 09:56:23,normal,1440,5,C,base,urgent_first,3092.3166666666666,False
804,2026-01-02 09:56:37,normal,1440,4,B,base,urgent_first,3094.55,False
805,2026-01-02 09:57:02,normal,1440,21,B,base,urgent_first,3130.733333333333,False
806,2026-01-02 09:57:37,normal,1440,4,A,base,urgent_first,3131.1666666666665,False
807,2026-01-02 09:57:58,normal,1440,5,A,base,urgent_first,3133.0666666666666,False
808,2026-01-02 09:58:30,normal,1440,2,B,base,urgent_first,3133.5833333333335,False
809,2026-01-02 09:58:54,normal,1440,2,C,base,urgent_first,3135.5,False
810,2026-01-02 09:59:49,normal,1440,2,A,base,urgent_first,3136.1,False
811,2026-01-02 10:01:26,normal,1440,7,B,base,urgent_first,3145.0333333333333,False
812,2026-01-02 10:01:28,normal,1440,5,A,base,urgent_first,3147.7,False
813,2026-01-02 10:02:38,normal,1440,2,B,base,urgent_first,3148.616666666667,False
814,2026-01-02 10:03:06,normal,1440,5,A,base,urgent_first,3153.55,False
815,2026-01-02 10:03:10,normal,1440,4,B,base,urgent_first,3159.5,False
816,2026-01-02 10:04:08,normal,1440,11,B,base,urgent_first,3170.366666666667,False
817,2026-01-02 10:05:18,urgent,240,2,A,base,urgent_first,251.9,False
818,2026-01-02 10:05:31,normal,1440,3,A,base,urgent_first,3170.2166666666667,False
819,2026-01-02 10:06:27,normal,1440,3,B,base,urgent_first,3173.883333333333,False
820,2026-01-02 10:06:50,urgent,240,1,A,base,urgent_first,251.15,False
821,2026-01-02 10:07:44,normal,1440,4,B,base,urgent_first,3177.0,False
822,2026-01-02 10:07:44,normal,1440,3,B,base,urgent_first,3180.5,False
823,2026-01-02 10:09:09,normal,1440,3,C,base,urgent_first,3187.1833333333334,False
824,2026-01-02 10:10:11,normal,1440,7,B,base,urgent_first,3199.883333333333,False
825,2026-01-02 10:10:43,urgent,240,2,A,base,urgent_first,248.6,False
826,2026-01-02 10:10:57,normal,1440,5,B,base,urgent_first,3201.75,False
827,2026-01-02 10:11:06,normal,1440,2,B,base,urgent_first,3203.2833333333333,False
828,2026-01-02 10:11:10,normal,1440,3,B,base,urgent_first,3209.6833333333334,False
829,2026-01-02 10:11:18,urgent,240,2,B,base,urgent_first,249.4,False
830,2026-01-02 10:13:14,normal,1440,3,A,base,urgent_first,3210.116666666667,False
831,2026-01-02 10:13:23,normal,1440,3,A,base,urgent_first,3214.6833333333334,False
832,2026-01-02 10:13:35,normal,1440,6,A,base,urgent_first,3219.55,False
833,2026-01-02 10:14:28,normal,1440,1,C,base,urgent_first,3219.616666666667,False
834,2026-01-02 10:16:14,normal,1440,3,B,base,urgent_first,3222.5,False
835,2026-01-02 10:16:16,normal,1440,4,A,base,urgent_first,3225.1,False
836,2026-01-02 10:18:07,urgent,240,5,A,base,urgent_first,244.36666666666667,False
837,2026-01-02 10:19:33,normal,1440,2,B,base,urgent_first,3223.983333333333,False
838,2026-01-02 10:19:37,normal,1440,1,A,base,urgent_first,3225.0333333333333,False
839,2026-01-02 10:20:00,normal,1440,3,A,base,urgent_first,3228.7833333333333,False
840,2026-01-02 10:20:29,normal,1440,3,C,base,urgent_first,3236.0833333333335,False
841,2026-01-02 10:22:22,normal,1440,3,C,base,urgent_first,3241.85,False
842,2026-01-02 10:22:29,normal,1440,5,B,base,urgent_first,3247.95,False
843,2026-01-02 10:22:32,urgent,240,5,C,base,urgent_first,241.5,False
844,2026-01-02 10:24:44,normal,1440,1,B,base,urgent_first,3246.5333333333333,False
845,2026-01-02 10:25:03,normal,1440,2,C,base,urgent_first,3252.1666666666665,False
846,2026-01-02 10:25:49,normal,1440,5,A,base,urgent_first,3257.45,False
847,2026-01-02 10:25:53,normal,1440,5,A,base,urgent_first,3261.9,False
848,2026-01-02 10:25:54,normal,1440,2,C,base,urgent_first,3265.616666666667,False
849,2026-01-02 10:26:16,urgent,240,1,A,base,urgent_first,238.76666666666668,True
850,2026-01-02 10:26:20,urgent,240,1,B,base,urgent_first,239.81666666666666,True
851,2026-01-02 10:26:23,urgent,240,2,A,base,urgent_first,240.85,False
852,2026-01-02 10:26:26,normal,1440,7,B,base,urgent_first,3270.9333333333334,False
853,2026-01-02 10:27:45,normal,1440,5,A,base,urgent_first,3273.8166666666666,False
854,2026-01-02 10:28:12,normal,1440,2,A,base,urgent_first,3274.733333333333,False
855,2026-01-02 10:28:20,normal,1440,5,A,base,urgent_first,3279.9333333333334,False
856,2026-01-02 10:28:26,normal,1440,4,C,base,urgent_first,3287.6666666666665,False
857,2026-01-02 10:28:42,normal,1440,1,B,base,urgent_first,3288.55,False
858,2026-01-02 10:29:22,normal,1440,3,B,base,urgent_first,3291.616666666667,False
859,2026-01-02 10:29:45,normal,1440,8,A,base,urgent_first,3300.016666666667,False
860,2026-01-02 10:29:49,normal,1440,2,A,base,urgent_first,3300.983333333333,False
861,2026-01-02 10:30:07,normal,1440,2,B,base,urgent_first,3302.616666666667,False
862,2026-01-02 10:30:37,normal,1440,5,B,base,urgent_first,3306.15,False
863,2026-01-02 10:30:48,normal,1440,6,A,base,urgent_first,3315.55,False
864,2026-01-02 10:31:21,normal,1440,5,B,base,urgent_first,3320.9,False
865,2026-01-02 10:31:47,urgent,240,9,A,base,urgent_first,237.66666666666666,True
866,2026-01-02 10:32:13,normal,1440,2,B,base,urgent_first,3322.5833333333335,False
867,2026-01-02 10:35:10,normal,1440,1,B,base,urgent_first,3320.9166666666665,False
868,2026-01-02 10:35:25,normal,1440,7,A,base,urgent_first,3328.616666666667,False
869,2026-01-02 10:35:45,normal,1440,2,B,base,urgent_first,3330.5,False
870,2026-01-02 10:35:48,urgent,240,2,C,base,urgent_first,234.93333333333334,True
871,2026-01-02 10:36:16,normal,1440,3,A,base,urgent_first,3332.233333333333,False
872,2026-01-02 10:36:44,normal,1440,4,A,base,urgent_first,3337.5,False
873,2026-01-02 10:37:07,urgent,240,7,B,base,urgent_first,361.1166666666667,False
874,2026-01-02 10:37:21,normal,1440,3,B,base,urgent_first,3341.516666666667,False
875,2026-01-02 10:37:55,normal,1440,3,A,base,urgent_first,3343.95,False
876,2026-01-02 10:38:10,normal,1440,5,A,base,urgent_first,3350.5,False
877,2026-01-02 10:38:20,normal,1440,7,A,base,urgent_first,3356.766666666667,False
878,2026-01-02 10:38:34,normal,1440,1,A,base,urgent_first,3357.4,False
879,2026-01-02 10:39:05,urgent,240,4,A,base,urgent_first,360.75,False
880,2026-01-02 10:39:42,normal,1440,5,B,base,urgent_first,3363.8166666666666,False
881,2026-01-02 10:40:48,urgent,240,2,A,base,urgent_first,360.1166666666667,False
882,2026-01-02 10:40:51,normal,1440,2,A,base,urgent_first,3363.6,False
883,2026-01-02 10:42:14,normal,1440,2,A,base,urgent_first,3364.016666666667,False
884,2026-01-02 10:42:52,normal,1440,3,A,base,urgent_first,3368.8166666666666,False
885,2026-01-02 10:43:19,normal,1440,5,A,base,urgent_first,3377.6666666666665,False
886,2026-01-02 10:43:21,normal,1440,8,A,base,urgent_first,3385.883333333333,False
887,2026-01-02 10:43:28,normal,1440,4,C,base,urgent_first,3392.4166666666665,False
888,2026-01-02 10:43:46,normal,1440,1,A,base,urgent_first,3393.4666666666667,False
889,2026-01-02 10:44:04,normal,1440,2,C,base,urgent_first,3398.05,False
890,2026-01-02 10:44:23,normal,1440,3,C,base,urgent_first,3406.3166666666666,False
891,2026-01-02 10:45:45,normal,1440,3,C,base,urgent_first,3413.5666666666666,False
892,2026-01-02 10:46:06,normal,1440,1,A,base,urgent_first,3414.55,False
893,2026-01-02 10:46:16,normal,1440,5,C,base,urgent_first,3425.4166666666665,False
894,2026-01-02 10:46:17,normal,1440,2,C,base,urgent_first,3427.3166666666666,False
895,2026-01-02 10:46:18,normal,1440,3,B,base,urgent_first,3432.9333333333334,False
896,2026-01-02 10:46:43,normal,1440,3,A,base,urgent_first,3437.516666666667,False
897,2026-01-02 10:48:10,normal,1440,4,C,base,urgent_first,3440.4666666666667,False
898,2026-01-02 10:48:11,normal,1440,3,B,base,urgent_first,3444.45,False
899,2026-01-02 10:48:21,urgent,240,7,C,base,urgent_first,354.55,False
900,2026-01-02 10:49:13,normal,1440,2,B,base,urgent_first,3447.5833333333335,False
901,2026-01-02 10:49:42,normal,1440,2,C,base,urgent_first,3452.4666666666667,False
902,2026-01-02 10:50:11,normal,1440,6,A,base,urgent_first,3458.366666666667,False
903,2026-01-02 10:51:11,normal,1440,1,A,base,urgent_first,3458.3333333333335,False
904,2026-01-02 10:53:16,normal,1440,20,A,base,urgent_first,3476.9166666666665,False
905,2026-01-02 10:54:14,urgent,240,2,A,base,urgent_first,349.73333333333335,False
906,2026-01-02 10:54:31,normal,1440,7,B,base,urgent_first,3477.4666666666667,False
907,2026-01-02 10:55:22,normal,1440,4,B,base,urgent_first,3478.7833333333333,False
908,2026-01-02 10:55:33,normal,1440,4,B,base,urgent_first,3482.733333333333,False
909,2026-01-02 10:56:08,normal,1440,4,B,base,urgent_first,3488.5833333333335,False
910,2026-01-02 10:56:23,normal,1440,6,A,base,urgent_first,3493.85,False
911,2026-01-02 10:56:43,normal,1440,1,B,base,urgent_first,3494.75,False
912,2026-01-02 10:57:54,normal,1440,1,A,base,urgent_first,3495.116666666667,False
913,2026-01-02 10:58:12,normal,1440,2,A,base,urgent_first,3499.2166666666667,False
914,2026-01-02 10:58:42,normal,1440,5,A,base,urgent_first,3505.0833333333335,False
915,2026-01-02 10:59:14,urgent,240,10,C,base,urgent_first,346.9,False
916,2026-01-02 11:00:02,normal,1440,3,C,base,urgent_first,3511.3333333333335,False
917,2026-01-02 11:00:05,normal,1440,1,A,base,urgent_first,3512.366666666667,False
918,2026-01-02 11:00:11,normal,1440,5,B,base,urgent_first,3518.25,False
919,2026-01-02 11:01:46,normal,1440,5,B,base,urgent_first,3523.733333333333,False
920,2026-01-02 11:03:12,normal,1440,4,A,base,urgent_first,3526.35,False
921,2026-01-02 11:03:14,normal,1440,3,A,base,urgent_first,3529.016666666667,False
922,2026-01-02 11:04:33,normal,1440,10,B,base,urgent_first,3539.4333333333334,False
923,2026-01-02 11:04:59,normal,1440,4,C,base,urgent_first,3542.55,False
924,2026-01-02 11:06:22,normal,1440,1,A,base,urgent_first,3542.6,False
925,2026-01-02 11:07:08,normal,1440,2,B,base,urgent_first,3544.766666666667,False
926,2026-01-02 11:07:31,normal,1440,2,A,base,urgent_first,3545.5333333333333,False
927,2026-01-02 11:08:08,normal,1440,4,A,base,urgent_first,3550.1666666666665,False
928,2026-01-02 11:09:44,normal,1440,5,B,base,urgent_first,3555.2166666666667,False
929,2026-01-02 11:10:05,normal,1440,7,B,base,urgent_first,3564.3333333333335,False
930,2026-01-02 11:10:48,normal,1440,2,A,base,urgent_first,3564.8333333333335,False
931,2026-01-02 11:11:10,normal,1440,10,B,base,urgent_first,3576.5,False
932,2026-01-02 11:11:28,urgent,240,10,B,base,urgent_first,337.23333333333335,False
933,2026-01-02 11:11:54,normal,1440,7,A,base,urgent_first,3581.3166666666666,False
934,2026-01-02 11:12:58,normal,1440,3,A,base,urgent_first,3582.883333333333,False
935,2026-01-02 11:13:11,normal,1440,6,A,base,urgent_first,3587.016666666667,False
936,2026-01-02 11:13:24,normal,1440,3,A,base,urgent_first,3589.1,False
937,2026-01-02 11:13:38,normal,1440,4,A,base,urgent_first,3591.1666666666665,False
938,2026-01-02 11:14:13,urgent,240,4,B,base,urgent_first,335.8666666666667,False
939,2026-01-02 11:15:02,normal,1440,3,B,base,urgent_first,3596.0333333333333,False
940,2026-01-02 11:15:16,normal,1440,2,C,base,urgent_first,3598.25,False
941,2026-01-02 11:15:46,normal,1440,3,A,base,urgent_first,3600.883333333333,False
942,2026-01-02 11:16:24,urgent,240,8,B,base,urgent_first,335.7,False
943,2026-01-02 11:16:50,urgent,240,5,B,base,urgent_first,336.6333333333333,False
944,2026-01-02 11:17:01,normal,1440,3,A,base,urgent_first,3604.2,False
945,2026-01-02 11:17:45,urgent,240,8,A,base,urgent_first,338.1166666666667,False
946,2026-01-02 11:18:41,normal,1440,2,A,base,urgent_first,3603.5666666666666,False
947,2026-01-02 11:20:14,normal,1440,9,B,base,urgent_first,3616.8166666666666,False
948,2026-01-02 11:20:37,normal,1440,6,C,base,urgent_first,3624.8,False
949,2026-01-02 11:21:34,normal,1440,2,B,base,urgent_first,3625.7833333333333,False
950,2026-01-02 11:24:27,normal,1440,5,C,base,urgent_first,3630.133333333333,False
951,2026-01-02 11:24:48,normal,1440,6,B,base,urgent_first,3641.0,False
952,2026-01-02 11:24:58,normal,1440,2,A,base,urgent_first,3643.15,False
953,2026-01-02 11:25:04,normal,1440,16,A,base,urgent_first,3658.5833333333335,False
954,2026-01-02 11:25:09,normal,1440,2,A,base,urgent_first,3659.8333333333335,False
955,2026-01-02 11:25:38,urgent,240,2,C,base,urgent_first,331.68333333333334,False
956,2026-01-02 11:25:55,normal,1440,3,A,base,urgent_first,3660.3166666666666,False
957,2026-01-02 11:26:44,normal,1440,8,C,base,urgent_first,3674.5,False
958,2026-01-02 11:27:34,normal,1440,4,B,base,urgent_first,3680.633333333333,False
959,2026-01-02 11:27:46,normal,1440,3,C,base,urgent_first,3685.3166666666666,False
960,2026-01-02 11:28:12,normal,1440,4,A,base,urgent_first,3692.4166666666665,False
961,2026-01-02 11:28:34,normal,1440,7,A,base,urgent_first,3698.85,False
962,2026-01-02 11:28:53,normal,1440,3,A,base,urgent_first,3700.25,False
963,2026-01-02 11:29:31,normal,1440,3,B,base,urgent_first,3704.516666666667,False
964,2026-01-02 11:29:43,normal,1440,4,A,base,urgent_first,3708.2,False
965,2026-01-02 11:30:40,normal,1440,12,B,base,urgent_first,3731.1666666666665,False
966,2026-01-02 11:33:15,normal,1440,1,A,base,urgent_first,3729.5,False
967,2026-01-02 11:33:23,normal,1440,4,C,base,urgent_first,3732.75,False
968,2026-01-02 11:33:43,normal,1440,5,B,base,urgent_first,3736.4666666666667,False
969,2026-01-02 11:34:05,normal,1440,2,B,base,urgent_first,3738.15,False
970,2026-01-02 11:34:12,normal,1440,5,B,base,urgent_first,3748.4166666666665,False
971,2026-01-02 11:36:05,normal,1440,1,A,base,urgent_first,3747.35,False
972,2026-01-02 11:36:22,normal,1440,4,B,base,urgent_first,3751.55,False
973,2026-01-02 11:36:24,normal,1440,3,A,base,urgent_first,3755.5333333333333,False
974,2026-01-02 11:37:10,normal,1440,4,A,base,urgent_first,3762.45,False
975,2026-01-02 11:37:14,urgent,240,2,C,base,urgent_first,321.21666666666664,False
976,2026-01-02 11:37:36,normal,1440,5,A,base,urgent_first,3765.133333333333,False
977,2026-01-02 11:38:20,normal,1440,9,A,base,urgent_first,3777.65,False
978,2026-01-02 11:40:12,normal,1440,1,A,base,urgent_first,3776.8166666666666,False
979,2026-01-02 11:40:44,normal,1440,3,C,base,urgent_first,3782.0666666666666,False
980,2026-01-02 11:40:47,normal,1440,5,A,base,urgent_first,3788.7166666666667,False
981,2026-01-02 11:40:56,normal,1440,3,C,base,urgent_first,3793.366666666667,False
982,2026-01-02 11:41:26,normal,1440,4,A,base,urgent_first,3796.2833333333333,False
983,2026-01-02 11:42:14,normal,1440,3,A,base,urgent_first,3797.9166666666665,False
984,2026-01-02 11:42:52,normal,1440,3,B,base,urgent_first,3802.5666666666666,False
985,2026-01-02 11:44:07,normal,1440,4,A,base,urgent_first,3804.5833333333335,False
986,2026-01-02 11:44:09,normal,1440,5,A,base,urgent_first,3808.65,False
987,2026-01-02 11:44:32,normal,1440,3,C,base,urgent_first,3812.9666666666667,False
988,2026-01-02 11:45:08,normal,1440,3,A,base,urgent_first,3817.383333333333,False
989,2026-01-02 11:45:21,normal,1440,3,A,base,urgent_first,3820.4166666666665,False
990,2026-01-02 11:45:24,normal,1440,2,B,base,urgent_first,3824.8,False
991,2026-01-02 11:46:16,normal,1440,4,A,base,urgent_first,3829.1666666666665,False
992,2026-01-02 11:46:26,urgent,240,3,B,base,urgent_first,313.1,False
993,2026-01-02 11:47:00,normal,1440,2,B,base,urgent_first,3829.8166666666666,False
994,2026-01-02 11:47:11,normal,1440,4,C,base,urgent_first,3840.6666666666665,False
995,2026-01-02 11:48:15,normal,1440,3,A,base,urgent_first,3841.2166666666667,False
996,2026-01-02 11:48:24,normal,1440,5,A,base,urgent_first,3846.9666666666667,False
997,2026-01-02 11:49:39,normal,1440,6,B,base,urgent_first,3853.383333333333,False
998,2026-01-02 11:49:50,normal,1440,1,A,base,urgent_first,3854.2,False
999,2026-01-02 11:50:17,normal,1440,3,A,base,urgent_first,3855.8333333333335,False
1000,2026-01-02 11:50:24,normal,1440,1,C,base,urgent_first,3858.383333333333,False
1001,2026-01-02 11:50:44,urgent,240,2,A,base,urgent_first,309.9166666666667,False
1002,2026-01-02 11:52:46,normal,1440,6,A,base,urgent_first,3867.0833333333335,False
1003,2026-01-02 11:52:51,normal,1440,3,B,base,urgent_first,3872.75,False
1004,2026-01-02 11:53:38,normal,1440,4,A,base,urgent_first,3874.8333333333335,False
1005,2026-01-02 11:53:50,normal,1440,4,A,base,urgent_first,3877.95,False
1006,2026-01-02 11:54:12,normal,1440,5,A,base,urgent_first,3882.9166666666665,False
1007,2026-01-02 11:54:15,normal,1440,3,C,base,urgent_first,3887.8166666666666,False
1008,2026-01-02 11:55:07,normal,1440,5,A,base,urgent_first,3892.3333333333335,False
1009,2026-01-02 11:56:11,normal,1440,8,A,base,urgent_first,3898.633333333333,False
1010,2026-01-02 11:56:55,urgent,240,2,C,base,urgent_first,304.76666666666665,False
1011,2026-01-02 11:57:23,normal,1440,2,A,base,urgent_first,3898.4,False
1012,2026-01-02 11:57:24,normal,1440,3,A,base,urgent_first,3901.2,False
1013,2026-01-02 11:58:36,normal,1440,5,B,base,urgent_first,3905.983333333333,False
1014,2026-01-02 11:59:09,normal,1440,13,A,base,urgent_first,3919.5666666666666,False
1015,2026-01-02 11:59:28,normal,1440,3,A,base,urgent_first,3920.4,False
1016,2026-01-02 11:59:30,normal,1440,1,A,base,urgent_first,3921.9,False
1017,2026-01-02 11:59:46,normal,1440,3,A,base,urgent_first,3924.3333333333335,False
1018,2026-01-02 11:59:47,normal,1440,4,B,base,urgent_first,3928.133333333333,False
1019,2026-01-02 11:59:59,normal,1440,5,A,base,urgent_first,3935.8166666666666,False
1020,2026-01-02 12:00:32,normal,1440,2,B,base,urgent_first,3938.6666666666665,False
1021,2026-01-02 12:02:56,urgent,240,2,A,base,urgent_first,300.05,False
1022,2026-01-02 12:03:14,normal,1440,7,B,base,urgent_first,3944.1666666666665,False
1023,2026-01-02 12:03:24,normal,1440,2,C,base,urgent_first,3945.8,False
1024,2026-01-02 12:04:13,normal,1440,6,B,base,urgent_first,3954.0,False
1025,2026-01-02 12:05:30,normal,1440,2,B,base,urgent_first,3954.0833333333335,False
1026,2026-01-02 12:06:14,normal,1440,6,A,base,urgent_first,3962.55,False
1027,2026-01-02 12:07:28,normal,1440,7,A,base,urgent_first,3967.45,False
1028,2026-01-02 12:07:33,normal,1440,8,A,base,urgent_first,3974.116666666667,False
1029,2026-01-02 12:07:58,normal,1440,2,C,base,urgent_first,3975.5833333333335,False
1030,2026-01-02 12:09:23,normal,1440,7,B,base,urgent_first,3984.75,False
1031,2026-01-02 12:09:27,normal,1440,2,A,base,urgent_first,3985.5,False
1032,2026-01-02 12:09:46,normal,1440,3,B,base,urgent_first,3988.1666666666665,False
1033,2026-01-02 12:09:47,normal,1440,1,A,base,urgent_first,3989.7166666666667,False
1034,2026-01-02 12:11:17,urgent,240,8,B,base,urgent_first,293.8666666666667,False
1035,2026-01-02 12:11:44,normal,1440,6,A,base,urgent_first,3995.616666666667,False
1036,2026-01-02 12:12:21,normal,1440,1,A,base,urgent_first,3996.4166666666665,False
1037,2026-01-02 12:13:05,normal,1440,5,B,base,urgent_first,4002.05,False
1038,2026-01-02 12:14:03,normal,1440,4,A,base,urgent_first,4003.483333333333,False
1039,2026-01-02 12:14:04,normal,1440,3,A,base,urgent_first,4005.883333333333,False
1040,2026-01-02 12:14:29,normal,1440,8,B,base,urgent_first,4011.233333333333,False
1041,2026-01-02 12:15:31,urgent,240,2,C,base,urgent_first,291.05,False
1042,2026-01-02 12:17:32,normal,1440,4,B,base,urgent_first,4012.733333333333,False
1043,2026-01-02 12:17:42,normal,1440,3,C,base,urgent_first,4019.05,False
1044,2026-01-02 12:18:17,normal,1440,3,A,base,urgent_first,4019.65,False
1045,2026-01-02 12:18:28,normal,1440,4,B,base,urgent_first,4025.1,False
1046,2026-01-02 12:20:44,normal,1440,1,C,base,urgent_first,4024.35,False
1047,2026-01-02 12:23:01,normal,1440,7,C,base,urgent_first,4035.6666666666665,False
1048,2026-01-02 12:23:21,normal,1440,8,A,base,urgent_first,4038.733333333333,False
1049,2026-01-02 12:25:19,normal,1440,4,A,base,urgent_first,4039.8166666666666,False
1050,2026-01-02 12:26:20,normal,1440,1,A,base,urgent_first,4040.0,False
1051,2026-01-02 12:27:17,normal,1440,5,C,base,urgent_first,4049.25,False
1052,2026-01-02 12:30:03,normal,1440,2,B,base,urgent_first,4047.95,False
1053,2026-01-02 12:30:20,normal,1440,4,C,base,urgent_first,4054.7166666666667,False
1054,2026-01-02 12:30:49,normal,1440,6,B,base,urgent_first,4059.9166666666665,False
1055,2026-01-02 12:31:35,normal,1440,2,B,base,urgent_first,4060.75,False
1056,2026-01-02 12:31:39,urgent,240,6,B,base,urgent_first,276.43333333333334,False
1057,2026-01-02 12:31:51,normal,1440,2,A,base,urgent_first,4064.383333333333,False
1058,2026-01-02 12:32:05,normal,1440,9,A,base,urgent_first,4076.3333333333335,False
1059,2026-01-02 12:32:36,normal,1440,6,B,base,urgent_first,4084.483333333333,False
1060,2026-01-02 12:34:51,normal,1440,7,A,base,urgent_first,4101.4,False
1061,2026-01-02 12:36:36,normal,1440,7,A,base,urgent_first,4112.1,False
1062,2026-01-02 12:36:39,normal,1440,6,A,base,urgent_first,4116.233333333334,False
1063,2026-01-02 12:37:47,normal,1440,19,B,base,urgent_first,4443.483333333334,False
1064,2026-01-02 12:37:55,normal,1440,2,A,base,urgent_first,4735.9,False
1065,2026-01-02 12:40:15,normal,1440,4,A,base,urgent_first,4888.616666666667,False
1066,2026-01-02 12:40:27,normal,1440,6,A,base,urgent_first,4890.216666666666,False
1067,2026-01-02 12:43:31,normal,1440,2,B,base,urgent_first,4888.216666666666,False
1068,2026-01-02 12:43:46,normal,1440,6,A,base,urgent_first,4889.616666666667,False
1069,2026-01-02 12:44:13,normal,1440,4,B,base,urgent_first,4890.616666666667,False
1070,2026-01-02 12:44:44,urgent,240,2,C,base,urgent_first,264.76666666666665,False
1071,2026-01-02 12:44:49,normal,1440,7,A,base,urgent_first,4891.816666666667,False
1072,2026-01-02 12:45:22,normal,1440,3,A,base,urgent_first,4892.383333333333,False
1073,2026-01-02 12:46:21,normal,1440,5,A,base,urgent_first,4892.75,False
1074,2026-01-02 12:46:53,normal,1440,10,A,base,urgent_first,4894.483333333334,False
1075,2026-01-02 12:47:13,normal,1440,4,B,base,urgent_first,4895.35,False
1076,2026-01-02 12:47:23,normal,1440,2,A,base,urgent_first,4896.4,False
1077,2026-01-02 12:47:52,normal,1440,3,A,base,urgent_first,4897.583333333333,False
1078,2026-01-02 12:47:53,normal,1440,8,B,base,urgent_first,4899.55,False
1079,2026-01-02 12:48:24,urgent,240,5,A,base,urgent_first,263.18333333333334,False
1080,2026-01-02 12:49:01,normal,1440,10,B,base,urgent_first,4900.333333333333,False
1081,2026-01-02 12:49:50,urgent,240,3,B,base,urgent_first,263.03333333333336,False
1082,2026-01-02 12:50:59,normal,1440,2,A,base,urgent_first,4899.633333333333,False
1083,2026-01-02 12:51:28,normal,1440,3,B,base,urgent_first,4900.633333333333,False
1084,2026-01-02 12:51:36,normal,1440,3,A,base,urgent_first,4902.133333333333,False
1085,2026-01-02 12:51:45,urgent,240,2,A,base,urgent_first,262.1666666666667,False
1086,2026-01-02 12:52:36,normal,1440,3,C,base,urgent_first,4902.7,False
1087,2026-01-02 12:52:52,normal,1440,10,A,base,urgent_first,4905.15,False
1088,2026-01-02 12:54:56,normal,1440,5,A,base,urgent_first,4904.483333333334,False
1089,2026-01-02 12:55:38,normal,1440,3,B,base,urgent_first,4905.616666666667,False
1090,2026-01-02 12:55:46,normal,1440,3,B,base,urgent_first,4906.7,False
1091,2026-01-02 12:56:18,urgent,240,2,A,base,urgent_first,259.01666666666665,False
1092,2026-01-02 12:57:12,urgent,240,3,B,base,urgent_first,259.85,False
1093,2026-01-02 12:57:24,normal,1440,7,A,base,urgent_first,4907.716666666666,False
1094,2026-01-02 12:58:12,normal,1440,5,C,base,urgent_first,4908.866666666667,False
1095,2026-01-02 12:59:14,normal,1440,4,A,base,urgent_first,4909.183333333333,False
1096,2026-01-02 12:59:36,normal,1440,5,B,base,urgent_first,4910.216666666666,False
1097,2026-01-02 12:59:56,normal,1440,1,A,base,urgent_first,4910.666666666667,False
1098,2026-01-02 13:01:05,urgent,240,2,B,base,urgent_first,257.45,False
1099,2026-01-02 13:01:58,urgent,240,5,B,base,urgent_first,258.15,False
1100,2026-01-02 13:03:22,urgent,240,3,A,base,urgent_first,258.3,False
1101,2026-01-02 13:03:31,normal,1440,3,C,base,urgent_first,4908.666666666667,False
1102,2026-01-02 13:06:07,normal,1440,4,A,base,urgent_first,4907.75,False
1103,2026-01-02 13:06:49,normal,1440,3,A,base,urgent_first,4908.266666666666,False
1104,2026-01-02 13:07:11,normal,1440,4,B,base,urgent_first,4909.416666666667,False
1105,2026-01-02 13:12:59,normal,1440,6,B,base,urgent_first,4905.183333333333,False
1106,2026-01-02 13:13:08,normal,1440,6,B,base,urgent_first,4906.316666666667,False
1107,2026-01-02 13:18:03,normal,1440,2,A,base,urgent_first,4902.583333333333,False
1108,2026-01-02 13:20:10,normal,1440,3,B,base,urgent_first,4901.766666666666,False
1109,2026-01-02 13:20:49,normal,1440,2,A,base,urgent_first,4902.333333333333,False
1110,2026-01-02 13:22:49,normal,1440,2,A,base,urgent_first,4901.4,False
1111,2026-01-02 13:24:15,normal,1440,3,C,base,urgent_first,4901.3,False
1112,2026-01-02 13:26:07,normal,1440,2,A,base,urgent_first,4900.7,False
1113,2026-01-02 13:26:40,urgent,240,2,A,base,urgent_first,236.13333333333333,True
1114,2026-01-02 13:28:05,normal,1440,2,B,base,urgent_first,4900.05,False
1115,2026-01-02 13:31:12,normal,1440,3,A,base,urgent_first,4898.1,False
1116,2026-01-02 13:34:34,normal,1440,4,B,base,urgent_first,4895.966666666666,False
1117,2026-01-02 13:38:04,normal,1440,3,A,base,urgent_first,4894.183333333333,False
1118,2026-01-02 13:38:19,normal,1440,5,C,base,urgent_first,4895.45,False
1119,2026-01-02 13:42:55,normal,1440,4,A,base,urgent_first,4892.383333333333,False
1120,2026-01-02 13:44:10,urgent,240,2,B,base,urgent_first,219.9,True
1121,2026-01-02 13:47:07,normal,1440,4,B,base,urgent_first,4889.216666666666,False
1122,2026-01-02 13:48:07,normal,1440,3,A,base,urgent_first,4889.616666666667,False
1123,2026-01-02 13:50:01,normal,1440,4,C,base,urgent_first,4889.4,False
1124,2026-01-02 13:53:04,normal,1440,3,C,base,urgent_first,4887.283333333334,False
1125,2026-01-02 13:55:17,normal,1440,3,A,base,urgent_first,4886.366666666667,False
1126,2026-01-02 13:57:54,normal,1440,3,A,base,urgent_first,4884.9,False
1127,2026-01-02 13:58:44,normal,1440,3,A,base,urgent_first,4885.266666666666,False
1128,2026-01-02 14:02:50,normal,1440,4,A,base,urgent_first,4882.4,False
1129,2026-01-02 14:04:41,normal,1440,4,A,base,urgent_first,4881.883333333333,False
1130,2026-01-02 14:05:14,normal,1440,2,C,base,urgent_first,4882.6,False
1131,2026-01-02 14:09:14,normal,1440,6,B,base,urgent_first,4880.633333333333,False
1132,2026-01-02 14:10:12,normal,1440,2,C,base,urgent_first,4880.733333333334,False
1133,2026-01-02 14:10:39,normal,1440,4,C,base,urgent_first,4881.866666666667,False
1134,2026-01-02 14:15:59,normal,1440,4,A,base,urgent_first,4878.066666666667,False
1135,2026-01-02 14:18:41,normal,1440,4,A,base,urgent_first,4879.75,False
1136,2026-01-02 14:20:45,normal,1440,4,A,base,urgent_first,4880.316666666667,False
1137,2026-01-02 14:24:19,normal,1440,2,C,base,urgent_first,4880.366666666667,False
1138,2026-01-02 14:24:45,normal,1440,3,A,base,urgent_first,4885.233333333334,False
1139,2026-01-02 14:25:34,normal,1440,2,A,base,urgent_first,4886.433333333333,False
1140,2026-01-02 14:25:54,normal,1440,11,A,base,urgent_first,4900.6,False
1141,2026-01-02 14:26:12,normal,1440,4,B,base,urgent_first,4902.883333333333,False
1142,2026-01-02 14:26:51,normal,1440,4,B,base,urgent_first,4907.65,False
1143,2026-01-02 14:28:27,normal,1440,4,A,base,urgent_first,4912.1,False
1144,2026-01-02 14:31:52,urgent,240,5,A,base,urgent_first,173.55,True
1145,2026-01-02 14:37:41,normal,1440,4,A,base,urgent_first,4905.066666666667,False
1146,2026-01-02 14:38:38,normal,1440,3,A,base,urgent_first,4908.783333333334,False
1147,2026-01-02 14:42:18,normal,1440,18,A,base,urgent_first,4926.15,False
1148,2026-01-02 14:42:52,normal,1440,3,A,base,urgent_first,4926.85,False
1149,2026-01-02 14:45:17,normal,1440,2,B,base,urgent_first,4925.983333333334,False
1150,2026-01-02 14:46:17,normal,1440,12,B,base,urgent_first,4943.35,False
1151,2026-01-02 14:46:47,normal,1440,9,A,base,urgent_first,4951.033333333334,False
1152,2026-01-02 14:47:06,normal,1440,16,B,base,urgent_first,4973.95,False
1153,2026-01-02 14:52:57,normal,1440,4,A,base,urgent_first,4969.266666666666,False
1154,2026-01-02 14:56:04,urgent,240,2,B,base,urgent_first,150.43333333333334,True
1155,2026-01-02 15:02:13,urgent,240,3,A,base,urgent_first,145.5,True
1156,2026-01-02 15:03:09,normal,1440,2,A,base,urgent_first,4960.3,False
1157,2026-01-02 15:04:12,normal,1440,2,C,base,urgent_first,4962.616666666667,False
1158,2026-01-02 15:04:38,urgent,240,4,A,base,urgent_first,144.33333333333334,True
1159,2026-01-02 15:04:45,normal,1440,3,B,base,urgent_first,4964.333333333333,False
1160,2026-01-02 15:05:58,normal,1440,7,B,base,urgent_first,4967.483333333334,False
1161,2026-01-02 15:07:15,normal,1440,3,A,base,urgent_first,4968.133333333333,False
1162,2026-01-02 15:08:38,normal,1440,4,B,base,urgent_first,4968.8,False
1163,2026-01-02 15:09:05,normal,1440,2,C,base,urgent_first,4972.716666666666,False
1164,2026-01-02 15:13:24,normal,1440,8,A,base,urgent_first,4977.766666666666,False
1165,2026-01-02 15:14:18,normal,1440,4,B,base,urgent_first,4982.166666666667,False
1166,2026-01-02 15:17:10,normal,1440,2,B,base,urgent_first,4981.433333333333,False
1167,2026-01-02 15:19:25,normal,1440,6,A,base,urgent_first,4987.633333333333,False
1168,2026-01-02 15:19:37,normal,1440,1,A,base,urgent_first,4988.55,False
1169,2026-01-02 15:20:27,normal,1440,2,C,base,urgent_first,4990.016666666666,False
1170,2026-01-02 15:20:31,normal,1440,8,C,base,urgent_first,5007.25,False
1171,2026-01-02 15:24:06,urgent,240,3,C,base,urgent_first,126.78333333333333,True
1172,2026-01-02 15:24:34,normal,1440,1,A,base,urgent_first,5004.133333333333,False
1173,2026-01-02 15:26:11,normal,1440,3,A,base,urgent_first,5005.183333333333,False
1174,2026-01-02 15:26:13,normal,1440,3,B,base,urgent_first,5008.75,False
1175,2026-01-02 15:26:56,normal,1440,3,B,base,urgent_first,5013.3,False
1176,2026-01-02 15:26:58,normal,1440,5,B,base,urgent_first,5022.183333333333,False
1177,2026-01-02 15:27:45,normal,1440,5,A,base,urgent_first,5024.25,False
1178,2026-01-02 15:28:00,normal,1440,2,B,base,urgent_first,5026.216666666666,False
1179,2026-01-02 15:28:43,normal,1440,7,A,base,urgent_first,5038.333333333333,False
1180,2026-01-02 15:28:56,normal,1440,2,A,base,urgent_first,5039.066666666667,False
1181,2026-01-02 15:29:09,normal,1440,11,B,base,urgent_first,5058.4,False
1182,2026-01-02 15:29:20,normal,1440,3,A,base,urgent_first,5059.933333333333,False
1183,2026-01-02 15:29:48,normal,1440,6,A,base,urgent_first,5061.833333333333,False
1184,2026-01-02 15:30:45,normal,1440,18,A,base,urgent_first,5079.683333333333,False
1185,2026-01-02 15:30:55,normal,1440,12,B,base,urgent_first,5089.25,False
1186,2026-01-02 15:30:59,normal,1440,4,A,base,urgent_first,5090.666666666667,False
1187,2026-01-02 15:31:43,normal,1440,5,A,base,urgent_first,5093.166666666667,False
1188,2026-01-02 15:32:09,normal,1440,5,B,base,urgent_first,5100.283333333334,False
1189,2026-01-02 15:32:30,normal,1440,5,A,base,urgent_first,5105.3,False
1190,2026-01-02 15:33:35,normal,1440,5,B,base,urgent_first,5110.083333333333,False
1191,2026-01-02 15:33:38,normal,1440,4,C,base,urgent_first,5118.616666666667,False
1192,2026-01-02 15:33:44,urgent,240,4,B,base,urgent_first,118.83333333333333,True
1193,2026-01-02 15:36:01,normal,1440,3,B,base,urgent_first,5120.316666666667,False
1194,2026-01-02 15:36:08,normal,1440,2,A,base,urgent_first,5122.0,False
1195,2026-01-02 15:36:20,normal,1440,6,A,base,urgent_first,5130.983333333334,False
1196,2026-01-02 15:37:25,normal,1440,7,A,base,urgent_first,5139.766666666666,False
1197,2026-01-02 15:37:29,normal,1440,1,A,base,urgent_first,5140.733333333334,False
1198,2026-01-02 15:37:35,normal,1440,2,B,base,urgent_first,5142.033333333334,False
1199,2026-01-02 15:37:46,normal,1440,2,A,base,urgent_first,5143.966666666666,False
1200,2026-01-02 15:38:17,urgent,240,2,C,base,urgent_first,115.73333333333333,True
1201,2026-01-02 15:40:32,normal,1440,3,A,base,urgent_first,5143.716666666666,False
1202,2026-01-02 15:40:42,normal,1440,4,A,base,urgent_first,5150.7,False
1203,2026-01-02 15:40:59,normal,1440,3,A,base,urgent_first,5154.933333333333,False
1204,2026-01-02 15:41:21,urgent,240,3,C,base,urgent_first,114.23333333333333,True
1205,2026-01-02 15:43:50,normal,1440,4,B,base,urgent_first,5155.283333333334,False
1206,2026-01-02 15:44:23,normal,1440,3,A,base,urgent_first,5156.983333333334,False
1207,2026-01-02 15:44:40,urgent,240,2,B,base,urgent_first,112.15,True
1208,2026-01-02 15:45:14,normal,1440,2,A,base,urgent_first,5158.783333333334,False
1209,2026-01-02 15:45:34,normal,1440,4,B,base,urgent_first,5164.616666666667,False
1210,2026-01-02 15:46:38,normal,1440,2,C,base,urgent_first,5166.766666666666,False
1211,2026-01-02 15:49:17,normal,1440,6,B,base,urgent_first,5173.483333333334,False
1212,2026-01-02 15:49:19,normal,1440,2,C,base,urgent_first,5176.583333333333,False
1213,2026-01-02 15:50:24,urgent,240,2,B,base,urgent_first,107.36666666666666,True
1214,2026-01-02 15:55:00,normal,1440,3,A,base,urgent_first,5178.3,False
1215,2026-01-02 15:55:06,normal,1440,3,C,base,urgent_first,5184.533333333334,False
1216,2026-01-02 15:55:21,normal,1440,4,A,base,urgent_first,5188.25,False
1217,2026-01-02 15:55:59,normal,1440,4,C,base,urgent_first,5196.383333333333,False
1218,2026-01-02 15:57:13,urgent,240,2,B,base,urgent_first,101.46666666666667,True
1219,2026-01-02 15:57:24,normal,1440,3,B,base,urgent_first,5198.016666666666,False
1220,2026-01-02 15:57:54,urgent,240,2,A,base,urgent_first,101.81666666666666,True
1221,2026-01-02 15:58:51,normal,1440,3,A,base,urgent_first,5199.416666666667,False
1222,2026-01-02 15:59:10,normal,1440,3,C,base,urgent_first,5203.933333333333,False
1223,2026-01-02 15:59:15,normal,1440,7,A,base,urgent_first,5211.2,False
1224,2026-01-02 16:00:46,normal,1440,2,A,base,urgent_first,5211.333333333333,False
1225,2026-01-02 16:01:28,normal,1440,1,B,base,urgent_first,5213.883333333333,False
1226,2026-01-02 16:02:00,normal,1440,13,B,base,urgent_first,5231.283333333334,False
1227,2026-01-02 16:03:21,urgent,240,4,B,base,urgent_first,97.93333333333334,True
1228,2026-01-02 16:03:31,urgent,240,5,C,base,urgent_first,99.86666666666666,True
1229,2026-01-02 16:03:37,normal,1440,6,C,base,urgent_first,5234.083333333333,False
1230,2026-01-02 16:04:54,normal,1440,5,A,base,urgent_first,5236.783333333334,False
1231,2026-01-02 16:06:01,urgent,240,3,A,base,urgent_first,98.53333333333333,True
1232,2026-01-02 16:06:13,normal,1440,2,B,base,urgent_first,5238.25,False
1233,2026-01-02 16:07:52,normal,1440,9,A,base,urgent_first,5247.133333333333,False
1234,2026-01-02 16:10:19,normal,1440,2,A,base,urgent_first,5246.116666666667,False
1235,2026-01-02 16:10:21,normal,1440,3,B,base,urgent_first,5248.1,False
1236,2026-01-02 16:10:32,normal,1440,2,B,base,urgent_first,5250.9,False
1237,2026-01-02 16:11:33,normal,1440,5,B,base,urgent_first,5256.6,False
1238,2026-01-02 16:12:48,normal,1440,8,A,base,urgent_first,5264.483333333334,False
1239,2026-01-02 16:13:09,normal,1440,1,A,base,urgent_first,5265.1,False
1240,2026-01-02 16:13:44,normal,1440,1,C,base,urgent_first,5266.516666666666,False
1241,2026-01-02 16:14:26,normal,1440,4,A,base,urgent_first,5269.066666666667,False
1242,2026-01-02 16:15:26,normal,1440,4,B,base,urgent_first,5275.816666666667,False
1243,2026-01-02 16:16:07,normal,1440,3,B,base,urgent_first,5285.566666666667,False
1244,2026-01-02 16:16:14,normal,1440,9,B,base,urgent_first,5303.066666666667,False
1245,2026-01-02 16:18:21,normal,1440,3,B,base,urgent_first,5306.133333333333,False
1246,2026-01-02 16:18:31,normal,1440,4,A,base,urgent_first,5309.7,False
1247,2026-01-02 16:19:32,normal,1440,4,B,base,urgent_first,5347.383333333333,False
1248,2026-01-02 16:19:34,normal,1440,1,B,base,urgent_first,5365.166666666667,False
1249,2026-01-02 16:19:57,normal,1440,2,B,base,urgent_first,5371.683333333333,False
1250,2026-01-02 16:20:11,normal,1440,3,B,base,urgent_first,5372.583333333333,False
1251,2026-01-02 16:22:01,normal,1440,7,C,base,urgent_first,5669.483333333334,False
1252,2026-01-02 16:24:12,normal,1440,5,B,base,urgent_first,5940.516666666666,False
1253,2026-01-02 16:24:48,normal,1440,4,B,base,urgent_first,6081.766666666666,False
1254,2026-01-02 16:25:29,normal,1440,2,C,base,urgent_first,6082.25,False
1255,2026-01-02 16:25:35,normal,1440,3,B,base,urgent_first,6083.566666666667,False
1256,2026-01-02 16:26:13,urgent,240,6,B,base,urgent_first,80.16666666666667,True
1257,2026-01-02 16:26:26,normal,1440,5,A,base,urgent_first,6084.2,False
1258,2026-01-02 16:26:46,normal,1440,3,A,base,urgent_first,6085.083333333333,False
1259,2026-01-02 16:30:40,normal,1440,2,B,base,urgent_first,6082.533333333334,False
1260,2026-01-02 16:31:01,normal,1440,1,C,base,urgent_first,6083.1,False
1261,2026-01-02 16:31:18,urgent,240,1,A,base,urgent_first,75.98333333333333,True
1262,2026-01-02 16:31:57,urgent,240,4,B,base,urgent_first,76.83333333333333,True
1263,2026-01-02 16:32:35,urgent,240,3,B,base,urgent_first,77.51666666666667,True
1264,2026-01-02 16:33:06,normal,1440,3,B,base,urgent_first,6082.266666666666,False
1265,2026-01-02 16:33:20,urgent,240,2,B,base,urgent_first,77.78333333333333,True
1266,2026-01-02 16:34:09,normal,1440,5,A,base,urgent_first,6082.8,False
1267,2026-01-02 16:34:48,normal,1440,4,B,base,urgent_first,6083.516666666666,False
1268,2026-01-02 16:38:10,urgent,240,5,B,base,urgent_first,74.91666666666667,True
1269,2026-01-02 16:38:53,normal,1440,2,B,base,urgent_first,6080.316666666667,False
1270,2026-01-02 16:39:32,urgent,240,3,A,base,urgent_first,74.75,True
1271,2026-01-02 16:40:39,normal,1440,2,A,base,urgent_first,6079.55,False
1272,2026-01-02 16:40:50,normal,1440,6,B,base,urgent_first,6081.166666666667,False
1273,2026-01-02 16:41:36,normal,1440,4,A,base,urgent_first,6081.766666666666,False
1274,2026-01-02 16:44:08,urgent,240,5,A,base,urgent_first,71.45,True
1275,2026-01-02 16:45:44,normal,1440,2,B,base,urgent_first,6078.6,False
1276,2026-01-02 16:47:37,urgent,240,2,A,base,urgent_first,69.2,True
1277,2026-01-02 16:48:43,normal,1440,1,A,base,urgent_first,6076.533333333334,False
1278,2026-01-02 16:49:06,normal,1440,3,A,base,urgent_first,6077.183333333333,False
1279,2026-01-02 16:51:55,normal,1440,4,B,base,urgent_first,6076.35,False
1280,2026-01-02 16:53:38,normal,1440,7,C,base,urgent_first,6076.65,False
1281,2026-01-02 16:54:27,normal,1440,3,A,base,urgent_first,6077.383333333333,False
1282,2026-01-02 16:55:04,normal,1440,4,B,base,urgent_first,6078.166666666667,False
1283,2026-01-02 16:55:48,normal,1440,2,B,base,urgent_first,6078.266666666666,False
1284,2026-01-02 16:56:36,normal,1440,5,A,base,urgent_first,6079.533333333334,False
1285,2026-01-02 16:57:53,normal,1440,2,A,base,urgent_first,6079.433333333333,False
1286,2026-01-02 16:58:42,normal,1440,9,A,base,urgent_first,6080.95,False
1287,2026-01-02 16:59:02,normal,1440,6,B,base,urgent_first,6082.55,False
1288,2026-01-02 16:59:22,normal,1440,3,A,base,urgent_first,6083.3,False
1289,2026-01-02 16:59:28,normal,1440,2,A,base,urgent_first,6084.516666666666,False
1290,2026-01-02 16:59:40,normal,1440,13,B,base,urgent_first,6087.6,False
1291,2026-01-02 17:00:55,normal,1440,18,A,base,urgent_first,6089.983333333334,False
1292,2026-01-02 17:01:31,normal,1440,12,A,base,urgent_first,6092.033333333334,False
1293,2026-01-02 17:02:03,normal,1440,3,B,base,urgent_first,6092.9,False
1294,2026-01-02 17:02:54,normal,1440,2,B,base,urgent_first,6093.5,False
1295,2026-01-02 17:04:34,normal,1440,4,A,base,urgent_first,6093.316666666667,False
1296,2026-01-02 17:06:13,normal,1440,15,A,base,urgent_first,6094.283333333334,False
1297,2026-01-02 17:08:09,normal,1440,3,A,base,urgent_first,6093.533333333334,False
1298,2026-01-02 17:09:25,normal,1440,1,B,base,urgent_first,6093.416666666667,False
1299,2026-01-02 17:10:30,normal,1440,8,B,base,urgent_first,6094.433333333333,False
1300,2026-01-02 17:10:50,normal,1440,3,A,base,urgent_first,6095.266666666666,False
1301,2026-01-02 17:12:42,normal,1440,1,A,base,urgent_first,6094.383333333333,False
1302,2026-01-02 17:13:56,normal,1440,5,B,base,urgent_first,6094.45,False
1303,2026-01-02 17:13:58,normal,1440,7,C,base,urgent_first,6096.383333333333,False
1304,2026-01-02 17:14:04,normal,1440,3,A,base,urgent_first,6097.45,False
1305,2026-01-02 17:18:28,normal,1440,5,B,base,urgent_first,6094.666666666667,False
1306,2026-01-02 17:24:38,normal,1440,4,A,base,urgent_first,6090.433333333333,False
1307,2026-01-02 17:26:04,normal,1440,4,B,base,urgent_first,6090.616666666667,False
1308,2026-01-02 17:27:28,normal,1440,3,B,base,urgent_first,6090.633333333333,False
1309,2026-01-02 17:28:11,normal,1440,7,B,base,urgent_first,6091.366666666667,False
1310,2026-01-02 17:30:18,urgent,240,4,A,base,urgent_first,27.883333333333333,True
1311,2026-01-02 17:31:30,normal,1440,3,B,base,urgent_first,6089.033333333334,False
1312,2026-01-02 17:31:50,normal,1440,8,C,base,urgent_first,6099.983333333334,False
1313,2026-01-02 17:34:36,normal,1440,2,A,base,urgent_first,6098.516666666666,False
1314,2026-01-02 17:34:44,normal,1440,5,B,base,urgent_first,6102.233333333334,False
1315,2026-01-02 17:36:43,normal,1440,6,B,base,urgent_first,6106.833333333333,False
1316,2026-01-02 17:36:47,normal,1440,9,C,base,urgent_first,6129.75,False
1317,2026-01-02 17:37:33,normal,1440,5,B,base,urgent_first,6131.983333333334,False
1318,2026-01-02 17:41:04,normal,1440,4,B,base,urgent_first,6133.4,False
1319,2026-01-02 17:42:11,urgent,240,2,B,base,urgent_first,25.95,True
1320,2026-01-02 17:42:43,normal,1440,11,B,base,urgent_first,6146.8,False
1321,2026-01-02 17:45:07,normal,1440,2,C,base,urgent_first,6145.7,False
1322,2026-01-02 17:49:39,normal,1440,2,A,base,urgent_first,6143.1,False
1323,2026-01-02 17:51:36,normal,1440,2,A,base,urgent_first,6143.883333333333,False
1324,2026-01-02 17:51:58,normal,1440,10,B,base,urgent_first,6155.883333333333,False
1325,2026-01-02 17:52:58,normal,1440,8,B,base,urgent_first,6166.35,False
1326,2026-01-02 17:55:11,normal,1440,4,A,base,urgent_first,6167.233333333334,False
1327,2026-01-02 17:55:42,normal,1440,2,B,base,urgent_first,6169.0,False
1328,2026-01-02 17:55:43,normal,1440,3,B,base,urgent_first,6173.216666666666,False
1329,2026-01-02 17:57:32,normal,1440,3,B,base,urgent_first,6178.6,False
1330,2026-01-02 18:01:32,urgent,240,3,B,base,urgent_first,16.65,True
1331,2026-01-02 18:05:15,normal,1440,4,A,base,urgent_first,6174.883333333333,False
1332,2026-01-02 18:05:45,normal,1440,3,B,base,urgent_first,6178.683333333333,False
1333,2026-01-02 18:07:48,normal,1440,3,A,base,urgent_first,6179.45,False
1334,2026-01-02 18:10:05,normal,1440,1,B,base,urgent_first,6178.183333333333,False
1335,2026-01-02 18:11:01,normal,1440,3,A,base,urgent_first,6181.016666666666,False
1336,2026-01-02 18:12:45,normal,1440,2,A,base,urgent_first,6181.95,False
1337,2026-01-02 18:13:40,normal,1440,3,A,base,urgent_first,6182.9,False
1338,2026-01-02 18:14:31,normal,1440,2,A,base,urgent_first,6184.466666666666,False
1339,2026-01-02 18:15:57,normal,1440,1,A,base,urgent_first,6185.383333333333,False
1340,2026-01-02 18:22:09,normal,1440,2,B,base,urgent_first,6184.0,False
1341,2026-01-02 18:22:20,normal,1440,3,B,base,urgent_first,6189.0,False
1342,2026-01-02 18:22:40,normal,1440,7,A,base,urgent_first,6195.25,False
1343,2026-01-02 18:27:20,normal,1440,5,A,base,urgent_first,6194.916666666667,False
1344,2026-01-02 18:28:02,normal,1440,4,A,base,urgent_first,6198.533333333334,False
1345,2026-01-02 18:31:24,normal,1440,7,B,base,urgent_first,6204.466666666666,False
1346,2026-01-02 18:35:18,normal,1440,6,B,base,urgent_first,6204.216666666666,False
1347,2026-01-02 18:35:19,normal,1440,2,A,base,urgent_first,6206.483333333334,False
1348,2026-01-02 18:37:50,urgent,240,1,C,base,urgent_first,10.2,True
1349,2026-01-02 18:38:11,normal,1440,1,A,base,urgent_first,6205.916666666667,False
1350,2026-01-02 18:39:30,normal,1440,2,A,base,urgent_first,6208.533333333334,False
1351,2026-01-02 18:41:39,normal,1440,2,A,base,urgent_first,6208.833333333333,False
1352,2026-01-02 18:43:51,normal,1440,3,C,base,urgent_first,6214.6,False
1353,2026-01-02 18:44:28,normal,1440,1,A,base,urgent_first,6215.25,False
1354,2026-01-02 18:47:43,urgent,240,3,A,base,urgent_first,33.516666666666666,True
1355,2026-01-02 18:51:17,urgent,240,6,A,base,urgent_first,31.716666666666665,True
1356,2026-01-02 18:51:50,normal,1440,2,C,base,urgent_first,6211.45,False
1357,2026-01-02 18:55:26,normal,1440,2,A,base,urgent_first,6210.666666666667,False
1358,2026-01-02 18:56:04,normal,1440,5,A,base,urgent_first,6217.8,False
1359,2026-01-02 18:56:08,normal,1440,3,C,base,urgent_first,6221.916666666667,False
1360,2026-01-02 18:58:27,normal,1440,3,A,base,urgent_first,6224.4,False
1361,2026-01-02 18:59:06,normal,1440,3,A,base,urgent_first,6228.766666666666,False
1362,2026-01-02 19:02:36,normal,1440,3,C,base,urgent_first,6233.2,False
1363,2026-01-02 19:07:41,normal,1440,2,C,base,urgent_first,6232.866666666667,False
1364,2026-01-02 19:08:31,normal,1440,5,A,base,urgent_first,6238.383333333333,False
1365,2026-01-02 19:08:39,normal,1440,3,C,base,urgent_first,6246.983333333334,False
1366,2026-01-02 19:09:16,normal,1440,18,A,base,urgent_first,6268.566666666667,False
1367,2026-01-02 19:11:25,normal,1440,2,C,base,urgent_first,6268.016666666666,False
1368,2026-01-02 19:16:16,normal,1440,4,A,base,urgent_first,6264.483333333334,False
1369,2026-01-02 19:16:32,normal,1440,5,A,base,urgent_first,6267.0,False
1370,2026-01-02 19:17:22,urgent,240,3,A,base,urgent_first,10.4,True
1371,2026-01-02 19:21:12,urgent,240,6,B,base,urgent_first,25.5,True
1372,2026-01-02 19:27:19,normal,1440,6,B,base,urgent_first,6262.483333333334,False
1373,2026-01-02 19:29:24,normal,1440,6,A,base,urgent_first,6262.683333333333,False
1374,2026-01-02 19:32:18,normal,1440,2,A,base,urgent_first,6263.033333333334,False
1375,2026-01-02 19:41:01,normal,1440,3,A,base,urgent_first,6260.6,False
1376,2026-01-02 19:41:41,normal,1440,1,B,base,urgent_first,6261.766666666666,False
1377,2026-01-02 19:53:26,normal,1440,3,B,base,urgent_first,6254.133333333333,False
1378,2026-01-05 08:00:21,normal,1440,3,C,base,urgent_first,2655.516666666667,False
1379,2026-01-05 08:00:24,normal,1440,13,A,base,urgent_first,2665.15,False
1380,2026-01-05 08:00:58,normal,1440,2,B,base,urgent_first,2665.9666666666667,False
1381,2026-01-05 08:01:01,normal,1440,2,A,base,urgent_first,2667.8,False
1382,2026-01-05 08:02:40,normal,1440,2,B,base,urgent_first,2669.65,False
1383,2026-01-05 08:03:33,normal,1440,1,B,base,urgent_first,2670.0,False
1384,2026-01-05 08:04:51,normal,1440,3,B,base,urgent_first,2675.3166666666666,False
1385,2026-01-05 08:05:22,normal,1440,6,C,base,urgent_first,2686.133333333333,False
1386,2026-01-05 08:05:26,normal,1440,2,B,base,urgent_first,2687.866666666667,False
1387,2026-01-05 08:06:23,normal,1440,2,B,base,urgent_first,2688.633333333333,False
1388,2026-01-05 08:07:24,normal,1440,3,C,base,urgent_first,2698.266666666667,False
1389,2026-01-05 08:08:43,normal,1440,4,A,base,urgent_first,2701.8333333333335,False
1390,2026-01-05 08:09:11,normal,1440,4,C,base,urgent_first,2706.366666666667,False
1391,2026-01-05 08:11:16,normal,1440,2,A,base,urgent_first,2706.4166666666665,False
1392,2026-01-05 08:12:23,normal,1440,3,A,base,urgent_first,2707.8166666666666,False
1393,2026-01-05 08:15:27,normal,1440,6,A,base,urgent_first,2714.5666666666666,False
1394,2026-01-05 08:15:39,normal,1440,3,B,base,urgent_first,2716.4,False
1395,2026-01-05 08:17:18,normal,1440,4,A,base,urgent_first,2717.85,False
1396,2026-01-05 08:19:54,normal,1440,2,B,base,urgent_first,2717.5,False
1397,2026-01-05 08:20:09,normal,1440,4,B,base,urgent_first,2724.65,False
1398,2026-01-05 08:25:30,normal,1440,1,A,base,urgent_first,2720.1,False
1399,2026-01-05 08:27:51,normal,1440,2,A,base,urgent_first,2720.016666666667,False
1400,2026-01-05 08:28:11,urgent,240,5,A,base,urgent_first,29.733333333333334,True
1401,2026-01-05 08:28:13,normal,1440,3,B,base,urgent_first,2723.9,False
1402,2026-01-05 08:30:18,normal,1440,2,C,base,urgent_first,2727.4,False
1403,2026-01-05 08:30:30,urgent,240,2,A,base,urgent_first,28.3,True
1404,2026-01-05 08:30:31,normal,1440,2,C,base,urgent_first,2729.016666666667,False
1405,2026-01-05 08:32:15,urgent,240,4,B,base,urgent_first,38.05,True
1406,2026-01-05 08:32:30,normal,1440,3,B,base,urgent_first,2730.883333333333,False
1407,2026-01-05 08:43:12,normal,1440,10,C,base,urgent_first,2740.2166666666667,False
1408,2026-01-05 08:43:20,normal,1440,4,A,base,urgent_first,2741.55,False
1409,2026-01-05 08:47:10,normal,1440,2,C,base,urgent_first,2739.15,False
1410,2026-01-05 08:47:51,normal,1440,4,A,base,urgent_first,2743.6666666666665,False
1411,2026-01-05 08:50:19,urgent,240,1,A,base,urgent_first,21.016666666666666,True
1412,2026-01-05 08:52:21,normal,1440,5,A,base,urgent_first,2743.5333333333333,False
1413,2026-01-05 08:55:24,normal,1440,5,A,base,urgent_first,2747.7833333333333,False
1414,2026-01-05 08:56:42,normal,1440,3,B,base,urgent_first,2749.6666666666665,False
1415,2026-01-05 08:58:27,normal,1440,7,B,base,urgent_first,2761.3333333333335,False
1416,2026-01-05 08:58:27,normal,1440,2,A,base,urgent_first,2750.9,False
1417,2026-01-05 08:58:42,urgent,240,5,C,base,urgent_first,637.3166666666667,False
1418,2026-01-05 08:59:07,urgent,240,3,A,base,urgent_first,637.95,False
1419,2026-01-05 08:59:40,normal,1440,2,A,base,urgent_first,2760.9666666666667,False
1420,2026-01-05 08:59:43,normal,1440,3,B,base,urgent_first,2767.0833333333335,False
1421,2026-01-05 09:00:20,normal,1440,3,A,base,urgent_first,2769.55,False
1422,2026-01-05 09:01:28,normal,1440,1,B,base,urgent_first,2769.366666666667,False
1423,2026-01-05 09:01:51,normal,1440,3,A,base,urgent_first,2773.2833333333333,False
1424,2026-01-05 09:02:04,normal,1440,1,B,base,urgent_first,2774.5833333333335,False
1425,2026-01-05 09:02:31,normal,1440,1,A,base,urgent_first,2776.233333333333,False
1426,2026-01-05 09:02:51,normal,1440,4,C,base,urgent_first,2783.7,False
1427,2026-01-05 09:03:55,normal,1440,4,A,base,urgent_first,2786.75,False
1428,2026-01-05 09:04:05,normal,1440,3,A,base,urgent_first,2788.4,False
1429,2026-01-05 09:05:03,normal,1440,10,A,base,urgent_first,2800.366666666667,False
1430,2026-01-05 09:06:02,urgent,240,2,A,base,urgent_first,631.9333333333333,False
1431,2026-01-05 09:06:39,normal,1440,2,B,base,urgent_first,2799.983333333333,False
1432,2026-01-05 09:06:59,normal,1440,5,B,base,urgent_first,2805.4,False
1433,2026-01-05 09:07:28,normal,1440,4,A,base,urgent_first,2807.8333333333335,False
1434,2026-01-05 09:07:42,normal,1440,4,B,base,urgent_first,2811.55,False
1435,2026-01-05 09:09:05,normal,1440,5,B,base,urgent_first,2817.2,False
1436,2026-01-05 09:09:08,normal,1440,20,B,base,urgent_first,2851.6833333333334,False
1437,2026-01-05 09:10:48,normal,1440,7,A,base,urgent_first,2869.633333333333,False
1438,2026-01-05 09:11:11,normal,1440,2,A,base,urgent_first,2877.0,False
1439,2026-01-05 09:12:22,normal,1440,1,B,base,urgent_first,2876.65,False
1440,2026-01-05 09:12:47,normal,1440,10,B,base,urgent_first,2888.7833333333333,False
1441,2026-01-05 09:13:15,normal,1440,1,A,base,urgent_first,2947.6666666666665,False
1442,2026-01-05 09:13:55,normal,1440,2,B,base,urgent_first,3004.1,False
1443,2026-01-05 09:14:10,normal,1440,2,A,base,urgent_first,3037.016666666667,False
1444,2026-01-05 09:14:27,normal,1440,10,B,base,urgent_first,3039.0666666666666,False
1445,2026-01-05 09:15:24,normal,1440,2,C,base,urgent_first,3039.1666666666665,False
1446,2026-01-05 09:15:30,normal,1440,3,C,base,urgent_first,3123.633333333333,False
1447,2026-01-05 09:15:58,normal,1440,6,B,base,urgent_first,3194.65,False
1448,2026-01-05 09:16:02,normal,1440,3,B,base,urgent_first,3232.3333333333335,False
1449,2026-01-05 09:16:52,normal,1440,3,C,base,urgent_first,3234.3166666666666,False
1450,2026-01-05 09:16:58,normal,1440,2,A,base,urgent_first,3235.6666666666665,False
1451,2026-01-05 09:17:30,normal,1440,7,B,base,urgent_first,3236.85,False
1452,2026-01-05 09:17:48,urgent,240,6,A,base,urgent_first,622.0166666666667,False
1453,2026-01-05 09:19:30,normal,1440,2,A,base,urgent_first,3236.0333333333333,False
1454,2026-01-05 09:19:44,normal,1440,5,C,base,urgent_first,3237.2833333333333,False
1455,2026-01-05 09:20:01,normal,1440,2,C,base,urgent_first,3238.4,False
1456,2026-01-05 09:20:15,normal,1440,11,A,base,urgent_first,3240.95,False
1457,2026-01-05 09:20:16,urgent,240,4,B,base,urgent_first,620.85,False
1458,2026-01-05 09:20:19,urgent,240,4,B,base,urgent_first,622.0833333333334,False
1459,2026-01-05 09:20:45,normal,1440,2,A,base,urgent_first,3241.4333333333334,False
1460,2026-01-05 09:20:46,normal,1440,2,A,base,urgent_first,3242.15,False
1461,2026-01-05 09:20:51,normal,1440,1,A,base,urgent_first,3242.866666666667,False
1462,2026-01-05 09:21:25,normal,1440,6,A,base,urgent_first,3244.383333333333,False
1463,2026-01-05 09:22:51,normal,1440,5,B,base,urgent_first,3244.65,False
1464,2026-01-05 09:23:55,normal,1440,6,B,base,urgent_first,3245.6833333333334,False
1465,2026-01-05 09:24:59,normal,1440,3,C,base,urgent_first,3251.7166666666667,False
1466,2026-01-05 09:25:18,normal,1440,4,C,base,urgent_first,3259.7166666666667,False
1467,2026-01-05 09:25:53,normal,1440,3,A,base,urgent_first,3261.483333333333,False
1468,2026-01-05 09:26:36,normal,1440,6,A,base,urgent_first,3281.4166666666665,False
1469,2026-01-05 09:29:05,normal,1440,3,C,base,urgent_first,3292.4,False
1470,2026-01-05 09:29:44,normal,1440,6,C,base,urgent_first,3297.766666666667,False
1471,2026-01-05 09:31:39,normal,1440,4,B,base,urgent_first,3298.7,False
1472,2026-01-05 09:31:40,normal,1440,9,C,base,urgent_first,3307.15,False
1473,2026-01-05 09:31:44,urgent,240,2,A,base,urgent_first,611.6666666666666,False
1474,2026-01-05 09:33:45,normal,1440,2,B,base,urgent_first,3312.7166666666667,False
1475,2026-01-05 09:33:50,normal,1440,2,B,base,urgent_first,3319.8166666666666,False
1476,2026-01-05 09:34:02,urgent,240,2,C,base,urgent_first,610.6166666666667,False
1477,2026-01-05 09:35:09,normal,1440,4,A,base,urgent_first,3322.25,False
1478,2026-01-05 09:36:16,normal,1440,9,B,base,urgent_first,3340.366666666667,False
1479,2026-01-05 09:36:25,normal,1440,5,C,base,urgent_first,3351.5833333333335,False
1480,2026-01-05 09:36:29,normal,1440,11,B,base,urgent_first,3375.8,False
1481,2026-01-05 09:36:31,normal,1440,2,B,base,urgent_first,3379.8333333333335,False
1482,2026-01-05 09:40:26,normal,1440,2,A,base,urgent_first,3378.1666666666665,False
1483,2026-01-05 09:41:46,normal,1440,3,B,base,urgent_first,3379.45,False
1484,2026-01-05 09:42:26,normal,1440,4,B,base,urgent_first,3381.866666666667,False
1485,2026-01-05 09:42:55,normal,1440,11,A,base,urgent_first,3390.133333333333,False
1486,2026-01-05 09:44:07,urgent,240,4,A,base,urgent_first,602.0333333333333,False
1487,2026-01-05 09:44:46,normal,1440,3,B,base,urgent_first,3392.2,False
1488,2026-01-05 09:45:02,normal,1440,7,C,base,urgent_first,3406.0666666666666,False
1489,2026-01-05 09:45:26,normal,1440,2,B,base,urgent_first,3423.9,False
1490,2026-01-05 09:46:47,urgent,240,3,B,base,urgent_first,600.5166666666667,False
1491,2026-01-05 09:48:45,urgent,240,2,A,base,urgent_first,599.6833333333333,False
1492,2026-01-05 09:49:23,normal,1440,3,A,base,urgent_first,3432.05,False
1493,2026-01-05 09:49:46,normal,1440,7,B,base,urgent_first,3440.7166666666667,False
1494,2026-01-05 09:51:21,normal,1440,6,B,base,urgent_first,3444.1,False
1495,2026-01-05 09:54:16,normal,1440,7,B,base,urgent_first,3447.016666666667,False
1496,2026-01-05 09:54:18,normal,1440,6,A,base,urgent_first,3452.5333333333333,False
1497,2026-01-05 09:54:55,normal,1440,5,A,base,urgent_first,3456.3,False
1498,2026-01-05 09:55:45,normal,1440,4,B,base,urgent_first,3462.7,False
1499,2026-01-05 09:56:02,normal,1440,5,A,base,urgent_first,3466.85,False
1500,2026-01-05 09:56:04,urgent,240,8,A,base,urgent_first,594.2166666666667,False
1501,2026-01-05 09:57:53,normal,1440,3,B,base,urgent_first,3469.0333333333333,False
1502,2026-01-05 09:58:25,normal,1440,4,B,base,urgent_first,3473.8166666666666,False
1503,2026-01-05 09:59:02,urgent,240,5,A,base,urgent_first,593.0,False
1504,2026-01-05 10:00:03,normal,1440,4,A,base,urgent_first,3491.883333333333,False
1505,2026-01-05 10:00:47,normal,1440,5,B,base,urgent_first,3506.233333333333,False
1506,2026-01-05 10:02:11,normal,1440,2,A,base,urgent_first,3510.733333333333,False
1507,2026-01-05 10:03:17,normal,1440,3,A,base,urgent_first,3511.05,False
1508,2026-01-05 10:04:16,normal,1440,2,B,base,urgent_first,3511.45,False
1509,2026-01-05 10:04:21,urgent,240,4,B,base,urgent_first,588.95,False
1510,2026-01-05 10:04:41,normal,1440,3,A,base,urgent_first,3512.2833333333333,False
1511,2026-01-05 10:05:36,normal,1440,1,A,base,urgent_first,3512.2833333333333,False
1512,2026-01-05 10:05:42,normal,1440,7,A,base,urgent_first,3517.45,False
1513,2026-01-05 10:06:01,urgent,240,11,C,base,urgent_first,590.1,False
1514,2026-01-05 10:06:09,normal,1440,1,B,base,urgent_first,3518.0,False
1515,2026-01-05 10:06:42,normal,1440,5,A,base,urgent_first,3521.4166666666665,False
1516,2026-01-05 10:06:55,normal,1440,5,A,base,urgent_first,3525.483333333333,False
1517,2026-01-05 10:06:58,urgent,240,11,A,base,urgent_first,591.5166666666667,False
1518,2026-01-05 10:07:45,normal,1440,6,A,base,urgent_first,3527.633333333333,False
1519,2026-01-05 10:07:48,normal,1440,2,A,base,urgent_first,3529.4,False
1520,2026-01-05 10:08:11,normal,1440,3,A,base,urgent_first,3533.483333333333,False
1521,2026-01-05 10:09:23,normal,1440,4,B,base,urgent_first,3538.55,False
1522,2026-01-05 10:09:32,normal,1440,2,A,base,urgent_first,3539.6833333333334,False
1523,2026-01-05 10:09:35,normal,1440,1,A,base,urgent_first,3540.5833333333335,False
1524,2026-01-05 10:10:18,normal,1440,5,A,base,urgent_first,3550.0,False
1525,2026-01-05 10:10:54,normal,1440,2,A,base,urgent_first,3551.25,False
1526,2026-01-05 10:11:01,normal,1440,1,C,base,urgent_first,3553.7166666666667,False
1527,2026-01-05 10:11:41,normal,1440,2,B,base,urgent_first,3555.9666666666667,False
1528,2026-01-05 10:13:37,normal,1440,1,A,base,urgent_first,3555.883333333333,False
1529,2026-01-05 10:15:05,normal,1440,4,A,base,urgent_first,3560.866666666667,False
1530,2026-01-05 10:15:07,normal,1440,5,A,base,urgent_first,3568.4166666666665,False
1531,2026-01-05 10:15:28,normal,1440,1,B,base,urgent_first,3568.8,False
1532,2026-01-05 10:15:33,normal,1440,1,A,base,urgent_first,3570.233333333333,False
1533,2026-01-05 10:15:41,normal,1440,4,A,base,urgent_first,3574.883333333333,False
1534,2026-01-05 10:15:42,normal,1440,3,C,base,urgent_first,3580.1833333333334,False
1535,2026-01-05 10:15:52,normal,1440,2,B,base,urgent_first,3582.233333333333,False
1536,2026-01-05 10:15:57,urgent,240,6,A,base,urgent_first,584.35,False
1537,2026-01-05 10:15:59,normal,1440,2,B,base,urgent_first,3585.266666666667,False
1538,2026-01-05 10:17:25,normal,1440,4,A,base,urgent_first,3590.633333333333,False
1539,2026-01-05 10:18:01,normal,1440,2,B,base,urgent_first,3591.4666666666667,False
1540,2026-01-05 10:18:12,normal,1440,4,A,base,urgent_first,3595.4666666666667,False
1541,2026-01-05 10:18:20,normal,1440,3,A,base,urgent_first,3598.616666666667,False
1542,2026-01-05 10:18:23,normal,1440,5,C,base,urgent_first,3611.4166666666665,False
1543,2026-01-05 10:18:50,normal,1440,6,A,base,urgent_first,3617.0333333333333,False
1544,2026-01-05 10:19:11,normal,1440,5,A,base,urgent_first,3618.85,False
1545,2026-01-05 10:19:42,normal,1440,8,A,base,urgent_first,3629.633333333333,False
1546,2026-01-05 10:20:25,normal,1440,2,A,base,urgent_first,3630.8,False
1547,2026-01-05 10:20:30,urgent,240,1,B,base,urgent_first,580.8833333333333,False
1548,2026-01-05 10:20:31,normal,1440,7,B,base,urgent_first,3639.1833333333334,False
1549,2026-01-05 10:20:35,normal,1440,2,A,base,urgent_first,3640.4,False
1550,2026-01-05 10:21:22,normal,1440,7,A,base,urgent_first,3645.85,False
1551,2026-01-05 10:21:29,normal,1440,5,B,base,urgent_first,3651.7,False
1552,2026-01-05 10:21:53,normal,1440,1,A,base,urgent_first,3652.6666666666665,False
1553,2026-01-05 10:22:35,normal,1440,3,B,base,urgent_first,3656.4166666666665,False
1554,2026-01-05 10:22:59,normal,1440,3,A,base,urgent_first,3658.1666666666665,False
1555,2026-01-05 10:23:27,normal,1440,9,A,base,urgent_first,3666.35,False
1556,2026-01-05 10:24:18,normal,1440,1,A,base,urgent_first,3666.65,False
1557,2026-01-05 10:24:43,normal,1440,4,A,base,urgent_first,3669.7833333333333,False
1558,2026-01-05 10:24:56,normal,1440,2,A,base,urgent_first,3670.85,False
1559,2026-01-05 10:26:18,normal,1440,1,A,base,urgent_first,3672.366666666667,False
1560,2026-01-05 10:26:50,normal,1440,6,B,base,urgent_first,3682.3166666666666,False
1561,2026-01-05 10:27:35,normal,1440,2,A,base,urgent_first,3682.8166666666666,False
1562,2026-01-05 10:27:42,normal,1440,7,A,base,urgent_first,3692.1,False
1563,2026-01-05 10:28:02,normal,1440,2,A,base,urgent_first,3692.9,False
1564,2026-01-05 10:28:22,normal,1440,2,C,base,urgent_first,3697.15,False
1565,2026-01-05 10:28:45,normal,1440,6,C,base,urgent_first,3704.25,False
1566,2026-01-05 10:28:52,normal,1440,3,B,base,urgent_first,3706.7,False
1567,2026-01-05 10:29:22,normal,1440,3,B,base,urgent_first,3709.5833333333335,False
1568,2026-01-05 10:29:43,normal,1440,5,C,base,urgent_first,3720.133333333333,False
1569,2026-01-05 10:30:03,normal,1440,1,A,base,urgent_first,3720.7,False
1570,2026-01-05 10:30:42,normal,1440,1,A,base,urgent_first,3721.0833333333335,False
1571,2026-01-05 10:31:41,normal,1440,2,A,base,urgent_first,3720.9666666666667,False
1572,2026-01-05 10:33:05,normal,1440,5,A,base,urgent_first,3724.616666666667,False
1573,2026-01-05 10:33:15,normal,1440,2,A,base,urgent_first,3726.05,False
1574,2026-01-05 10:33:17,normal,1440,3,A,base,urgent_first,3731.3166666666666,False
1575,2026-01-05 10:33:19,normal,1440,10,A,base,urgent_first,3742.65,False
1576,2026-01-05 10:33:51,normal,1440,5,B,base,urgent_first,3747.616666666667,False
1577,2026-01-05 10:34:15,normal,1440,2,A,base,urgent_first,3748.3333333333335,False
1578,2026-01-05 10:35:01,normal,1440,3,B,base,urgent_first,3752.35,False
1579,2026-01-05 10:35:07,normal,1440,3,A,base,urgent_first,3755.133333333333,False
1580,2026-01-05 10:35:14,normal,1440,2,B,base,urgent_first,3758.45,False
1581,2026-01-05 10:35:17,normal,1440,4,A,base,urgent_first,3761.8333333333335,False
1582,2026-01-05 10:35:36,normal,1440,6,A,base,urgent_first,3768.0666666666666,False
1583,2026-01-05 10:35:51,normal,1440,5,B,base,urgent_first,3775.2166666666667,False
1584,2026-01-05 10:36:08,normal,1440,3,B,base,urgent_first,3778.3,False
1585,2026-01-05 10:36:11,normal,1440,2,B,base,urgent_first,3782.0,False
1586,2026-01-05 10:39:09,normal,1440,7,B,base,urgent_first,3791.5,False
1587,2026-01-05 10:39:12,normal,1440,2,A,base,urgent_first,3792.7,False
1588,2026-01-05 10:39:32,normal,1440,2,A,base,urgent_first,3794.483333333333,False
1589,2026-01-05 10:39:38,normal,1440,1,A,base,urgent_first,3796.85,False
1590,2026-01-05 10:40:17,normal,1440,2,B,base,urgent_first,3800.15,False
1591,2026-01-05 10:40:20,normal,1440,8,A,base,urgent_first,3810.116666666667,False
1592,2026-01-05 10:42:04,normal,1440,2,C,base,urgent_first,3810.9,False
1593,2026-01-05 10:42:37,normal,1440,2,A,base,urgent_first,3814.016666666667,False
1594,2026-01-05 10:43:04,normal,1440,4,B,base,urgent_first,3818.8166666666666,False
1595,2026-01-05 10:43:15,urgent,240,4,B,base,urgent_first,559.7666666666667,False
1596,2026-01-05 10:43:36,normal,1440,6,A,base,urgent_first,3824.266666666667,False
1597,2026-01-05 10:44:04,normal,1440,4,B,base,urgent_first,3829.5333333333333,False
1598,2026-01-05 10:44:42,normal,1440,4,B,base,urgent_first,3834.1833333333334,False
1599,2026-01-05 10:45:45,normal,1440,4,C,base,urgent_first,3841.8166666666666,False
1600,2026-01-05 10:46:02,normal,1440,1,C,base,urgent_first,3842.5666666666666,False
1601,2026-01-05 10:46:52,urgent,240,4,A,base,urgent_first,558.0166666666667,False
1602,2026-01-05 10:47:17,normal,1440,5,B,base,urgent_first,3848.116666666667,False
1603,2026-01-05 10:47:28,normal,1440,4,A,base,urgent_first,3851.6833333333334,False
1604,2026-01-05 10:48:54,urgent,240,1,B,base,urgent_first,557.1166666666667,False
1605,2026-01-05 10:49:19,normal,1440,4,C,base,urgent_first,3861.25,False
1606,2026-01-05 10:49:52,normal,1440,3,A,base,urgent_first,3864.65,False
1607,2026-01-05 10:50:39,normal,1440,2,C,base,urgent_first,3867.0833333333335,False
1608,2026-01-05 10:51:53,normal,1440,5,A,base,urgent_first,3873.883333333333,False
1609,2026-01-05 10:52:31,normal,1440,5,A,base,urgent_first,3878.633333333333,False
1610,2026-01-05 10:53:02,normal,1440,2,A,base,urgent_first,3881.3166666666666,False
1611,2026-01-05 10:53:12,normal,1440,11,C,base,urgent_first,3907.3,False
1612,2026-01-05 10:53:26,urgent,240,4,B,base,urgent_first,553.75,False
1613,2026-01-05 10:53:29,urgent,240,8,A,base,urgent_first,555.4166666666666,False
1614,2026-01-05 10:55:05,normal,1440,1,B,base,urgent_first,3906.3333333333335,False
1615,2026-01-05 10:55:11,normal,1440,8,B,base,urgent_first,3916.366666666667,False
1616,2026-01-05 10:55:33,normal,1440,4,A,base,urgent_first,3918.1,False
1617,2026-01-05 10:55:45,normal,1440,6,A,base,urgent_first,3921.4666666666667,False
1618,2026-01-05 10:55:59,normal,1440,1,C,base,urgent_first,3923.7,False
1619,2026-01-05 10:56:01,normal,1440,2,A,base,urgent_first,3926.4166666666665,False
1620,2026-01-05 10:56:29,normal,1440,6,B,base,urgent_first,3937.0333333333333,False
1621,2026-01-05 10:56:41,normal,1440,3,A,base,urgent_first,3938.4166666666665,False
1622,2026-01-05 10:56:46,normal,1440,2,C,base,urgent_first,3940.1,False
1623,2026-01-05 10:57:32,normal,1440,2,A,base,urgent_first,3942.35,False
1624,2026-01-05 10:58:32,normal,1440,4,A,base,urgent_first,3946.35,False
1625,2026-01-05 10:58:50,normal,1440,2,B,base,urgent_first,3950.766666666667,False
1626,2026-01-05 10:59:26,normal,1440,1,A,base,urgent_first,3952.0,False
1627,2026-01-05 11:00:12,normal,1440,1,B,base,urgent_first,3954.383333333333,False
1628,2026-01-05 11:00:28,normal,1440,2,A,base,urgent_first,3957.0333333333333,False
1629,2026-01-05 11:00:32,normal,1440,3,C,base,urgent_first,3966.7166666666667,False
1630,2026-01-05 11:00:52,normal,1440,4,A,base,urgent_first,3969.766666666667,False
1631,2026-01-05 11:01:02,normal,1440,2,A,base,urgent_first,3971.9,False
1632,2026-01-05 11:01:05,normal,1440,2,A,base,urgent_first,3974.1,False
1633,2026-01-05 11:01:10,normal,1440,3,A,base,urgent_first,3978.016666666667,False
1634,2026-01-05 11:01:32,urgent,240,1,A,base,urgent_first,548.3833333333333,False
1635,2026-01-05 11:02:03,normal,1440,4,B,base,urgent_first,3982.3333333333335,False
1636,2026-01-05 11:03:29,normal,1440,8,A,base,urgent_first,3990.883333333333,False
1637,2026-01-05 11:03:55,normal,1440,3,B,base,urgent_first,3993.633333333333,False
1638,2026-01-05 11:04:02,normal,1440,5,C,base,urgent_first,4004.9333333333334,False
1639,2026-01-05 11:04:08,normal,1440,4,B,base,urgent_first,4010.9333333333334,False
1640,2026-01-05 11:04:14,normal,1440,11,B,base,urgent_first,4027.4333333333334,False
1641,2026-01-05 11:04:29,normal,1440,7,A,base,urgent_first,4034.6,False
1642,2026-01-05 11:04:45,urgent,240,2,A,base,urgent_first,546.3166666666667,False
1643,2026-01-05 11:04:53,normal,1440,3,A,base,urgent_first,4035.516666666667,False
1644,2026-01-05 11:05:20,normal,1440,3,B,base,urgent_first,4037.266666666667,False
1645,2026-01-05 11:05:23,normal,1440,2,A,base,urgent_first,4039.383333333333,False
1646,2026-01-05 11:05:25,normal,1440,3,A,base,urgent_first,4042.983333333333,False
1647,2026-01-05 11:06:05,normal,1440,6,A,base,urgent_first,4053.7833333333333,False
1648,2026-01-05 11:07:20,urgent,240,3,B,base,urgent_first,544.8166666666667,False
1649,2026-01-05 11:07:50,normal,1440,7,A,base,urgent_first,4062.85,False
1650,2026-01-05 11:08:11,normal,1440,3,A,base,urgent_first,4065.2,False
1651,2026-01-05 11:08:27,normal,1440,4,A,base,urgent_first,4069.65,False
1652,2026-01-05 11:09:05,normal,1440,4,A,base,urgent_first,4072.0833333333335,False
1653,2026-01-05 11:09:11,normal,1440,4,A,base,urgent_first,4075.7,False
1654,2026-01-05 11:10:36,urgent,240,3,A,base,urgent_first,542.65,False
1655,2026-01-05 11:10:48,normal,1440,2,A,base,urgent_first,4075.95,False
1656,2026-01-05 11:10:50,normal,1440,16,A,base,urgent_first,4096.0,False
1657,2026-01-05 11:11:45,normal,1440,11,B,base,urgent_first,4105.25,False
1658,2026-01-05 11:12:35,normal,1440,3,A,base,urgent_first,4105.683333333333,False
1659,2026-01-05 11:12:36,normal,1440,1,C,base,urgent_first,4107.266666666666,False
1660,2026-01-05 11:12:45,urgent,240,4,B,base,urgent_first,542.2333333333333,False
1661,2026-01-05 11:14:14,normal,1440,3,C,base,urgent_first,4116.533333333334,False
1662,2026-01-05 11:14:49,normal,1440,2,A,base,urgent_first,4116.9,False
1663,2026-01-05 11:15:44,normal,1440,4,A,base,urgent_first,4120.45,False
1664,2026-01-05 11:16:58,urgent,240,3,A,base,urgent_first,539.1666666666666,False
1665,2026-01-05 11:17:17,normal,1440,5,A,base,urgent_first,4123.7,False
1666,2026-01-05 11:17:20,normal,1440,2,A,base,urgent_first,4125.266666666666,False
1667,2026-01-05 11:17:41,normal,1440,2,A,base,urgent_first,4127.716666666666,False
1668,2026-01-05 11:17:41,urgent,240,3,A,base,urgent_first,539.55,False
1669,2026-01-05 11:17:51,normal,1440,3,B,base,urgent_first,4131.233333333334,False
1670,2026-01-05 11:18:11,normal,1440,7,A,base,urgent_first,4142.7,False
1671,2026-01-05 11:18:23,normal,1440,1,A,base,urgent_first,4143.616666666667,False
1672,2026-01-05 11:18:55,urgent,240,4,B,base,urgent_first,539.7833333333333,False
1673,2026-01-05 11:18:58,urgent,240,4,C,base,urgent_first,541.35,False
1674,2026-01-05 11:19:23,urgent,240,2,B,base,urgent_first,541.9,False
1675,2026-01-05 11:19:31,normal,1440,3,A,base,urgent_first,4180.183333333333,False
1676,2026-01-05 11:19:50,normal,1440,1,B,base,urgent_first,4193.066666666667,False
1677,2026-01-05 11:21:08,normal,1440,11,B,base,urgent_first,4203.9,False
1678,2026-01-05 11:22:47,normal,1440,1,A,base,urgent_first,4203.166666666667,False
1679,2026-01-05 11:22:59,normal,1440,16,A,base,urgent_first,4214.416666666667,False
1680,2026-01-05 11:23:06,normal,1440,2,A,base,urgent_first,4216.583333333333,False
1681,2026-01-05 11:23:48,normal,1440,2,B,base,urgent_first,4506.8,False
1682,2026-01-05 11:23:52,normal,1440,4,A,base,urgent_first,4762.033333333334,False
1683,2026-01-05 11:24:50,normal,1440,7,B,base,urgent_first,4893.833333333333,False
1684,2026-01-05 11:24:59,normal,1440,2,A,base,urgent_first,4894.85,False
1685,2026-01-05 11:25:04,normal,1440,2,B,base,urgent_first,4895.883333333333,False
1686,2026-01-05 11:25:07,urgent,240,1,B,base,urgent_first,537.0666666666667,False
1687,2026-01-05 11:25:19,urgent,240,3,A,base,urgent_first,538.2666666666667,False
1688,2026-01-05 11:25:33,normal,1440,4,B,base,urgent_first,4897.383333333333,False
1689,2026-01-05 11:26:21,normal,1440,7,B,base,urgent_first,4899.133333333333,False
1690,2026-01-05 11:28:15,normal,1440,2,A,base,urgent_first,4898.55,False
1691,2026-01-05 11:28:58,normal,1440,5,C,base,urgent_first,4899.866666666667,False
1692,2026-01-05 11:29:00,normal,1440,4,B,base,urgent_first,4901.283333333334,False
1693,2026-01-05 11:29:07,normal,1440,3,B,base,urgent_first,4902.683333333333,False
1694,2026-01-05 11:29:09,normal,1440,2,B,base,urgent_first,4904.1,False
1695,2026-01-05 11:29:25,normal,1440,3,C,base,urgent_first,4905.35,False
1696,2026-01-05 11:30:11,normal,1440,3,A,base,urgent_first,4906.0,False
1697,2026-01-05 11:31:27,normal,1440,4,B,base,urgent_first,4906.45,False
1698,2026-01-05 11:31:31,normal,1440,3,B,base,urgent_first,4907.85,False
1699,2026-01-05 11:32:20,normal,1440,4,A,base,urgent_first,4908.3,False
1700,2026-01-05 11:32:31,urgent,240,4,A,base,urgent_first,532.55,False
1701,2026-01-05 11:33:25,normal,1440,8,A,base,urgent_first,4909.466666666666,False
1702,2026-01-05 11:33:41,normal,1440,2,A,base,urgent_first,4910.416666666667,False
1703,2026-01-05 11:34:09,normal,1440,10,A,base,urgent_first,4912.133333333333,False
1704,2026-01-05 11:34:21,urgent,240,9,A,base,urgent_first,532.8166666666667,False
1705,2026-01-05 11:34:35,normal,1440,2,A,base,urgent_first,4912.883333333333,False
1706,2026-01-05 11:34:45,normal,1440,11,A,base,urgent_first,4915.083333333333,False
1707,2026-01-05 11:35:18,normal,1440,5,B,base,urgent_first,4916.116666666667,False
1708,2026-01-05 11:36:34,normal,1440,6,B,base,urgent_first,4916.233333333334,False
1709,2026-01-05 11:37:45,urgent,240,4,B,base,urgent_first,530.6166666666667,False
1710,2026-01-05 11:37:51,normal,1440,3,A,base,urgent_first,4916.3,False
1711,2026-01-05 11:37:56,normal,1440,4,C,base,urgent_first,4917.85,False
1712,2026-01-05 11:39:28,normal,1440,2,C,base,urgent_first,4917.733333333334,False
1713,2026-01-05 11:41:12,normal,1440,4,A,base,urgent_first,4917.433333333333,False
1714,2026-01-05 11:41:33,normal,1440,7,B,base,urgent_first,4919.25,False
1715,2026-01-05 11:42:54,normal,1440,1,B,base,urgent_first,4918.633333333333,False
1716,2026-01-05 11:43:19,normal,1440,3,A,base,urgent_first,4919.483333333334,False
1717,2026-01-05 11:43:33,normal,1440,3,B,base,urgent_first,4920.65,False
1718,2026-01-05 11:43:53,normal,1440,4,B,base,urgent_first,4921.833333333333,False
1719,2026-01-05 11:44:16,normal,1440,3,B,base,urgent_first,4922.5,False
1720,2026-01-05 11:44:23,normal,1440,3,B,base,urgent_first,4923.8,False
1721,2026-01-05 11:44:30,normal,1440,2,A,base,urgent_first,4924.85,False
1722,2026-01-05 11:45:14,normal,1440,3,B,base,urgent_first,4926.05,False
1723,2026-01-05 11:45:34,normal,1440,2,C,base,urgent_first,4927.533333333334,False
1724,2026-01-05 11:45:41,urgent,240,2,A,base,urgent_first,523.6333333333333,False
1725,2026-01-05 11:46:08,normal,1440,1,A,base,urgent_first,4927.95,False
1726,2026-01-05 11:47:15,normal,1440,2,B,base,urgent_first,4927.733333333334,False
1727,2026-01-05 11:47:55,normal,1440,6,B,base,urgent_first,4928.75,False
1728,2026-01-05 11:49:02,normal,1440,2,C,base,urgent_first,4928.9,False
1729,2026-01-05 11:49:13,normal,1440,1,C,base,urgent_first,4929.85,False
1730,2026-01-05 11:49:15,normal,1440,3,A,base,urgent_first,4931.466666666666,False
1731,2026-01-05 11:49:18,normal,1440,4,B,base,urgent_first,4932.766666666666,False
1732,2026-01-05 11:49:26,normal,1440,1,A,base,urgent_first,4933.833333333333,False
1733,2026-01-05 11:49:54,normal,1440,1,A,base,urgent_first,4934.183333333333,False
1734,2026-01-05 11:50:06,normal,1440,2,A,base,urgent_first,4935.2,False
1735,2026-01-05 11:50:58,normal,1440,6,A,base,urgent_first,4935.916666666667,False
1736,2026-01-05 11:51:06,normal,1440,5,C,base,urgent_first,4937.6,False
1737,2026-01-05 11:51:40,normal,1440,3,A,base,urgent_first,4938.433333333333,False
1738,2026-01-05 11:52:03,normal,1440,6,B,base,urgent_first,4940.2,False
1739,2026-01-05 11:52:35,normal,1440,1,A,base,urgent_first,4940.716666666666,False
1740,2026-01-05 11:53:15,urgent,240,6,A,base,urgent_first,517.45,False
1741,2026-01-05 11:53:17,normal,1440,4,B,base,urgent_first,4941.266666666666,False
1742,2026-01-05 11:53:45,normal,1440,4,B,base,urgent_first,4943.683333333333,False
1743,2026-01-05 11:53:45,normal,1440,3,A,base,urgent_first,4942.0,False
1744,2026-01-05 11:53:55,normal,1440,2,B,base,urgent_first,4944.233333333334,False
1745,2026-01-05 11:55:00,normal,1440,6,B,base,urgent_first,4945.1,False
1746,2026-01-05 11:56:39,normal,1440,2,B,base,urgent_first,4944.533333333334,False
1747,2026-01-05 11:56:44,normal,1440,3,A,base,urgent_first,4945.75,False
1748,2026-01-05 11:57:05,normal,1440,4,C,base,urgent_first,4946.666666666667,False
1749,2026-01-05 11:57:17,normal,1440,3,A,base,urgent_first,4947.766666666666,False
1750,2026-01-05 11:59:04,normal,1440,3,A,base,urgent_first,4947.066666666667,False
1751,2026-01-05 11:59:06,urgent,240,1,A,base,urgent_first,512.5833333333334,False
1752,2026-01-05 11:59:21,urgent,240,1,B,base,urgent_first,513.25,False
1753,2026-01-05 11:59:32,normal,1440,3,B,base,urgent_first,4948.1,False
1754,2026-01-05 11:59:45,normal,1440,3,A,base,urgent_first,4949.083333333333,False
1755,2026-01-05 12:00:55,normal,1440,1,B,base,urgent_first,4948.966666666666,False
1756,2026-01-05 12:01:57,urgent,240,8,A,base,urgent_first,512.8166666666667,False
1757,2026-01-05 12:02:20,normal,1440,4,A,base,urgent_first,4953.983333333334,False
1758,2026-01-05 12:03:10,normal,1440,6,B,base,urgent_first,4964.166666666667,False
1759,2026-01-05 12:03:13,normal,1440,3,A,base,urgent_first,4965.35,False
1760,2026-01-05 12:03:22,normal,1440,6,A,base,urgent_first,4971.95,False
1761,2026-01-05 12:03:22,normal,1440,2,A,base,urgent_first,4973.416666666667,False
1762,2026-01-05 12:04:35,normal,1440,2,C,base,urgent_first,4973.883333333333,False
1763,2026-01-05 12:06:23,normal,1440,6,B,base,urgent_first,4979.566666666667,False
1764,2026-01-05 12:06:38,normal,1440,4,C,base,urgent_first,4981.9,False
1765,2026-01-05 12:06:53,normal,1440,3,B,base,urgent_first,4985.316666666667,False
1766,2026-01-05 12:09:22,normal,1440,4,B,base,urgent_first,4988.25,False
1767,2026-01-05 12:11:02,normal,1440,6,C,base,urgent_first,4994.133333333333,False
1768,2026-01-05 12:11:15,normal,1440,2,A,base,urgent_first,4996.0,False
1769,2026-01-05 12:11:55,urgent,240,11,A,base,urgent_first,504.51666666666665,False
1770,2026-01-05 12:12:56,normal,1440,2,B,base,urgent_first,4996.45,False
1771,2026-01-05 12:15:53,normal,1440,11,B,base,urgent_first,5011.45,False
1772,2026-01-05 12:16:31,normal,1440,2,B,base,urgent_first,5011.766666666666,False
1773,2026-01-05 12:17:54,normal,1440,3,B,base,urgent_first,5013.383333333333,False
1774,2026-01-05 12:19:26,normal,1440,2,B,base,urgent_first,5013.266666666666,False
1775,2026-01-05 12:20:48,normal,1440,3,A,base,urgent_first,5016.433333333333,False
1776,2026-01-05 12:20:59,normal,1440,4,A,base,urgent_first,5022.45,False
1777,2026-01-05 12:22:22,normal,1440,2,B,base,urgent_first,5024.4,False
1778,2026-01-05 12:24:19,normal,1440,5,A,base,urgent_first,5030.433333333333,False
1779,2026-01-05 12:24:48,normal,1440,5,C,base,urgent_first,5040.016666666666,False
1780,2026-01-05 12:26:03,normal,1440,3,C,base,urgent_first,5041.1,False
1781,2026-01-05 12:28:02,normal,1440,1,A,base,urgent_first,5040.533333333334,False
1782,2026-01-05 12:28:14,urgent,240,4,C,base,urgent_first,489.95,False
1783,2026-01-05 12:28:43,normal,1440,3,B,base,urgent_first,5043.516666666666,False
1784,2026-01-05 12:29:09,normal,1440,4,B,base,urgent_first,5047.45,False
1785,2026-01-05 12:31:33,normal,1440,5,B,base,urgent_first,5050.75,False
1786,2026-01-05 12:32:03,normal,1440,4,A,base,urgent_first,5055.45,False
1787,2026-01-05 12:32:30,normal,1440,4,A,base,urgent_first,5058.45,False
1788,2026-01-05 12:33:44,normal,1440,3,A,base,urgent_first,5059.25,False
1789,2026-01-05 12:34:06,normal,1440,2,C,base,urgent_first,5062.383333333333,False
1790,2026-01-05 12:34:23,normal,1440,4,A,base,urgent_first,5066.85,False
1791,2026-01-05 12:35:20,normal,1440,4,C,base,urgent_first,5073.25,False
1792,2026-01-05 12:35:31,normal,1440,5,B,base,urgent_first,5081.916666666667,False
1793,2026-01-05 12:35:46,urgent,240,4,A,base,urgent_first,483.9,False
1794,2026-01-05 12:36:55,normal,1440,6,B,base,urgent_first,5091.366666666667,False
1795,2026-01-05 12:37:24,normal,1440,9,B,base,urgent_first,5099.333333333333,False
1796,2026-01-05 12:37:34,normal,1440,6,B,base,urgent_first,5106.566666666667,False
1797,2026-01-05 12:37:44,normal,1440,2,A,base,urgent_first,5107.35,False
1798,2026-01-05 12:38:36,urgent,240,2,A,base,urgent_first,482.03333333333336,False
1799,2026-01-05 12:39:22,normal,1440,1,A,base,urgent_first,5107.316666666667,False
1800,2026-01-05 12:39:48,urgent,240,12,C,base,urgent_first,484.3666666666667,False
1801,2026-01-05 12:40:46,normal,1440,1,B,base,urgent_first,5108.133333333333,False
1802,2026-01-05 12:40:49,normal,1440,11,A,base,urgent_first,5120.566666666667,False
1803,2026-01-05 12:41:13,normal,1440,2,A,base,urgent_first,5121.25,False
1804,2026-01-05 12:41:22,normal,1440,1,A,base,urgent_first,5122.016666666666,False
1805,2026-01-05 12:41:51,normal,1440,3,B,base,urgent_first,5123.333333333333,False
1806,2026-01-05 12:43:05,urgent,240,7,B,base,urgent_first,483.06666666666666,False
1807,2026-01-05 12:43:06,normal,1440,4,A,base,urgent_first,5125.083333333333,False
1808,2026-01-05 12:43:35,normal,1440,1,B,base,urgent_first,5126.916666666667,False
1809,2026-01-05 12:45:08,normal,1440,3,B,base,urgent_first,5132.616666666667,False
1810,2026-01-05 12:45:49,normal,1440,3,A,base,urgent_first,5134.633333333333,False
1811,2026-01-05 12:45:50,normal,1440,1,A,base,urgent_first,5136.066666666667,False
1812,2026-01-05 12:46:55,normal,1440,9,A,base,urgent_first,5145.883333333333,False
1813,2026-01-05 12:47:11,normal,1440,3,A,base,urgent_first,5146.966666666666,False
1814,2026-01-05 12:47:57,normal,1440,2,A,base,urgent_first,5147.5,False
1815,2026-01-05 12:49:35,normal,1440,4,A,base,urgent_first,5150.216666666666,False
1816,2026-01-05 12:50:00,normal,1440,10,B,base,urgent_first,5168.216666666666,False
1817,2026-01-05 12:50:56,normal,1440,15,B,base,urgent_first,5190.2,False
1818,2026-01-05 12:50:59,normal,1440,2,A,base,urgent_first,5191.116666666667,False
1819,2026-01-05 12:51:51,normal,1440,3,B,base,urgent_first,5191.716666666666,False
1820,2026-01-05 12:52:12,normal,1440,2,B,base,urgent_first,5193.35,False
1821,2026-01-05 12:52:17,normal,1440,6,A,base,urgent_first,5201.733333333334,False
1822,2026-01-05 12:53:57,normal,1440,3,A,base,urgent_first,5202.066666666667,False
1823,2026-01-05 12:55:19,normal,1440,13,A,base,urgent_first,5220.416666666667,False
1824,2026-01-05 12:55:50,normal,1440,3,A,base,urgent_first,5221.216666666666,False
1825,2026-01-05 12:56:11,normal,1440,4,B,base,urgent_first,5223.233333333334,False
1826,2026-01-05 12:57:43,normal,1440,1,A,base,urgent_first,5222.583333333333,False
1827,2026-01-05 12:58:38,normal,1440,3,A,base,urgent_first,5224.016666666666,False
1828,2026-01-05 12:59:11,normal,1440,5,A,base,urgent_first,5226.066666666667,False
1829,2026-01-05 13:01:35,urgent,240,2,B,base,urgent_first,465.95,False
1830,2026-01-05 13:02:59,urgent,240,1,A,base,urgent_first,465.51666666666665,False
1831,2026-01-05 13:03:17,normal,1440,5,C,base,urgent_first,5227.316666666667,False
1832,2026-01-05 13:03:54,normal,1440,2,B,base,urgent_first,5228.416666666667,False
1833,2026-01-05 13:05:30,urgent,240,2,A,base,urgent_first,463.96666666666664,False
1834,2026-01-05 13:07:36,normal,1440,4,A,base,urgent_first,5230.483333333334,False
1835,2026-01-05 13:08:54,normal,1440,1,A,base,urgent_first,5230.133333333333,False
1836,2026-01-05 13:11:32,normal,1440,9,A,base,urgent_first,5236.766666666666,False
1837,2026-01-05 13:13:31,normal,1440,3,B,base,urgent_first,5236.566666666667,False
1838,2026-01-05 13:15:38,normal,1440,2,B,base,urgent_first,5236.966666666666,False
1839,2026-01-05 13:16:46,normal,1440,2,A,base,urgent_first,5238.65,False
1840,2026-01-05 13:19:00,normal,1440,3,B,base,urgent_first,5240.666666666667,False
1841,2026-01-05 13:21:57,normal,1440,8,C,base,urgent_first,5252.3,False
1842,2026-01-05 13:25:32,normal,1440,3,A,base,urgent_first,5249.966666666666,False
1843,2026-01-05 13:27:15,normal,1440,5,A,base,urgent_first,5251.116666666667,False
1844,2026-01-05 13:29:33,normal,1440,7,B,base,urgent_first,5259.166666666667,False
1845,2026-01-05 13:29:54,normal,1440,3,A,base,urgent_first,5260.583333333333,False
1846,2026-01-05 13:31:02,urgent,240,7,A,base,urgent_first,440.0,False
1847,2026-01-05 13:35:54,normal,1440,2,A,base,urgent_first,5256.383333333333,False
1848,2026-01-05 13:37:12,normal,1440,5,A,base,urgent_first,5260.716666666666,False
1849,2026-01-05 13:38:56,normal,1440,2,B,base,urgent_first,5264.583333333333,False
1850,2026-01-05 13:39:09,normal,1440,3,B,base,urgent_first,5269.366666666667,False
1851,2026-01-05 13:40:13,urgent,240,5,B,base,urgent_first,432.31666666666666,False
1852,2026-01-05 13:40:21,normal,1440,3,C,base,urgent_first,5273.95,False
1853,2026-01-05 13:40:37,normal,1440,3,A,base,urgent_first,5276.016666666666,False
1854,2026-01-05 13:42:22,normal,1440,7,A,base,urgent_first,5281.7,False
1855,2026-01-05 13:42:41,normal,1440,5,A,base,urgent_first,5284.266666666666,False
1856,2026-01-05 13:46:09,urgent,240,6,B,base,urgent_first,428.73333333333335,False
1857,2026-01-05 13:46:54,normal,1440,4,B,base,urgent_first,5286.15,False
1858,2026-01-05 13:49:48,normal,1440,7,A,base,urgent_first,5290.85,False
1859,2026-01-05 13:50:02,normal,1440,3,C,base,urgent_first,5294.666666666667,False
1860,2026-01-05 13:50:37,normal,1440,3,B,base,urgent_first,5297.016666666666,False
1861,2026-01-05 13:52:37,normal,1440,1,C,base,urgent_first,5296.116666666667,False
1862,2026-01-05 13:52:49,normal,1440,1,B,base,urgent_first,5297.1,False
1863,2026-01-05 13:56:26,normal,1440,7,B,base,urgent_first,5304.1,False
1864,2026-01-05 13:56:57,normal,1440,5,B,base,urgent_first,5305.7,False
1865,2026-01-05 13:57:23,normal,1440,7,B,base,urgent_first,5315.183333333333,False
1866,2026-01-05 14:00:15,normal,1440,6,B,base,urgent_first,5318.0,False
1867,2026-01-05 14:00:41,normal,1440,5,C,base,urgent_first,5327.5,False
1868,2026-01-05 14:02:14,normal,1440,1,A,base,urgent_first,5327.033333333334,False
1869,2026-01-05 14:06:04,normal,1440,3,B,base,urgent_first,5328.883333333333,False
1870,2026-01-05 14:08:19,urgent,240,5,B,base,urgent_first,408.6333333333333,False
1871,2026-01-05 14:08:36,normal,1440,2,C,base,urgent_first,5330.533333333334,False
1872,2026-01-05 14:10:36,urgent,240,6,B,base,urgent_first,408.1333333333333,False
1873,2026-01-05 14:10:45,normal,1440,6,A,base,urgent_first,5336.283333333334,False
1874,2026-01-05 14:14:27,normal,1440,5,A,base,urgent_first,5337.0,False
1875,2026-01-05 14:14:37,normal,1440,5,B,base,urgent_first,5341.25,False
1876,2026-01-05 14:17:02,normal,1440,2,B,base,urgent_first,5341.65,False
1877,2026-01-05 14:18:14,normal,1440,2,A,base,urgent_first,5341.45,False
1878,2026-01-05 14:19:23,urgent,240,2,B,base,urgent_first,400.43333333333334,False
1879,2026-01-05 14:19:32,normal,1440,2,B,base,urgent_first,5343.716666666666,False
1880,2026-01-05 14:20:01,normal,1440,5,B,base,urgent_first,5350.366666666667,False
1881,2026-01-05 14:22:17,normal,1440,1,A,base,urgent_first,5349.316666666667,False
1882,2026-01-05 14:22:44,urgent,240,2,B,base,urgent_first,398.35,False
1883,2026-01-05 14:26:27,urgent,240,5,A,base,urgent_first,396.1666666666667,False
1884,2026-01-05 14:26:40,normal,1440,4,B,base,urgent_first,5351.216666666666,False
1885,2026-01-05 14:29:39,normal,1440,2,A,base,urgent_first,5350.533333333334,False
1886,2026-01-05 14:30:01,normal,1440,7,A,base,urgent_first,5363.966666666666,False
1887,2026-01-05 14:30:15,normal,1440,3,C,base,urgent_first,5367.816666666667,False
1888,2026-01-05 14:31:40,normal,1440,3,B,base,urgent_first,5370.15,False
1889,2026-01-05 14:31:52,urgent,240,8,A,base,urgent_first,392.4166666666667,False
1890,2026-01-05 14:32:05,normal,1440,3,A,base,urgent_first,5372.883333333333,False
1891,2026-01-05 14:33:43,normal,1440,2,A,base,urgent_first,5373.916666666667,False
1892,2026-01-05 14:36:19,urgent,240,3,A,base,urgent_first,389.1666666666667,False
1893,2026-01-05 14:38:59,normal,1440,5,A,base,urgent_first,5375.1,False
1894,2026-01-05 14:46:57,normal,1440,1,B,base,urgent_first,5368.85,False
1895,2026-01-05 14:48:59,normal,1440,4,B,base,urgent_first,5373.133333333333,False
1896,2026-01-05 14:49:48,normal,1440,2,B,base,urgent_first,5375.1,False
1897,2026-01-05 14:53:06,normal,1440,4,B,base,urgent_first,5389.383333333333,False
1898,2026-01-05 14:56:28,normal,1440,1,A,base,urgent_first,5401.033333333334,False
1899,2026-01-05 14:58:30,normal,1440,4,A,base,urgent_first,5407.633333333333,False
1900,2026-01-05 15:00:25,normal,1440,3,A,base,urgent_first,5406.75,False
1901,2026-01-05 15:00:49,normal,1440,6,B,base,urgent_first,5424.366666666667,False
1902,2026-01-05 15:01:52,normal,1440,1,A,base,urgent_first,5428.583333333333,False
1903,2026-01-05 15:01:57,normal,1440,2,A,base,urgent_first,5432.683333333333,False
1904,2026-01-05 15:03:04,normal,1440,2,A,base,urgent_first,5432.616666666667,False
1905,2026-01-05 15:04:55,normal,1440,3,C,base,urgent_first,5439.616666666667,False
1906,2026-01-05 15:05:12,normal,1440,3,B,base,urgent_first,5450.8,False
1907,2026-01-05 15:05:59,normal,1440,4,A,base,urgent_first,5457.383333333333,False
1908,2026-01-05 15:06:20,normal,1440,2,B,base,urgent_first,5460.483333333334,False
1909,2026-01-05 15:07:31,normal,1440,2,A,base,urgent_first,5460.883333333333,False
1910,2026-01-05 15:07:54,normal,1440,5,A,base,urgent_first,5463.083333333333,False
1911,2026-01-05 15:08:21,normal,1440,2,A,base,urgent_first,5464.2,False
1912,2026-01-05 15:08:43,urgent,240,2,B,base,urgent_first,358.1333333333333,False
1913,2026-01-05 15:09:17,urgent,240,2,B,base,urgent_first,358.51666666666665,False
1914,2026-01-05 15:09:17,normal,1440,1,B,base,urgent_first,5467.083333333333,False
1915,2026-01-05 15:11:34,normal,1440,2,A,base,urgent_first,5466.45,False
1916,2026-01-05 15:12:03,normal,1440,13,B,base,urgent_first,5485.383333333333,False
1917,2026-01-05 15:12:40,normal,1440,5,B,base,urgent_first,5584.55,False
1918,2026-01-05 15:13:39,normal,1440,7,C,base,urgent_first,5683.1,False
1919,2026-01-05 15:15:22,normal,1440,3,B,base,urgent_first,5733.566666666667,False
1920,2026-01-05 15:17:21,normal,1440,4,B,base,urgent_first,5733.016666666666,False
1921,2026-01-05 15:17:25,normal,1440,2,A,base,urgent_first,5734.116666666667,False
1922,2026-01-05 15:18:10,normal,1440,3,A,base,urgent_first,5734.583333333333,False
1923,2026-01-05 15:20:20,normal,1440,4,A,base,urgent_first,5733.766666666666,False
1924,2026-01-05 15:21:08,normal,1440,2,A,base,urgent_first,5733.95,False
1925,2026-01-05 15:21:35,normal,1440,6,B,base,urgent_first,5735.083333333333,False
1926,2026-01-05 15:21:59,normal,1440,4,B,base,urgent_first,5736.1,False
1927,2026-01-05 15:22:08,normal,1440,3,A,base,urgent_first,5737.116666666667,False
1928,2026-01-05 15:22:14,urgent,240,5,B,base,urgent_first,347.18333333333334,False
1929,2026-01-05 15:22:54,normal,1440,3,B,base,urgent_first,5739.883333333333,False
1930,2026-01-05 15:22:55,normal,1440,3,C,base,urgent_first,5743.116666666667,False
1931,2026-01-05 15:24:04,normal,1440,3,B,base,urgent_first,5746.066666666667,False
1932,2026-01-05 15:24:45,urgent,240,4,B,base,urgent_first,345.75,False
1933,2026-01-05 15:24:49,normal,1440,3,A,base,urgent_first,5751.883333333333,False
1934,2026-01-05 15:26:33,normal,1440,1,B,base,urgent_first,5753.716666666666,False
1935,2026-01-05 15:26:49,normal,1440,2,B,base,urgent_first,5756.633333333333,False
1936,2026-01-05 15:27:14,normal,1440,6,A,base,urgent_first,5767.733333333334,False
1937,2026-01-05 15:27:51,normal,1440,3,B,base,urgent_first,5773.983333333334,False
1938,2026-01-05 15:27:55,normal,1440,4,B,base,urgent_first,5782.216666666666,False
1939,2026-01-05 15:28:05,normal,1440,3,A,base,urgent_first,5859.116666666667,False
1940,2026-01-05 15:29:36,urgent,240,1,B,base,urgent_first,341.96666666666664,False
1941,2026-01-05 15:29:49,normal,1440,10,B,base,urgent_first,5902.033333333334,False
1942,2026-01-05 15:31:17,normal,1440,4,A,base,urgent_first,5927.233333333334,False
1943,2026-01-05 15:32:29,normal,1440,6,B,base,urgent_first,5927.55,False
1944,2026-01-05 15:33:29,normal,1440,6,B,base,urgent_first,5928.683333333333,False
1945,2026-01-05 15:34:42,urgent,240,3,A,base,urgent_first,338.21666666666664,False
1946,2026-01-05 15:36:42,normal,1440,2,A,base,urgent_first,5926.266666666666,False
1947,2026-01-05 15:36:47,normal,1440,3,A,base,urgent_first,5927.183333333333,False
1948,2026-01-05 15:37:11,normal,1440,5,A,base,urgent_first,5930.1,False
1949,2026-01-05 15:38:18,normal,1440,2,B,base,urgent_first,5930.066666666667,False
1950,2026-01-05 15:38:49,normal,1440,1,A,base,urgent_first,5930.566666666667,False
1951,2026-01-05 15:39:31,normal,1440,4,A,base,urgent_first,5931.316666666667,False
1952,2026-01-05 15:39:37,normal,1440,2,C,base,urgent_first,5932.25,False
1953,2026-01-05 15:39:50,normal,1440,6,A,base,urgent_first,5933.616666666667,False
1954,2026-01-05 15:40:34,normal,1440,5,A,base,urgent_first,5934.2,False
1955,2026-01-05 15:41:51,normal,1440,6,A,base,urgent_first,5937.0,False
1956,2026-01-05 15:42:15,normal,1440,1,B,base,urgent_first,5937.45,False
1957,2026-01-05 15:43:14,normal,1440,9,A,base,urgent_first,5951.45,False
1958,2026-01-05 15:43:54,normal,1440,3,B,base,urgent_first,5951.983333333334,False
1959,2026-01-05 15:45:17,normal,1440,5,A,base,urgent_first,5955.016666666666,False
1960,2026-01-05 15:45:46,normal,1440,2,A,base,urgent_first,5955.716666666666,False
1961,2026-01-05 15:46:29,normal,1440,7,C,base,urgent_first,5971.616666666667,False
1962,2026-01-05 15:46:32,urgent,240,4,A,base,urgent_first,328.23333333333335,False
1963,2026-01-05 15:47:10,normal,1440,3,C,base,urgent_first,5985.35,False
1964,2026-01-05 15:48:00,normal,1440,9,B,base,urgent_first,5996.616666666667,False
1965,2026-01-05 15:48:33,normal,1440,8,A,base,urgent_first,6003.383333333333,False
1966,2026-01-05 15:49:11,normal,1440,3,A,base,urgent_first,6004.633333333333,False
1967,2026-01-05 15:49:16,normal,1440,3,B,base,urgent_first,6007.283333333334,False
1968,2026-01-05 15:50:13,normal,1440,2,B,base,urgent_first,6009.25,False
1969,2026-01-05 15:50:59,normal,1440,4,A,base,urgent_first,6014.883333333333,False
1970,2026-01-05 15:51:35,normal,1440,2,B,base,urgent_first,6021.383333333333,False
1971,2026-01-05 15:51:41,normal,1440,1,A,base,urgent_first,6026.283333333334,False
1972,2026-01-05 15:51:49,normal,1440,5,A,base,urgent_first,6030.233333333334,False
1973,2026-01-05 15:52:20,normal,1440,3,B,base,urgent_first,6033.916666666667,False
1974,2026-01-05 15:53:25,normal,1440,3,B,base,urgent_first,6036.85,False
1975,2026-01-05 15:53:53,normal,1440,3,A,base,urgent_first,6039.216666666666,False
1976,2026-01-05 15:54:27,normal,1440,5,C,base,urgent_first,6054.15,False
1977,2026-01-05 15:55:52,normal,1440,5,B,base,urgent_first,6060.1,False
1978,2026-01-05 15:55:54,normal,1440,4,A,base,urgent_first,6062.716666666666,False
1979,2026-01-05 15:56:11,normal,1440,4,A,base,urgent_first,6064.916666666667,False
1980,2026-01-05 15:56:22,normal,1440,4,A,base,urgent_first,6068.6,False
1981,2026-01-05 15:57:42,normal,1440,2,A,base,urgent_first,6069.133333333333,False
1982,2026-01-05 16:01:10,urgent,240,8,A,base,urgent_first,315.8,False
1983,2026-01-05 16:03:05,urgent,240,2,B,base,urgent_first,314.93333333333334,False
1984,2026-01-05 16:03:08,urgent,240,2,B,base,urgent_first,315.8666666666667,False
1985,2026-01-05 16:04:19,urgent,240,5,A,base,urgent_first,316.3666666666667,False
1986,2026-01-05 16:04:23,normal,1440,8,A,base,urgent_first,6073.283333333334,False
1987,2026-01-05 16:05:17,urgent,240,4,B,base,urgent_first,317.05,False
1988,2026-01-05 16:06:18,normal,1440,2,B,base,urgent_first,6072.533333333334,False
1989,2026-01-05 16:07:10,normal,1440,3,B,base,urgent_first,6076.166666666667,False
1990,2026-01-05 16:09:42,normal,1440,3,B,base,urgent_first,6078.25,False
1991,2026-01-05 16:09:42,normal,1440,4,A,base,urgent_first,6080.683333333333,False
1992,2026-01-05 16:09:51,normal,1440,2,B,base,urgent_first,6083.533333333334,False
1993,2026-01-05 16:10:10,normal,1440,2,A,base,urgent_first,6086.233333333334,False
1994,2026-01-05 16:10:14,normal,1440,2,A,base,urgent_first,6089.466666666666,False
1995,2026-01-05 16:10:45,normal,1440,7,A,base,urgent_first,6101.566666666667,False
1996,2026-01-05 16:12:42,normal,1440,2,C,base,urgent_first,6101.75,False
1997,2026-01-05 16:13:21,normal,1440,6,B,base,urgent_first,6108.616666666667,False
1998,2026-01-05 16:13:24,normal,1440,2,B,base,urgent_first,6111.9,False
1999,2026-01-05 16:14:18,normal,1440,5,B,base,urgent_first,6117.016666666666,False
2000,2026-01-05 16:14:35,urgent,240,2,A,base,urgent_first,308.8333333333333,False
2001,2026-01-05 16:14:41,normal,1440,3,B,base,urgent_first,6120.216666666666,False
2002,2026-01-05 16:14:50,normal,1440,6,C,base,urgent_first,6129.4,False
2003,2026-01-05 16:15:03,normal,1440,4,A,base,urgent_first,6132.516666666666,False
2004,2026-01-05 16:16:00,normal,1440,2,B,base,urgent_first,6134.25,False
2005,2026-01-05 16:17:02,normal,1440,4,A,base,urgent_first,6137.916666666667,False
2006,2026-01-05 16:17:30,urgent,240,4,B,base,urgent_first,307.8666666666667,False
2007,2026-01-05 16:18:00,normal,1440,1,B,base,urgent_first,6138.416666666667,False
2008,2026-01-05 16:18:10,urgent,240,3,A,base,urgent_first,308.68333333333334,False
2009,2026-01-05 16:18:21,normal,1440,4,B,base,urgent_first,6145.116666666667,False
2010,2026-01-05 16:20:09,normal,1440,3,C,base,urgent_first,6146.9,False
2011,2026-01-05 16:21:16,normal,1440,3,A,base,urgent_first,6151.216666666666,False
2012,2026-01-05 16:22:59,normal,1440,1,A,base,urgent_first,6151.466666666666,False
2013,2026-01-05 16:23:01,normal,1440,2,C,base,urgent_first,6158.533333333334,False
2014,2026-01-05 16:23:04,normal,1440,3,B,base,urgent_first,6160.3,False
2015,2026-01-05 16:23:31,normal,1440,6,A,base,urgent_first,6168.883333333333,False
2016,2026-01-05 16:23:34,normal,1440,2,A,base,urgent_first,6170.566666666667,False
2017,2026-01-05 16:23:46,normal,1440,5,B,base,urgent_first,6176.983333333334,False
2018,2026-01-05 16:23:48,normal,1440,1,B,base,urgent_first,6177.8,False
2019,2026-01-05 16:23:51,urgent,240,3,B,base,urgent_first,304.35,False
2020,2026-01-05 16:23:55,normal,1440,7,A,base,urgent_first,6189.95,False
2021,2026-01-05 16:23:59,normal,1440,4,C,base,urgent_first,6199.116666666667,False
2022,2026-01-05 16:24:28,normal,1440,2,C,base,urgent_first,6201.25,False
2023,2026-01-05 16:26:31,normal,1440,7,A,base,urgent_first,6208.216666666666,False
2024,2026-01-05 16:27:43,normal,1440,3,B,base,urgent_first,6208.5,False
2025,2026-01-05 16:28:15,normal,1440,1,B,base,urgent_first,6209.983333333334,False
2026,2026-01-05 16:28:15,normal,1440,5,A,base,urgent_first,6215.416666666667,False
2027,2026-01-05 16:28:24,normal,1440,2,A,base,urgent_first,6216.783333333334,False
2028,2026-01-05 16:29:10,normal,1440,2,A,base,urgent_first,6219.633333333333,False
2029,2026-01-05 16:29:31,normal,1440,3,C,base,urgent_first,6225.483333333334,False
2030,2026-01-05 16:29:48,normal,1440,5,A,base,urgent_first,6229.166666666667,False
2031,2026-01-05 16:29:49,normal,1440,2,A,base,urgent_first,6230.3,False
2032,2026-01-05 16:30:15,normal,1440,4,B,base,urgent_first,6236.333333333333,False
2033,2026-01-05 16:30:25,normal,1440,2,B,base,urgent_first,6239.016666666666,False
2034,2026-01-05 16:32:46,normal,1440,6,A,base,urgent_first,6243.516666666666,False
2035,2026-01-05 16:32:53,normal,1440,3,C,base,urgent_first,6247.666666666667,False
2036,2026-01-05 16:33:08,normal,1440,7,A,base,urgent_first,6256.833333333333,False
2037,2026-01-05 16:33:14,normal,1440,14,A,base,urgent_first,6275.666666666667,False
2038,2026-01-05 16:33:30,normal,1440,2,A,base,urgent_first,6276.733333333334,False
2039,2026-01-05 16:34:11,normal,1440,3,B,base,urgent_first,6277.116666666667,False
2040,2026-01-05 16:34:31,normal,1440,6,A,base,urgent_first,6280.466666666666,False
2041,2026-01-05 16:34:33,normal,1440,10,B,base,urgent_first,6291.25,False
2042,2026-01-05 16:34:40,normal,1440,5,A,base,urgent_first,6292.866666666667,False
2043,2026-01-05 16:34:53,normal,1440,4,A,base,urgent_first,6297.716666666666,False
2044,2026-01-05 16:36:13,normal,1440,2,B,base,urgent_first,6300.816666666667,False
2045,2026-01-05 16:36:25,normal,1440,3,A,base,urgent_first,6305.933333333333,False
2046,2026-01-05 16:39:23,normal,1440,6,B,base,urgent_first,6308.683333333333,False
2047,2026-01-05 16:39:33,normal,1440,1,A,base,urgent_first,6309.283333333334,False
2048,2026-01-05 16:40:47,normal,1440,6,B,base,urgent_first,6319.0,False
2049,2026-01-05 16:41:38,normal,1440,4,C,base,urgent_first,6322.983333333334,False
2050,2026-01-05 16:41:47,normal,1440,3,B,base,urgent_first,6325.883333333333,False
2051,2026-01-05 16:44:01,normal,1440,2,B,base,urgent_first,6328.05,False
2052,2026-01-05 16:44:18,urgent,240,4,B,base,urgent_first,285.3,False
2053,2026-01-05 16:44:27,urgent,240,6,A,base,urgent_first,286.96666666666664,False
2054,2026-01-05 16:44:30,normal,1440,5,B,base,urgent_first,6334.483333333334,False
2055,2026-01-05 16:44:33,normal,1440,2,B,base,urgent_first,6337.516666666666,False
2056,2026-01-05 16:45:13,normal,1440,2,C,base,urgent_first,6339.35,False
2057,2026-01-05 16:47:20,urgent,240,5,B,base,urgent_first,285.6,False
2058,2026-01-05 16:47:44,normal,1440,2,B,base,urgent_first,6340.1,False
2059,2026-01-05 16:48:01,normal,1440,4,B,base,urgent_first,6344.183333333333,False
2060,2026-01-05 16:48:21,normal,1440,4,B,base,urgent_first,6347.183333333333,False
2061,2026-01-05 16:48:31,normal,1440,3,A,base,urgent_first,6350.183333333333,False
2062,2026-01-05 16:48:40,normal,1440,2,A,base,urgent_first,6351.533333333334,False
2063,2026-01-05 16:49:28,normal,1440,2,C,base,urgent_first,6357.55,False
2064,2026-01-05 16:49:50,normal,1440,2,A,base,urgent_first,6359.6,False
2065,2026-01-05 16:50:33,urgent,240,4,B,base,urgent_first,283.51666666666665,False
2066,2026-01-05 16:51:29,urgent,240,6,A,base,urgent_first,284.43333333333334,False
2067,2026-01-05 16:51:53,urgent,240,5,A,base,urgent_first,285.5,False
2068,2026-01-05 16:52:12,normal,1440,2,B,base,urgent_first,6360.866666666667,False
2069,2026-01-05 16:52:18,urgent,240,3,A,base,urgent_first,286.35,False
2070,2026-01-05 16:52:46,normal,1440,4,C,base,urgent_first,6370.183333333333,False
2071,2026-01-05 16:53:57,normal,1440,2,A,base,urgent_first,6371.116666666667,False
2072,2026-01-05 16:54:48,normal,1440,2,C,base,urgent_first,6377.533333333334,False
2073,2026-01-05 16:54:58,normal,1440,2,B,base,urgent_first,6380.016666666666,False
2074,2026-01-05 16:55:33,normal,1440,8,B,base,urgent_first,6390.583333333333,False
2075,2026-01-05 16:56:05,normal,1440,4,A,base,urgent_first,6392.033333333334,False
2076,2026-01-05 16:56:11,normal,1440,3,A,base,urgent_first,6393.233333333334,False
2077,2026-01-05 16:56:12,normal,1440,4,A,base,urgent_first,6397.733333333334,False
2078,2026-01-05 16:59:32,normal,1440,8,A,base,urgent_first,6400.2,False
2079,2026-01-05 17:01:32,normal,1440,1,A,base,urgent_first,6399.35,False
2080,2026-01-05 17:01:36,normal,1440,2,B,base,urgent_first,6401.8,False
2081,2026-01-05 17:02:27,normal,1440,1,A,base,urgent_first,6402.666666666667,False
2082,2026-01-05 17:02:52,normal,1440,5,A,base,urgent_first,6409.55,False
2083,2026-01-05 17:03:38,normal,1440,1,B,base,urgent_first,6410.4,False
2084,2026-01-05 17:04:03,normal,1440,6,A,base,urgent_first,6416.066666666667,False
2085,2026-01-05 17:04:04,normal,1440,5,B,base,urgent_first,6422.383333333333,False
2086,2026-01-05 17:05:16,normal,1440,7,B,base,urgent_first,6428.116666666667,False
2087,2026-01-05 17:05:45,normal,1440,4,B,base,urgent_first,6431.65,False
2088,2026-01-05 17:06:31,urgent,240,4,B,base,urgent_first,273.6166666666667,False
2089,2026-01-05 17:06:42,urgent,240,2,A,base,urgent_first,274.71666666666664,False
2090,2026-01-05 17:06:55,normal,1440,3,B,base,urgent_first,6434.316666666667,False
2091,2026-01-05 17:06:59,normal,1440,2,B,base,urgent_first,6439.8,False
2092,2026-01-05 17:07:26,normal,1440,2,A,base,urgent_first,6442.633333333333,False
2093,2026-01-05 17:08:35,normal,1440,2,B,base,urgent_first,6445.8,False
2094,2026-01-05 17:09:11,normal,1440,4,A,base,urgent_first,6448.45,False
2095,2026-01-05 17:09:12,normal,1440,5,A,base,urgent_first,6453.783333333334,False
2096,2026-01-05 17:12:03,normal,1440,11,A,base,urgent_first,6472.0,False
2097,2026-01-05 17:13:01,normal,1440,5,A,base,urgent_first,6473.05,False
2098,2026-01-05 17:13:12,normal,1440,2,B,base,urgent_first,6473.9,False
2099,2026-01-05 17:13:40,normal,1440,3,A,base,urgent_first,6475.466666666666,False
2100,2026-01-05 17:13:56,normal,1440,1,A,base,urgent_first,6477.316666666667,False
2101,2026-01-05 17:14:58,normal,1440,4,A,base,urgent_first,6482.016666666666,False
2102,2026-01-05 17:15:16,normal,1440,1,A,base,urgent_first,6482.9,False
2103,2026-01-05 17:17:47,urgent,240,2,A,base,urgent_first,265.01666666666665,False
2104,2026-01-05 17:17:54,urgent,240,1,A,base,urgent_first,266.1333333333333,False
2105,2026-01-05 17:18:29,normal,1440,3,A,base,urgent_first,6484.216666666666,False
2106,2026-01-05 17:18:36,normal,1440,5,A,base,urgent_first,6488.65,False
2107,2026-01-05 17:21:02,normal,1440,2,A,base,urgent_first,6488.716666666666,False
2108,2026-01-05 17:21:40,normal,1440,4,A,base,urgent_first,6494.883333333333,False
2109,2026-01-05 17:24:13,normal,1440,1,B,base,urgent_first,6495.0,False
2110,2026-01-05 17:26:07,normal,1440,4,A,base,urgent_first,6499.416666666667,False
2111,2026-01-05 17:26:32,normal,1440,3,A,base,urgent_first,6503.016666666666,False
2112,2026-01-05 17:28:15,normal,1440,5,A,base,urgent_first,6506.933333333333,False
2113,2026-01-05 17:30:04,normal,1440,4,B,base,urgent_first,6510.55,False
2114,2026-01-05 17:30:33,normal,1440,5,A,base,urgent_first,6515.316666666667,False
2115,2026-01-05 17:30:36,normal,1440,2,A,base,urgent_first,6517.266666666666,False
2116,2026-01-05 17:31:21,urgent,240,2,A,base,urgent_first,253.63333333333333,False
2117,2026-01-05 17:31:31,normal,1440,2,B,base,urgent_first,6520.65,False
2118,2026-01-05 17:31:32,urgent,240,2,A,base,urgent_first,254.7,False
2119,2026-01-05 17:31:45,normal,1440,3,B,base,urgent_first,6525.166666666667,False
2120,2026-01-05 17:33:28,normal,1440,12,B,base,urgent_first,6540.716666666666,False
2121,2026-01-05 17:34:27,urgent,240,2,A,base,urgent_first,252.95,False
2122,2026-01-05 17:34:51,normal,1440,9,A,base,urgent_first,6545.083333333333,False
2123,2026-01-05 17:35:00,normal,1440,2,A,base,urgent_first,6546.1,False
2124,2026-01-05 17:35:27,normal,1440,1,C,base,urgent_first,6548.616666666667,False
2125,2026-01-05 17:36:20,normal,1440,2,B,base,urgent_first,6550.183333333333,False
2126,2026-01-05 17:36:25,normal,1440,3,B,base,urgent_first,6554.25,False
2127,2026-01-05 17:38:01,normal,1440,5,A,base,urgent_first,6558.25,False
2128,2026-01-05 17:38:17,normal,1440,3,C,base,urgent_first,6562.866666666667,False
2129,2026-01-05 17:39:26,urgent,240,7,A,base,urgent_first,249.73333333333332,False
2130,2026-01-05 17:39:40,normal,1440,2,A,base,urgent_first,6562.9,False
2131,2026-01-05 17:40:14,normal,1440,3,B,base,urgent_first,6566.05,False
2132,2026-01-05 17:40:37,normal,1440,3,A,base,urgent_first,6567.866666666667,False
2133,2026-01-05 17:41:34,normal,1440,3,A,base,urgent_first,6570.933333333333,False
2134,2026-01-05 17:41:57,normal,1440,4,A,base,urgent_first,6577.1,False
2135,2026-01-05 17:41:58,normal,1440,4,A,base,urgent_first,6580.033333333334,False
2136,2026-01-05 17:43:23,normal,1440,2,A,base,urgent_first,6579.533333333334,False
2137,2026-01-05 17:45:41,normal,1440,1,B,base,urgent_first,6579.533333333334,False
2138,2026-01-05 17:45:45,normal,1440,4,A,base,urgent_first,6584.033333333334,False
2139,2026-01-05 17:45:52,urgent,240,2,A,base,urgent_first,244.36666666666667,False
2140,2026-01-05 17:47:06,normal,1440,3,A,base,urgent_first,6584.5,False
2141,2026-01-05 17:47:09,urgent,240,3,B,base,urgent_first,244.53333333333333,False
2142,2026-01-05 17:47:59,normal,1440,7,B,base,urgent_first,6591.0,False
2143,2026-01-05 17:48:34,normal,1440,5,B,base,urgent_first,6599.966666666666,False
2144,2026-01-05 17:50:19,normal,1440,1,B,base,urgent_first,6599.666666666667,False
2145,2026-01-05 17:50:50,normal,1440,5,B,base,urgent_first,6610.033333333334,False
2146,2026-01-05 17:52:44,urgent,240,9,A,base,urgent_first,240.51666666666668,False
2147,2026-01-05 17:52:50,normal,1440,3,C,base,urgent_first,6613.366666666667,False
2148,2026-01-05 17:53:02,normal,1440,4,A,base,urgent_first,6617.566666666667,False
2149,2026-01-05 17:54:48,normal,1440,9,B,base,urgent_first,6627.566666666667,False
2150,2026-01-05 17:55:46,urgent,240,8,A,base,urgent_first,239.18333333333334,True
2151,2026-01-05 17:56:34,normal,1440,4,C,base,urgent_first,6635.366666666667,False
2152,2026-01-05 17:56:35,normal,1440,4,A,base,urgent_first,6639.1,False
2153,2026-01-05 17:59:42,normal,1440,3,C,base,urgent_first,6638.933333333333,False
2154,2026-01-05 17:59:43,normal,1440,3,A,base,urgent_first,6641.8,False
2155,2026-01-05 18:02:24,normal,1440,4,B,base,urgent_first,6649.533333333334,False
2156,2026-01-05 18:03:35,normal,1440,2,B,base,urgent_first,6650.15,False
2157,2026-01-05 18:07:16,normal,1440,3,C,base,urgent_first,6653.516666666666,False
2158,2026-01-05 18:11:41,normal,1440,3,A,base,urgent_first,6651.45,False
2159,2026-01-05 18:12:07,normal,1440,6,B,base,urgent_first,6661.083333333333,False
2160,2026-01-05 18:12:32,normal,1440,3,C,base,urgent_first,6664.433333333333,False
2161,2026-01-05 18:13:25,normal,1440,6,A,base,urgent_first,6667.933333333333,False
2162,2026-01-05 18:13:46,normal,1440,5,A,base,urgent_first,6672.65,False
2163,2026-01-05 18:14:04,normal,1440,4,C,base,urgent_first,6680.45,False
2164,2026-01-05 18:14:24,normal,1440,2,B,base,urgent_first,6681.55,False
2165,2026-01-05 18:16:44,normal,1440,4,B,base,urgent_first,6689.45,False
2166,2026-01-05 18:21:27,normal,1440,2,A,base,urgent_first,6687.7,False
2167,2026-01-05 18:22:12,normal,1440,5,A,base,urgent_first,6695.266666666666,False
2168,2026-01-05 18:22:27,normal,1440,2,B,base,urgent_first,6695.916666666667,False
2169,2026-01-05 18:22:50,normal,1440,4,B,base,urgent_first,6701.916666666667,False
2170,2026-01-05 18:25:19,urgent,240,3,B,base,urgent_first,210.83333333333334,True
2171,2026-01-05 18:26:06,normal,1440,3,A,base,urgent_first,6703.016666666666,False
2172,2026-01-05 18:27:03,normal,1440,6,B,base,urgent_first,6709.933333333333,False
2173,2026-01-05 18:27:19,normal,1440,11,B,base,urgent_first,6730.05,False
2174,2026-01-05 18:27:48,normal,1440,3,B,base,urgent_first,6730.933333333333,False
2175,2026-01-05 18:29:11,normal,1440,3,B,base,urgent_first,6731.233333333334,False
2176,2026-01-05 18:31:00,normal,1440,3,A,base,urgent_first,6731.45,False
2177,2026-01-05 18:31:37,normal,1440,3,A,base,urgent_first,6733.633333333333,False
2178,2026-01-05 18:32:24,normal,1440,3,B,base,urgent_first,6739.55,False
2179,2026-01-05 18:32:31,normal,1440,2,A,base,urgent_first,6740.5,False
2180,2026-01-05 18:35:24,normal,1440,2,C,base,urgent_first,6744.0,False
2181,2026-01-05 18:36:58,normal,1440,10,B,base,urgent_first,6754.7,False
2182,2026-01-05 18:38:25,normal,1440,10,A,base,urgent_first,6757.716666666666,False
2183,2026-01-05 18:38:39,normal,1440,6,A,base,urgent_first,6761.033333333334,False
2184,2026-01-05 18:41:56,normal,1440,2,B,base,urgent_first,6759.466666666666,False
2185,2026-01-05 18:44:13,normal,1440,1,B,base,urgent_first,6759.65,False
2186,2026-01-05 18:44:22,normal,1440,4,A,base,urgent_first,6766.3,False
2187,2026-01-05 18:45:16,urgent,240,8,A,base,urgent_first,193.06666666666666,True
2188,2026-01-05 18:45:24,normal,1440,9,B,base,urgent_first,6780.416666666667,False
2189,2026-01-05 18:45:50,normal,1440,3,B,base,urgent_first,6781.1,False
2190,2026-01-05 18:47:31,urgent,240,8,B,base,urgent_first,192.83333333333334,True
2191,2026-01-05 18:48:22,normal,1440,2,B,base,urgent_first,6781.5,False
2192,2026-01-05 18:49:43,normal,1440,7,A,base,urgent_first,6789.583333333333,False
2193,2026-01-05 18:49:45,normal,1440,3,A,base,urgent_first,6791.2,False
2194,2026-01-05 18:51:18,normal,1440,5,A,base,urgent_first,6794.3,False
2195,2026-01-05 18:55:53,normal,1440,3,A,base,urgent_first,6790.733333333334,False
2196,2026-01-05 18:57:57,normal,1440,1,A,base,urgent_first,6789.45,False
2197,2026-01-05 19:01:09,normal,1440,3,C,base,urgent_first,6789.85,False
2198,2026-01-05 19:01:11,normal,1440,3,B,base,urgent_first,6791.733333333334,False
2199,2026-01-05 19:02:19,normal,1440,9,B,base,urgent_first,6806.283333333334,False
2200,2026-01-05 19:07:18,urgent,240,3,B,base,urgent_first,174.53333333333333,True
2201,2026-01-05 19:13:24,normal,1440,2,B,base,urgent_first,6796.383333333333,False
2202,2026-01-05 19:14:18,normal,1440,9,B,base,urgent_first,6810.033333333334,False
2203,2026-01-05 19:17:16,urgent,240,2,A,base,urgent_first,165.83333333333334,True
2204,2026-01-05 19:25:05,normal,1440,1,A,base,urgent_first,6800.283333333334,False
2205,2026-01-05 19:27:07,normal,1440,3,B,base,urgent_first,6801.283333333334,False
2206,2026-01-05 19:33:07,normal,1440,3,B,base,urgent_first,6799.283333333334,False
2207,2026-01-05 19:37:32,normal,1440,3,A,base,urgent_first,6797.966666666666,False
2208,2026-01-05 19:39:13,normal,1440,3,B,base,urgent_first,6800.416666666667,False
2209,2026-01-05 19:45:31,urgent,240,2,C,base,urgent_first,139.08333333333334,True
2210,2026-01-05 19:52:19,urgent,240,5,B,base,urgent_first,133.65,True
2211,2026-01-05 19:53:00,urgent,240,3,A,base,urgent_first,134.16666666666666,True
2212,2026-01-05 19:55:08,normal,1440,3,B,base,urgent_first,6789.466666666666,False
2213,2026-01-05 19:55:32,normal,1440,10,A,base,urgent_first,6802.7,False
2214,2026-01-06 08:00:00,urgent,240,3,A,base,urgent_first,40.583333333333336,True
2215,2026-01-06 08:02:19,normal,1440,1,A,base,urgent_first,6077.15,False
2216,2026-01-06 08:03:48,urgent,240,4,A,base,urgent_first,38.55,True
2217,2026-01-06 08:07:50,normal,1440,6,A,base,urgent_first,6078.2,False
2218,2026-01-06 08:09:59,normal,1440,1,A,base,urgent_first,6076.983333333334,False
2219,2026-01-06 08:10:59,normal,1440,4,C,base,urgent_first,6084.5,False
2220,2026-01-06 08:12:52,normal,1440,6,A,base,urgent_first,6089.833333333333,False
2221,2026-01-06 08:15:39,normal,1440,4,A,base,urgent_first,6090.733333333334,False
2222,2026-01-06 08:15:47,normal,1440,7,A,base,urgent_first,6098.983333333334,False
2223,2026-01-06 08:16:42,urgent,240,1,A,base,urgent_first,26.466666666666665,True
2224,2026-01-06 08:20:32,normal,1440,3,A,base,urgent_first,6096.416666666667,False
2225,2026-01-06 08:21:19,normal,1440,2,B,base,urgent_first,6099.083333333333,False
2226,2026-01-06 08:24:44,normal,1440,5,A,base,urgent_first,6103.866666666667,False
2227,2026-01-06 08:28:07,normal,1440,2,A,base,urgent_first,6102.133333333333,False
2228,2026-01-06 08:30:01,normal,1440,2,B,base,urgent_first,6101.933333333333,False
2229,2026-01-06 08:33:09,normal,1440,3,C,base,urgent_first,6103.45,False
2230,2026-01-06 08:33:39,normal,1440,3,A,base,urgent_first,6107.05,False
2231,2026-01-06 08:34:38,normal,1440,2,A,base,urgent_first,6107.916666666667,False
2232,2026-01-06 08:35:10,normal,1440,1,B,base,urgent_first,6108.966666666666,False
2233,2026-01-06 08:35:25,normal,1440,2,B,base,urgent_first,6113.366666666667,False
2234,2026-01-06 08:35:57,urgent,240,2,B,base,urgent_first,52.233333333333334,True
2235,2026-01-06 08:36:07,normal,1440,1,C,base,urgent_first,6116.233333333334,False
2236,2026-01-06 08:40:08,urgent,240,2,A,base,urgent_first,49.03333333333333,True
2237,2026-01-06 08:40:13,normal,1440,3,A,base,urgent_first,6118.55,False
2238,2026-01-06 08:41:17,normal,1440,7,B,base,urgent_first,6125.65,False
2239,2026-01-06 08:41:47,normal,1440,7,C,base,urgent_first,6136.716666666666,False
2240,2026-01-06 08:42:05,urgent,240,2,B,base,urgent_first,48.13333333333333,True
2241,2026-01-06 08:43:05,normal,1440,2,B,base,urgent_first,6137.1,False
2242,2026-01-06 08:46:54,urgent,240,3,B,base,urgent_first,44.6,True
2243,2026-01-06 08:51:28,normal,1440,2,A,base,urgent_first,6129.716666666666,False
2244,2026-01-06 08:52:09,normal,1440,5,C,base,urgent_first,6140.866666666667,False
2245,2026-01-06 08:52:44,normal,1440,9,B,base,urgent_first,6155.3,False
2246,2026-01-06 08:52:46,urgent,240,10,C,base,urgent_first,54.06666666666667,True
2247,2026-01-06 08:54:55,normal,1440,6,B,base,urgent_first,6160.6,False
2248,2026-01-06 08:55:11,normal,1440,4,A,base,urgent_first,6165.0,False
2249,2026-01-06 08:59:14,urgent,240,3,A,base,urgent_first,48.68333333333333,True
2250,2026-01-06 09:00:47,normal,1440,12,B,base,urgent_first,6173.9,False
2251,2026-01-06 09:03:05,normal,1440,2,A,base,urgent_first,6172.683333333333,False
2252,2026-01-06 09:05:42,normal,1440,2,A,base,urgent_first,6171.266666666666,False
2253,2026-01-06 09:06:07,normal,1440,4,B,base,urgent_first,6178.05,False
2254,2026-01-06 09:06:28,normal,1440,3,C,base,urgent_first,6184.883333333333,False
2255,2026-01-06 09:07:46,normal,1440,3,B,base,urgent_first,6186.15,False
2256,2026-01-06 09:08:54,normal,1440,2,A,base,urgent_first,6186.533333333334,False
2257,2026-01-06 09:09:36,normal,1440,9,A,base,urgent_first,6196.35,False
2258,2026-01-06 09:09:38,normal,1440,4,A,base,urgent_first,6198.283333333334,False
2259,2026-01-06 09:10:14,normal,1440,2,B,base,urgent_first,6200.066666666667,False
2260,2026-01-06 09:10:26,normal,1440,3,B,base,urgent_first,6205.166666666667,False
2261,2026-01-06 09:11:04,urgent,240,4,A,base,urgent_first,38.03333333333333,True
2262,2026-01-06 09:11:14,normal,1440,7,A,base,urgent_first,6212.583333333333,False
2263,2026-01-06 09:11:45,normal,1440,3,B,base,urgent_first,6213.65,False
2264,2026-01-06 09:11:55,normal,1440,5,B,base,urgent_first,6220.516666666666,False
2265,2026-01-06 09:13:19,normal,1440,3,C,base,urgent_first,6225.1,False
2266,2026-01-06 09:14:19,normal,1440,3,B,base,urgent_first,6227.3,False
2267,2026-01-06 09:14:49,normal,1440,2,B,base,urgent_first,6229.75,False
2268,2026-01-06 09:15:12,normal,1440,5,A,base,urgent_first,6238.466666666666,False
2269,2026-01-06 09:15:16,normal,1440,5,A,base,urgent_first,6242.1,False
2270,2026-01-06 09:15:23,normal,1440,4,B,base,urgent_first,6247.233333333334,False
2271,2026-01-06 09:15:39,normal,1440,4,C,base,urgent_first,6253.25,False
2272,2026-01-06 09:16:16,normal,1440,2,B,base,urgent_first,6254.966666666666,False
2273,2026-01-06 09:17:49,urgent,240,2,B,base,urgent_first,32.483333333333334,True
2274,2026-01-06 09:19:05,normal,1440,3,A,base,urgent_first,6255.9,False
2275,2026-01-06 09:19:55,normal,1440,3,A,base,urgent_first,6258.816666666667,False
2276,2026-01-06 09:20:09,normal,1440,3,B,base,urgent_first,6263.116666666667,False
2277,2026-01-06 09:20:45,normal,1440,7,A,base,urgent_first,6268.9,False
2278,2026-01-06 09:24:19,normal,1440,1,A,base,urgent_first,6266.1,False
2279,2026-01-06 09:28:29,normal,1440,8,A,base,urgent_first,6273.233333333334,False
2280,2026-01-06 09:28:44,normal,1440,1,A,base,urgent_first,6273.833333333333,False
2281,2026-01-06 09:30:06,normal,1440,2,A,base,urgent_first,6273.45,False
2282,2026-01-06 09:31:32,normal,1440,3,B,base,urgent_first,6274.75,False
2283,2026-01-06 09:31:36,normal,1440,1,B,base,urgent_first,6275.883333333333,False
2284,2026-01-06 09:32:58,normal,1440,2,A,base,urgent_first,6277.716666666666,False
2285,2026-01-06 09:34:35,normal,1440,2,A,base,urgent_first,6278.0,False
2286,2026-01-06 09:35:39,normal,1440,1,C,base,urgent_first,6280.8,False
2287,2026-01-06 09:36:29,urgent,240,13,B,base,urgent_first,590.9,False
2288,2026-01-06 09:36:41,normal,1440,8,B,base,urgent_first,6289.1,False
2289,2026-01-06 09:36:56,normal,1440,3,C,base,urgent_first,6294.7,False
2290,2026-01-06 09:39:05,normal,1440,9,A,base,urgent_first,6304.516666666666,False
2291,2026-01-06 09:39:45,normal,1440,4,A,base,urgent_first,6305.666666666667,False
2292,2026-01-06 09:39:52,normal,1440,3,A,base,urgent_first,6306.816666666667,False
2293,2026-01-06 09:40:08,normal,1440,3,A,base,urgent_first,6311.3,False
2294,2026-01-06 09:40:15,normal,1440,4,B,base,urgent_first,6315.966666666666,False
2295,2026-01-06 09:41:12,normal,1440,2,A,base,urgent_first,6316.166666666667,False
2296,2026-01-06 09:42:17,normal,1440,2,A,base,urgent_first,6316.4,False
2297,2026-01-06 09:42:53,normal,1440,7,A,base,urgent_first,6325.733333333334,False
2298,2026-01-06 09:43:46,normal,1440,4,A,base,urgent_first,6328.883333333333,False
2299,2026-01-06 09:44:34,urgent,240,11,A,base,urgent_first,585.5,False
2300,2026-01-06 09:44:49,normal,1440,2,C,base,urgent_first,6333.6,False
2301,2026-01-06 09:44:52,normal,1440,2,C,base,urgent_first,6340.35,False
2302,2026-01-06 09:47:32,normal,1440,9,A,base,urgent_first,6347.666666666667,False
2303,2026-01-06 09:47:57,normal,1440,5,B,base,urgent_first,6351.733333333334,False
2304,2026-01-06 09:49:04,normal,1440,9,B,base,urgent_first,6361.6,False
2305,2026-01-06 09:49:31,normal,1440,3,A,base,urgent_first,6362.516666666666,False
2306,2026-01-06 09:50:37,urgent,240,5,A,base,urgent_first,580.7,False
2307,2026-01-06 09:52:45,normal,1440,3,A,base,urgent_first,6360.616666666667,False
2308,2026-01-06 09:54:02,normal,1440,8,A,base,urgent_first,6370.15,False
2309,2026-01-06 09:54:03,normal,1440,8,A,base,urgent_first,6379.983333333334,False
2310,2026-01-06 09:54:18,normal,1440,5,B,base,urgent_first,6387.683333333333,False
2311,2026-01-06 09:55:35,normal,1440,8,C,base,urgent_first,6398.083333333333,False
2312,2026-01-06 09:55:51,normal,1440,5,A,base,urgent_first,6400.283333333334,False
2313,2026-01-06 09:56:32,normal,1440,2,A,base,urgent_first,6400.75,False
2314,2026-01-06 09:58:33,urgent,240,3,A,base,urgent_first,573.85,False
2315,2026-01-06 09:59:28,normal,1440,7,B,base,urgent_first,6405.5,False
2316,2026-01-06 10:00:09,normal,1440,6,A,base,urgent_first,6407.166666666667,False
2317,2026-01-06 10:00:32,normal,1440,6,A,base,urgent_first,6414.816666666667,False
2318,2026-01-06 10:00:46,normal,1440,4,C,base,urgent_first,6420.2,False
2319,2026-01-06 10:00:50,normal,1440,2,B,base,urgent_first,6421.65,False
2320,2026-01-06 10:00:55,normal,1440,3,A,base,urgent_first,6425.75,False
2321,2026-01-06 10:01:27,normal,1440,3,B,base,urgent_first,6432.366666666667,False
2322,2026-01-06 10:03:23,urgent,240,7,A,base,urgent_first,570.55,False
2323,2026-01-06 10:03:25,normal,1440,13,B,base,urgent_first,6445.333333333333,False
2324,2026-01-06 10:04:02,normal,1440,2,A,base,urgent_first,6445.85,False
2325,2026-01-06 10:04:32,normal,1440,2,B,base,urgent_first,6446.916666666667,False
2326,2026-01-06 10:05:22,urgent,240,3,A,base,urgent_first,569.9333333333333,False
2327,2026-01-06 10:05:35,normal,1440,1,B,base,urgent_first,6447.383333333333,False
2328,2026-01-06 10:05:45,normal,1440,9,B,base,urgent_first,6455.883333333333,False
2329,2026-01-06 10:06:45,normal,1440,1,B,base,urgent_first,6456.016666666666,False
2330,2026-01-06 10:07:05,normal,1440,3,B,base,urgent_first,6458.683333333333,False
2331,2026-01-06 10:08:02,normal,1440,3,B,base,urgent_first,6464.15,False
2332,2026-01-06 10:08:27,normal,1440,3,C,base,urgent_first,6472.1,False
2333,2026-01-06 10:08:27,normal,1440,2,B,base,urgent_first,6466.7,False
2334,2026-01-06 10:08:56,normal,1440,5,A,base,urgent_first,6474.716666666666,False
2335,2026-01-06 10:09:11,normal,1440,7,A,base,urgent_first,6482.0,False
2336,2026-01-06 10:09:59,normal,1440,2,B,base,urgent_first,6484.983333333334,False
2337,2026-01-06 10:10:18,normal,1440,5,C,base,urgent_first,6494.116666666667,False
2338,2026-01-06 10:10:38,urgent,240,3,A,base,urgent_first,566.1666666666666,False
2339,2026-01-06 10:10:43,normal,1440,3,A,base,urgent_first,6497.116666666667,False
2340,2026-01-06 10:11:16,normal,1440,3,B,base,urgent_first,6500.016666666666,False
2341,2026-01-06 10:11:56,normal,1440,6,A,base,urgent_first,6505.866666666667,False
2342,2026-01-06 10:12:15,normal,1440,5,A,base,urgent_first,6508.716666666666,False
2343,2026-01-06 10:12:19,normal,1440,6,B,base,urgent_first,6518.266666666666,False
2344,2026-01-06 10:12:39,urgent,240,6,B,base,urgent_first,565.6,False
2345,2026-01-06 10:13:19,urgent,240,1,A,base,urgent_first,565.8833333333333,False
2346,2026-01-06 10:13:54,normal,1440,2,A,base,urgent_first,6517.7,False
2347,2026-01-06 10:14:03,normal,1440,2,B,base,urgent_first,6519.166666666667,False
2348,2026-01-06 10:14:10,normal,1440,2,A,base,urgent_first,6523.45,False
2349,2026-01-06 10:14:13,normal,1440,5,A,base,urgent_first,6529.733333333334,False
2350,2026-01-06 10:14:40,normal,1440,8,A,base,urgent_first,6538.516666666666,False
2351,2026-01-06 10:14:57,normal,1440,4,A,base,urgent_first,6541.233333333334,False
2352,2026-01-06 10:15:07,normal,1440,2,C,base,urgent_first,6543.533333333334,False
2353,2026-01-06 10:16:35,normal,1440,4,B,base,urgent_first,6546.15,False
2354,2026-01-06 10:16:44,normal,1440,12,A,base,urgent_first,6555.5,False
2355,2026-01-06 10:16:55,normal,1440,4,B,base,urgent_first,6557.316666666667,False
2356,2026-01-06 10:18:10,normal,1440,1,A,base,urgent_first,6556.983333333334,False
2357,2026-01-06 10:18:11,normal,1440,4,C,base,urgent_first,6563.35,False
2358,2026-01-06 10:18:55,normal,1440,5,C,base,urgent_first,6572.516666666666,False
2359,2026-01-06 10:19:11,normal,1440,1,A,base,urgent_first,6573.116666666667,False
2360,2026-01-06 10:19:54,normal,1440,2,B,base,urgent_first,6573.85,False
2361,2026-01-06 10:20:04,normal,1440,1,B,base,urgent_first,6576.233333333334,False
2362,2026-01-06 10:21:39,urgent,240,3,B,base,urgent_first,558.65,False
2363,2026-01-06 10:22:03,urgent,240,1,A,base,urgent_first,559.0,False
2364,2026-01-06 10:22:10,normal,1440,5,B,base,urgent_first,6579.883333333333,False
2365,2026-01-06 10:22:16,normal,1440,3,B,base,urgent_first,6583.0,False
2366,2026-01-06 10:22:27,normal,1440,14,C,base,urgent_first,6610.516666666666,False
2367,2026-01-06 10:22:51,normal,1440,2,A,base,urgent_first,6611.25,False
2368,2026-01-06 10:22:57,urgent,240,2,A,base,urgent_first,559.1,False
2369,2026-01-06 10:23:06,normal,1440,2,A,base,urgent_first,6612.166666666667,False
2370,2026-01-06 10:23:14,normal,1440,2,A,base,urgent_first,6613.366666666667,False
2371,2026-01-06 10:23:27,urgent,240,7,A,base,urgent_first,560.85,False
2372,2026-01-06 10:23:40,normal,1440,5,A,base,urgent_first,6616.266666666666,False
2373,2026-01-06 10:24:12,normal,1440,2,B,base,urgent_first,6619.266666666666,False
2374,2026-01-06 10:24:37,normal,1440,5,B,base,urgent_first,6629.433333333333,False
2375,2026-01-06 10:26:03,normal,1440,2,B,base,urgent_first,6629.65,False
2376,2026-01-06 10:26:13,normal,1440,2,A,base,urgent_first,6633.466666666666,False
2377,2026-01-06 10:26:14,urgent,240,11,C,base,urgent_first,560.8833333333333,False
2378,2026-01-06 10:26:15,normal,1440,1,A,base,urgent_first,6635.3,False
2379,2026-01-06 10:26:38,normal,1440,2,A,base,urgent_first,6638.55,False
2380,2026-01-06 10:26:47,normal,1440,1,B,base,urgent_first,6641.2,False
2381,2026-01-06 10:27:26,normal,1440,1,C,base,urgent_first,6643.416666666667,False
2382,2026-01-06 10:27:40,normal,1440,7,B,base,urgent_first,6652.983333333334,False
2383,2026-01-06 10:28:49,normal,1440,3,A,base,urgent_first,6653.166666666667,False
2384,2026-01-06 10:28:54,normal,1440,4,B,base,urgent_first,6661.316666666667,False
2385,2026-01-06 10:29:42,normal,1440,4,C,base,urgent_first,6665.766666666666,False
2386,2026-01-06 10:29:45,normal,1440,3,C,base,urgent_first,6670.866666666667,False
2387,2026-01-06 10:30:09,normal,1440,7,B,base,urgent_first,6681.183333333333,False
2388,2026-01-06 10:31:05,normal,1440,1,B,base,urgent_first,6681.3,False
2389,2026-01-06 10:32:43,normal,1440,2,A,base,urgent_first,6681.533333333334,False
2390,2026-01-06 10:34:32,urgent,240,2,A,base,urgent_first,553.6333333333333,False
2391,2026-01-06 10:34:57,normal,1440,2,A,base,urgent_first,6680.55,False
2392,2026-01-06 10:35:46,normal,1440,3,A,base,urgent_first,6683.783333333334,False
2393,2026-01-06 10:35:48,normal,1440,3,B,base,urgent_first,6686.85,False
2394,2026-01-06 10:36:00,normal,1440,8,B,base,urgent_first,6702.2,False
2395,2026-01-06 10:36:02,normal,1440,5,B,base,urgent_first,6708.383333333333,False
2396,2026-01-06 10:36:09,normal,1440,3,A,base,urgent_first,6711.266666666666,False
2397,2026-01-06 10:36:23,normal,1440,9,B,base,urgent_first,6723.883333333333,False
2398,2026-01-06 10:36:37,normal,1440,4,A,base,urgent_first,6725.666666666667,False
2399,2026-01-06 10:37:37,normal,1440,2,A,base,urgent_first,6727.316666666667,False
2400,2026-01-06 10:37:48,urgent,240,5,C,base,urgent_first,552.9,False
2401,2026-01-06 10:38:00,urgent,240,5,A,base,urgent_first,554.0833333333334,False
2402,2026-01-06 10:38:01,normal,1440,4,B,base,urgent_first,6730.816666666667,False
2403,2026-01-06 10:38:13,normal,1440,3,C,base,urgent_first,6738.383333333333,False
2404,2026-01-06 10:38:52,normal,1440,3,A,base,urgent_first,6740.083333333333,False
2405,2026-01-06 10:39:03,normal,1440,7,A,base,urgent_first,6749.55,False
2406,2026-01-06 10:39:41,normal,1440,4,B,base,urgent_first,6753.233333333334,False
2407,2026-01-06 10:40:45,normal,1440,2,A,base,urgent_first,6754.466666666666,False
2408,2026-01-06 10:40:56,normal,1440,5,A,base,urgent_first,6758.3,False
2409,2026-01-06 10:42:19,urgent,240,2,B,base,urgent_first,550.9166666666666,False
2410,2026-01-06 10:43:07,normal,1440,10,C,base,urgent_first,6780.266666666666,False
2411,2026-01-06 10:43:23,normal,1440,5,A,base,urgent_first,6782.916666666667,False
2412,2026-01-06 10:43:30,normal,1440,7,A,base,urgent_first,6787.616666666667,False
2413,2026-01-06 10:44:18,normal,1440,2,C,base,urgent_first,6789.233333333334,False
2414,2026-01-06 10:44:34,normal,1440,3,A,base,urgent_first,6791.716666666666,False
2415,2026-01-06 10:45:17,normal,1440,4,C,base,urgent_first,6793.75,False
2416,2026-01-06 10:46:18,normal,1440,3,A,base,urgent_first,6795.783333333334,False
2417,2026-01-06 10:46:28,normal,1440,2,A,base,urgent_first,6797.533333333334,False
2418,2026-01-06 10:47:10,normal,1440,8,A,base,urgent_first,6805.9,False
2419,2026-01-06 10:47:18,normal,1440,5,B,base,urgent_first,6810.216666666666,False
2420,2026-01-06 10:48:16,normal,1440,5,B,base,urgent_first,6813.033333333334,False
2421,2026-01-06 10:48:19,normal,1440,7,A,base,urgent_first,6818.983333333334,False
2422,2026-01-06 10:49:39,urgent,240,2,B,base,urgent_first,544.6,False
2423,2026-01-06 10:50:16,normal,1440,1,C,base,urgent_first,6818.25,False
2424,2026-01-06 10:50:32,normal,1440,2,C,base,urgent_first,6821.766666666666,False
2425,2026-01-06 10:51:09,normal,1440,4,C,base,urgent_first,6828.666666666667,False
2426,2026-01-06 10:51:47,normal,1440,2,A,base,urgent_first,6829.433333333333,False
2427,2026-01-06 10:52:34,normal,1440,5,C,base,urgent_first,6838.566666666667,False
2428,2026-01-06 10:52:41,normal,1440,1,A,base,urgent_first,6839.95,False
2429,2026-01-06 10:53:11,normal,1440,4,A,base,urgent_first,6842.833333333333,False
2430,2026-01-06 10:53:22,normal,1440,3,C,base,urgent_first,6846.75,False
2431,2026-01-06 10:54:07,normal,1440,5,A,base,urgent_first,6852.95,False
2432,2026-01-06 10:54:15,normal,1440,2,A,base,urgent_first,6855.1,False
2433,2026-01-06 10:54:33,normal,1440,2,A,base,urgent_first,6856.966666666666,False
2434,2026-01-06 10:55:16,normal,1440,6,A,base,urgent_first,6864.466666666666,False
2435,2026-01-06 10:55:42,normal,1440,4,A,base,urgent_first,6866.966666666666,False
2436,2026-01-06 10:57:41,normal,1440,1,C,base,urgent_first,6865.95,False
2437,2026-01-06 10:58:42,normal,1440,5,A,base,urgent_first,6871.483333333334,False
2438,2026-01-06 10:59:15,normal,1440,2,A,base,urgent_first,6872.333333333333,False
2439,2026-01-06 11:00:21,normal,1440,3,A,base,urgent_first,6874.033333333334,False
2440,2026-01-06 11:00:50,normal,1440,4,A,base,urgent_first,6877.85,False
2441,2026-01-06 11:01:17,normal,1440,5,B,base,urgent_first,6883.6,False
2442,2026-01-06 11:01:21,normal,1440,2,B,base,urgent_first,6884.933333333333,False
2443,2026-01-06 11:02:05,normal,1440,7,A,base,urgent_first,6892.616666666667,False
2444,2026-01-06 11:02:10,urgent,240,3,C,base,urgent_first,533.5,False
2445,2026-01-06 11:02:21,normal,1440,6,C,base,urgent_first,6901.566666666667,False
2446,2026-01-06 11:02:45,normal,1440,2,C,base,urgent_first,6903.916666666667,False
2447,2026-01-06 11:03:00,normal,1440,2,C,base,urgent_first,6908.3,False
2448,2026-01-06 11:03:19,normal,1440,10,C,base,urgent_first,6928.2,False
2449,2026-01-06 11:03:33,normal,1440,3,B,base,urgent_first,6929.416666666667,False
2450,2026-01-06 11:03:43,normal,1440,2,C,base,urgent_first,6934.333333333333,False
2451,2026-01-06 11:03:48,normal,1440,9,A,base,urgent_first,6944.083333333333,False
2452,2026-01-06 11:03:58,urgent,240,5,C,base,urgent_first,533.7666666666667,False
2453,2026-01-06 11:04:05,normal,1440,3,A,base,urgent_first,6945.183333333333,False
2454,2026-01-06 11:04:10,normal,1440,5,A,base,urgent_first,6953.35,False
2455,2026-01-06 11:04:16,normal,1440,3,C,base,urgent_first,6959.116666666667,False
2456,2026-01-06 11:04:17,normal,1440,4,A,base,urgent_first,6962.933333333333,False
2457,2026-01-06 11:04:39,normal,1440,2,A,base,urgent_first,6964.716666666666,False
2458,2026-01-06 11:04:55,normal,1440,6,C,base,urgent_first,6974.533333333334,False
2459,2026-01-06 11:05:32,urgent,240,4,A,base,urgent_first,533.7,False
2460,2026-01-06 11:07:12,normal,1440,5,C,base,urgent_first,6978.716666666666,False
2461,2026-01-06 11:07:26,normal,1440,3,B,base,urgent_first,6981.916666666667,False
2462,2026-01-06 11:07:44,urgent,240,3,A,base,urgent_first,532.7166666666667,False
2463,2026-01-06 11:08:33,normal,1440,1,C,base,urgent_first,6982.066666666667,False
2464,2026-01-06 11:08:36,urgent,240,8,C,base,urgent_first,534.25,False
2465,2026-01-06 11:08:47,normal,1440,4,B,base,urgent_first,6990.35,False
2466,2026-01-06 11:08:55,normal,1440,4,A,base,urgent_first,6995.033333333334,False
2467,2026-01-06 11:08:55,normal,1440,6,B,base,urgent_first,7006.116666666667,False
2468,2026-01-06 11:09:25,normal,1440,4,B,base,urgent_first,7012.283333333334,False
2469,2026-01-06 11:10:14,normal,1440,2,C,base,urgent_first,7017.783333333334,False
2470,2026-01-06 11:10:40,normal,1440,5,A,base,urgent_first,7023.05,False
2471,2026-01-06 11:11:02,normal,1440,3,A,base,urgent_first,7024.433333333333,False
2472,2026-01-06 11:11:31,normal,1440,5,A,base,urgent_first,7029.783333333334,False
2473,2026-01-06 11:11:52,normal,1440,4,B,base,urgent_first,7033.983333333334,False
2474,2026-01-06 11:11:58,urgent,240,1,A,base,urgent_first,531.9333333333333,False
2475,2026-01-06 11:12:52,normal,1440,6,A,base,urgent_first,7040.8,False
2476,2026-01-06 11:13:16,urgent,240,1,A,base,urgent_first,531.5833333333334,False
2477,2026-01-06 11:14:20,normal,1440,1,A,base,urgent_first,7040.333333333333,False
2478,2026-01-06 11:15:26,urgent,240,2,A,base,urgent_first,530.75,False
2479,2026-01-06 11:15:58,urgent,240,3,A,base,urgent_first,531.7833333333333,False
2480,2026-01-06 11:16:09,urgent,240,3,C,base,urgent_first,532.6166666666667,False
2481,2026-01-06 11:17:06,urgent,240,3,B,base,urgent_first,532.8166666666667,False
2482,2026-01-06 11:17:07,normal,1440,4,B,base,urgent_first,7043.383333333333,False
2483,2026-01-06 11:17:08,normal,1440,4,A,base,urgent_first,7047.683333333333,False
2484,2026-01-06 11:17:38,normal,1440,3,C,base,urgent_first,7050.916666666667,False
2485,2026-01-06 11:18:00,urgent,240,2,A,base,urgent_first,533.0666666666667,False
2486,2026-01-06 11:18:40,urgent,240,2,B,base,urgent_first,533.6166666666667,False
2487,2026-01-06 11:19:37,normal,1440,7,A,base,urgent_first,7060.033333333334,False
2488,2026-01-06 11:20:29,normal,1440,3,C,base,urgent_first,7062.266666666666,False
2489,2026-01-06 11:20:55,normal,1440,6,A,base,urgent_first,7070.3,False
2490,2026-01-06 11:21:07,normal,1440,4,B,base,urgent_first,7077.033333333334,False
2491,2026-01-06 11:21:14,normal,1440,7,A,base,urgent_first,7085.25,False
2492,2026-01-06 11:23:06,normal,1440,5,A,base,urgent_first,7086.866666666667,False
2493,2026-01-06 11:23:07,normal,1440,2,A,base,urgent_first,7087.783333333334,False
2494,2026-01-06 11:24:55,urgent,240,3,B,base,urgent_first,529.0333333333333,False
2495,2026-01-06 11:27:33,normal,1440,3,A,base,urgent_first,7086.95,False
2496,2026-01-06 11:27:35,normal,1440,2,A,base,urgent_first,7089.6,False
2497,2026-01-06 11:28:05,normal,1440,6,A,base,urgent_first,7096.0,False
2498,2026-01-06 11:28:38,normal,1440,4,B,base,urgent_first,7096.866666666667,False
2499,2026-01-06 11:29:14,urgent,240,3,B,base,urgent_first,525.7666666666667,False
2500,2026-01-06 11:29:48,normal,1440,2,C,base,urgent_first,7102.216666666666,False
2501,2026-01-06 11:30:30,normal,1440,4,A,base,urgent_first,7105.983333333334,False
2502,2026-01-06 11:32:45,normal,1440,2,A,base,urgent_first,7105.816666666667,False
2503,2026-01-06 11:33:11,normal,1440,3,A,base,urgent_first,7107.566666666667,False
2504,2026-01-06 11:33:16,normal,1440,2,A,base,urgent_first,7109.216666666666,False
2505,2026-01-06 11:34:17,normal,1440,12,A,base,urgent_first,7121.516666666666,False
2506,2026-01-06 11:35:05,normal,1440,5,B,base,urgent_first,7122.933333333333,False
2507,2026-01-06 11:36:04,urgent,240,9,A,base,urgent_first,521.5833333333334,False
2508,2026-01-06 11:36:11,normal,1440,3,A,base,urgent_first,7123.6,False
2509,2026-01-06 11:36:33,normal,1440,4,A,base,urgent_first,7126.533333333334,False
2510,2026-01-06 11:37:09,normal,1440,7,C,base,urgent_first,7141.483333333334,False
2511,2026-01-06 11:38:18,normal,1440,11,B,base,urgent_first,7152.95,False
2512,2026-01-06 11:38:32,normal,1440,3,A,base,urgent_first,7154.066666666667,False
2513,2026-01-06 11:39:48,normal,1440,6,A,base,urgent_first,7157.733333333334,False
2514,2026-01-06 11:40:20,normal,1440,3,A,base,urgent_first,7158.633333333333,False
2515,2026-01-06 11:40:58,urgent,240,3,B,base,urgent_first,518.2666666666667,False
2516,2026-01-06 11:41:31,normal,1440,2,A,base,urgent_first,7159.4,False
2517,2026-01-06 11:41:36,normal,1440,1,A,base,urgent_first,7161.283333333334,False
2518,2026-01-06 11:41:50,normal,1440,2,A,base,urgent_first,7165.016666666666,False
2519,2026-01-06 11:42:27,normal,1440,6,C,base,urgent_first,7174.8,False
2520,2026-01-06 11:42:48,normal,1440,2,C,base,urgent_first,7176.366666666667,False
2521,2026-01-06 11:42:49,normal,1440,4,A,base,urgent_first,7181.45,False
2522,2026-01-06 11:43:56,normal,1440,3,A,base,urgent_first,7183.133333333333,False
2523,2026-01-06 11:44:06,normal,1440,4,A,base,urgent_first,7188.283333333334,False
2524,2026-01-06 11:44:18,normal,1440,5,A,base,urgent_first,7194.216666666666,False
2525,2026-01-06 11:45:07,normal,1440,2,A,base,urgent_first,7194.416666666667,False
2526,2026-01-06 11:45:28,normal,1440,10,C,base,urgent_first,7209.2,False
2527,2026-01-06 11:46:08,normal,1440,2,A,base,urgent_first,7209.533333333334,False
2528,2026-01-06 11:46:47,normal,1440,6,B,base,urgent_first,7217.45,False
2529,2026-01-06 11:48:03,normal,1440,3,B,base,urgent_first,7217.633333333333,False
2530,2026-01-06 11:48:41,normal,1440,4,A,base,urgent_first,7220.116666666667,False
2531,2026-01-06 11:48:57,normal,1440,2,B,base,urgent_first,7223.516666666666,False
2532,2026-01-06 11:49:17,normal,1440,3,A,base,urgent_first,7227.933333333333,False
2533,2026-01-06 11:49:34,normal,1440,4,A,base,urgent_first,7232.083333333333,False
2534,2026-01-06 11:51:42,normal,1440,7,B,base,urgent_first,7241.133333333333,False
2535,2026-01-06 11:51:42,normal,1440,3,A,base,urgent_first,7242.35,False
2536,2026-01-06 11:51:44,normal,1440,5,C,base,urgent_first,7248.45,False
2537,2026-01-06 11:52:14,normal,1440,4,A,base,urgent_first,7249.966666666666,False
2538,2026-01-06 11:54:58,normal,1440,2,B,base,urgent_first,7248.833333333333,False
2539,2026-01-06 11:56:00,normal,1440,4,B,base,urgent_first,7256.0,False
2540,2026-01-06 11:56:21,normal,1440,6,C,base,urgent_first,7266.083333333333,False
2541,2026-01-06 11:56:53,normal,1440,3,B,base,urgent_first,7266.966666666666,False
2542,2026-01-06 11:57:15,normal,1440,4,A,base,urgent_first,7270.133333333333,False
2543,2026-01-06 11:58:51,normal,1440,9,B,base,urgent_first,7284.783333333334,False
2544,2026-01-06 11:59:17,normal,1440,3,C,base,urgent_first,7288.0,False
2545,2026-01-06 11:59:19,normal,1440,7,A,base,urgent_first,7296.316666666667,False
2546,2026-01-06 11:59:34,normal,1440,6,B,base,urgent_first,7303.85,False
2547,2026-01-06 11:59:47,normal,1440,3,C,base,urgent_first,7307.55,False
2548,2026-01-06 12:00:19,normal,1440,2,B,base,urgent_first,7309.033333333334,False
2549,2026-01-06 12:00:28,normal,1440,3,B,base,urgent_first,7314.016666666666,False
2550,2026-01-06 12:01:36,urgent,240,4,C,base,urgent_first,499.18333333333334,False
2551,2026-01-06 12:02:00,normal,1440,3,B,base,urgent_first,7316.816666666667,False
2552,2026-01-06 12:02:19,normal,1440,4,A,base,urgent_first,7320.05,False
2553,2026-01-06 12:02:24,urgent,240,3,A,base,urgent_first,499.73333333333335,False
2554,2026-01-06 12:02:32,normal,1440,7,B,base,urgent_first,7327.733333333334,False
2555,2026-01-06 12:02:51,normal,1440,7,C,base,urgent_first,7344.116666666667,False
2556,2026-01-06 12:03:59,normal,1440,1,A,base,urgent_first,7344.15,False
2557,2026-01-06 12:04:07,normal,1440,3,B,base,urgent_first,7346.9,False
2558,2026-01-06 12:04:28,urgent,240,2,A,base,urgent_first,498.76666666666665,False
2559,2026-01-06 12:05:05,normal,1440,5,B,base,urgent_first,7352.3,False
2560,2026-01-06 12:05:29,normal,1440,2,B,base,urgent_first,7353.5,False
2561,2026-01-06 12:05:47,normal,1440,6,B,base,urgent_first,7367.4,False
2562,2026-01-06 12:06:00,normal,1440,1,B,base,urgent_first,7368.233333333334,False
2563,2026-01-06 12:06:05,normal,1440,2,A,base,urgent_first,7369.7,False
2564,2026-01-06 12:06:26,normal,1440,2,A,base,urgent_first,7370.966666666666,False
2565,2026-01-06 12:07:50,normal,1440,7,A,base,urgent_first,7381.366666666667,False
2566,2026-01-06 12:08:28,normal,1440,5,B,base,urgent_first,7386.933333333333,False
2567,2026-01-06 12:08:44,normal,1440,2,B,base,urgent_first,7387.866666666667,False
2568,2026-01-06 12:08:50,normal,1440,6,B,base,urgent_first,7397.416666666667,False
2569,2026-01-06 12:09:01,normal,1440,3,A,base,urgent_first,7400.9,False
2570,2026-01-06 12:09:42,urgent,240,2,B,base,urgent_first,494.56666666666666,False
2571,2026-01-06 12:10:17,normal,1440,8,A,base,urgent_first,7410.266666666666,False
2572,2026-01-06 12:10:56,normal,1440,4,C,base,urgent_first,7417.783333333334,False
2573,2026-01-06 12:11:08,urgent,240,5,A,base,urgent_first,494.65,False
2574,2026-01-06 12:11:20,normal,1440,9,B,base,urgent_first,7429.75,False
2575,2026-01-06 12:11:29,normal,1440,6,B,base,urgent_first,7433.633333333333,False
2576,2026-01-06 12:13:05,urgent,240,1,A,base,urgent_first,493.53333333333336,False
2577,2026-01-06 12:16:29,normal,1440,2,B,base,urgent_first,7431.766666666666,False
2578,2026-01-06 12:16:37,urgent,240,2,A,base,urgent_first,491.1,False
2579,2026-01-06 12:16:45,normal,1440,3,A,base,urgent_first,7435.333333333333,False
2580,2026-01-06 12:16:58,normal,1440,4,C,base,urgent_first,7444.166666666667,False
2581,2026-01-06 12:17:56,normal,1440,4,A,base,urgent_first,7447.083333333333,False
2582,2026-01-06 12:18:04,normal,1440,4,B,base,urgent_first,7451.25,False
2583,2026-01-06 12:18:22,normal,1440,3,C,base,urgent_first,7456.35,False
2584,2026-01-06 12:19:01,normal,1440,5,B,base,urgent_first,7462.483333333334,False
2585,2026-01-06 12:19:52,normal,1440,9,A,base,urgent_first,7469.3,False
2586,2026-01-06 12:20:03,normal,1440,7,A,base,urgent_first,7472.85,False
2587,2026-01-06 12:20:52,urgent,240,2,B,base,urgent_first,487.81666666666666,False
2588,2026-01-06 12:24:03,normal,1440,3,C,base,urgent_first,7474.466666666666,False
2589,2026-01-06 12:24:21,normal,1440,7,A,base,urgent_first,7479.116666666667,False
2590,2026-01-06 12:25:55,normal,1440,7,B,base,urgent_first,7489.266666666666,False
2591,2026-01-06 12:28:18,normal,1440,5,A,base,urgent_first,7489.35,False
2592,2026-01-06 12:28:26,normal,1440,4,C,base,urgent_first,7495.716666666666,False
2593,2026-01-06 12:29:29,normal,1440,2,A,base,urgent_first,7495.833333333333,False
2594,2026-01-06 12:29:43,normal,1440,2,B,base,urgent_first,7498.933333333333,False
2595,2026-01-06 12:29:43,normal,1440,4,A,base,urgent_first,7505.033333333334,False
2596,2026-01-06 12:30:26,normal,1440,3,A,base,urgent_first,7506.65,False
2597,2026-01-06 12:32:11,normal,1440,4,A,base,urgent_first,7510.733333333334,False
2598,2026-01-06 12:33:27,urgent,240,5,B,base,urgent_first,476.3833333333333,False
2599,2026-01-06 12:33:36,normal,1440,3,A,base,urgent_first,7512.35,False
2600,2026-01-06 12:33:57,normal,1440,5,B,base,urgent_first,7520.466666666666,False
2601,2026-01-06 12:34:32,normal,1440,3,A,base,urgent_first,7520.966666666666,False
2602,2026-01-06 12:35:06,normal,1440,1,B,base,urgent_first,7522.9,False
2603,2026-01-06 12:37:12,normal,1440,2,A,base,urgent_first,7524.25,False
2604,2026-01-06 12:38:05,normal,1440,3,C,base,urgent_first,7532.333333333333,False
2605,2026-01-06 12:38:33,normal,1440,6,A,base,urgent_first,7536.866666666667,False
2606,2026-01-06 12:38:48,normal,1440,2,C,base,urgent_first,7539.6,False
2607,2026-01-06 12:39:47,urgent,240,4,C,base,urgent_first,471.55,False
2608,2026-01-06 12:40:34,urgent,240,9,A,base,urgent_first,473.1166666666667,False
2609,2026-01-06 12:41:08,normal,1440,2,A,base,urgent_first,7538.5,False
2610,2026-01-06 12:41:56,normal,1440,2,B,base,urgent_first,7542.566666666667,False
2611,2026-01-06 12:42:31,normal,1440,3,C,base,urgent_first,7547.783333333334,False
2612,2026-01-06 12:42:47,normal,1440,6,A,base,urgent_first,7555.433333333333,False
2613,2026-01-06 12:45:55,normal,1440,4,B,base,urgent_first,7555.616666666667,False
2614,2026-01-06 12:48:14,normal,1440,3,B,base,urgent_first,7558.05,False
2615,2026-01-06 12:48:57,urgent,240,6,B,base,urgent_first,466.4166666666667,False
2616,2026-01-06 12:49:26,normal,1440,5,B,base,urgent_first,7566.433333333333,False
2617,2026-01-06 12:50:15,urgent,240,6,B,base,urgent_first,467.31666666666666,False
2618,2026-01-06 12:50:48,urgent,240,3,A,base,urgent_first,468.3333333333333,False
2619,2026-01-06 12:56:35,normal,1440,2,C,base,urgent_first,7564.0,False
2620,2026-01-06 12:56:43,normal,1440,5,B,base,urgent_first,7569.45,False
2621,2026-01-06 12:57:06,normal,1440,4,C,base,urgent_first,7577.8,False
2622,2026-01-06 12:57:12,normal,1440,3,B,base,urgent_first,7580.433333333333,False
2623,2026-01-06 12:57:19,normal,1440,4,A,base,urgent_first,7583.6,False
2624,2026-01-06 12:58:02,normal,1440,4,B,base,urgent_first,7586.2,False
2625,2026-01-06 13:01:19,normal,1440,8,B,base,urgent_first,7592.35,False
2626,2026-01-06 13:04:12,normal,1440,9,A,base,urgent_first,7599.483333333334,False
2627,2026-01-06 13:04:31,normal,1440,3,C,base,urgent_first,7603.283333333334,False
2628,2026-01-06 13:06:18,normal,1440,3,B,base,urgent_first,7606.266666666666,False
2629,2026-01-06 13:08:23,normal,1440,1,C,base,urgent_first,7607.133333333333,False
2630,2026-01-06 13:09:35,normal,1440,7,A,base,urgent_first,7613.133333333333,False
2631,2026-01-06 13:11:07,normal,1440,7,A,base,urgent_first,7617.483333333334,False
2632,2026-01-06 13:11:10,normal,1440,1,A,base,urgent_first,7618.083333333333,False
2633,2026-01-06 13:11:33,normal,1440,5,A,base,urgent_first,7622.033333333334,False
2634,2026-01-06 13:13:01,normal,1440,3,B,base,urgent_first,7625.133333333333,False
2635,2026-01-06 13:14:29,normal,1440,7,C,base,urgent_first,7637.483333333334,False
2636,2026-01-06 13:16:02,normal,1440,2,A,base,urgent_first,7637.05,False
2637,2026-01-06 13:17:40,normal,1440,2,B,base,urgent_first,7636.583333333333,False
2638,2026-01-06 13:20:20,normal,1440,3,B,base,urgent_first,7639.466666666666,False
2639,2026-01-06 13:20:56,normal,1440,1,B,base,urgent_first,7639.983333333334,False
2640,2026-01-06 13:21:33,normal,1440,5,A,base,urgent_first,7648.466666666666,False
2641,2026-01-06 13:22:21,normal,1440,2,B,base,urgent_first,7648.833333333333,False
2642,2026-01-06 13:22:51,normal,1440,3,A,base,urgent_first,7650.216666666666,False
2643,2026-01-06 13:27:17,normal,1440,2,A,base,urgent_first,7647.7,False
2644,2026-01-06 13:27:35,normal,1440,1,A,base,urgent_first,7648.533333333334,False
2645,2026-01-06 13:28:53,normal,1440,3,B,base,urgent_first,7653.483333333334,False
2646,2026-01-06 13:30:19,normal,1440,4,A,base,urgent_first,7656.716666666666,False
2647,2026-01-06 13:30:23,normal,1440,4,A,base,urgent_first,7665.9,False
2648,2026-01-06 13:31:19,normal,1440,1,A,base,urgent_first,7665.9,False
2649,2026-01-06 13:31:28,normal,1440,5,A,base,urgent_first,7672.0,False
2650,2026-01-06 13:33:33,urgent,240,1,B,base,urgent_first,426.6,False
2651,2026-01-06 13:34:53,normal,1440,3,A,base,urgent_first,7670.15,False
2652,2026-01-06 13:35:08,normal,1440,2,B,base,urgent_first,7672.8,False
2653,2026-01-06 13:40:41,normal,1440,2,B,base,urgent_first,7671.116666666667,False
2654,2026-01-06 13:41:01,normal,1440,3,B,base,urgent_first,7678.95,False
2655,2026-01-06 13:41:41,urgent,240,3,B,base,urgent_first,419.9,False
2656,2026-01-06 13:44:16,normal,1440,2,A,base,urgent_first,7677.983333333334,False
2657,2026-01-06 13:46:26,normal,1440,2,A,base,urgent_first,7679.433333333333,False
2658,2026-01-06 13:47:38,normal,1440,2,B,base,urgent_first,7681.7,False
2659,2026-01-06 13:48:10,normal,1440,2,B,base,urgent_first,7683.9,False
2660,2026-01-06 13:49:19,normal,1440,7,B,base,urgent_first,7696.066666666667,False
2661,2026-01-06 13:49:35,normal,1440,3,B,base,urgent_first,7697.283333333334,False
2662,2026-01-06 13:52:22,normal,1440,3,B,base,urgent_first,7699.733333333334,False
2663,2026-01-06 13:52:40,normal,1440,5,A,base,urgent_first,7704.666666666667,False
2664,2026-01-06 13:53:19,normal,1440,2,A,base,urgent_first,7705.966666666666,False
2665,2026-01-06 13:54:51,urgent,240,2,C,base,urgent_first,408.1,False
2666,2026-01-06 13:56:06,normal,1440,2,A,base,urgent_first,7705.616666666667,False
2667,2026-01-06 14:00:23,urgent,240,7,A,base,urgent_first,404.1166666666667,False
2668,2026-01-06 14:00:31,normal,1440,3,A,base,urgent_first,7704.583333333333,False
2669,2026-01-06 14:00:44,normal,1440,3,A,base,urgent_first,7710.216666666666,False
2670,2026-01-06 14:01:04,normal,1440,3,C,base,urgent_first,7717.683333333333,False
2671,2026-01-06 14:02:16,normal,1440,3,A,base,urgent_first,7719.066666666667,False
2672,2026-01-06 14:08:28,urgent,240,9,B,base,urgent_first,398.6166666666667,False
2673,2026-01-06 14:09:41,normal,1440,4,A,base,urgent_first,7714.733333333334,False
2674,2026-01-06 14:12:31,normal,1440,3,B,base,urgent_first,7717.316666666667,False
2675,2026-01-06 14:17:41,normal,1440,2,C,base,urgent_first,7716.5,False
2676,2026-01-06 14:17:43,urgent,240,4,A,base,urgent_first,390.73333333333335,False
2677,2026-01-06 14:21:14,normal,1440,5,C,base,urgent_first,7720.466666666666,False
2678,2026-01-06 14:25:01,normal,1440,2,A,base,urgent_first,7718.0,False
2679,2026-01-06 14:27:04,normal,1440,6,A,base,urgent_first,7720.833333333333,False
2680,2026-01-06 14:28:51,normal,1440,1,B,base,urgent_first,7720.033333333334,False
2681,2026-01-06 14:30:58,normal,1440,5,B,base,urgent_first,7723.366666666667,False
2682,2026-01-06 14:31:08,normal,1440,2,B,base,urgent_first,7725.7,False
2683,2026-01-06 14:31:26,normal,1440,4,A,base,urgent_first,7729.516666666666,False
2684,2026-01-06 14:31:51,normal,1440,2,C,base,urgent_first,7735.0,False
2685,2026-01-06 14:32:52,normal,1440,2,C,base,urgent_first,7740.233333333334,False
2686,2026-01-06 14:33:29,urgent,240,4,C,base,urgent_first,376.1,False
2687,2026-01-06 14:33:50,urgent,240,7,A,base,urgent_first,377.5,False
2688,2026-01-06 14:36:14,normal,1440,2,B,base,urgent_first,7740.033333333334,False
2689,2026-01-06 14:39:31,normal,1440,3,A,base,urgent_first,7742.816666666667,False
2690,2026-01-06 14:39:51,normal,1440,2,B,base,urgent_first,7745.566666666667,False
2691,2026-01-06 14:41:54,normal,1440,9,B,base,urgent_first,7755.483333333334,False
2692,2026-01-06 14:43:38,normal,1440,5,A,base,urgent_first,7756.216666666666,False
2693,2026-01-06 14:51:08,normal,1440,2,A,base,urgent_first,7752.583333333333,False
2694,2026-01-06 14:51:38,normal,1440,4,A,base,urgent_first,7756.066666666667,False
2695,2026-01-06 14:52:52,normal,1440,2,A,base,urgent_first,7756.666666666667,False
2696,2026-01-06 14:53:26,normal,1440,14,C,base,urgent_first,7783.916666666667,False
2697,2026-01-06 14:54:55,normal,1440,7,A,base,urgent_first,7785.233333333334,False
2698,2026-01-06 14:55:04,normal,1440,2,B,base,urgent_first,7786.966666666666,False
2699,2026-01-06 14:56:48,normal,1440,4,A,base,urgent_first,7789.8,False
2700,2026-01-06 14:56:48,normal,1440,5,B,base,urgent_first,7795.816666666667,False
2701,2026-01-06 14:57:02,normal,1440,2,A,base,urgent_first,7797.133333333333,False
2702,2026-01-06 14:57:06,normal,1440,6,A,base,urgent_first,7802.133333333333,False
2703,2026-01-06 15:00:50,normal,1440,7,A,base,urgent_first,7804.933333333333,False
2704,2026-01-06 15:01:17,normal,1440,5,A,base,urgent_first,7807.066666666667,False
2705,2026-01-06 15:02:13,urgent,240,3,C,base,urgent_first,350.6666666666667,False
2706,2026-01-06 15:02:40,normal,1440,2,A,base,urgent_first,7807.583333333333,False
2707,2026-01-06 15:03:00,normal,1440,6,A,base,urgent_first,7813.766666666666,False
2708,2026-01-06 15:03:23,normal,1440,5,A,base,urgent_first,7816.133333333333,False
2709,2026-01-06 15:03:28,normal,1440,3,A,base,urgent_first,7818.016666666666,False
2710,2026-01-06 15:03:54,normal,1440,4,A,base,urgent_first,7825.516666666666,False
2711,2026-01-06 15:04:55,normal,1440,6,C,base,urgent_first,7831.616666666667,False
2712,2026-01-06 15:05:26,urgent,240,3,C,base,urgent_first,349.0833333333333,False
2713,2026-01-06 15:06:02,normal,1440,3,B,base,urgent_first,7831.85,False
2714,2026-01-06 15:06:23,normal,1440,4,B,base,urgent_first,7837.4,False
2715,2026-01-06 15:06:47,normal,1440,11,B,base,urgent_first,7853.75,False
2716,2026-01-06 15:08:37,normal,1440,8,C,base,urgent_first,7864.083333333333,False
2717,2026-01-06 15:08:46,normal,1440,3,B,base,urgent_first,7865.433333333333,False
2718,2026-01-06 15:09:17,normal,1440,9,A,base,urgent_first,7871.833333333333,False
2719,2026-01-06 15:09:18,normal,1440,8,B,base,urgent_first,7883.6,False
2720,2026-01-06 15:10:41,normal,1440,3,C,base,urgent_first,7887.466666666666,False
2721,2026-01-06 15:11:44,normal,1440,5,A,base,urgent_first,7889.55,False
2722,2026-01-06 15:13:47,normal,1440,3,B,base,urgent_first,7892.766666666666,False
2723,2026-01-06 15:14:54,urgent,240,3,B,base,urgent_first,340.95,False
2724,2026-01-06 15:15:33,normal,1440,8,A,base,urgent_first,7902.333333333333,False
2725,2026-01-06 15:15:41,normal,1440,6,B,base,urgent_first,7907.183333333333,False
2726,2026-01-06 15:15:57,normal,1440,3,B,base,urgent_first,7909.166666666667,False
2727,2026-01-06 15:16:04,normal,1440,2,A,base,urgent_first,7910.533333333334,False
2728,2026-01-06 15:16:43,normal,1440,3,A,base,urgent_first,7912.116666666667,False
2729,2026-01-06 15:17:01,urgent,240,1,C,base,urgent_first,339.7,False
2730,2026-01-06 15:18:32,normal,1440,4,A,base,urgent_first,7912.8,False
2731,2026-01-06 15:19:26,normal,1440,2,A,base,urgent_first,7914.45,False
2732,2026-01-06 15:19:42,normal,1440,1,C,base,urgent_first,7916.15,False
2733,2026-01-06 15:19:51,normal,1440,5,B,base,urgent_first,7922.4,False
2734,2026-01-06 15:20:28,urgent,240,3,B,base,urgent_first,337.75,False
2735,2026-01-06 15:20:29,normal,1440,3,B,base,urgent_first,7923.433333333333,False
2736,2026-01-06 15:20:47,normal,1440,8,A,base,urgent_first,7936.7,False
2737,2026-01-06 15:21:44,normal,1440,2,A,base,urgent_first,7937.116666666667,False
2738,2026-01-06 15:21:47,normal,1440,2,A,base,urgent_first,7938.45,False
2739,2026-01-06 15:22:48,normal,1440,3,B,base,urgent_first,7941.2,False
2740,2026-01-06 15:24:02,normal,1440,2,C,base,urgent_first,7945.066666666667,False
2741,2026-01-06 15:24:18,normal,1440,2,B,base,urgent_first,7948.816666666667,False
2742,2026-01-06 15:25:28,normal,1440,3,C,base,urgent_first,7955.1,False
2743,2026-01-06 15:26:04,normal,1440,2,A,base,urgent_first,7956.0,False
2744,2026-01-06 15:26:15,normal,1440,6,A,base,urgent_first,7962.883333333333,False
2745,2026-01-06 15:26:20,normal,1440,9,A,base,urgent_first,7969.633333333333,False
2746,2026-01-06 15:26:25,normal,1440,4,C,base,urgent_first,7978.566666666667,False
2747,2026-01-06 15:28:01,normal,1440,3,A,base,urgent_first,7980.133333333333,False
2748,2026-01-06 15:29:05,normal,1440,4,B,base,urgent_first,7982.566666666667,False
2749,2026-01-06 15:30:00,urgent,240,2,A,base,urgent_first,329.28333333333336,False
2750,2026-01-06 15:30:41,normal,1440,2,A,base,urgent_first,7982.333333333333,False
2751,2026-01-06 15:30:56,normal,1440,2,A,base,urgent_first,7984.55,False
2752,2026-01-06 15:31:58,normal,1440,2,A,base,urgent_first,7984.833333333333,False
2753,2026-01-06 15:32:11,normal,1440,1,A,base,urgent_first,7986.95,False
2754,2026-01-06 15:32:17,urgent,240,10,A,base,urgent_first,329.75,False
2755,2026-01-06 15:33:25,normal,1440,9,B,base,urgent_first,8000.516666666666,False
2756,2026-01-06 15:33:33,normal,1440,9,C,base,urgent_first,8010.266666666666,False
2757,2026-01-06 15:33:33,normal,1440,4,B,base,urgent_first,8012.383333333333,False
2758,2026-01-06 15:35:33,normal,1440,2,C,base,urgent_first,8015.333333333333,False
2759,2026-01-06 15:35:54,normal,1440,4,A,base,urgent_first,8019.783333333334,False
2760,2026-01-06 15:37:04,normal,1440,4,C,base,urgent_first,8023.95,False
2761,2026-01-06 15:37:27,normal,1440,2,B,base,urgent_first,8025.883333333333,False
2762,2026-01-06 15:39:37,normal,1440,7,B,base,urgent_first,8033.95,False
2763,2026-01-06 15:39:59,normal,1440,5,B,base,urgent_first,8039.316666666667,False
2764,2026-01-06 15:40:35,normal,1440,11,B,base,urgent_first,8049.516666666666,False
2765,2026-01-06 15:40:48,urgent,240,1,B,base,urgent_first,322.46666666666664,False
2766,2026-01-06 15:41:47,normal,1440,3,A,base,urgent_first,8049.883333333333,False
2767,2026-01-06 15:41:59,normal,1440,3,B,base,urgent_first,8054.35,False
2768,2026-01-06 15:42:20,urgent,240,3,B,base,urgent_first,322.35,False
2769,2026-01-06 15:43:01,normal,1440,4,B,base,urgent_first,8058.933333333333,False
2770,2026-01-06 15:43:22,normal,1440,2,A,base,urgent_first,8060.283333333334,False
2771,2026-01-06 15:44:10,normal,1440,2,C,base,urgent_first,8063.183333333333,False
2772,2026-01-06 15:45:00,normal,1440,2,B,base,urgent_first,8064.433333333333,False
2773,2026-01-06 15:45:11,normal,1440,3,A,base,urgent_first,8067.983333333334,False
2774,2026-01-06 15:47:09,normal,1440,2,B,base,urgent_first,8069.35,False
2775,2026-01-06 15:47:47,normal,1440,5,A,base,urgent_first,8076.05,False
2776,2026-01-06 15:49:24,normal,1440,6,C,base,urgent_first,8083.35,False
2777,2026-01-06 15:49:36,normal,1440,1,A,base,urgent_first,8084.3,False
2778,2026-01-06 15:51:17,normal,1440,3,A,base,urgent_first,8085.3,False
2779,2026-01-06 15:51:45,normal,1440,7,B,base,urgent_first,8096.616666666667,False
2780,2026-01-06 15:52:12,normal,1440,2,B,base,urgent_first,8097.55,False
2781,2026-01-06 15:52:18,normal,1440,4,B,base,urgent_first,8103.833333333333,False
2782,2026-01-06 15:52:26,normal,1440,3,C,base,urgent_first,8109.166666666667,False
2783,2026-01-06 15:52:30,normal,1440,2,B,base,urgent_first,8113.283333333334,False
2784,2026-01-06 15:52:38,normal,1440,2,B,base,urgent_first,8116.483333333334,False
2785,2026-01-06 15:54:48,urgent,240,7,B,base,urgent_first,312.1166666666667,False
2786,2026-01-06 15:55:33,normal,1440,13,C,base,urgent_first,8139.066666666667,False
2787,2026-01-06 15:56:31,normal,1440,2,B,base,urgent_first,8139.1,False
2788,2026-01-06 15:59:17,normal,1440,8,B,base,urgent_first,8141.416666666667,False
2789,2026-01-06 15:59:38,normal,1440,6,B,base,urgent_first,8147.383333333333,False
2790,2026-01-06 15:59:49,normal,1440,5,B,base,urgent_first,8156.45,False
2791,2026-01-06 16:00:08,urgent,240,6,A,base,urgent_first,308.45,False
2792,2026-01-06 16:00:19,urgent,240,4,A,base,urgent_first,309.9166666666667,False
2793,2026-01-06 16:00:28,urgent,240,2,B,base,urgent_first,310.8333333333333,False
2794,2026-01-06 16:01:09,normal,1440,6,C,base,urgent_first,8165.183333333333,False
2795,2026-01-06 16:01:35,normal,1440,3,B,base,urgent_first,8166.416666666667,False
2796,2026-01-06 16:02:26,normal,1440,5,C,base,urgent_first,8176.133333333333,False
2797,2026-01-06 16:04:36,normal,1440,7,A,base,urgent_first,8186.15,False
2798,2026-01-06 16:06:18,normal,1440,5,B,base,urgent_first,8192.383333333333,False
2799,2026-01-06 16:06:48,normal,1440,5,B,base,urgent_first,8245.416666666666,False
2800,2026-01-06 16:07:02,normal,1440,2,A,base,urgent_first,8292.15,False
2801,2026-01-06 16:07:35,normal,1440,3,C,base,urgent_first,8317.4,False
2802,2026-01-06 16:09:45,normal,1440,5,B,base,urgent_first,8554.916666666666,False
2803,2026-01-06 16:09:49,normal,1440,1,C,base,urgent_first,8791.366666666667,False
2804,2026-01-06 16:10:42,normal,1440,1,B,base,urgent_first,8928.616666666667,False
2805,2026-01-06 16:13:04,normal,1440,4,C,base,urgent_first,8927.683333333332,False
2806,2026-01-06 16:13:13,normal,1440,1,A,base,urgent_first,8928.55,False
2807,2026-01-06 16:14:56,normal,1440,3,A,base,urgent_first,8928.066666666668,False
2808,2026-01-06 16:16:20,urgent,240,2,C,base,urgent_first,296.1166666666667,False
2809,2026-01-06 16:17:43,normal,1440,2,B,base,urgent_first,8926.216666666667,False
2810,2026-01-06 16:20:43,normal,1440,3,A,base,urgent_first,8924.683333333332,False
2811,2026-01-06 16:22:42,normal,1440,3,B,base,urgent_first,8924.216666666667,False
2812,2026-01-06 16:22:51,normal,1440,4,B,base,urgent_first,8925.533333333333,False
2813,2026-01-06 16:22:59,normal,1440,4,A,base,urgent_first,8926.883333333333,False
2814,2026-01-06 16:23:32,normal,1440,8,C,base,urgent_first,8928.216666666667,False
2815,2026-01-06 16:23:39,normal,1440,2,C,base,urgent_first,8929.3,False
2816,2026-01-06 16:24:13,normal,1440,1,B,base,urgent_first,8929.783333333333,False
2817,2026-01-06 16:24:32,normal,1440,2,A,base,urgent_first,8930.416666666666,False
2818,2026-01-06 16:25:27,normal,1440,4,B,base,urgent_first,8931.116666666667,False
2819,2026-01-06 16:25:50,normal,1440,2,C,base,urgent_first,8931.85,False
2820,2026-01-06 16:26:32,normal,1440,5,B,base,urgent_first,8932.966666666667,False
2821,2026-01-06 16:27:16,normal,1440,4,A,base,urgent_first,8933.7,False
2822,2026-01-06 16:28:23,urgent,240,4,C,base,urgent_first,285.4,False
2823,2026-01-06 16:29:18,normal,1440,3,A,base,urgent_first,8932.683333333332,False
2824,2026-01-06 16:29:51,normal,1440,1,C,base,urgent_first,8932.9,False
2825,2026-01-06 16:29:53,normal,1440,4,A,base,urgent_first,8934.4,False
2826,2026-01-06 16:30:28,normal,1440,7,B,base,urgent_first,8935.766666666666,False
2827,2026-01-06 16:31:08,urgent,240,2,B,base,urgent_first,283.6666666666667,False
2828,2026-01-06 16:31:11,normal,1440,2,A,base,urgent_first,8936.066666666668,False
2829,2026-01-06 16:31:53,normal,1440,12,A,base,urgent_first,8938.15,False
2830,2026-01-06 16:32:30,normal,1440,3,C,base,urgent_first,8939.116666666667,False
2831,2026-01-06 16:34:06,normal,1440,1,A,base,urgent_first,8938.466666666667,False
2832,2026-01-06 16:34:19,normal,1440,1,B,base,urgent_first,8939.116666666667,False
2833,2026-01-06 16:34:48,normal,1440,1,A,base,urgent_first,8939.633333333333,False
2834,2026-01-06 16:35:47,normal,1440,5,B,base,urgent_first,8939.85,False
2835,2026-01-06 16:36:09,urgent,240,5,B,base,urgent_first,280.4166666666667,False
2836,2026-01-06 16:36:16,normal,1440,7,C,base,urgent_first,8942.033333333333,False
2837,2026-01-06 16:36:17,normal,1440,4,A,base,urgent_first,8943.45,False
2838,2026-01-06 16:36:25,normal,1440,4,B,base,urgent_first,8944.8,False
2839,2026-01-06 16:36:30,urgent,240,6,A,base,urgent_first,282.03333333333336,False
2840,2026-01-06 16:36:38,normal,1440,1,A,base,urgent_first,8945.483333333334,False
2841,2026-01-06 16:37:25,urgent,240,3,A,base,urgent_first,282.3333333333333,False
2842,2026-01-06 16:38:28,normal,1440,2,A,base,urgent_first,8944.666666666666,False
2843,2026-01-06 16:40:13,normal,1440,5,B,base,urgent_first,8944.783333333333,False
2844,2026-01-06 16:40:33,normal,1440,3,C,base,urgent_first,8945.85,False
2845,2026-01-06 16:42:15,normal,1440,4,B,base,urgent_first,8945.516666666666,False
2846,2026-01-06 16:42:17,normal,1440,5,A,base,urgent_first,8946.983333333334,False
2847,2026-01-06 16:43:18,normal,1440,3,B,base,urgent_first,8947.1,False
2848,2026-01-06 16:43:59,urgent,240,5,A,base,urgent_first,277.23333333333335,False
2849,2026-01-06 16:44:14,normal,1440,4,A,base,urgent_first,8948.0,False
2850,2026-01-06 16:44:20,normal,1440,4,B,base,urgent_first,8949.583333333334,False
2851,2026-01-06 16:45:37,urgent,240,6,A,base,urgent_first,277.3833333333333,False
2852,2026-01-06 16:45:53,normal,1440,10,B,base,urgent_first,8959.3,False
2853,2026-01-06 16:45:54,normal,1440,3,B,base,urgent_first,8960.516666666666,False
2854,2026-01-06 16:47:00,normal,1440,5,B,base,urgent_first,8963.366666666667,False
2855,2026-01-06 16:47:44,normal,1440,2,B,base,urgent_first,8964.916666666666,False
2856,2026-01-06 16:48:04,normal,1440,3,B,base,urgent_first,8969.916666666666,False
2857,2026-01-06 16:48:09,normal,1440,5,B,base,urgent_first,8979.433333333332,False
2858,2026-01-06 16:48:51,normal,1440,4,A,base,urgent_first,8985.883333333333,False
2859,2026-01-06 16:50:08,normal,1440,2,B,base,urgent_first,8986.416666666666,False
2860,2026-01-06 16:50:19,normal,1440,4,B,base,urgent_first,8991.25,False
2861,2026-01-06 16:50:31,normal,1440,3,A,base,urgent_first,8994.583333333334,False
2862,2026-01-06 16:51:53,normal,1440,1,B,base,urgent_first,8994.75,False
2863,2026-01-06 16:52:58,normal,1440,8,A,base,urgent_first,9004.533333333333,False
2864,2026-01-06 16:53:30,normal,1440,4,B,base,urgent_first,9007.35,False
2865,2026-01-06 16:54:25,normal,1440,5,C,base,urgent_first,9013.1,False
2866,2026-01-06 16:54:26,normal,1440,4,B,base,urgent_first,9016.05,False
2867,2026-01-06 16:55:10,normal,1440,4,B,base,urgent_first,9018.716666666667,False
2868,2026-01-06 16:55:55,normal,1440,3,A,base,urgent_first,9019.7,False
2869,2026-01-06 16:57:31,normal,1440,6,A,base,urgent_first,9024.783333333333,False
2870,2026-01-06 16:58:08,normal,1440,4,B,base,urgent_first,9027.066666666668,False
2871,2026-01-06 16:58:13,normal,1440,2,A,base,urgent_first,9028.383333333333,False
2872,2026-01-06 16:58:16,normal,1440,10,A,base,urgent_first,9039.416666666666,False
2873,2026-01-06 16:58:29,normal,1440,3,A,base,urgent_first,9041.016666666666,False
2874,2026-01-06 16:58:58,normal,1440,3,C,base,urgent_first,9045.55,False
2875,2026-01-06 16:59:33,normal,1440,5,A,base,urgent_first,9050.116666666667,False
2876,2026-01-06 16:59:47,normal,1440,6,B,base,urgent_first,9058.033333333333,False
2877,2026-01-06 17:00:46,normal,1440,5,A,base,urgent_first,9058.833333333334,False
2878,2026-01-06 17:00:49,normal,1440,2,A,base,urgent_first,9060.316666666668,False
2879,2026-01-06 17:02:23,normal,1440,2,A,base,urgent_first,9060.983333333334,False
2880,2026-01-06 17:02:33,normal,1440,4,B,base,urgent_first,9065.966666666667,False
2881,2026-01-06 17:03:43,normal,1440,3,A,base,urgent_first,9066.916666666666,False
2882,2026-01-06 17:05:40,normal,1440,8,C,base,urgent_first,9082.166666666666,False
2883,2026-01-06 17:06:50,normal,1440,6,A,base,urgent_first,9086.933333333332,False
2884,2026-01-06 17:07:35,normal,1440,5,B,base,urgent_first,9089.466666666667,False
2885,2026-01-06 17:08:12,normal,1440,2,A,base,urgent_first,9090.166666666666,False
2886,2026-01-06 17:11:32,normal,1440,7,C,base,urgent_first,9101.7,False
2887,2026-01-06 17:13:08,normal,1440,2,A,base,urgent_first,9101.55,False
2888,2026-01-06 17:13:16,normal,1440,5,A,base,urgent_first,9104.866666666667,False
2889,2026-01-06 17:13:35,normal,1440,5,B,base,urgent_first,9111.016666666666,False
2890,2026-01-06 17:14:12,normal,1440,4,C,base,urgent_first,9120.933333333332,False
2891,2026-01-06 17:14:15,normal,1440,4,B,base,urgent_first,9126.283333333333,False
2892,2026-01-06 17:14:48,normal,1440,2,C,base,urgent_first,9130.816666666668,False
2893,2026-01-06 17:15:20,normal,1440,7,B,base,urgent_first,9138.966666666667,False
2894,2026-01-06 17:15:31,normal,1440,6,C,base,urgent_first,9145.016666666666,False
2895,2026-01-06 17:15:38,urgent,240,1,A,base,urgent_first,248.18333333333334,False
2896,2026-01-06 17:17:37,normal,1440,3,A,base,urgent_first,9145.066666666668,False
2897,2026-01-06 17:17:57,normal,1440,2,A,base,urgent_first,9146.983333333334,False
2898,2026-01-06 17:18:08,normal,1440,1,C,base,urgent_first,9149.55,False
2899,2026-01-06 17:19:27,normal,1440,2,B,base,urgent_first,9153.166666666666,False
2900,2026-01-06 17:21:42,normal,1440,2,A,base,urgent_first,9152.866666666667,False
2901,2026-01-06 17:23:09,normal,1440,1,A,base,urgent_first,9152.783333333333,False
2902,2026-01-06 17:23:30,normal,1440,5,A,base,urgent_first,9162.666666666666,False
2903,2026-01-06 17:23:34,normal,1440,1,A,base,urgent_first,9163.483333333334,False
2904,2026-01-06 17:24:53,urgent,240,6,A,base,urgent_first,240.51666666666668,False
2905,2026-01-06 17:26:06,normal,1440,3,B,base,urgent_first,9165.25,False
2906,2026-01-06 17:26:14,normal,1440,1,B,base,urgent_first,9166.533333333333,False
2907,2026-01-06 17:26:18,normal,1440,2,B,base,urgent_first,9170.383333333333,False
2908,2026-01-06 17:28:24,urgent,240,5,A,base,urgent_first,238.3,True
2909,2026-01-06 17:28:46,normal,1440,4,A,base,urgent_first,9172.916666666666,False
2910,2026-01-06 17:29:19,normal,1440,6,B,base,urgent_first,9180.633333333333,False
2911,2026-01-06 17:30:04,normal,1440,4,A,base,urgent_first,9182.533333333333,False
2912,2026-01-06 17:30:24,normal,1440,2,A,base,urgent_first,9183.716666666667,False
2913,2026-01-06 17:34:12,normal,1440,2,B,base,urgent_first,9184.183333333332,False
2914,2026-01-06 17:35:54,normal,1440,2,C,base,urgent_first,9186.283333333333,False
2915,2026-01-06 17:36:30,normal,1440,3,A,base,urgent_first,9188.95,False
2916,2026-01-06 17:37:00,normal,1440,2,A,base,urgent_first,9190.95,False
2917,2026-01-06 17:37:31,normal,1440,4,B,base,urgent_first,9196.583333333334,False
2918,2026-01-06 17:39:01,normal,1440,2,A,base,urgent_first,9197.4,False
2919,2026-01-06 17:40:45,urgent,240,2,A,base,urgent_first,227.2,True
2920,2026-01-06 17:43:36,normal,1440,4,B,base,urgent_first,9198.7,False
2921,2026-01-06 17:44:17,normal,1440,2,B,base,urgent_first,9199.5,False
2922,2026-01-06 17:44:54,normal,1440,4,A,base,urgent_first,9205.016666666666,False
2923,2026-01-06 17:45:19,normal,1440,6,A,base,urgent_first,9209.683333333332,False
2924,2026-01-06 17:46:34,normal,1440,5,C,base,urgent_first,9217.233333333334,False
2925,2026-01-06 17:46:57,normal,1440,3,B,base,urgent_first,9219.4,False
2926,2026-01-06 17:47:36,normal,1440,2,A,base,urgent_first,9219.8,False
2927,2026-01-06 17:48:16,normal,1440,5,C,base,urgent_first,9232.116666666667,False
2928,2026-01-06 17:48:21,normal,1440,6,C,base,urgent_first,9244.55,False
2929,2026-01-06 17:48:50,normal,1440,3,B,base,urgent_first,9246.85,False
2930,2026-01-06 17:52:38,normal,1440,7,A,base,urgent_first,9248.2,False
2931,2026-01-06 17:52:40,normal,1440,1,A,base,urgent_first,9248.983333333334,False
2932,2026-01-06 17:53:26,normal,1440,1,B,base,urgent_first,9250.066666666668,False
2933,2026-01-06 17:54:41,urgent,240,5,C,base,urgent_first,215.05,True
2934,2026-01-06 17:56:03,normal,1440,2,A,base,urgent_first,9251.25,False
2935,2026-01-06 17:57:11,urgent,240,8,A,base,urgent_first,214.71666666666667,True
2936,2026-01-06 17:59:21,normal,1440,1,A,base,urgent_first,9249.6,False
2937,2026-01-06 17:59:28,normal,1440,3,B,base,urgent_first,9255.216666666667,False
2938,2026-01-06 17:59:53,normal,1440,2,A,base,urgent_first,9256.016666666666,False
2939,2026-01-06 18:03:05,normal,1440,3,A,base,urgent_first,9257.016666666666,False
2940,2026-01-06 18:03:21,normal,1440,4,A,base,urgent_first,9261.25,False
2941,2026-01-06 18:04:10,normal,1440,8,A,base,urgent_first,9271.0,False
2942,2026-01-06 18:06:58,normal,1440,10,A,base,urgent_first,9278.8,False
2943,2026-01-06 18:07:32,normal,1440,2,B,base,urgent_first,9279.583333333334,False
2944,2026-01-06 18:09:25,normal,1440,4,B,base,urgent_first,9281.383333333333,False
2945,2026-01-06 18:10:34,normal,1440,4,A,base,urgent_first,9286.266666666666,False
2946,2026-01-06 18:12:03,normal,1440,4,B,base,urgent_first,9291.033333333333,False
2947,2026-01-06 18:12:05,urgent,240,9,A,base,urgent_first,201.75,True
2948,2026-01-06 18:12:20,normal,1440,2,A,base,urgent_first,9292.433333333332,False
2949,2026-01-06 18:12:34,normal,1440,5,B,base,urgent_first,9302.383333333333,False
2950,2026-01-06 18:13:35,normal,1440,2,A,base,urgent_first,9302.35,False
2951,2026-01-06 18:14:02,normal,1440,6,A,base,urgent_first,9308.016666666666,False
2952,2026-01-06 18:14:02,normal,1440,2,C,base,urgent_first,9310.566666666668,False
2953,2026-01-06 18:14:21,normal,1440,6,B,base,urgent_first,9319.333333333334,False
2954,2026-01-06 18:14:47,normal,1440,3,A,base,urgent_first,9321.633333333333,False
2955,2026-01-06 18:15:14,normal,1440,5,B,base,urgent_first,9328.3,False
2956,2026-01-06 18:16:44,normal,1440,3,A,base,urgent_first,9330.233333333334,False
2957,2026-01-06 18:16:55,normal,1440,7,C,base,urgent_first,9343.616666666667,False
2958,2026-01-06 18:17:19,normal,1440,4,B,base,urgent_first,9347.35,False
2959,2026-01-06 18:18:16,normal,1440,1,A,base,urgent_first,9347.4,False
2960,2026-01-06 18:19:44,normal,1440,1,C,base,urgent_first,9351.216666666667,False
2961,2026-01-06 18:20:37,urgent,240,1,A,base,urgent_first,194.05,True
2962,2026-01-06 18:20:47,normal,1440,3,A,base,urgent_first,9355.916666666666,False
2963,2026-01-06 18:21:17,urgent,240,4,A,base,urgent_first,194.93333333333334,True
2964,2026-01-06 18:23:20,normal,1440,6,A,base,urgent_first,9358.766666666666,False
2965,2026-01-06 18:23:41,normal,1440,1,B,base,urgent_first,9359.333333333334,False
2966,2026-01-06 18:25:29,normal,1440,6,B,base,urgent_first,9368.6,False
2967,2026-01-06 18:25:36,normal,1440,3,B,base,urgent_first,9369.9,False
2968,2026-01-06 18:25:47,normal,1440,2,C,base,urgent_first,9372.783333333333,False
2969,2026-01-06 18:26:52,normal,1440,6,A,base,urgent_first,9376.666666666666,False
2970,2026-01-06 18:28:36,normal,1440,3,C,base,urgent_first,9376.833333333334,False
2971,2026-01-06 18:30:59,normal,1440,3,A,base,urgent_first,9376.133333333333,False
2972,2026-01-06 18:32:45,normal,1440,3,B,base,urgent_first,9378.183333333332,False
2973,2026-01-06 18:32:52,normal,1440,4,C,base,urgent_first,9386.5,False
2974,2026-01-06 18:39:06,normal,1440,4,B,base,urgent_first,9385.083333333334,False
2975,2026-01-06 18:40:05,normal,1440,2,A,base,urgent_first,9385.533333333333,False
2976,2026-01-06 18:40:22,normal,1440,2,A,base,urgent_first,9386.783333333333,False
2977,2026-01-06 18:40:50,normal,1440,2,B,base,urgent_first,9389.25,False
2978,2026-01-06 18:45:03,normal,1440,6,C,base,urgent_first,9398.433333333332,False
2979,2026-01-06 18:45:22,normal,1440,3,A,base,urgent_first,9400.533333333333,False
2980,2026-01-06 18:45:36,normal,1440,5,A,base,urgent_first,9405.433333333332,False
2981,2026-01-06 18:48:22,normal,1440,3,A,base,urgent_first,9404.1,False
2982,2026-01-06 18:51:52,normal,1440,8,C,base,urgent_first,9416.9,False
2983,2026-01-06 18:52:00,urgent,240,4,B,base,urgent_first,165.93333333333334,True
2984,2026-01-06 18:52:11,urgent,240,1,A,base,urgent_first,166.86666666666667,True
2985,2026-01-06 18:53:36,normal,1440,2,B,base,urgent_first,9417.55,False
2986,2026-01-06 18:53:43,normal,1440,5,A,base,urgent_first,9422.6,False
2987,2026-01-06 18:54:17,normal,1440,5,A,base,urgent_first,9427.333333333334,False
2988,2026-01-06 18:54:22,normal,1440,1,B,base,urgent_first,9428.55,False
2989,2026-01-06 18:54:57,normal,1440,5,B,base,urgent_first,9435.583333333334,False
2990,2026-01-06 18:56:55,normal,1440,2,B,base,urgent_first,9435.233333333334,False
2991,2026-01-06 19:01:14,normal,1440,2,A,base,urgent_first,9433.05,False
2992,2026-01-06 19:02:39,urgent,240,2,B,base,urgent_first,157.6,True
2993,2026-01-06 19:02:40,normal,1440,5,A,base,urgent_first,9437.566666666668,False
2994,2026-01-06 19:05:44,normal,1440,4,B,base,urgent_first,9440.233333333334,False
2995,2026-01-06 19:14:34,normal,1440,4,B,base,urgent_first,9437.083333333334,False
2996,2026-01-06 19:14:42,normal,1440,4,B,base,urgent_first,9443.783333333333,False
2997,2026-01-06 19:17:03,normal,1440,5,B,base,urgent_first,9455.15,False
2998,2026-01-06 19:17:04,urgent,240,3,A,base,urgent_first,144.5,True
2999,2026-01-06 19:25:32,urgent,240,6,A,base,urgent_first,137.58333333333334,True
3000,2026-01-06 19:25:48,urgent,240,1,B,base,urgent_first,138.03333333333333,True
3001,2026-01-06 19:25:52,normal,1440,3,C,base,urgent_first,9453.283333333333,False
3002,2026-01-06 19:29:19,normal,1440,6,A,base,urgent_first,9455.683333333332,False
3003,2026-01-06 19:35:09,normal,1440,3,B,base,urgent_first,9454.55,False
3004,2026-01-06 19:44:26,normal,1440,2,A,base,urgent_first,9456.866666666667,False
3005,2026-01-06 19:45:59,normal,1440,8,B,base,urgent_first,9477.2,False
3006,2026-01-06 19:53:52,urgent,240,6,A,base,urgent_first,111.56666666666666,True
3007,2026-01-06 19:59:41,normal,1440,4,B,base,urgent_first,9492.216666666667,False
3008,2026-01-07 08:00:57,urgent,240,3,B,base,urgent_first,41.45,True
3009,2026-01-07 08:05:48,normal,1440,3,C,base,urgent_first,8789.116666666667,False
3010,2026-01-07 08:09:30,normal,1440,7,A,base,urgent_first,8936.033333333333,False
3011,2026-01-07 08:09:39,normal,1440,6,A,base,urgent_first,9041.566666666668,False
3012,2026-01-07 08:09:49,normal,1440,3,A,base,urgent_first,9113.2,False
3013,2026-01-07 08:12:18,urgent,240,3,A,base,urgent_first,31.6,True
3014,2026-01-07 08:14:40,urgent,240,4,A,base,urgent_first,47.266666666666666,True
3015,2026-01-07 08:15:39,normal,1440,2,A,base,urgent_first,9108.483333333334,False
3016,2026-01-07 08:16:22,normal,1440,5,A,base,urgent_first,9109.283333333333,False
3017,2026-01-07 08:16:56,normal,1440,9,B,base,urgent_first,9110.866666666667,False
3018,2026-01-07 08:18:24,normal,1440,2,A,base,urgent_first,9110.4,False
3019,2026-01-07 08:20:17,normal,1440,2,C,base,urgent_first,9109.933333333332,False
3020,2026-01-07 08:22:39,normal,1440,4,B,base,urgent_first,9108.95,False
3021,2026-01-07 08:27:13,normal,1440,6,A,base,urgent_first,9106.25,False
3022,2026-01-07 08:27:50,normal,1440,4,A,base,urgent_first,9107.616666666667,False
3023,2026-01-07 08:28:37,urgent,240,4,A,base,urgent_first,34.9,True
3024,2026-01-07 08:28:47,urgent,240,6,A,base,urgent_first,36.63333333333333,True
3025,2026-01-07 08:30:25,urgent,240,2,C,base,urgent_first,36.4,True
3026,2026-01-07 08:34:05,normal,1440,7,A,base,urgent_first,9102.716666666667,False
3027,2026-01-07 08:37:20,normal,1440,3,A,base,urgent_first,9101.183333333332,False
3028,2026-01-07 08:44:03,normal,1440,9,A,base,urgent_first,9096.35,False
3029,2026-01-07 08:45:13,normal,1440,2,B,base,urgent_first,9096.5,False
3030,2026-01-07 08:45:19,normal,1440,7,A,base,urgent_first,9161.733333333334,False
3031,2026-01-07 08:45:47,normal,1440,13,C,base,urgent_first,9227.6,False
3032,2026-01-07 08:51:14,normal,1440,4,A,base,urgent_first,9258.233333333334,False
3033,2026-01-07 08:55:24,normal,1440,2,B,base,urgent_first,9254.933333333332,False
3034,2026-01-07 08:59:28,normal,1440,7,B,base,urgent_first,9252.75,False
3035,2026-01-07 09:00:26,normal,1440,2,A,base,urgent_first,9253.016666666666,False
3036,2026-01-07 09:00:36,normal,1440,2,C,base,urgent_first,9253.883333333333,False
3037,2026-01-07 09:00:40,urgent,240,1,A,base,urgent_first,21.75,True
3038,2026-01-07 09:00:47,normal,1440,2,A,base,urgent_first,9254.983333333334,False
3039,2026-01-07 09:01:24,normal,1440,3,A,base,urgent_first,9255.6,False
3040,2026-01-07 09:01:57,normal,1440,6,A,base,urgent_first,9256.533333333333,False
3041,2026-01-07 09:03:23,normal,1440,2,C,base,urgent_first,9260.083333333334,False
3042,2026-01-07 09:03:53,normal,1440,4,A,base,urgent_first,9266.466666666667,False
3043,2026-01-07 09:04:16,normal,1440,1,A,base,urgent_first,9270.133333333333,False
3044,2026-01-07 09:04:30,normal,1440,1,B,base,urgent_first,9275.016666666666,False
3045,2026-01-07 09:05:46,normal,1440,4,A,base,urgent_first,9281.633333333333,False
3046,2026-01-07 09:06:17,normal,1440,3,A,base,urgent_first,9284.45,False
3047,2026-01-07 09:06:48,normal,1440,2,B,base,urgent_first,9285.3,False
3048,2026-01-07 09:07:04,urgent,240,3,A,base,urgent_first,16.233333333333334,True
3049,2026-01-07 09:07:19,urgent,240,18,A,base,urgent_first,133.66666666666666,True
3050,2026-01-07 09:07:21,normal,1440,3,B,base,urgent_first,9288.166666666666,False
3051,2026-01-07 09:08:16,normal,1440,3,B,base,urgent_first,9290.2,False
3052,2026-01-07 09:09:28,normal,1440,4,B,base,urgent_first,9295.8,False
3053,2026-01-07 09:09:30,normal,1440,1,A,base,urgent_first,9300.583333333334,False
3054,2026-01-07 09:10:36,normal,1440,4,A,base,urgent_first,9305.333333333334,False
3055,2026-01-07 09:11:17,normal,1440,6,C,base,urgent_first,9311.483333333334,False
3056,2026-01-07 09:12:38,normal,1440,4,C,base,urgent_first,9320.016666666666,False
3057,2026-01-07 09:13:01,urgent,240,2,A,base,urgent_first,129.13333333333333,True
3058,2026-01-07 09:13:28,normal,1440,3,B,base,urgent_first,9322.9,False
3059,2026-01-07 09:13:50,normal,1440,2,A,base,urgent_first,9323.683333333332,False
3060,2026-01-07 09:15:04,normal,1440,2,A,base,urgent_first,9326.233333333334,False
3061,2026-01-07 09:16:02,normal,1440,3,A,base,urgent_first,9328.383333333333,False
3062,2026-01-07 09:16:06,normal,1440,5,C,base,urgent_first,9340.216666666667,False
3063,2026-01-07 09:16:16,normal,1440,3,B,base,urgent_first,9344.883333333333,False
3064,2026-01-07 09:16:51,normal,1440,2,A,base,urgent_first,9347.8,False
3065,2026-01-07 09:18:39,normal,1440,5,B,base,urgent_first,9352.433333333332,False
3066,2026-01-07 09:19:37,normal,1440,1,A,base,urgent_first,9352.516666666666,False
3067,2026-01-07 09:20:56,normal,1440,1,B,base,urgent_first,9352.266666666666,False
3068,2026-01-07 09:21:18,normal,1440,4,C,base,urgent_first,9362.383333333333,False
3069,2026-01-07 09:21:32,normal,1440,2,A,base,urgent_first,9363.85,False
3070,2026-01-07 09:24:47,normal,1440,5,A,base,urgent_first,9367.033333333333,False
3071,2026-01-07 09:25:33,normal,1440,3,B,base,urgent_first,9368.55,False
3072,2026-01-07 09:25:36,normal,1440,6,A,base,urgent_first,9376.316666666668,False
3073,2026-01-07 09:27:22,urgent,240,2,B,base,urgent_first,115.53333333333333,True
3074,2026-01-07 09:29:23,urgent,240,2,A,base,urgent_first,114.68333333333334,True
3075,2026-01-07 09:29:25,normal,1440,9,B,base,urgent_first,9381.066666666668,False
3076,2026-01-07 09:29:59,normal,1440,2,B,base,urgent_first,9381.466666666667,False
3077,2026-01-07 09:29:59,normal,1440,9,C,base,urgent_first,9391.25,False
3078,2026-01-07 09:30:04,normal,1440,3,A,base,urgent_first,9392.6,False
3079,2026-01-07 09:31:07,normal,1440,6,A,base,urgent_first,9396.05,False
3080,2026-01-07 09:31:43,normal,1440,6,B,base,urgent_first,9403.933333333332,False
3081,2026-01-07 09:32:42,normal,1440,8,B,base,urgent_first,9414.75,False
3082,2026-01-07 09:33:17,normal,1440,4,A,base,urgent_first,9416.916666666666,False
3083,2026-01-07 09:33:22,normal,1440,4,A,base,urgent_first,9419.216666666667,False
3084,2026-01-07 09:34:25,normal,1440,9,B,base,urgent_first,9436.083333333334,False
3085,2026-01-07 09:37:04,normal,1440,7,C,base,urgent_first,9447.966666666667,False
3086,2026-01-07 09:37:30,normal,1440,8,A,base,urgent_first,9453.55,False
3087,2026-01-07 09:37:38,normal,1440,2,B,base,urgent_first,9454.55,False
3088,2026-01-07 09:37:42,normal,1440,2,A,base,urgent_first,9455.966666666667,False
3089,2026-01-07 09:38:41,normal,1440,3,C,base,urgent_first,9461.116666666667,False
3090,2026-01-07 09:38:45,normal,1440,3,C,base,urgent_first,9465.766666666666,False
3091,2026-01-07 09:39:26,normal,1440,5,A,base,urgent_first,9471.083333333334,False
3092,2026-01-07 09:39:37,normal,1440,4,A,base,urgent_first,9474.133333333333,False
3093,2026-01-07 09:39:43,urgent,240,3,B,base,urgent_first,105.93333333333334,True
3094,2026-01-07 09:41:22,normal,1440,1,B,base,urgent_first,9473.633333333333,False
3095,2026-01-07 09:41:25,urgent,240,7,B,base,urgent_first,106.66666666666667,True
3096,2026-01-07 09:41:37,normal,1440,2,B,base,urgent_first,9477.35,False
3097,2026-01-07 09:42:25,normal,1440,4,A,base,urgent_first,9480.583333333334,False
3098,2026-01-07 09:43:26,normal,1440,5,A,base,urgent_first,9485.866666666667,False
3099,2026-01-07 09:45:41,normal,1440,9,A,base,urgent_first,9491.783333333333,False
3100,2026-01-07 09:46:02,urgent,240,2,A,base,urgent_first,103.01666666666667,True
3101,2026-01-07 09:47:16,normal,1440,5,C,base,urgent_first,9496.266666666666,False
3102,2026-01-07 09:47:38,normal,1440,2,A,base,urgent_first,9497.016666666666,False
3103,2026-01-07 09:48:08,normal,1440,2,B,base,urgent_first,9498.966666666667,False
3104,2026-01-07 09:49:33,normal,1440,6,A,base,urgent_first,9504.05,False
3105,2026-01-07 09:50:30,normal,1440,7,B,base,urgent_first,9515.633333333333,False
3106,2026-01-07 09:50:37,normal,1440,4,B,base,urgent_first,9518.5,False
3107,2026-01-07 09:52:56,normal,1440,2,C,base,urgent_first,9520.55,False
3108,2026-01-07 09:55:32,urgent,240,4,A,base,urgent_first,94.75,True
3109,2026-01-07 09:55:32,normal,1440,1,A,base,urgent_first,9519.85,False
3110,2026-01-07 09:55:48,normal,1440,11,B,base,urgent_first,9536.216666666667,False
3111,2026-01-07 09:56:14,normal,1440,3,A,base,urgent_first,9536.933333333332,False
3112,2026-01-07 09:56:31,urgent,240,3,B,base,urgent_first,94.91666666666667,True
3113,2026-01-07 09:57:16,urgent,240,3,B,base,urgent_first,95.66666666666667,True
3114,2026-01-07 09:57:50,normal,1440,3,A,base,urgent_first,9537.35,False
3115,2026-01-07 10:00:02,normal,1440,3,A,base,urgent_first,9537.8,False
3116,2026-01-07 10:00:03,normal,1440,6,A,base,urgent_first,9545.366666666667,False
3117,2026-01-07 10:00:29,normal,1440,8,B,base,urgent_first,9554.133333333333,False
3118,2026-01-07 10:00:55,normal,1440,3,B,base,urgent_first,9555.033333333333,False
3119,2026-01-07 10:01:11,normal,1440,5,A,base,urgent_first,9559.366666666667,False
3120,2026-01-07 10:01:15,normal,1440,1,B,base,urgent_first,9560.7,False
3121,2026-01-07 10:01:39,normal,1440,5,A,base,urgent_first,9567.566666666668,False
3122,2026-01-07 10:02:06,normal,1440,5,B,base,urgent_first,9572.45,False
3123,2026-01-07 10:02:11,normal,1440,12,A,base,urgent_first,9590.7,False
3124,2026-01-07 10:04:31,normal,1440,3,B,base,urgent_first,9589.85,False
3125,2026-01-07 10:05:49,urgent,240,3,B,base,urgent_first,88.2,True
3126,2026-01-07 10:05:59,normal,1440,4,B,base,urgent_first,9593.666666666666,False
3127,2026-01-07 10:06:31,normal,1440,3,B,base,urgent_first,9597.3,False
3128,2026-01-07 10:06:54,urgent,240,4,B,base,urgent_first,88.56666666666666,True
3129,2026-01-07 10:07:31,normal,1440,18,A,base,urgent_first,9623.583333333334,False
3130,2026-01-07 10:08:04,normal,1440,3,B,base,urgent_first,9624.65,False
3131,2026-01-07 10:08:05,normal,1440,1,A,base,urgent_first,9625.616666666667,False
3132,2026-01-07 10:08:33,normal,1440,3,A,base,urgent_first,9626.616666666667,False
3133,2026-01-07 10:08:35,normal,1440,2,A,base,urgent_first,9627.5,False
3134,2026-01-07 10:08:44,normal,1440,1,B,base,urgent_first,9629.15,False
3135,2026-01-07 10:08:56,normal,1440,5,C,base,urgent_first,9635.533333333333,False
3136,2026-01-07 10:09:05,normal,1440,1,A,base,urgent_first,9636.5,False
3137,2026-01-07 10:09:18,normal,1440,3,A,base,urgent_first,9639.683333333332,False
3138,2026-01-07 10:09:36,normal,1440,5,B,base,urgent_first,9642.7,False
3139,2026-01-07 10:09:39,normal,1440,6,B,base,urgent_first,9648.55,False
3140,2026-01-07 10:11:59,normal,1440,5,A,base,urgent_first,9647.833333333334,False
3141,2026-01-07 10:12:08,normal,1440,3,B,base,urgent_first,9652.916666666666,False
3142,2026-01-07 10:12:42,normal,1440,4,A,base,urgent_first,9654.5,False
3143,2026-01-07 10:13:49,normal,1440,1,A,base,urgent_first,9654.466666666667,False
3144,2026-01-07 10:13:51,normal,1440,3,B,base,urgent_first,9665.883333333333,False
3145,2026-01-07 10:13:51,normal,1440,3,A,base,urgent_first,9657.65,False
3146,2026-01-07 10:14:20,normal,1440,2,A,base,urgent_first,9666.683333333332,False
3147,2026-01-07 10:15:12,normal,1440,3,C,base,urgent_first,9678.683333333332,False
3148,2026-01-07 10:15:12,normal,1440,5,A,base,urgent_first,9672.283333333333,False
3149,2026-01-07 10:15:48,normal,1440,5,A,base,urgent_first,9685.166666666666,False
3150,2026-01-07 10:16:16,normal,1440,3,B,base,urgent_first,9687.466666666667,False
3151,2026-01-07 10:17:55,normal,1440,4,A,base,urgent_first,9690.216666666667,False
3152,2026-01-07 10:18:42,normal,1440,11,B,base,urgent_first,9705.616666666667,False
3153,2026-01-07 10:19:20,normal,1440,3,A,base,urgent_first,9706.2,False
3154,2026-01-07 10:20:13,normal,1440,3,B,base,urgent_first,9706.783333333333,False
3155,2026-01-07 10:21:17,urgent,240,3,C,base,urgent_first,75.45,True
3156,2026-01-07 10:22:07,normal,1440,4,B,base,urgent_first,9707.7,False
3157,2026-01-07 10:22:17,normal,1440,3,B,base,urgent_first,9714.783333333333,False
3158,2026-01-07 10:22:49,normal,1440,4,B,base,urgent_first,9719.0,False
3159,2026-01-07 10:24:04,urgent,240,5,A,base,urgent_first,73.95,True
3160,2026-01-07 10:24:30,normal,1440,6,B,base,urgent_first,9724.883333333333,False
3161,2026-01-07 10:25:07,normal,1440,6,A,base,urgent_first,9728.466666666667,False
3162,2026-01-07 10:25:19,normal,1440,3,A,base,urgent_first,9730.766666666666,False
3163,2026-01-07 10:25:20,normal,1440,4,B,base,urgent_first,9736.433333333332,False
3164,2026-01-07 10:26:23,normal,1440,4,A,base,urgent_first,9739.333333333334,False
3165,2026-01-07 10:26:24,normal,1440,2,B,base,urgent_first,9741.016666666666,False
3166,2026-01-07 10:27:04,normal,1440,3,A,base,urgent_first,9743.916666666666,False
3167,2026-01-07 10:27:55,urgent,240,4,B,base,urgent_first,71.8,True
3168,2026-01-07 10:28:25,normal,1440,3,A,base,urgent_first,9744.683333333332,False
3169,2026-01-07 10:28:32,normal,1440,2,A,base,urgent_first,9746.366666666667,False
3170,2026-01-07 10:28:32,normal,1440,4,B,base,urgent_first,9752.9,False
3171,2026-01-07 10:28:47,normal,1440,2,B,base,urgent_first,9755.55,False
3172,2026-01-07 10:28:51,normal,1440,1,A,base,urgent_first,9757.766666666666,False
3173,2026-01-07 10:30:07,normal,1440,6,A,base,urgent_first,9763.616666666667,False
3174,2026-01-07 10:30:09,normal,1440,2,C,base,urgent_first,9771.066666666668,False
3175,2026-01-07 10:30:17,normal,1440,2,B,base,urgent_first,9773.866666666667,False
3176,2026-01-07 10:30:44,normal,1440,1,B,base,urgent_first,9774.833333333334,False
3177,2026-01-07 10:31:18,normal,1440,4,A,base,urgent_first,9778.9,False
3178,2026-01-07 10:31:20,normal,1440,4,A,base,urgent_first,9783.2,False
3179,2026-01-07 10:31:24,normal,1440,4,B,base,urgent_first,9787.233333333334,False
3180,2026-01-07 10:31:25,normal,1440,1,B,base,urgent_first,9788.016666666666,False
3181,2026-01-07 10:32:05,normal,1440,2,A,base,urgent_first,9791.516666666666,False
3182,2026-01-07 10:32:12,normal,1440,5,A,base,urgent_first,9797.066666666668,False
3183,2026-01-07 10:33:10,normal,1440,4,A,base,urgent_first,9801.433333333332,False
3184,2026-01-07 10:33:55,normal,1440,7,C,base,urgent_first,9812.7,False
3185,2026-01-07 10:34:19,normal,1440,4,A,base,urgent_first,9815.366666666667,False
3186,2026-01-07 10:34:47,normal,1440,3,A,base,urgent_first,9821.15,False
3187,2026-01-07 10:37:33,normal,1440,3,B,base,urgent_first,9823.766666666666,False
3188,2026-01-07 10:37:56,normal,1440,3,A,base,urgent_first,9825.45,False
3189,2026-01-07 10:38:14,normal,1440,5,A,base,urgent_first,9829.416666666666,False
3190,2026-01-07 10:39:52,urgent,240,3,C,base,urgent_first,61.05,True
3191,2026-01-07 10:40:10,normal,1440,10,B,base,urgent_first,9839.666666666666,False
3192,2026-01-07 10:40:14,normal,1440,8,A,base,urgent_first,9845.633333333333,False
3193,2026-01-07 10:40:25,normal,1440,2,A,base,urgent_first,9846.383333333333,False
3194,2026-01-07 10:40:41,normal,1440,3,A,base,urgent_first,9847.066666666668,False
3195,2026-01-07 10:41:25,normal,1440,3,C,base,urgent_first,9859.716666666667,False
3196,2026-01-07 10:42:05,normal,1440,2,A,base,urgent_first,9861.016666666666,False
3197,2026-01-07 10:42:06,normal,1440,4,A,base,urgent_first,9865.7,False
3198,2026-01-07 10:42:18,normal,1440,1,B,base,urgent_first,9866.6,False
3199,2026-01-07 10:42:23,normal,1440,3,B,base,urgent_first,9872.15,False
3200,2026-01-07 10:43:38,urgent,240,1,A,base,urgent_first,58.1,True
3201,2026-01-07 10:44:40,normal,1440,4,C,base,urgent_first,9880.966666666667,False
3202,2026-01-07 10:44:45,normal,1440,6,A,base,urgent_first,9883.85,False
3203,2026-01-07 10:45:03,normal,1440,5,B,base,urgent_first,9891.033333333333,False
3204,2026-01-07 10:48:06,normal,1440,4,B,base,urgent_first,9890.716666666667,False
3205,2026-01-07 10:48:16,normal,1440,1,A,base,urgent_first,9891.566666666668,False
3206,2026-01-07 10:48:23,urgent,240,6,A,base,urgent_first,55.11666666666667,True
3207,2026-01-07 10:48:23,normal,1440,1,A,base,urgent_first,9892.633333333333,False
3208,2026-01-07 10:48:26,normal,1440,7,B,base,urgent_first,9902.916666666666,False
3209,2026-01-07 10:49:12,normal,1440,1,A,base,urgent_first,9902.883333333333,False
3210,2026-01-07 10:49:29,normal,1440,2,B,base,urgent_first,9904.25,False
3211,2026-01-07 10:49:39,normal,1440,1,B,base,urgent_first,9905.8,False
3212,2026-01-07 10:50:05,normal,1440,4,A,base,urgent_first,9913.6,False
3213,2026-01-07 10:50:10,normal,1440,11,A,base,urgent_first,9922.666666666666,False
3214,2026-01-07 10:50:20,normal,1440,6,A,base,urgent_first,9927.25,False
3215,2026-01-07 10:50:52,normal,1440,3,B,base,urgent_first,9928.583333333334,False
3216,2026-01-07 10:52:02,normal,1440,6,A,base,urgent_first,9936.266666666666,False
3217,2026-01-07 10:52:20,normal,1440,2,A,base,urgent_first,9937.466666666667,False
3218,2026-01-07 10:52:21,normal,1440,2,A,base,urgent_first,9939.766666666666,False
3219,2026-01-07 10:53:46,normal,1440,4,A,base,urgent_first,9943.3,False
3220,2026-01-07 10:54:29,normal,1440,4,A,base,urgent_first,9947.266666666666,False
3221,2026-01-07 10:55:52,normal,1440,5,B,base,urgent_first,9951.866666666667,False
3222,2026-01-07 10:55:57,normal,1440,7,B,base,urgent_first,9973.05,False
3223,2026-01-07 10:56:37,normal,1440,4,A,base,urgent_first,9979.65,False
3224,2026-01-07 10:56:52,normal,1440,2,A,base,urgent_first,9982.916666666666,False
3225,2026-01-07 10:57:29,normal,1440,4,B,base,urgent_first,10030.8,False
3226,2026-01-07 10:58:11,normal,1440,1,B,base,urgent_first,10073.016666666666,False
3227,2026-01-07 10:59:35,normal,1440,2,A,base,urgent_first,10097.2,False
3228,2026-01-07 10:59:36,normal,1440,8,A,base,urgent_first,10099.133333333333,False
3229,2026-01-07 11:00:26,normal,1440,12,B,base,urgent_first,10219.933333333332,False
3230,2026-01-07 11:00:40,normal,1440,4,B,base,urgent_first,10306.4,False
3231,2026-01-07 11:00:53,normal,1440,1,A,base,urgent_first,10357.283333333333,False
3232,2026-01-07 11:02:10,normal,1440,4,A,base,urgent_first,10357.383333333333,False
3233,2026-01-07 11:03:31,normal,1440,9,B,base,urgent_first,10358.583333333334,False
3234,2026-01-07 11:03:38,normal,1440,6,B,base,urgent_first,10360.65,False
3235,2026-01-07 11:03:45,normal,1440,5,A,base,urgent_first,10365.133333333333,False
3236,2026-01-07 11:03:45,normal,1440,12,B,base,urgent_first,10363.616666666667,False
3237,2026-01-07 11:04:15,normal,1440,6,A,base,urgent_first,10366.616666666667,False
3238,2026-01-07 11:04:22,normal,1440,4,B,base,urgent_first,10367.85,False
3239,2026-01-07 11:04:30,normal,1440,2,A,base,urgent_first,10368.9,False
3240,2026-01-07 11:04:45,urgent,240,1,B,base,urgent_first,39.75,True
3241,2026-01-07 11:05:01,normal,1440,2,B,base,urgent_first,10369.883333333333,False
3242,2026-01-07 11:05:18,normal,1440,1,C,base,urgent_first,10370.633333333333,False
3243,2026-01-07 11:05:32,normal,1440,5,B,base,urgent_first,10371.816666666668,False
3244,2026-01-07 11:07:19,normal,1440,6,A,base,urgent_first,10371.916666666666,False
3245,2026-01-07 11:08:32,normal,1440,5,A,base,urgent_first,10372.683333333332,False
3246,2026-01-07 11:08:39,normal,1440,2,B,base,urgent_first,10426.883333333333,False
3247,2026-01-07 11:08:40,normal,1440,1,A,base,urgent_first,10499.366666666667,False
3248,2026-01-07 11:08:56,normal,1440,3,A,base,urgent_first,10543.233333333334,False
3249,2026-01-07 11:09:07,normal,1440,3,B,base,urgent_first,10547.933333333332,False
3250,2026-01-07 11:09:35,urgent,240,4,B,base,urgent_first,36.18333333333333,True
3251,2026-01-07 11:10:41,normal,1440,12,A,base,urgent_first,10548.916666666666,False
3252,2026-01-07 11:10:50,normal,1440,3,A,base,urgent_first,10550.066666666668,False
3253,2026-01-07 11:11:34,normal,1440,10,A,base,urgent_first,10554.15,False
3254,2026-01-07 11:11:42,normal,1440,3,B,base,urgent_first,10560.2,False
3255,2026-01-07 11:11:48,normal,1440,4,C,base,urgent_first,10565.983333333334,False
3256,2026-01-07 11:11:54,normal,1440,4,A,base,urgent_first,10574.666666666666,False
3257,2026-01-07 11:12:02,normal,1440,2,A,base,urgent_first,10579.516666666666,False
3258,2026-01-07 11:12:21,normal,1440,4,A,base,urgent_first,10582.533333333333,False
3259,2026-01-07 11:13:08,urgent,240,1,A,base,urgent_first,33.93333333333333,True
3260,2026-01-07 11:13:30,urgent,240,11,A,base,urgent_first,36.8,True
3261,2026-01-07 11:13:38,normal,1440,2,A,base,urgent_first,10582.25,False
3262,2026-01-07 11:14:08,normal,1440,2,B,base,urgent_first,10583.866666666667,False
3263,2026-01-07 11:14:10,normal,1440,1,C,base,urgent_first,10585.983333333334,False
3264,2026-01-07 11:14:48,urgent,240,4,B,base,urgent_first,196.91666666666666,True
3265,2026-01-07 11:14:49,normal,1440,4,A,base,urgent_first,10592.483333333334,False
3266,2026-01-07 11:14:56,normal,1440,2,A,base,urgent_first,10593.966666666667,False
3267,2026-01-07 11:15:16,normal,1440,9,A,base,urgent_first,10604.466666666667,False
3268,2026-01-07 11:15:24,normal,1440,3,C,base,urgent_first,10607.383333333333,False
3269,2026-01-07 11:15:25,normal,1440,8,C,base,urgent_first,10627.333333333334,False
3270,2026-01-07 11:16:18,normal,1440,7,B,base,urgent_first,10635.45,False
3271,2026-01-07 11:17:39,normal,1440,2,B,base,urgent_first,10634.983333333334,False
3272,2026-01-07 11:18:09,normal,1440,1,A,base,urgent_first,10636.15,False
3273,2026-01-07 11:18:29,normal,1440,5,C,base,urgent_first,10647.366666666667,False
3274,2026-01-07 11:19:43,normal,1440,3,A,base,urgent_first,10648.316666666668,False
3275,2026-01-07 11:19:48,normal,1440,3,B,base,urgent_first,10651.35,False
3276,2026-01-07 11:20:49,normal,1440,5,C,base,urgent_first,10660.683333333332,False
3277,2026-01-07 11:21:57,normal,1440,1,A,base,urgent_first,10661.0,False
3278,2026-01-07 11:22:26,normal,1440,3,B,base,urgent_first,10664.1,False
3279,2026-01-07 11:22:39,normal,1440,3,B,base,urgent_first,10666.433333333332,False
3280,2026-01-07 11:24:03,normal,1440,2,A,base,urgent_first,10666.6,False
3281,2026-01-07 11:24:12,normal,1440,8,B,base,urgent_first,10680.75,False
3282,2026-01-07 11:24:25,urgent,240,5,B,base,urgent_first,189.23333333333332,True
3283,2026-01-07 11:25:15,normal,1440,3,B,base,urgent_first,10682.95,False
3284,2026-01-07 11:25:46,normal,1440,4,A,base,urgent_first,10685.733333333334,False
3285,2026-01-07 11:25:55,normal,1440,3,C,base,urgent_first,10691.166666666666,False
3286,2026-01-07 11:26:41,normal,1440,2,A,base,urgent_first,10692.55,False
3287,2026-01-07 11:26:50,urgent,240,4,A,base,urgent_first,187.93333333333334,True
3288,2026-01-07 11:27:10,normal,1440,2,A,base,urgent_first,10693.666666666666,False
3289,2026-01-07 11:27:26,normal,1440,5,A,base,urgent_first,10700.333333333334,False
3290,2026-01-07 11:28:31,normal,1440,3,A,base,urgent_first,10702.766666666666,False
3291,2026-01-07 11:28:55,urgent,240,6,B,base,urgent_first,187.88333333333333,True
3292,2026-01-07 11:29:07,normal,1440,6,B,base,urgent_first,10711.85,False
3293,2026-01-07 11:29:09,normal,1440,13,A,base,urgent_first,10726.9,False
3294,2026-01-07 11:31:28,normal,1440,13,A,base,urgent_first,10733.816666666668,False
3295,2026-01-07 11:32:20,normal,1440,1,A,base,urgent_first,10733.783333333333,False
3296,2026-01-07 11:32:38,normal,1440,5,C,base,urgent_first,10736.333333333334,False
3297,2026-01-07 11:32:58,normal,1440,1,B,base,urgent_first,10737.4,False
3298,2026-01-07 11:33:23,normal,1440,6,A,base,urgent_first,10745.433333333332,False
3299,2026-01-07 11:33:52,normal,1440,2,A,base,urgent_first,10746.033333333333,False
3300,2026-01-07 11:34:22,normal,1440,13,A,base,urgent_first,10763.9,False
3301,2026-01-07 11:34:23,normal,1440,7,C,base,urgent_first,10770.283333333333,False
3302,2026-01-07 11:34:41,normal,1440,5,B,base,urgent_first,10775.35,False
3303,2026-01-07 11:34:44,normal,1440,2,B,base,urgent_first,10778.583333333334,False
3304,2026-01-07 11:35:49,normal,1440,3,A,base,urgent_first,10783.583333333334,False
3305,2026-01-07 11:36:47,normal,1440,5,A,base,urgent_first,10788.316666666668,False
3306,2026-01-07 11:37:10,normal,1440,3,C,base,urgent_first,10795.266666666666,False
3307,2026-01-07 11:37:26,normal,1440,2,B,base,urgent_first,10798.516666666666,False
3308,2026-01-07 11:38:11,normal,1440,3,C,base,urgent_first,10803.316666666668,False
3309,2026-01-07 11:38:36,normal,1440,4,A,base,urgent_first,10807.833333333334,False
3310,2026-01-07 11:39:12,normal,1440,4,B,base,urgent_first,10812.233333333334,False
3311,2026-01-07 11:39:23,normal,1440,6,A,base,urgent_first,10818.2,False
3312,2026-01-07 11:40:10,normal,1440,7,A,base,urgent_first,10828.0,False
3313,2026-01-07 11:41:48,urgent,240,3,B,base,urgent_first,176.3,True
3314,2026-01-07 11:42:17,normal,1440,1,A,base,urgent_first,10827.366666666667,False
3315,2026-01-07 11:43:10,normal,1440,4,A,base,urgent_first,10828.45,False
3316,2026-01-07 11:43:20,normal,1440,6,B,base,urgent_first,10842.316666666668,False
3317,2026-01-07 11:43:24,urgent,240,2,C,base,urgent_first,175.93333333333334,True
3318,2026-01-07 11:43:38,normal,1440,2,B,base,urgent_first,10843.766666666666,False
3319,2026-01-07 11:43:39,normal,1440,4,B,base,urgent_first,10852.033333333333,False
3320,2026-01-07 11:47:22,normal,1440,4,A,base,urgent_first,10852.516666666666,False
3321,2026-01-07 11:47:26,normal,1440,5,A,base,urgent_first,10859.916666666666,False
3322,2026-01-07 11:48:59,normal,1440,2,A,base,urgent_first,10860.25,False
3323,2026-01-07 11:50:04,normal,1440,3,B,base,urgent_first,10865.25,False
3324,2026-01-07 11:50:29,normal,1440,5,A,base,urgent_first,10870.35,False
3325,2026-01-07 11:51:23,normal,1440,2,B,base,urgent_first,10870.85,False
3326,2026-01-07 11:52:39,normal,1440,2,A,base,urgent_first,10871.116666666667,False
3327,2026-01-07 11:53:26,urgent,240,1,B,base,urgent_first,166.88333333333333,True
3328,2026-01-07 11:54:27,normal,1440,2,B,base,urgent_first,10871.716666666667,False
3329,2026-01-07 11:54:46,normal,1440,3,A,base,urgent_first,10875.333333333334,False
3330,2026-01-07 11:55:54,normal,1440,2,B,base,urgent_first,10876.033333333333,False
3331,2026-01-07 11:56:07,normal,1440,3,C,base,urgent_first,10882.216666666667,False
3332,2026-01-07 11:57:05,normal,1440,5,B,base,urgent_first,10886.0,False
3333,2026-01-07 11:57:39,normal,1440,5,C,base,urgent_first,10897.15,False
3334,2026-01-07 11:58:03,normal,1440,3,B,base,urgent_first,10900.75,False
3335,2026-01-07 11:58:14,normal,1440,3,B,base,urgent_first,10903.683333333332,False
3336,2026-01-07 11:58:26,urgent,240,3,B,base,urgent_first,163.4,True
3337,2026-01-07 11:59:15,normal,1440,6,B,base,urgent_first,10911.2,False
3338,2026-01-07 11:59:28,normal,1440,2,A,base,urgent_first,10912.883333333333,False
3339,2026-01-07 11:59:36,urgent,240,7,B,base,urgent_first,164.51666666666668,True
3340,2026-01-07 11:59:44,normal,1440,2,B,base,urgent_first,10914.55,False
3341,2026-01-07 12:01:24,normal,1440,2,B,base,urgent_first,10915.4,False
3342,2026-01-07 12:03:03,normal,1440,10,B,base,urgent_first,10929.933333333332,False
3343,2026-01-07 12:04:59,urgent,240,1,A,base,urgent_first,160.08333333333334,True
3344,2026-01-07 12:05:31,urgent,240,5,A,base,urgent_first,161.45,True
3345,2026-01-07 12:06:31,normal,1440,5,B,base,urgent_first,10928.65,False
3346,2026-01-07 12:06:31,normal,1440,9,C,base,urgent_first,10943.7,False
3347,2026-01-07 12:08:08,normal,1440,4,B,base,urgent_first,10944.433333333332,False
3348,2026-01-07 12:09:25,normal,1440,1,B,base,urgent_first,10944.25,False
3349,2026-01-07 12:09:38,normal,1440,3,A,base,urgent_first,10951.533333333333,False
3350,2026-01-07 12:10:09,urgent,240,8,C,base,urgent_first,158.75,True
3351,2026-01-07 12:11:54,normal,1440,3,B,base,urgent_first,10952.966666666667,False
3352,2026-01-07 12:12:03,normal,1440,7,A,base,urgent_first,10963.266666666666,False
3353,2026-01-07 12:12:46,normal,1440,1,A,base,urgent_first,10963.633333333333,False
3354,2026-01-07 12:13:43,normal,1440,2,A,base,urgent_first,10964.683333333332,False
3355,2026-01-07 12:16:32,normal,1440,2,A,base,urgent_first,10964.666666666666,False
3356,2026-01-07 12:16:51,normal,1440,2,B,base,urgent_first,10970.4,False
3357,2026-01-07 12:17:30,normal,1440,3,C,base,urgent_first,10976.766666666666,False
3358,2026-01-07 12:17:35,normal,1440,3,B,base,urgent_first,10979.65,False
3359,2026-01-07 12:17:57,normal,1440,2,A,base,urgent_first,10982.316666666668,False
3360,2026-01-07 12:18:03,normal,1440,1,B,base,urgent_first,10984.7,False
3361,2026-01-07 12:18:29,normal,1440,9,A,base,urgent_first,10994.916666666666,False
3362,2026-01-07 12:18:38,normal,1440,13,B,base,urgent_first,11018.7,False
3363,2026-01-07 12:18:47,normal,1440,2,A,base,urgent_first,11019.716666666667,False
3364,2026-01-07 12:19:01,normal,1440,6,C,base,urgent_first,11022.15,False
3365,2026-01-07 12:19:29,normal,1440,2,A,base,urgent_first,11022.883333333333,False
3366,2026-01-07 12:19:37,normal,1440,2,A,base,urgent_first,11023.866666666667,False
3367,2026-01-07 12:20:08,normal,1440,2,A,base,urgent_first,11025.466666666667,False
3368,2026-01-07 12:20:21,normal,1440,3,A,base,urgent_first,11028.783333333333,False
3369,2026-01-07 12:20:59,normal,1440,5,B,base,urgent_first,11035.65,False
3370,2026-01-07 12:26:07,normal,1440,6,A,base,urgent_first,11037.316666666668,False
3371,2026-01-07 12:26:30,normal,1440,3,B,base,urgent_first,11041.483333333334,False
3372,2026-01-07 12:26:45,normal,1440,3,B,base,urgent_first,11045.133333333333,False
3373,2026-01-07 12:28:02,normal,1440,2,A,base,urgent_first,11045.316666666668,False
3374,2026-01-07 12:28:10,normal,1440,8,A,base,urgent_first,11053.6,False
3375,2026-01-07 12:28:42,normal,1440,3,B,base,urgent_first,11055.633333333333,False
3376,2026-01-07 12:29:25,normal,1440,5,B,base,urgent_first,11058.933333333332,False
3377,2026-01-07 12:30:20,normal,1440,4,A,base,urgent_first,11062.25,False
3378,2026-01-07 12:30:24,normal,1440,9,A,base,urgent_first,11072.15,False
3379,2026-01-07 12:31:15,normal,1440,5,B,base,urgent_first,11074.933333333332,False
3380,2026-01-07 12:32:53,normal,1440,3,C,base,urgent_first,11080.25,False
3381,2026-01-07 12:32:57,normal,1440,3,A,base,urgent_first,11082.15,False
3382,2026-01-07 12:33:42,normal,1440,4,A,base,urgent_first,11086.9,False
3383,2026-01-07 12:34:33,normal,1440,5,B,base,urgent_first,11093.183333333332,False
3384,2026-01-07 12:35:04,normal,1440,7,A,base,urgent_first,11099.916666666666,False
3385,2026-01-07 12:35:25,urgent,240,2,A,base,urgent_first,134.45,True
3386,2026-01-07 12:35:26,urgent,240,7,B,base,urgent_first,136.21666666666667,True
3387,2026-01-07 12:35:30,normal,1440,1,A,base,urgent_first,11100.7,False
3388,2026-01-07 12:36:04,normal,1440,4,B,base,urgent_first,11107.683333333332,False
3389,2026-01-07 12:37:05,normal,1440,1,A,base,urgent_first,11108.0,False
3390,2026-01-07 12:37:23,normal,1440,2,A,base,urgent_first,11109.933333333332,False
3391,2026-01-07 12:37:30,normal,1440,5,B,base,urgent_first,11117.383333333333,False
3392,2026-01-07 12:39:51,normal,1440,5,C,base,urgent_first,11126.766666666666,False
3393,2026-01-07 12:40:00,normal,1440,3,A,base,urgent_first,11128.433333333332,False
3394,2026-01-07 12:40:36,normal,1440,11,A,base,urgent_first,11145.25,False
3395,2026-01-07 12:41:30,normal,1440,4,A,base,urgent_first,11145.516666666666,False
3396,2026-01-07 12:42:02,normal,1440,2,A,base,urgent_first,11146.566666666668,False
3397,2026-01-07 12:43:19,normal,1440,2,A,base,urgent_first,11147.3,False
3398,2026-01-07 12:43:22,normal,1440,5,B,base,urgent_first,11152.383333333333,False
3399,2026-01-07 12:44:48,urgent,240,5,A,base,urgent_first,128.7,True
3400,2026-01-07 12:45:28,normal,1440,7,A,base,urgent_first,11155.416666666666,False
3401,2026-01-07 12:46:14,normal,1440,2,C,base,urgent_first,11158.8,False
3402,2026-01-07 12:46:26,normal,1440,2,A,base,urgent_first,11163.55,False
3403,2026-01-07 12:49:41,normal,1440,8,B,base,urgent_first,11174.233333333334,False
3404,2026-01-07 12:50:47,normal,1440,3,B,base,urgent_first,11174.666666666666,False
3405,2026-01-07 12:52:19,urgent,240,1,B,base,urgent_first,122.08333333333333,True
3406,2026-01-07 12:52:32,normal,1440,4,B,base,urgent_first,11176.866666666667,False
3407,2026-01-07 12:53:47,normal,1440,3,B,base,urgent_first,11179.916666666666,False
3408,2026-01-07 12:54:01,normal,1440,3,A,base,urgent_first,11184.483333333334,False
3409,2026-01-07 12:54:23,normal,1440,2,A,base,urgent_first,11186.9,False
3410,2026-01-07 12:54:28,normal,1440,2,B,base,urgent_first,11192.55,False
3411,2026-01-07 12:55:47,normal,1440,3,B,base,urgent_first,11196.033333333333,False
3412,2026-01-07 12:57:47,normal,1440,2,A,base,urgent_first,11196.583333333334,False
3413,2026-01-07 13:00:11,normal,1440,1,A,base,urgent_first,11197.133333333333,False
3414,2026-01-07 13:01:24,normal,1440,3,A,base,urgent_first,11199.833333333334,False
3415,2026-01-07 13:01:29,normal,1440,4,A,base,urgent_first,11204.716666666667,False
3416,2026-01-07 13:02:07,normal,1440,2,C,base,urgent_first,11206.55,False
3417,2026-01-07 13:03:53,normal,1440,7,C,base,urgent_first,11219.216666666667,False
3418,2026-01-07 13:04:52,normal,1440,3,B,base,urgent_first,11219.833333333334,False
3419,2026-01-07 13:07:06,urgent,240,8,A,base,urgent_first,108.65,True
3420,2026-01-07 13:09:04,normal,1440,5,B,base,urgent_first,11220.633333333333,False
3421,2026-01-07 13:12:29,normal,1440,4,A,base,urgent_first,11219.3,False
3422,2026-01-07 13:12:31,normal,1440,4,B,base,urgent_first,11224.816666666668,False
3423,2026-01-07 13:13:29,normal,1440,2,A,base,urgent_first,11227.866666666667,False
3424,2026-01-07 13:14:14,normal,1440,1,C,base,urgent_first,11230.283333333333,False
3425,2026-01-07 13:15:53,urgent,240,3,B,base,urgent_first,101.2,True
3426,2026-01-07 13:16:39,normal,1440,5,B,base,urgent_first,11238.333333333334,False
3427,2026-01-07 13:17:40,normal,1440,3,C,base,urgent_first,11240.433333333332,False
3428,2026-01-07 13:18:07,normal,1440,6,A,base,urgent_first,11248.966666666667,False
3429,2026-01-07 13:18:08,normal,1440,9,A,base,urgent_first,11260.516666666666,False
3430,2026-01-07 13:20:12,normal,1440,2,B,base,urgent_first,11266.266666666666,False
3431,2026-01-07 13:23:10,normal,1440,3,A,base,urgent_first,11270.3,False
3432,2026-01-07 13:23:33,normal,1440,5,A,base,urgent_first,11281.266666666666,False
3433,2026-01-07 13:24:43,normal,1440,2,A,base,urgent_first,11309.15,False
3434,2026-01-07 13:24:59,normal,1440,4,C,base,urgent_first,11323.116666666667,False
3435,2026-01-07 13:27:20,normal,1440,4,B,base,urgent_first,11551.433333333332,False
3436,2026-01-07 13:27:54,normal,1440,5,A,base,urgent_first,11720.45,False
3437,2026-01-07 13:28:56,urgent,240,3,A,base,urgent_first,89.75,True
3438,2026-01-07 13:28:59,normal,1440,7,C,base,urgent_first,11830.716666666667,False
3439,2026-01-07 13:31:06,normal,1440,4,B,base,urgent_first,11830.433333333332,False
3440,2026-01-07 13:31:58,normal,1440,3,A,base,urgent_first,11830.666666666666,False
3441,2026-01-07 13:32:36,normal,1440,2,A,base,urgent_first,11837.016666666666,False
3442,2026-01-07 13:33:40,normal,1440,6,B,base,urgent_first,11837.833333333334,False
3443,2026-01-07 13:33:48,normal,1440,4,A,base,urgent_first,11839.216666666667,False
3444,2026-01-07 13:34:40,urgent,240,3,A,base,urgent_first,85.15,True
3445,2026-01-07 13:36:04,urgent,240,1,A,base,urgent_first,84.63333333333334,True
3446,2026-01-07 13:38:48,normal,1440,3,A,base,urgent_first,11835.45,False
3447,2026-01-07 13:38:50,normal,1440,5,A,base,urgent_first,11836.7,False
3448,2026-01-07 13:38:56,normal,1440,2,B,base,urgent_first,11837.583333333334,False
3449,2026-01-07 13:39:55,normal,1440,4,A,base,urgent_first,11837.85,False
3450,2026-01-07 13:40:41,normal,1440,2,A,base,urgent_first,11838.4,False
3451,2026-01-07 13:42:04,normal,1440,1,A,base,urgent_first,11837.95,False
3452,2026-01-07 13:42:10,urgent,240,4,B,base,urgent_first,80.23333333333333,True
3453,2026-01-07 13:42:55,normal,1440,3,B,base,urgent_first,11838.433333333332,False
3454,2026-01-07 13:43:39,normal,1440,3,A,base,urgent_first,11840.25,False
3455,2026-01-07 13:47:53,normal,1440,4,A,base,urgent_first,11837.216666666667,False
3456,2026-01-07 13:51:54,normal,1440,2,A,base,urgent_first,11834.233333333334,False
3457,2026-01-07 13:53:16,normal,1440,4,B,base,urgent_first,11834.2,False
3458,2026-01-07 13:54:46,normal,1440,5,A,base,urgent_first,11834.383333333333,False
3459,2026-01-07 13:57:59,urgent,240,5,C,base,urgent_first,65.73333333333333,True
3460,2026-01-07 13:59:05,normal,1440,8,A,base,urgent_first,11831.533333333333,False
3461,2026-01-07 13:59:43,normal,1440,11,B,base,urgent_first,11833.183333333332,False
3462,2026-01-07 14:01:15,normal,1440,2,B,base,urgent_first,11832.666666666666,False
3463,2026-01-07 14:03:20,normal,1440,1,C,base,urgent_first,11831.716666666667,False
3464,2026-01-07 14:03:53,normal,1440,5,B,base,urgent_first,11832.733333333334,False
3465,2026-01-07 14:04:41,normal,1440,2,A,base,urgent_first,11833.4,False
3466,2026-01-07 14:05:11,normal,1440,4,A,base,urgent_first,11834.65,False
3467,2026-01-07 14:05:44,normal,1440,2,C,base,urgent_first,11835.75,False
3468,2026-01-07 14:06:04,normal,1440,6,A,base,urgent_first,11837.25,False
3469,2026-01-07 14:06:33,normal,1440,7,B,base,urgent_first,11839.316666666668,False
3470,2026-01-07 14:11:00,normal,1440,1,A,base,urgent_first,11835.9,False
3471,2026-01-07 14:11:58,urgent,240,3,C,base,urgent_first,53.516666666666666,True
3472,2026-01-07 14:12:13,normal,1440,2,B,base,urgent_first,11835.616666666667,False
3473,2026-01-07 14:13:18,normal,1440,2,C,base,urgent_first,11835.383333333333,False
3474,2026-01-07 14:14:42,normal,1440,4,B,base,urgent_first,11835.316666666668,False
3475,2026-01-07 14:15:57,normal,1440,8,A,base,urgent_first,11835.8,False
3476,2026-01-07 14:21:36,normal,1440,6,A,base,urgent_first,11832.1,False
3477,2026-01-07 14:26:09,normal,1440,2,B,base,urgent_first,11828.883333333333,False
3478,2026-01-07 14:26:10,urgent,240,7,A,base,urgent_first,41.016666666666666,True
3479,2026-01-07 14:32:29,normal,1440,4,C,base,urgent_first,11824.05,False
3480,2026-01-07 14:33:24,normal,1440,4,B,base,urgent_first,11824.9,False
3481,2026-01-07 14:34:15,normal,1440,6,A,base,urgent_first,11826.233333333334,False
3482,2026-01-07 14:36:58,normal,1440,2,A,base,urgent_first,11824.616666666667,False
3483,2026-01-07 14:40:01,normal,1440,2,C,base,urgent_first,11828.433333333332,False
3484,2026-01-07 14:40:44,normal,1440,7,B,base,urgent_first,11836.316666666668,False
3485,2026-01-07 14:41:52,normal,1440,5,B,base,urgent_first,11838.85,False
3486,2026-01-07 14:44:41,normal,1440,7,A,base,urgent_first,11841.866666666667,False
3487,2026-01-07 14:44:49,normal,1440,3,A,base,urgent_first,11843.733333333334,False
3488,2026-01-07 14:45:10,urgent,240,4,B,base,urgent_first,24.75,True
3489,2026-01-07 14:45:33,normal,1440,2,A,base,urgent_first,11845.683333333332,False
3490,2026-01-07 14:50:20,normal,1440,3,A,base,urgent_first,11845.933333333332,False
3491,2026-01-07 14:54:28,normal,1440,5,B,base,urgent_first,11849.066666666668,False
3492,2026-01-07 15:00:59,normal,1440,1,C,base,urgent_first,11844.6,False
3493,2026-01-07 15:01:07,normal,1440,6,B,base,urgent_first,11852.733333333334,False
3494,2026-01-07 15:01:15,normal,1440,5,B,base,urgent_first,11860.416666666666,False
3495,2026-01-07 15:04:01,normal,1440,4,B,base,urgent_first,11863.583333333334,False
3496,2026-01-07 15:04:11,normal,1440,3,B,base,urgent_first,11868.166666666666,False
3497,2026-01-07 15:08:24,normal,1440,1,B,base,urgent_first,11865.483333333334,False
3498,2026-01-07 15:08:54,normal,1440,6,A,base,urgent_first,11872.1,False
3499,2026-01-07 15:09:54,normal,1440,2,A,base,urgent_first,11872.516666666666,False
3500,2026-01-07 15:10:30,normal,1440,3,B,base,urgent_first,11876.7,False
3501,2026-01-07 15:11:46,normal,1440,3,B,base,urgent_first,11880.75,False
3502,2026-01-07 15:11:59,normal,1440,5,C,base,urgent_first,11893.466666666667,False
3503,2026-01-07 15:15:58,normal,1440,4,B,base,urgent_first,11894.0,False
3504,2026-01-07 15:16:09,normal,1440,3,A,base,urgent_first,11895.35,False
3505,2026-01-07 15:16:10,normal,1440,12,B,base,urgent_first,11909.95,False
3506,2026-01-07 15:16:31,normal,1440,3,B,base,urgent_first,11911.05,False
3507,2026-01-07 15:16:53,normal,1440,2,A,base,urgent_first,11911.85,False
3508,2026-01-07 15:18:21,normal,1440,3,B,base,urgent_first,11913.716666666667,False
3509,2026-01-07 15:19:28,normal,1440,1,A,base,urgent_first,11913.85,False
3510,2026-01-07 15:20:56,normal,1440,5,B,base,urgent_first,11923.816666666668,False
3511,2026-01-07 15:23:28,normal,1440,3,A,base,urgent_first,11924.65,False
3512,2026-01-07 15:23:48,normal,1440,4,B,base,urgent_first,11931.383333333333,False
3513,2026-01-07 15:25:42,normal,1440,8,C,base,urgent_first,11945.8,False
3514,2026-01-07 15:26:26,normal,1440,5,A,base,urgent_first,11948.45,False
3515,2026-01-07 15:27:00,normal,1440,3,C,base,urgent_first,11952.0,False
3516,2026-01-07 15:27:11,normal,1440,4,B,base,urgent_first,11957.483333333334,False
3517,2026-01-07 15:27:12,normal,1440,5,A,base,urgent_first,11962.283333333333,False
3518,2026-01-07 15:27:48,normal,1440,2,C,base,urgent_first,11966.033333333333,False
3519,2026-01-07 15:27:51,normal,1440,7,A,base,urgent_first,11971.933333333332,False
3520,2026-01-07 15:28:25,normal,1440,3,B,base,urgent_first,11975.733333333334,False
3521,2026-01-07 15:28:56,normal,1440,2,B,base,urgent_first,11979.383333333333,False
3522,2026-01-07 15:29:59,normal,1440,2,B,base,urgent_first,11980.716666666667,False
3523,2026-01-07 15:30:04,normal,1440,1,B,base,urgent_first,11982.3,False
3524,2026-01-07 15:30:35,normal,1440,2,B,base,urgent_first,11984.016666666666,False
3525,2026-01-07 15:30:49,normal,1440,7,C,base,urgent_first,11993.15,False
3526,2026-01-07 15:30:53,normal,1440,3,A,base,urgent_first,11994.55,False
3527,2026-01-07 15:31:17,normal,1440,7,B,base,urgent_first,12002.433333333332,False
3528,2026-01-07 15:31:34,normal,1440,11,B,base,urgent_first,12018.533333333333,False
3529,2026-01-07 15:32:42,normal,1440,6,A,base,urgent_first,12021.35,False
3530,2026-01-07 15:33:03,normal,1440,13,A,base,urgent_first,12032.533333333333,False
3531,2026-01-07 15:33:45,normal,1440,4,B,base,urgent_first,12034.533333333333,False
3532,2026-01-07 15:34:48,normal,1440,2,B,base,urgent_first,12034.516666666666,False
3533,2026-01-07 15:36:07,normal,1440,3,B,base,urgent_first,12039.733333333334,False
3534,2026-01-07 15:37:51,normal,1440,3,A,base,urgent_first,12040.483333333334,False
3535,2026-01-07 15:38:12,normal,1440,4,B,base,urgent_first,12046.3,False
3536,2026-01-07 15:39:05,normal,1440,4,A,base,urgent_first,12051.45,False
3537,2026-01-07 15:40:36,normal,1440,5,A,base,urgent_first,12055.333333333334,False
3538,2026-01-07 15:41:17,urgent,240,2,C,base,urgent_first,27.85,True
3539,2026-01-07 15:42:41,normal,1440,4,B,base,urgent_first,12055.583333333334,False
3540,2026-01-07 15:42:47,normal,1440,2,C,base,urgent_first,12060.95,False
3541,2026-01-07 15:43:24,normal,1440,4,A,base,urgent_first,12063.8,False
3542,2026-01-07 15:43:29,normal,1440,3,A,base,urgent_first,12066.7,False
3543,2026-01-07 15:43:35,urgent,240,7,A,base,urgent_first,39.86666666666667,True
3544,2026-01-07 15:46:33,normal,1440,2,C,base,urgent_first,12071.0,False
3545,2026-01-07 15:46:52,normal,1440,4,A,base,urgent_first,12078.383333333333,False
3546,2026-01-07 15:48:02,normal,1440,2,A,base,urgent_first,12079.9,False
3547,2026-01-07 15:48:28,normal,1440,2,B,base,urgent_first,12081.6,False
3548,2026-01-07 15:49:30,normal,1440,7,A,base,urgent_first,12089.25,False
3549,2026-01-07 15:49:59,normal,1440,3,A,base,urgent_first,12090.183333333332,False
3550,2026-01-07 15:50:05,normal,1440,4,B,base,urgent_first,12094.866666666667,False
3551,2026-01-07 15:50:54,normal,1440,1,A,base,urgent_first,12094.783333333333,False
3552,2026-01-07 15:51:58,normal,1440,6,B,base,urgent_first,12100.45,False
3553,2026-01-07 15:52:07,normal,1440,3,A,base,urgent_first,12102.466666666667,False
3554,2026-01-07 15:53:12,normal,1440,3,C,base,urgent_first,12105.983333333334,False
3555,2026-01-07 15:55:31,normal,1440,4,A,base,urgent_first,12106.883333333333,False
3556,2026-01-07 15:55:35,normal,1440,4,C,base,urgent_first,12116.216666666667,False
3557,2026-01-07 15:57:24,normal,1440,4,C,base,urgent_first,12123.9,False
3558,2026-01-07 15:57:45,normal,1440,5,A,base,urgent_first,12127.15,False
3559,2026-01-07 15:58:02,normal,1440,5,A,base,urgent_first,12132.65,False
3560,2026-01-07 15:58:36,normal,1440,7,A,base,urgent_first,12143.0,False
3561,2026-01-07 16:00:03,normal,1440,4,A,base,urgent_first,12145.383333333333,False
3562,2026-01-07 16:00:26,normal,1440,1,A,base,urgent_first,12145.833333333334,False
3563,2026-01-07 16:00:37,normal,1440,7,A,base,urgent_first,12155.316666666668,False
3564,2026-01-07 16:01:07,normal,1440,7,A,base,urgent_first,12159.9,False
3565,2026-01-07 16:01:17,normal,1440,1,A,base,urgent_first,12160.766666666666,False
3566,2026-01-07 16:01:39,normal,1440,2,C,base,urgent_first,12164.666666666666,False
3567,2026-01-07 16:01:46,normal,1440,4,B,base,urgent_first,12168.516666666666,False
3568,2026-01-07 16:01:53,normal,1440,2,A,base,urgent_first,12169.9,False
3569,2026-01-07 16:01:53,normal,1440,2,A,base,urgent_first,12172.233333333334,False
3570,2026-01-07 16:01:54,normal,1440,2,A,base,urgent_first,12174.016666666666,False
3571,2026-01-07 16:02:28,normal,1440,3,A,base,urgent_first,12176.283333333333,False
3572,2026-01-07 16:03:26,normal,1440,8,A,base,urgent_first,12186.683333333332,False
3573,2026-01-07 16:03:52,normal,1440,1,B,base,urgent_first,12187.533333333333,False
3574,2026-01-07 16:04:43,normal,1440,3,A,base,urgent_first,12188.65,False
3575,2026-01-07 16:04:57,normal,1440,3,A,base,urgent_first,12190.566666666668,False
3576,2026-01-07 16:05:09,urgent,240,4,C,base,urgent_first,19.683333333333334,True
3577,2026-01-07 16:06:12,normal,1440,2,C,base,urgent_first,12194.183333333332,False
3578,2026-01-07 16:07:30,normal,1440,4,A,base,urgent_first,12197.366666666667,False
3579,2026-01-07 16:07:30,normal,1440,5,A,base,urgent_first,12204.433333333332,False
3580,2026-01-07 16:07:33,normal,1440,2,B,base,urgent_first,12206.3,False
3581,2026-01-07 16:10:04,normal,1440,5,A,base,urgent_first,12209.783333333333,False
3582,2026-01-07 16:11:45,normal,1440,3,A,base,urgent_first,12210.55,False
3583,2026-01-07 16:12:42,normal,1440,2,A,base,urgent_first,12212.816666666668,False
3584,2026-01-07 16:12:49,normal,1440,2,B,base,urgent_first,12215.583333333334,False
3585,2026-01-07 16:13:09,normal,1440,2,A,base,urgent_first,12218.116666666667,False
3586,2026-01-07 16:13:57,normal,1440,7,B,base,urgent_first,12229.233333333334,False
3587,2026-01-07 16:14:49,normal,1440,13,A,base,urgent_first,12237.8,False
3588,2026-01-07 16:15:30,normal,1440,1,A,base,urgent_first,12237.966666666667,False
3589,2026-01-07 16:15:31,normal,1440,1,A,base,urgent_first,12238.75,False
3590,2026-01-07 16:15:56,normal,1440,3,B,base,urgent_first,12241.65,False
3591,2026-01-07 16:16:29,normal,1440,1,B,base,urgent_first,12242.35,False
3592,2026-01-07 16:19:17,normal,1440,2,B,base,urgent_first,12245.316666666668,False
3593,2026-01-07 16:19:43,normal,1440,5,A,base,urgent_first,12253.116666666667,False
3594,2026-01-07 16:19:52,normal,1440,5,A,base,urgent_first,12258.516666666666,False
3595,2026-01-07 16:20:34,normal,1440,3,B,base,urgent_first,12259.8,False
3596,2026-01-07 16:20:41,normal,1440,2,A,base,urgent_first,12260.65,False
3597,2026-01-07 16:21:43,normal,1440,16,B,base,urgent_first,12287.25,False
3598,2026-01-07 16:22:30,urgent,240,4,B,base,urgent_first,32.45,True
3599,2026-01-07 16:23:10,normal,1440,2,C,base,urgent_first,12287.583333333334,False
3600,2026-01-07 16:23:59,urgent,240,2,A,base,urgent_first,31.9,True
3601,2026-01-07 16:26:14,normal,1440,8,C,base,urgent_first,12296.633333333333,False
3602,2026-01-07 16:26:44,normal,1440,3,A,base,urgent_first,12297.333333333334,False
3603,2026-01-07 16:28:43,normal,1440,3,A,base,urgent_first,12298.783333333333,False
3604,2026-01-07 16:30:13,normal,1440,3,C,base,urgent_first,12301.65,False
3605,2026-01-07 16:31:14,normal,1440,2,A,base,urgent_first,12301.6,False
3606,2026-01-07 16:32:43,normal,1440,1,C,base,urgent_first,12304.533333333333,False
3607,2026-01-07 16:33:02,normal,1440,2,B,base,urgent_first,12308.516666666666,False
3608,2026-01-07 16:33:23,normal,1440,4,A,base,urgent_first,12314.25,False
3609,2026-01-07 16:33:59,normal,1440,5,B,base,urgent_first,12320.733333333334,False
3610,2026-01-07 16:34:28,normal,1440,2,C,base,urgent_first,12324.3,False
3611,2026-01-07 16:34:30,normal,1440,4,C,base,urgent_first,12333.8,False
3612,2026-01-07 16:35:44,normal,1440,1,B,base,urgent_first,12333.816666666668,False
3613,2026-01-07 16:37:29,normal,1440,3,C,base,urgent_first,12340.133333333333,False
3614,2026-01-07 16:37:42,normal,1440,2,B,base,urgent_first,12341.5,False
3615,2026-01-07 16:37:46,normal,1440,5,B,base,urgent_first,12350.8,False
3616,2026-01-07 16:38:10,normal,1440,7,B,base,urgent_first,12360.5,False
3617,2026-01-07 16:40:01,normal,1440,1,A,base,urgent_first,12359.766666666666,False
3618,2026-01-07 16:40:18,normal,1440,6,A,base,urgent_first,12365.65,False
3619,2026-01-07 16:40:35,normal,1440,6,A,base,urgent_first,12373.4,False
3620,2026-01-07 16:42:59,normal,1440,2,C,base,urgent_first,12373.516666666666,False
3621,2026-01-07 16:43:08,normal,1440,2,C,base,urgent_first,12377.75,False
3622,2026-01-07 16:43:31,normal,1440,2,A,base,urgent_first,12380.4,False
3623,2026-01-07 16:44:24,normal,1440,2,A,base,urgent_first,12382.933333333332,False
3624,2026-01-07 16:45:58,normal,1440,6,B,base,urgent_first,12387.983333333334,False
3625,2026-01-07 16:46:39,normal,1440,6,B,base,urgent_first,12393.55,False
3626,2026-01-07 16:47:13,normal,1440,4,B,base,urgent_first,12399.616666666667,False
3627,2026-01-07 16:47:18,normal,1440,2,A,base,urgent_first,12401.766666666666,False
3628,2026-01-07 16:47:51,normal,1440,6,B,base,urgent_first,12409.65,False
3629,2026-01-07 16:47:55,normal,1440,5,A,base,urgent_first,12412.966666666667,False
3630,2026-01-07 16:48:06,urgent,240,3,A,base,urgent_first,29.466666666666665,True
3631,2026-01-07 16:48:32,normal,1440,1,A,base,urgent_first,12413.633333333333,False
3632,2026-01-07 16:49:08,normal,1440,3,A,base,urgent_first,12416.266666666666,False
3633,2026-01-07 16:49:35,normal,1440,3,C,base,urgent_first,12418.75,False
3634,2026-01-07 16:49:41,normal,1440,1,A,base,urgent_first,12420.0,False
3635,2026-01-07 16:50:05,normal,1440,5,B,base,urgent_first,12424.166666666666,False
3636,2026-01-07 16:50:13,normal,1440,4,A,base,urgent_first,12427.633333333333,False
3637,2026-01-07 16:51:53,normal,1440,2,A,base,urgent_first,12427.2,False
3638,2026-01-07 16:52:11,normal,1440,12,A,base,urgent_first,12444.65,False
3639,2026-01-07 16:52:41,normal,1440,12,A,base,urgent_first,12452.033333333333,False
3640,2026-01-07 16:53:25,normal,1440,2,A,base,urgent_first,12452.366666666667,False
3641,2026-01-07 16:53:50,normal,1440,4,A,base,urgent_first,12456.1,False
3642,2026-01-07 16:54:07,normal,1440,3,C,base,urgent_first,12468.0,False
3643,2026-01-07 16:55:56,normal,1440,1,C,base,urgent_first,12472.933333333332,False
3644,2026-01-07 16:56:25,normal,1440,1,A,base,urgent_first,12476.383333333333,False
3645,2026-01-07 16:56:35,normal,1440,2,B,base,urgent_first,12485.4,False
3646,2026-01-07 16:56:35,normal,1440,5,C,base,urgent_first,12483.766666666666,False
3647,2026-01-07 16:56:45,normal,1440,1,C,base,urgent_first,12486.4,False
3648,2026-01-07 16:57:19,normal,1440,2,A,base,urgent_first,12488.533333333333,False
3649,2026-01-07 16:59:27,normal,1440,4,B,base,urgent_first,12496.6,False
3650,2026-01-07 17:01:01,urgent,240,3,A,base,urgent_first,27.9,True
3651,2026-01-07 17:02:38,normal,1440,2,B,base,urgent_first,12499.033333333333,False
3652,2026-01-07 17:03:17,normal,1440,4,A,base,urgent_first,12505.45,False
3653,2026-01-07 17:07:17,normal,1440,3,B,base,urgent_first,12507.733333333334,False
3654,2026-01-07 17:09:02,normal,1440,6,C,base,urgent_first,12521.25,False
3655,2026-01-07 17:09:22,normal,1440,2,B,base,urgent_first,12667.283333333333,False
3656,2026-01-07 17:09:49,normal,1440,7,B,base,urgent_first,12764.133333333333,False
3657,2026-01-07 17:10:13,urgent,240,3,A,base,urgent_first,19.783333333333335,True
3658,2026-01-07 17:12:00,normal,1440,4,A,base,urgent_first,12813.3,False
3659,2026-01-07 17:13:27,normal,1440,2,B,base,urgent_first,12813.016666666666,False
3660,2026-01-07 17:14:17,normal,1440,4,A,base,urgent_first,12813.466666666667,False
3661,2026-01-07 17:15:18,normal,1440,6,A,base,urgent_first,12814.3,False
3662,2026-01-07 17:15:40,normal,1440,9,C,base,urgent_first,12816.266666666666,False
3663,2026-01-07 17:16:18,urgent,240,1,A,base,urgent_first,14.65,True
3664,2026-01-07 17:20:15,normal,1440,2,A,base,urgent_first,12812.816666666668,False
3665,2026-01-07 17:21:10,normal,1440,13,A,base,urgent_first,12814.7,False
3666,2026-01-07 17:22:00,urgent,240,4,A,base,urgent_first,35.55,True
3667,2026-01-07 17:22:14,normal,1440,1,B,base,urgent_first,12814.483333333334,False
3668,2026-01-07 17:22:34,normal,1440,2,C,base,urgent_first,12815.266666666666,False
3669,2026-01-07 17:26:21,normal,1440,5,A,base,urgent_first,12812.866666666667,False
3670,2026-01-07 17:26:36,normal,1440,5,A,base,urgent_first,12814.033333333333,False
3671,2026-01-07 17:28:44,normal,1440,2,B,base,urgent_first,12812.95,False
3672,2026-01-07 17:28:54,normal,1440,6,C,base,urgent_first,12814.666666666666,False
3673,2026-01-07 17:29:23,normal,1440,3,A,base,urgent_first,12815.25,False
3674,2026-01-07 17:30:17,normal,1440,8,B,base,urgent_first,12816.233333333334,False
3675,2026-01-07 17:31:30,normal,1440,6,B,base,urgent_first,12816.483333333334,False
3676,2026-01-07 17:32:30,normal,1440,3,B,base,urgent_first,12816.833333333334,False
3677,2026-01-07 17:32:54,normal,1440,3,C,base,urgent_first,12817.85,False
3678,2026-01-07 17:32:56,normal,1440,4,B,base,urgent_first,12819.333333333334,False
3679,2026-01-07 17:33:06,normal,1440,9,B,base,urgent_first,12821.65,False
3680,2026-01-07 17:35:49,normal,1440,3,B,base,urgent_first,12826.283333333333,False
3681,2026-01-07 17:35:57,normal,1440,2,C,base,urgent_first,12874.633333333333,False
3682,2026-01-07 17:36:14,normal,1440,2,A,base,urgent_first,12898.433333333332,False
3683,2026-01-07 17:37:16,normal,1440,4,A,base,urgent_first,12908.766666666666,False
3684,2026-01-07 17:38:18,normal,1440,3,A,base,urgent_first,12908.783333333333,False
3685,2026-01-07 17:39:18,normal,1440,4,B,base,urgent_first,12909.233333333334,False
3686,2026-01-07 17:40:34,normal,1440,2,A,base,urgent_first,12909.383333333333,False
3687,2026-01-07 17:42:20,normal,1440,2,B,base,urgent_first,12908.666666666666,False
3688,2026-01-07 17:44:14,normal,1440,2,B,base,urgent_first,12907.866666666667,False
3689,2026-01-07 17:44:18,normal,1440,3,A,base,urgent_first,12909.083333333334,False
3690,2026-01-07 17:45:00,normal,1440,13,C,base,urgent_first,12917.25,False
3691,2026-01-07 17:45:35,normal,1440,2,A,base,urgent_first,12920.133333333333,False
3692,2026-01-07 17:45:48,normal,1440,6,A,base,urgent_first,12926.866666666667,False
3693,2026-01-07 17:46:08,normal,1440,6,A,base,urgent_first,12976.416666666666,False
3694,2026-01-07 17:46:11,normal,1440,1,A,base,urgent_first,13003.8,False
3695,2026-01-07 17:46:48,normal,1440,2,A,base,urgent_first,13020.616666666667,False
3696,2026-01-07 17:46:52,normal,1440,6,C,base,urgent_first,13022.166666666666,False
3697,2026-01-07 17:47:08,normal,1440,4,A,base,urgent_first,13023.633333333333,False
3698,2026-01-07 17:50:32,normal,1440,3,A,base,urgent_first,13021.466666666667,False
3699,2026-01-07 17:52:34,normal,1440,2,A,base,urgent_first,13020.516666666666,False
3700,2026-01-07 17:54:48,normal,1440,3,A,base,urgent_first,13019.683333333332,False
3701,2026-01-07 17:55:22,normal,1440,2,A,base,urgent_first,13020.516666666666,False
3702,2026-01-07 17:56:09,normal,1440,3,C,base,urgent_first,13022.25,False
3703,2026-01-07 17:57:40,normal,1440,10,A,base,urgent_first,13055.65,False
3704,2026-01-07 18:01:35,normal,1440,6,A,base,urgent_first,13067.566666666668,False
3705,2026-01-07 18:02:06,normal,1440,3,A,base,urgent_first,13073.883333333333,False
3706,2026-01-07 18:06:39,normal,1440,3,A,base,urgent_first,13070.683333333332,False
3707,2026-01-07 18:07:09,normal,1440,9,A,base,urgent_first,13073.466666666667,False
3708,2026-01-07 18:08:04,normal,1440,2,A,base,urgent_first,13079.15,False
3709,2026-01-07 18:14:16,normal,1440,3,A,base,urgent_first,13079.95,False
3710,2026-01-07 18:17:10,normal,1440,13,A,base,urgent_first,13095.566666666668,False
3711,2026-01-07 18:18:29,normal,1440,1,A,base,urgent_first,13095.133333333333,False
3712,2026-01-07 18:19:54,urgent,240,1,B,base,urgent_first,12.3,True
3713,2026-01-07 18:20:01,normal,1440,3,A,base,urgent_first,13095.033333333333,False
3714,2026-01-07 18:22:12,urgent,240,5,C,base,urgent_first,40.88333333333333,True
3715,2026-01-07 18:27:21,normal,1440,7,B,base,urgent_first,13095.45,False
3716,2026-01-07 18:29:39,normal,1440,2,A,base,urgent_first,13094.483333333334,False
3717,2026-01-07 18:29:58,urgent,240,2,A,base,urgent_first,34.3,True
3718,2026-01-07 18:31:55,normal,1440,6,B,base,urgent_first,13100.983333333334,False
3719,2026-01-07 18:33:25,normal,1440,5,A,base,urgent_first,13106.716666666667,False
3720,2026-01-07 18:33:51,normal,1440,5,B,base,urgent_first,13112.433333333332,False
3721,2026-01-07 18:34:39,normal,1440,5,C,base,urgent_first,13122.8,False
3722,2026-01-07 18:35:56,normal,1440,5,A,base,urgent_first,13126.95,False
3723,2026-01-07 18:36:59,normal,1440,1,B,base,urgent_first,13126.9,False
3724,2026-01-07 18:39:05,normal,1440,4,A,base,urgent_first,13131.383333333333,False
3725,2026-01-07 18:39:53,normal,1440,2,A,base,urgent_first,13132.033333333333,False
3726,2026-01-07 18:40:02,normal,1440,3,B,base,urgent_first,13136.983333333334,False
3727,2026-01-07 18:40:38,normal,1440,2,A,base,urgent_first,13139.483333333334,False
3728,2026-01-07 18:41:19,normal,1440,2,A,base,urgent_first,13141.65,False
3729,2026-01-07 18:42:39,urgent,240,5,B,base,urgent_first,29.783333333333335,True
3730,2026-01-07 18:43:32,normal,1440,2,C,base,urgent_first,13144.983333333334,False
3731,2026-01-07 18:44:09,normal,1440,7,A,base,urgent_first,13152.183333333332,False
3732,2026-01-07 18:49:22,normal,1440,3,B,base,urgent_first,13149.266666666666,False
3733,2026-01-07 18:50:21,normal,1440,5,B,base,urgent_first,13155.683333333332,False
3734,2026-01-07 18:53:14,normal,1440,2,A,base,urgent_first,13155.316666666668,False
3735,2026-01-07 18:54:24,normal,1440,7,B,base,urgent_first,13165.8,False
3736,2026-01-07 18:58:59,normal,1440,5,B,base,urgent_first,13166.0,False
3737,2026-01-07 19:14:10,normal,1440,3,C,base,urgent_first,13154.266666666666,False
3738,2026-01-07 19:14:44,normal,1440,4,A,base,urgent_first,13156.983333333334,False
3739,2026-01-07 19:16:00,normal,1440,3,C,base,urgent_first,13163.6,False
3740,2026-01-07 19:19:21,normal,1440,2,B,base,urgent_first,13164.05,False
3741,2026-01-07 19:23:06,urgent,240,3,A,base,urgent_first,16.75,True
3742,2026-01-07 19:25:17,normal,1440,8,B,base,urgent_first,13168.733333333334,False
3743,2026-01-07 19:26:32,normal,1440,3,B,base,urgent_first,13168.883333333333,False
3744,2026-01-07 19:27:59,normal,1440,2,C,base,urgent_first,13171.25,False
3745,2026-01-07 19:36:16,normal,1440,4,B,base,urgent_first,13168.6,False
3746,2026-01-07 19:38:06,normal,1440,9,A,base,urgent_first,13172.416666666666,False
3747,2026-01-07 19:38:52,normal,1440,3,A,base,urgent_first,13172.8,False
3748,2026-01-07 19:42:59,normal,1440,4,A,base,urgent_first,13173.2,False
3749,2026-01-07 19:47:12,urgent,240,2,C,base,urgent_first,41.2,True
3750,2026-01-07 19:49:45,normal,1440,3,B,base,urgent_first,13172.166666666666,False
3751,2026-01-07 19:51:00,urgent,240,8,A,base,urgent_first,39.06666666666667,True
3752,2026-01-07 19:52:51,urgent,240,2,C,base,urgent_first,38.78333333333333,True
3753,2026-01-07 19:53:31,normal,1440,2,B,base,urgent_first,13170.716666666667,False
3754,2026-01-07 19:53:46,normal,1440,3,A,base,urgent_first,13173.333333333334,False
3755,2026-01-07 19:58:45,normal,1440,1,C,base,urgent_first,13172.35,False
3756,2026-01-08 08:01:00,normal,1440,3,A,base,urgent_first,12453.616666666667,False
3757,2026-01-08 08:01:23,normal,1440,2,B,base,urgent_first,12457.05,False
3758,2026-01-08 08:02:31,normal,1440,11,A,base,urgent_first,12471.716666666667,False
3759,2026-01-08 08:05:14,normal,1440,6,A,base,urgent_first,12471.683333333332,False
3760,2026-01-08 08:06:40,normal,1440,2,A,base,urgent_first,12471.983333333334,False
3761,2026-01-08 08:06:44,normal,1440,4,C,base,urgent_first,12478.3,False
3762,2026-01-08 08:08:09,normal,1440,7,B,base,urgent_first,12485.833333333334,False
3763,2026-01-08 08:08:59,normal,1440,4,C,base,urgent_first,12489.75,False
3764,2026-01-08 08:11:43,normal,1440,3,A,base,urgent_first,12489.7,False
3765,2026-01-08 08:12:48,normal,1440,3,A,base,urgent_first,12492.166666666666,False
3766,2026-01-08 08:16:00,urgent,240,5,C,base,urgent_first,58.78333333333333,True
3767,2026-01-08 08:19:07,normal,1440,6,B,base,urgent_first,12490.633333333333,False
3768,2026-01-08 08:21:51,normal,1440,5,B,base,urgent_first,12495.783333333333,False
3769,2026-01-08 08:21:59,urgent,240,1,A,base,urgent_first,53.95,True
3770,2026-01-08 08:24:01,normal,1440,1,B,base,urgent_first,12494.533333333333,False
3771,2026-01-08 08:25:40,urgent,240,8,C,base,urgent_first,52.68333333333333,True
3772,2026-01-08 08:28:13,normal,1440,2,A,base,urgent_first,12492.583333333334,False
3773,2026-01-08 08:29:38,normal,1440,8,A,base,urgent_first,12504.15,False
3774,2026-01-08 08:30:04,normal,1440,3,A,base,urgent_first,12505.25,False
3775,2026-01-08 08:30:28,normal,1440,8,C,base,urgent_first,12522.616666666667,False
3776,2026-01-08 08:31:14,normal,1440,4,B,base,urgent_first,12524.0,False
3777,2026-01-08 08:36:43,normal,1440,3,A,base,urgent_first,12519.733333333334,False
3778,2026-01-08 08:38:15,urgent,240,3,A,base,urgent_first,41.3,True
3779,2026-01-08 08:39:27,normal,1440,3,B,base,urgent_first,12519.083333333334,False
3780,2026-01-08 08:39:28,urgent,240,1,B,base,urgent_first,41.266666666666666,True
3781,2026-01-08 08:41:42,normal,1440,4,A,base,urgent_first,12521.933333333332,False
3782,2026-01-08 08:42:15,normal,1440,1,B,base,urgent_first,12522.8,False
3783,2026-01-08 08:42:16,normal,1440,5,B,base,urgent_first,12530.05,False
3784,2026-01-08 08:51:17,normal,1440,4,A,base,urgent_first,12523.7,False
3785,2026-01-08 08:51:20,normal,1440,7,A,base,urgent_first,12529.1,False
3786,2026-01-08 08:55:46,normal,1440,1,B,base,urgent_first,12525.816666666668,False
3787,2026-01-08 08:58:52,normal,1440,1,B,base,urgent_first,12524.45,False
3788,2026-01-08 08:59:22,normal,1440,2,A,base,urgent_first,12526.566666666668,False
3789,2026-01-08 09:02:19,normal,1440,4,B,base,urgent_first,12529.966666666667,False
3790,2026-01-08 09:02:38,normal,1440,6,C,base,urgent_first,12537.033333333333,False
3791,2026-01-08 09:04:04,normal,1440,8,B,base,urgent_first,12547.116666666667,False
3792,2026-01-08 09:04:12,urgent,240,2,B,base,urgent_first,17.866666666666667,True
3793,2026-01-08 09:04:38,normal,1440,1,C,base,urgent_first,12547.416666666666,False
3794,2026-01-08 09:04:48,normal,1440,3,A,base,urgent_first,12549.35,False
3795,2026-01-08 09:05:19,normal,1440,5,A,base,urgent_first,12553.7,False
3796,2026-01-08 09:05:19,normal,1440,6,A,base,urgent_first,12563.033333333333,False
3797,2026-01-08 09:07:15,normal,1440,2,A,base,urgent_first,12561.95,False
3798,2026-01-08 09:09:00,normal,1440,2,A,base,urgent_first,12562.9,False
3799,2026-01-08 09:09:53,normal,1440,2,A,base,urgent_first,12564.7,False
3800,2026-01-08 09:10:37,normal,1440,7,A,base,urgent_first,12572.033333333333,False
3801,2026-01-08 09:11:09,normal,1440,3,C,base,urgent_first,12574.633333333333,False
3802,2026-01-08 09:11:53,normal,1440,3,B,base,urgent_first,12576.933333333332,False
3803,2026-01-08 09:12:10,normal,1440,4,A,base,urgent_first,12580.366666666667,False
3804,2026-01-08 09:12:26,normal,1440,3,B,base,urgent_first,12584.783333333333,False
3805,2026-01-08 09:12:28,normal,1440,2,C,base,urgent_first,12588.25,False
3806,2026-01-08 09:12:55,normal,1440,5,A,base,urgent_first,12592.983333333334,False
3807,2026-01-08 09:14:38,normal,1440,4,C,base,urgent_first,12597.25,False
3808,2026-01-08 09:18:44,normal,1440,2,C,base,urgent_first,12598.116666666667,False
3809,2026-01-08 09:18:51,normal,1440,3,C,base,urgent_first,12608.483333333334,False
3810,2026-01-08 09:21:43,normal,1440,3,A,base,urgent_first,12607.6,False
3811,2026-01-08 09:24:11,urgent,240,3,A,base,urgent_first,14.466666666666667,True
3812,2026-01-08 09:25:56,normal,1440,5,A,base,urgent_first,12610.383333333333,False
3813,2026-01-08 09:26:06,normal,1440,4,B,base,urgent_first,12614.666666666666,False
3814,2026-01-08 09:26:09,normal,1440,14,A,base,urgent_first,12630.133333333333,False
3815,2026-01-08 09:29:16,urgent,240,5,A,base,urgent_first,558.3,False
3816,2026-01-08 09:29:43,urgent,240,5,A,base,urgent_first,559.5333333333333,False
3817,2026-01-08 09:30:38,normal,1440,5,C,base,urgent_first,12634.55,False
3818,2026-01-08 09:30:41,normal,1440,3,A,base,urgent_first,12637.283333333333,False
3819,2026-01-08 09:32:30,normal,1440,5,B,base,urgent_first,12644.583333333334,False
3820,2026-01-08 09:33:22,normal,1440,3,A,base,urgent_first,12644.883333333333,False
3821,2026-01-08 09:33:23,urgent,240,4,A,base,urgent_first,557.2333333333333,False
3822,2026-01-08 09:34:21,normal,1440,3,A,base,urgent_first,12647.083333333334,False
3823,2026-01-08 09:35:28,urgent,240,1,A,base,urgent_first,555.95,False
3824,2026-01-08 09:38:55,normal,1440,5,B,base,urgent_first,12647.316666666668,False
3825,2026-01-08 09:38:59,normal,1440,2,B,base,urgent_first,12650.283333333333,False
3826,2026-01-08 09:39:17,normal,1440,1,C,base,urgent_first,12653.2,False
3827,2026-01-08 09:39:27,normal,1440,5,A,base,urgent_first,12657.85,False
3828,2026-01-08 09:40:19,normal,1440,4,B,base,urgent_first,12665.55,False
3829,2026-01-08 09:40:26,normal,1440,1,A,base,urgent_first,12666.516666666666,False
3830,2026-01-08 09:40:33,normal,1440,1,B,base,urgent_first,12668.383333333333,False
3831,2026-01-08 09:40:38,normal,1440,1,A,base,urgent_first,12670.516666666666,False
3832,2026-01-08 09:42:13,normal,1440,5,B,base,urgent_first,12678.116666666667,False
3833,2026-01-08 09:43:52,normal,1440,2,A,base,urgent_first,12677.483333333334,False
3834,2026-01-08 09:44:32,normal,1440,3,A,base,urgent_first,12680.083333333334,False
3835,2026-01-08 09:45:20,normal,1440,8,C,base,urgent_first,12694.116666666667,False
3836,2026-01-08 09:46:16,normal,1440,3,A,base,urgent_first,12694.666666666666,False
3837,2026-01-08 09:47:34,urgent,240,3,A,base,urgent_first,545.3,False
3838,2026-01-08 09:49:25,normal,1440,2,B,base,urgent_first,12693.2,False
3839,2026-01-08 09:49:51,normal,1440,5,A,base,urgent_first,12699.683333333332,False
3840,2026-01-08 09:50:06,normal,1440,1,C,base,urgent_first,12700.933333333332,False
3841,2026-01-08 09:50:28,normal,1440,5,A,base,urgent_first,12707.983333333334,False
3842,2026-01-08 09:50:40,normal,1440,2,A,base,urgent_first,12709.35,False
3843,2026-01-08 09:50:58,normal,1440,7,B,base,urgent_first,12722.05,False
3844,2026-01-08 09:51:06,normal,1440,12,A,base,urgent_first,12735.083333333334,False
3845,2026-01-08 09:52:16,normal,1440,4,B,base,urgent_first,12736.166666666666,False
3846,2026-01-08 09:52:37,urgent,240,5,A,base,urgent_first,541.7666666666667,False
3847,2026-01-08 09:52:56,normal,1440,1,B,base,urgent_first,12737.316666666668,False
3848,2026-01-08 09:53:30,urgent,240,4,B,base,urgent_first,542.4166666666666,False
3849,2026-01-08 09:54:19,normal,1440,2,B,base,urgent_first,12739.35,False
3850,2026-01-08 09:54:45,normal,1440,3,A,base,urgent_first,12743.183333333332,False
3851,2026-01-08 09:55:18,normal,1440,4,A,base,urgent_first,12748.083333333334,False
3852,2026-01-08 09:55:39,normal,1440,2,A,base,urgent_first,12749.266666666666,False
3853,2026-01-08 09:56:08,normal,1440,8,A,base,urgent_first,12759.7,False
3854,2026-01-08 09:58:21,normal,1440,2,A,base,urgent_first,12758.766666666666,False
3855,2026-01-08 09:58:33,normal,1440,5,A,base,urgent_first,12765.583333333334,False
3856,2026-01-08 09:58:37,normal,1440,1,C,base,urgent_first,12766.683333333332,False
3857,2026-01-08 09:58:50,normal,1440,4,A,base,urgent_first,12769.9,False
3858,2026-01-08 10:00:24,normal,1440,11,A,base,urgent_first,12785.866666666667,False
3859,2026-01-08 10:00:25,normal,1440,11,A,base,urgent_first,12794.783333333333,False
3860,2026-01-08 10:01:12,normal,1440,5,B,base,urgent_first,12796.25,False
3861,2026-01-08 10:02:14,urgent,240,4,B,base,urgent_first,534.95,False
3862,2026-01-08 10:02:15,normal,1440,2,B,base,urgent_first,12796.766666666666,False
3863,2026-01-08 10:02:18,normal,1440,1,A,base,urgent_first,12797.616666666667,False
3864,2026-01-08 10:02:36,normal,1440,6,A,base,urgent_first,12806.033333333333,False
3865,2026-01-08 10:02:45,normal,1440,6,B,base,urgent_first,12812.15,False
3866,2026-01-08 10:03:00,urgent,240,2,A,base,urgent_first,534.9833333333333,False
3867,2026-01-08 10:03:14,normal,1440,4,A,base,urgent_first,12815.183333333332,False
3868,2026-01-08 10:04:03,normal,1440,1,C,base,urgent_first,12816.883333333333,False
3869,2026-01-08 10:04:38,urgent,240,3,A,base,urgent_first,534.75,False
3870,2026-01-08 10:06:08,normal,1440,2,B,base,urgent_first,12818.233333333334,False
3871,2026-01-08 10:06:14,normal,1440,1,B,base,urgent_first,12820.383333333333,False
3872,2026-01-08 10:06:15,urgent,240,5,B,base,urgent_first,534.6166666666667,False
3873,2026-01-08 10:06:24,urgent,240,5,C,base,urgent_first,536.1833333333333,False
3874,2026-01-08 10:07:07,normal,1440,4,A,base,urgent_first,12824.9,False
3875,2026-01-08 10:07:26,normal,1440,5,B,base,urgent_first,12829.283333333333,False
3876,2026-01-08 10:07:30,normal,1440,5,C,base,urgent_first,12837.116666666667,False
3877,2026-01-08 10:07:40,urgent,240,5,B,base,urgent_first,536.5666666666667,False
3878,2026-01-08 10:08:09,normal,1440,3,A,base,urgent_first,12839.983333333334,False
3879,2026-01-08 10:09:26,normal,1440,4,B,base,urgent_first,12845.0,False
3880,2026-01-08 10:09:35,normal,1440,5,A,base,urgent_first,12850.983333333334,False
3881,2026-01-08 10:09:46,normal,1440,7,B,base,urgent_first,12858.9,False
3882,2026-01-08 10:10:43,normal,1440,3,B,base,urgent_first,12862.483333333334,False
3883,2026-01-08 10:10:47,normal,1440,4,A,base,urgent_first,12868.35,False
3884,2026-01-08 10:11:26,normal,1440,2,C,base,urgent_first,12871.966666666667,False
3885,2026-01-08 10:12:08,normal,1440,10,A,base,urgent_first,12881.0,False
3886,2026-01-08 10:12:22,normal,1440,10,B,base,urgent_first,12897.116666666667,False
3887,2026-01-08 10:12:45,normal,1440,6,A,base,urgent_first,12900.25,False
3888,2026-01-08 10:13:25,normal,1440,1,B,base,urgent_first,12900.683333333332,False
3889,2026-01-08 10:16:03,normal,1440,1,C,base,urgent_first,12901.233333333334,False
3890,2026-01-08 10:16:13,normal,1440,7,A,base,urgent_first,12909.783333333333,False
3891,2026-01-08 10:16:25,urgent,240,8,A,base,urgent_first,530.05,False
3892,2026-01-08 10:16:46,normal,1440,6,A,base,urgent_first,12916.45,False
3893,2026-01-08 10:16:53,normal,1440,6,A,base,urgent_first,12920.183333333332,False
3894,2026-01-08 10:17:01,normal,1440,2,C,base,urgent_first,12924.1,False
3895,2026-01-08 10:17:34,normal,1440,8,A,base,urgent_first,12934.15,False
3896,2026-01-08 10:18:42,normal,1440,10,B,base,urgent_first,12940.7,False
3897,2026-01-08 10:18:52,normal,1440,2,A,base,urgent_first,12942.433333333332,False
3898,2026-01-08 10:19:38,normal,1440,10,B,base,urgent_first,12962.016666666666,False
3899,2026-01-08 10:20:02,normal,1440,4,C,base,urgent_first,12963.8,False
3900,2026-01-08 10:20:31,normal,1440,4,A,base,urgent_first,12965.833333333334,False
3901,2026-01-08 10:20:35,normal,1440,6,B,base,urgent_first,12972.866666666667,False
3902,2026-01-08 10:20:40,urgent,240,9,A,base,urgent_first,527.75,False
3903,2026-01-08 10:20:43,normal,1440,3,B,base,urgent_first,12975.533333333333,False
3904,2026-01-08 10:20:44,normal,1440,4,C,base,urgent_first,12981.666666666666,False
3905,2026-01-08 10:23:16,normal,1440,5,A,base,urgent_first,12983.45,False
3906,2026-01-08 10:24:20,normal,1440,2,B,base,urgent_first,12984.383333333333,False
3907,2026-01-08 10:24:25,normal,1440,1,A,base,urgent_first,12985.766666666666,False
3908,2026-01-08 10:24:47,normal,1440,2,B,base,urgent_first,12989.933333333332,False
3909,2026-01-08 10:24:54,normal,1440,1,A,base,urgent_first,12990.9,False
3910,2026-01-08 10:25:04,normal,1440,6,B,base,urgent_first,13001.133333333333,False
3911,2026-01-08 10:26:20,normal,1440,3,B,base,urgent_first,13001.766666666666,False
3912,2026-01-08 10:26:28,urgent,240,6,C,base,urgent_first,524.15,False
3913,2026-01-08 10:26:30,normal,1440,25,A,base,urgent_first,13037.233333333334,False
3914,2026-01-08 10:27:05,normal,1440,2,C,base,urgent_first,13037.85,False
3915,2026-01-08 10:27:15,urgent,240,7,A,base,urgent_first,525.2166666666667,False
3916,2026-01-08 10:27:25,normal,1440,4,B,base,urgent_first,13038.933333333332,False
3917,2026-01-08 10:27:54,urgent,240,2,A,base,urgent_first,525.65,False
3918,2026-01-08 10:28:10,normal,1440,3,B,base,urgent_first,13039.266666666666,False
3919,2026-01-08 10:32:23,urgent,240,3,B,base,urgent_first,522.1166666666667,False
3920,2026-01-08 10:32:27,normal,1440,2,C,base,urgent_first,13037.8,False
3921,2026-01-08 10:33:17,normal,1440,2,A,base,urgent_first,13040.566666666668,False
3922,2026-01-08 10:34:20,normal,1440,1,A,base,urgent_first,13040.933333333332,False
3923,2026-01-08 10:34:26,normal,1440,5,A,base,urgent_first,13049.466666666667,False
3924,2026-01-08 10:34:46,urgent,240,1,B,base,urgent_first,520.6833333333333,False
3925,2026-01-08 10:38:26,normal,1440,1,A,base,urgent_first,13046.733333333334,False
3926,2026-01-08 10:38:46,normal,1440,3,C,base,urgent_first,13052.8,False
3927,2026-01-08 10:39:10,urgent,240,1,A,base,urgent_first,517.25,False
3928,2026-01-08 10:39:46,normal,1440,8,A,base,urgent_first,13060.95,False
3929,2026-01-08 10:40:24,normal,1440,3,B,base,urgent_first,13062.966666666667,False
3930,2026-01-08 10:40:25,normal,1440,3,B,base,urgent_first,13067.6,False
3931,2026-01-08 10:41:03,normal,1440,4,B,base,urgent_first,13072.2,False
3932,2026-01-08 10:41:04,normal,1440,3,A,base,urgent_first,13075.033333333333,False
3933,2026-01-08 10:41:25,normal,1440,4,A,base,urgent_first,13080.316666666668,False
3934,2026-01-08 10:41:36,normal,1440,4,B,base,urgent_first,13085.65,False
3935,2026-01-08 10:41:58,normal,1440,2,C,base,urgent_first,13088.933333333332,False
3936,2026-01-08 10:42:20,normal,1440,2,A,base,urgent_first,13089.916666666666,False
3937,2026-01-08 10:42:51,normal,1440,11,A,base,urgent_first,13106.05,False
3938,2026-01-08 10:43:54,normal,1440,6,A,base,urgent_first,13109.016666666666,False
3939,2026-01-08 10:44:20,normal,1440,4,A,base,urgent_first,13111.933333333332,False
3940,2026-01-08 10:45:11,normal,1440,1,C,base,urgent_first,13112.616666666667,False
3941,2026-01-08 10:45:20,normal,1440,2,A,base,urgent_first,13116.516666666666,False
3942,2026-01-08 10:46:07,urgent,240,4,B,base,urgent_first,511.6666666666667,False
3943,2026-01-08 10:47:14,normal,1440,2,B,base,urgent_first,13120.083333333334,False
3944,2026-01-08 10:47:20,normal,1440,2,B,base,urgent_first,13123.616666666667,False
3945,2026-01-08 10:48:11,urgent,240,2,B,base,urgent_first,510.51666666666665,False
3946,2026-01-08 10:48:48,urgent,240,3,A,base,urgent_first,510.96666666666664,False
3947,2026-01-08 10:49:11,normal,1440,3,A,base,urgent_first,13125.916666666666,False
3948,2026-01-08 10:50:22,normal,1440,3,A,base,urgent_first,13126.483333333334,False
3949,2026-01-08 10:50:50,urgent,240,1,B,base,urgent_first,510.01666666666665,False
3950,2026-01-08 10:51:15,normal,1440,5,B,base,urgent_first,13136.05,False
3951,2026-01-08 10:51:28,normal,1440,3,A,base,urgent_first,13138.833333333334,False
3952,2026-01-08 10:52:27,normal,1440,4,B,base,urgent_first,13141.916666666666,False
3953,2026-01-08 10:52:28,normal,1440,4,A,base,urgent_first,13147.5,False
3954,2026-01-08 10:52:53,normal,1440,2,A,base,urgent_first,13148.216666666667,False
3955,2026-01-08 10:52:57,normal,1440,4,A,base,urgent_first,13153.316666666668,False
3956,2026-01-08 10:54:51,normal,1440,3,A,base,urgent_first,13156.05,False
3957,2026-01-08 10:55:58,normal,1440,9,A,base,urgent_first,13166.016666666666,False
3958,2026-01-08 10:56:22,urgent,240,3,A,base,urgent_first,505.8666666666667,False
3959,2026-01-08 10:56:32,urgent,240,1,A,base,urgent_first,506.5833333333333,False
3960,2026-01-08 10:56:44,normal,1440,5,A,base,urgent_first,13168.316666666668,False
3961,2026-01-08 10:57:43,urgent,240,3,A,base,urgent_first,506.55,False
3962,2026-01-08 10:58:51,normal,1440,6,A,base,urgent_first,13172.716666666667,False
3963,2026-01-08 10:59:17,normal,1440,8,A,base,urgent_first,13181.25,False
3964,2026-01-08 10:59:28,urgent,240,2,C,base,urgent_first,506.31666666666666,False
3965,2026-01-08 10:59:36,normal,1440,2,A,base,urgent_first,13182.466666666667,False
3966,2026-01-08 10:59:48,normal,1440,2,A,base,urgent_first,13183.833333333334,False
3967,2026-01-08 11:00:36,normal,1440,3,A,base,urgent_first,13187.516666666666,False
3968,2026-01-08 11:00:40,urgent,240,2,B,base,urgent_first,506.15,False
3969,2026-01-08 11:01:04,normal,1440,2,B,base,urgent_first,13190.9,False
3970,2026-01-08 11:01:30,normal,1440,4,A,base,urgent_first,13197.2,False
3971,2026-01-08 11:01:44,urgent,240,3,A,base,urgent_first,506.0833333333333,False
3972,2026-01-08 11:02:04,normal,1440,2,B,base,urgent_first,13199.816666666668,False
3973,2026-01-08 11:02:35,normal,1440,1,A,base,urgent_first,13202.616666666667,False
3974,2026-01-08 11:03:54,normal,1440,3,A,base,urgent_first,13205.35,False
3975,2026-01-08 11:04:49,normal,1440,2,A,base,urgent_first,13207.166666666666,False
3976,2026-01-08 11:04:53,normal,1440,4,B,base,urgent_first,13212.616666666667,False
3977,2026-01-08 11:04:58,normal,1440,3,A,base,urgent_first,13214.633333333333,False
3978,2026-01-08 11:05:24,urgent,240,3,A,base,urgent_first,503.46666666666664,False
3979,2026-01-08 11:06:10,normal,1440,3,B,base,urgent_first,13219.733333333334,False
3980,2026-01-08 11:08:44,normal,1440,7,B,base,urgent_first,13227.216666666667,False
3981,2026-01-08 11:08:46,normal,1440,7,A,base,urgent_first,13229.583333333334,False
3982,2026-01-08 11:09:08,normal,1440,2,A,base,urgent_first,13230.25,False
3983,2026-01-08 11:09:24,normal,1440,3,A,base,urgent_first,13232.55,False
3984,2026-01-08 11:09:53,normal,1440,2,B,base,urgent_first,13236.366666666667,False
3985,2026-01-08 11:10:31,normal,1440,19,A,base,urgent_first,13267.983333333334,False
3986,2026-01-08 11:11:12,normal,1440,3,A,base,urgent_first,13268.216666666667,False
3987,2026-01-08 11:11:41,normal,1440,3,A,base,urgent_first,13268.916666666666,False
3988,2026-01-08 11:11:56,normal,1440,4,A,base,urgent_first,13270.666666666666,False
3989,2026-01-08 11:12:00,normal,1440,6,A,base,urgent_first,13274.316666666668,False
3990,2026-01-08 11:12:17,normal,1440,2,C,base,urgent_first,13277.733333333334,False
3991,2026-01-08 11:12:47,normal,1440,3,A,base,urgent_first,13279.85,False
3992,2026-01-08 11:13:25,normal,1440,3,B,base,urgent_first,13284.183333333332,False
3993,2026-01-08 11:13:43,normal,1440,4,A,base,urgent_first,13289.85,False
3994,2026-01-08 11:13:56,normal,1440,1,B,base,urgent_first,13290.866666666667,False
3995,2026-01-08 11:14:40,normal,1440,3,A,base,urgent_first,13293.883333333333,False
3996,2026-01-08 11:15:17,normal,1440,5,A,base,urgent_first,13296.233333333334,False
3997,2026-01-08 11:16:19,normal,1440,4,C,base,urgent_first,13306.7,False
3998,2026-01-08 11:16:49,urgent,240,6,B,base,urgent_first,493.98333333333335,False
3999,2026-01-08 11:16:50,normal,1440,1,C,base,urgent_first,13307.1,False
4000,2026-01-08 11:17:28,normal,1440,4,A,base,urgent_first,13312.683333333332,False
4001,2026-01-08 11:18:07,normal,1440,1,C,base,urgent_first,13315.816666666668,False
4002,2026-01-08 11:18:26,normal,1440,2,C,base,urgent_first,13319.95,False
4003,2026-01-08 11:19:07,normal,1440,3,C,base,urgent_first,13328.3,False
4004,2026-01-08 11:19:42,normal,1440,2,A,base,urgent_first,13329.383333333333,False
4005,2026-01-08 11:21:08,normal,1440,2,A,base,urgent_first,13328.983333333334,False
4006,2026-01-08 11:21:23,normal,1440,4,C,base,urgent_first,13337.616666666667,False
4007,2026-01-08 11:21:27,normal,1440,2,A,base,urgent_first,13339.583333333334,False
4008,2026-01-08 11:23:02,urgent,240,4,A,base,urgent_first,489.0,False
4009,2026-01-08 11:23:23,normal,1440,2,B,base,urgent_first,13339.666666666666,False
4010,2026-01-08 11:23:26,normal,1440,8,B,base,urgent_first,13352.816666666668,False
4011,2026-01-08 11:24:32,normal,1440,2,A,base,urgent_first,13352.8,False
4012,2026-01-08 11:24:43,normal,1440,2,B,base,urgent_first,13356.383333333333,False
4013,2026-01-08 11:25:16,normal,1440,5,C,base,urgent_first,13365.666666666666,False
4014,2026-01-08 11:25:24,normal,1440,6,A,base,urgent_first,13371.333333333334,False
4015,2026-01-08 11:26:07,normal,1440,2,B,base,urgent_first,13373.166666666666,False
4016,2026-01-08 11:26:10,urgent,240,1,C,base,urgent_first,487.25,False
4017,2026-01-08 11:26:17,normal,1440,4,A,base,urgent_first,13378.4,False
4018,2026-01-08 11:26:37,normal,1440,1,A,base,urgent_first,13379.716666666667,False
4019,2026-01-08 11:26:43,normal,1440,2,C,base,urgent_first,13388.783333333333,False
4020,2026-01-08 11:27:02,normal,1440,1,B,base,urgent_first,13389.75,False
4021,2026-01-08 11:27:12,urgent,240,3,A,base,urgent_first,487.55,False
4022,2026-01-08 11:28:00,urgent,240,6,A,base,urgent_first,488.5833333333333,False
4023,2026-01-08 11:28:14,normal,1440,2,A,base,urgent_first,13390.133333333333,False
4024,2026-01-08 11:28:36,normal,1440,2,A,base,urgent_first,13394.316666666668,False
4025,2026-01-08 11:28:39,normal,1440,5,B,base,urgent_first,13401.083333333334,False
4026,2026-01-08 11:28:39,normal,1440,2,A,base,urgent_first,13402.8,False
4027,2026-01-08 11:29:04,normal,1440,5,B,base,urgent_first,13409.233333333334,False
4028,2026-01-08 11:29:22,normal,1440,3,A,base,urgent_first,13412.183333333332,False
4029,2026-01-08 11:30:05,normal,1440,1,A,base,urgent_first,13413.55,False
4030,2026-01-08 11:30:26,normal,1440,4,C,base,urgent_first,13421.716666666667,False
4031,2026-01-08 11:30:28,normal,1440,3,A,base,urgent_first,13423.4,False
4032,2026-01-08 11:30:58,normal,1440,4,A,base,urgent_first,13427.183333333332,False
4033,2026-01-08 11:31:24,normal,1440,6,C,base,urgent_first,13438.433333333332,False
4034,2026-01-08 11:31:51,normal,1440,2,A,base,urgent_first,13439.2,False
4035,2026-01-08 11:32:10,normal,1440,4,B,base,urgent_first,13443.85,False
4036,2026-01-08 11:32:13,normal,1440,5,C,base,urgent_first,13455.266666666666,False
4037,2026-01-08 11:32:54,normal,1440,11,B,base,urgent_first,13477.416666666666,False
4038,2026-01-08 11:33:16,urgent,240,3,A,base,urgent_first,484.65,False
4039,2026-01-08 11:33:48,normal,1440,14,A,base,urgent_first,13488.283333333333,False
4040,2026-01-08 11:33:52,normal,1440,2,B,base,urgent_first,13489.1,False
4041,2026-01-08 11:34:30,normal,1440,3,C,base,urgent_first,13491.783333333333,False
4042,2026-01-08 11:34:35,normal,1440,2,A,base,urgent_first,13493.016666666666,False
4043,2026-01-08 11:34:50,normal,1440,2,B,base,urgent_first,13497.266666666666,False
4044,2026-01-08 11:35:16,normal,1440,3,A,base,urgent_first,13500.4,False
4045,2026-01-08 11:37:27,normal,1440,3,B,base,urgent_first,13501.7,False
4046,2026-01-08 11:37:30,normal,1440,16,B,base,urgent_first,13522.35,False
4047,2026-01-08 11:38:05,normal,1440,13,B,base,urgent_first,13528.733333333334,False
4048,2026-01-08 11:38:40,normal,1440,4,A,base,urgent_first,13529.583333333334,False
4049,2026-01-08 11:39:00,normal,1440,2,B,base,urgent_first,13533.783333333333,False
4050,2026-01-08 11:39:25,normal,1440,14,B,base,urgent_first,13551.516666666666,False
4051,2026-01-08 11:39:58,normal,1440,2,B,base,urgent_first,13552.066666666668,False
4052,2026-01-08 11:40:01,normal,1440,3,A,base,urgent_first,13553.733333333334,False
4053,2026-01-08 11:40:24,normal,1440,1,B,base,urgent_first,13554.666666666666,False
4054,2026-01-08 11:41:02,normal,1440,19,A,base,urgent_first,13577.7,False
4055,2026-01-08 11:42:11,normal,1440,2,B,base,urgent_first,13577.633333333333,False
4056,2026-01-08 11:42:39,normal,1440,1,A,base,urgent_first,13577.983333333334,False
4057,2026-01-08 11:44:25,normal,1440,3,C,base,urgent_first,13579.8,False
4058,2026-01-08 11:44:47,normal,1440,4,A,base,urgent_first,13584.083333333334,False
4059,2026-01-08 11:45:07,normal,1440,5,A,base,urgent_first,13590.133333333333,False
4060,2026-01-08 11:45:48,normal,1440,3,A,base,urgent_first,13591.4,False
4061,2026-01-08 11:45:48,normal,1440,5,B,base,urgent_first,13596.216666666667,False
4062,2026-01-08 11:46:09,normal,1440,1,B,base,urgent_first,13596.966666666667,False
4063,2026-01-08 11:46:18,normal,1440,4,A,base,urgent_first,13602.9,False
4064,2026-01-08 11:47:49,normal,1440,3,A,base,urgent_first,13604.15,False
4065,2026-01-08 11:48:25,normal,1440,10,A,base,urgent_first,13621.55,False
4066,2026-01-08 11:48:43,normal,1440,1,A,base,urgent_first,13622.25,False
4067,2026-01-08 11:49:42,normal,1440,5,C,base,urgent_first,13625.683333333332,False
4068,2026-01-08 11:50:33,urgent,240,9,B,base,urgent_first,469.46666666666664,False
4069,2026-01-08 11:51:16,urgent,240,2,A,base,urgent_first,469.5833333333333,False
4070,2026-01-08 11:52:24,normal,1440,6,A,base,urgent_first,13628.966666666667,False
4071,2026-01-08 11:52:35,urgent,240,5,A,base,urgent_first,469.8333333333333,False
4072,2026-01-08 11:54:33,urgent,240,7,B,base,urgent_first,469.9166666666667,False
4073,2026-01-08 11:54:41,normal,1440,4,B,base,urgent_first,13629.416666666666,False
4074,2026-01-08 11:55:01,normal,1440,3,A,base,urgent_first,13632.05,False
4075,2026-01-08 11:55:07,normal,1440,3,C,base,urgent_first,13638.416666666666,False
4076,2026-01-08 11:55:16,normal,1440,5,A,base,urgent_first,13644.85,False
4077,2026-01-08 11:55:21,normal,1440,1,A,base,urgent_first,13645.55,False
4078,2026-01-08 11:55:22,normal,1440,4,A,base,urgent_first,13648.9,False
4079,2026-01-08 11:55:31,normal,1440,5,A,base,urgent_first,13652.133333333333,False
4080,2026-01-08 11:55:34,normal,1440,5,A,base,urgent_first,13658.066666666668,False
4081,2026-01-08 11:56:19,normal,1440,2,A,base,urgent_first,13659.233333333334,False
4082,2026-01-08 11:57:18,normal,1440,2,B,base,urgent_first,13662.95,False
4083,2026-01-08 11:57:51,normal,1440,3,B,base,urgent_first,13666.666666666666,False
4084,2026-01-08 11:58:00,normal,1440,5,B,base,urgent_first,13677.433333333332,False
4085,2026-01-08 11:59:27,normal,1440,2,A,base,urgent_first,13678.333333333334,False
4086,2026-01-08 11:59:38,normal,1440,8,C,base,urgent_first,13692.833333333334,False
4087,2026-01-08 11:59:59,normal,1440,4,A,base,urgent_first,13694.483333333334,False
4088,2026-01-08 12:03:38,normal,1440,1,B,base,urgent_first,13692.183333333332,False
4089,2026-01-08 12:06:20,normal,1440,2,B,base,urgent_first,13694.166666666666,False
4090,2026-01-08 12:06:42,urgent,240,4,C,base,urgent_first,459.23333333333335,False
4091,2026-01-08 12:06:50,urgent,240,6,C,base,urgent_first,460.71666666666664,False
4092,2026-01-08 12:07:39,normal,1440,2,B,base,urgent_first,13695.616666666667,False
4093,2026-01-08 12:08:24,normal,1440,4,B,base,urgent_first,13700.983333333334,False
4094,2026-01-08 12:12:29,normal,1440,3,C,base,urgent_first,13703.783333333333,False
4095,2026-01-08 12:12:30,normal,1440,3,B,base,urgent_first,13706.733333333334,False
4096,2026-01-08 12:13:09,normal,1440,3,A,base,urgent_first,13710.633333333333,False
4097,2026-01-08 12:13:17,normal,1440,2,A,base,urgent_first,13712.833333333334,False
4098,2026-01-08 12:13:48,normal,1440,3,A,base,urgent_first,13715.833333333334,False
4099,2026-01-08 12:14:02,urgent,240,11,B,base,urgent_first,456.06666666666666,False
4100,2026-01-08 12:14:07,normal,1440,3,A,base,urgent_first,13719.516666666666,False
4101,2026-01-08 12:14:52,normal,1440,2,B,base,urgent_first,13723.183333333332,False
4102,2026-01-08 12:16:45,normal,1440,5,B,base,urgent_first,13727.483333333334,False
4103,2026-01-08 12:16:47,normal,1440,4,C,base,urgent_first,13737.783333333333,False
4104,2026-01-08 12:17:34,normal,1440,3,C,base,urgent_first,13743.55,False
4105,2026-01-08 12:17:51,normal,1440,4,A,base,urgent_first,13747.783333333333,False
4106,2026-01-08 12:17:52,normal,1440,3,A,base,urgent_first,13749.85,False
4107,2026-01-08 12:19:07,normal,1440,5,B,base,urgent_first,13757.466666666667,False
4108,2026-01-08 12:19:21,normal,1440,2,B,base,urgent_first,13758.983333333334,False
4109,2026-01-08 12:20:16,normal,1440,7,C,base,urgent_first,13771.833333333334,False
4110,2026-01-08 12:20:27,normal,1440,3,B,base,urgent_first,13773.633333333333,False
4111,2026-01-08 12:21:43,normal,1440,2,B,base,urgent_first,13775.183333333332,False
4112,2026-01-08 12:21:55,normal,1440,7,A,base,urgent_first,13780.433333333332,False
4113,2026-01-08 12:23:20,normal,1440,3,B,base,urgent_first,13783.183333333332,False
4114,2026-01-08 12:23:29,normal,1440,4,A,base,urgent_first,13788.866666666667,False
4115,2026-01-08 12:23:40,normal,1440,4,A,base,urgent_first,13793.466666666667,False
4116,2026-01-08 12:26:07,normal,1440,2,B,base,urgent_first,13793.75,False
4117,2026-01-08 12:26:13,normal,1440,3,A,base,urgent_first,13797.55,False
4118,2026-01-08 12:26:37,normal,1440,2,B,base,urgent_first,13801.266666666666,False
4119,2026-01-08 12:28:37,normal,1440,6,C,base,urgent_first,13813.866666666667,False
4120,2026-01-08 12:28:51,normal,1440,4,C,base,urgent_first,13823.483333333334,False
4121,2026-01-08 12:29:11,normal,1440,5,A,base,urgent_first,13828.9,False
4122,2026-01-08 12:30:21,normal,1440,3,B,base,urgent_first,13831.35,False
4123,2026-01-08 12:31:13,normal,1440,2,A,base,urgent_first,13833.05,False
4124,2026-01-08 12:31:39,normal,1440,2,B,base,urgent_first,13836.783333333333,False
4125,2026-01-08 12:31:47,normal,1440,1,B,base,urgent_first,13838.383333333333,False
4126,2026-01-08 12:31:56,normal,1440,2,A,base,urgent_first,13841.15,False
4127,2026-01-08 12:33:19,normal,1440,2,B,base,urgent_first,13845.133333333333,False
4128,2026-01-08 12:34:22,normal,1440,10,B,base,urgent_first,13858.883333333333,False
4129,2026-01-08 12:35:06,normal,1440,2,A,base,urgent_first,13859.233333333334,False
4130,2026-01-08 12:35:23,normal,1440,7,C,base,urgent_first,13871.666666666666,False
4131,2026-01-08 12:35:23,urgent,240,2,C,base,urgent_first,436.1333333333333,False
4132,2026-01-08 12:35:59,urgent,240,3,B,base,urgent_first,437.1,False
4133,2026-01-08 12:36:09,normal,1440,6,C,base,urgent_first,13875.1,False
4134,2026-01-08 12:37:23,normal,1440,2,A,base,urgent_first,13875.066666666668,False
4135,2026-01-08 12:37:52,normal,1440,6,A,base,urgent_first,13879.6,False
4136,2026-01-08 12:38:19,normal,1440,6,A,base,urgent_first,13885.95,False
4137,2026-01-08 12:38:40,normal,1440,3,B,base,urgent_first,13888.316666666668,False
4138,2026-01-08 12:39:52,normal,1440,7,A,base,urgent_first,13894.566666666668,False
4139,2026-01-08 12:40:16,normal,1440,2,C,base,urgent_first,13896.266666666666,False
4140,2026-01-08 12:40:44,urgent,240,5,A,base,urgent_first,433.71666666666664,False
4141,2026-01-08 12:41:12,normal,1440,2,A,base,urgent_first,13897.65,False
4142,2026-01-08 12:41:15,normal,1440,2,C,base,urgent_first,13903.366666666667,False
4143,2026-01-08 12:41:27,urgent,240,4,A,base,urgent_first,434.53333333333336,False
4144,2026-01-08 12:42:31,normal,1440,1,C,base,urgent_first,13903.933333333332,False
4145,2026-01-08 12:42:34,urgent,240,7,A,base,urgent_first,435.2,False
4146,2026-01-08 12:42:54,normal,1440,2,A,base,urgent_first,13907.05,False
4147,2026-01-08 12:42:58,normal,1440,1,A,base,urgent_first,13908.35,False
4148,2026-01-08 12:45:39,normal,1440,3,A,base,urgent_first,13907.683333333332,False
4149,2026-01-08 12:46:10,normal,1440,6,B,base,urgent_first,13915.983333333334,False
4150,2026-01-08 12:47:03,normal,1440,4,A,base,urgent_first,13918.416666666666,False
4151,2026-01-08 12:47:37,normal,1440,3,B,base,urgent_first,13922.983333333334,False
4152,2026-01-08 12:49:11,normal,1440,2,A,base,urgent_first,13923.366666666667,False
4153,2026-01-08 12:50:28,normal,1440,3,A,base,urgent_first,13924.983333333334,False
4154,2026-01-08 12:50:39,urgent,240,7,B,base,urgent_first,429.28333333333336,False
4155,2026-01-08 12:51:52,normal,1440,4,A,base,urgent_first,13928.5,False
4156,2026-01-08 12:51:53,normal,1440,7,A,base,urgent_first,13936.466666666667,False
4157,2026-01-08 12:53:35,urgent,240,11,A,base,urgent_first,429.2,False
4158,2026-01-08 12:53:43,normal,1440,4,B,base,urgent_first,13937.316666666668,False
4159,2026-01-08 12:54:08,normal,1440,3,B,base,urgent_first,13941.433333333332,False
4160,2026-01-08 12:55:14,normal,1440,4,A,base,urgent_first,13945.0,False
4161,2026-01-08 12:55:59,normal,1440,3,B,base,urgent_first,13948.083333333334,False
4162,2026-01-08 12:56:53,normal,1440,4,C,base,urgent_first,13956.1,False
4163,2026-01-08 12:59:31,normal,1440,3,A,base,urgent_first,13955.816666666668,False
4164,2026-01-08 12:59:42,normal,1440,2,C,base,urgent_first,13961.116666666667,False
4165,2026-01-08 12:59:46,normal,1440,3,B,base,urgent_first,13965.5,False
4166,2026-01-08 13:02:12,normal,1440,3,B,base,urgent_first,13967.566666666668,False
4167,2026-01-08 13:03:42,urgent,240,2,B,base,urgent_first,420.4,False
4168,2026-01-08 13:04:03,normal,1440,5,B,base,urgent_first,13973.5,False
4169,2026-01-08 13:13:01,normal,1440,6,A,base,urgent_first,13969.05,False
4170,2026-01-08 13:13:19,normal,1440,6,C,base,urgent_first,13978.216666666667,False
4171,2026-01-08 13:14:13,normal,1440,4,A,base,urgent_first,13979.8,False
4172,2026-01-08 13:14:24,normal,1440,3,A,base,urgent_first,13984.483333333334,False
4173,2026-01-08 13:14:37,normal,1440,4,A,base,urgent_first,13988.133333333333,False
4174,2026-01-08 13:14:52,normal,1440,6,A,base,urgent_first,13998.933333333332,False
4175,2026-01-08 13:17:37,normal,1440,3,A,base,urgent_first,13997.833333333334,False
4176,2026-01-08 13:21:27,normal,1440,5,B,base,urgent_first,14002.5,False
4177,2026-01-08 13:22:40,normal,1440,4,A,base,urgent_first,14003.633333333333,False
4178,2026-01-08 13:25:55,normal,1440,5,A,base,urgent_first,14009.733333333334,False
4179,2026-01-08 13:28:20,normal,1440,3,B,base,urgent_first,14010.95,False
4180,2026-01-08 13:31:24,normal,1440,5,B,base,urgent_first,14013.316666666668,False
4181,2026-01-08 13:31:29,normal,1440,6,B,base,urgent_first,14021.583333333334,False
4182,2026-01-08 13:33:34,normal,1440,1,C,base,urgent_first,14021.133333333333,False
4183,2026-01-08 13:34:34,normal,1440,2,A,base,urgent_first,14023.783333333333,False
4184,2026-01-08 13:35:09,normal,1440,5,A,base,urgent_first,14031.033333333333,False
4185,2026-01-08 13:35:14,normal,1440,1,A,base,urgent_first,14032.116666666667,False
4186,2026-01-08 13:37:10,normal,1440,2,B,base,urgent_first,14033.133333333333,False
4187,2026-01-08 13:37:34,normal,1440,4,C,base,urgent_first,14040.516666666666,False
4188,2026-01-08 13:37:42,normal,1440,1,C,base,urgent_first,14041.416666666666,False
4189,2026-01-08 13:39:01,normal,1440,8,B,base,urgent_first,14050.8,False
4190,2026-01-08 13:39:22,normal,1440,2,A,base,urgent_first,14051.533333333333,False
4191,2026-01-08 13:41:19,normal,1440,4,A,base,urgent_first,14054.333333333334,False
4192,2026-01-08 13:44:37,normal,1440,3,A,base,urgent_first,14053.75,False
4193,2026-01-08 13:46:00,normal,1440,1,A,base,urgent_first,14053.416666666666,False
4194,2026-01-08 13:48:00,normal,1440,6,B,base,urgent_first,14057.833333333334,False
4195,2026-01-08 13:48:14,normal,1440,7,C,base,urgent_first,14069.8,False
4196,2026-01-08 13:51:34,urgent,240,2,A,base,urgent_first,373.6,False
4197,2026-01-08 13:52:48,normal,1440,5,C,base,urgent_first,14068.9,False
4198,2026-01-08 13:56:03,normal,1440,3,B,base,urgent_first,14067.583333333334,False
4199,2026-01-08 13:56:41,normal,1440,7,A,base,urgent_first,14073.483333333334,False
4200,2026-01-08 13:58:04,urgent,240,4,B,base,urgent_first,368.8,False
4201,2026-01-08 13:59:09,normal,1440,2,B,base,urgent_first,14073.066666666668,False
4202,2026-01-08 14:00:39,normal,1440,2,B,base,urgent_first,14075.433333333332,False
4203,2026-01-08 14:06:35,normal,1440,2,A,base,urgent_first,14072.55,False
4204,2026-01-08 14:06:56,normal,1440,6,B,base,urgent_first,14087.916666666666,False
4205,2026-01-08 14:09:59,normal,1440,4,B,base,urgent_first,14089.3,False
4206,2026-01-08 14:11:15,normal,1440,17,B,base,urgent_first,14110.133333333333,False
4207,2026-01-08 14:11:36,normal,1440,2,A,base,urgent_first,14111.033333333333,False
4208,2026-01-08 14:12:16,normal,1440,1,B,base,urgent_first,14111.366666666667,False
4209,2026-01-08 14:12:46,normal,1440,2,A,base,urgent_first,14112.1,False
4210,2026-01-08 14:13:55,normal,1440,6,A,base,urgent_first,14113.366666666667,False
4211,2026-01-08 14:14:21,normal,1440,2,A,base,urgent_first,14115.066666666668,False
4212,2026-01-08 14:15:09,normal,1440,2,B,base,urgent_first,14118.033333333333,False
4213,2026-01-08 14:18:21,normal,1440,1,B,base,urgent_first,14116.083333333334,False
4214,2026-01-08 14:18:33,normal,1440,4,A,base,urgent_first,14121.783333333333,False
4215,2026-01-08 14:18:57,normal,1440,5,B,base,urgent_first,14127.883333333333,False
4216,2026-01-08 14:19:20,normal,1440,5,B,base,urgent_first,14133.883333333333,False
4217,2026-01-08 14:20:26,normal,1440,8,C,base,urgent_first,14145.933333333332,False
4218,2026-01-08 14:27:02,urgent,240,3,B,base,urgent_first,341.35,False
4219,2026-01-08 14:30:51,normal,1440,1,B,base,urgent_first,14136.566666666668,False
4220,2026-01-08 14:33:39,normal,1440,8,B,base,urgent_first,14144.65,False
4221,2026-01-08 14:36:13,urgent,240,5,A,base,urgent_first,333.98333333333335,False
4222,2026-01-08 14:37:31,normal,1440,2,B,base,urgent_first,14142.516666666666,False
4223,2026-01-08 14:39:10,normal,1440,1,A,base,urgent_first,14142.35,False
4224,2026-01-08 14:46:13,normal,1440,4,A,base,urgent_first,14141.4,False
4225,2026-01-08 14:46:42,normal,1440,7,A,base,urgent_first,14147.633333333333,False
4226,2026-01-08 14:47:28,normal,1440,1,B,base,urgent_first,14147.95,False
4227,2026-01-08 14:48:29,normal,1440,14,A,base,urgent_first,14167.866666666667,False
4228,2026-01-08 14:54:19,normal,1440,7,A,base,urgent_first,14164.616666666667,False
4229,2026-01-08 14:54:39,normal,1440,2,C,base,urgent_first,14170.783333333333,False
4230,2026-01-08 14:55:38,normal,1440,2,B,base,urgent_first,14172.266666666666,False
4231,2026-01-08 15:00:17,normal,1440,2,C,base,urgent_first,14171.533333333333,False
4232,2026-01-08 15:01:30,urgent,240,3,B,base,urgent_first,310.15,False
4233,2026-01-08 15:02:27,normal,1440,3,A,base,urgent_first,14171.866666666667,False
4234,2026-01-08 15:03:32,urgent,240,7,A,base,urgent_first,309.7,False
4235,2026-01-08 15:04:13,normal,1440,5,B,base,urgent_first,14177.483333333334,False
4236,2026-01-08 15:04:29,normal,1440,1,A,base,urgent_first,14178.033333333333,False
4237,2026-01-08 15:06:22,normal,1440,1,A,base,urgent_first,14177.25,False
4238,2026-01-08 15:07:50,normal,1440,2,A,base,urgent_first,14177.183333333332,False
4239,2026-01-08 15:09:04,normal,1440,3,A,base,urgent_first,14179.233333333334,False
4240,2026-01-08 15:09:34,normal,1440,4,A,base,urgent_first,14183.016666666666,False
4241,2026-01-08 15:10:26,normal,1440,2,C,base,urgent_first,14186.433333333332,False
4242,2026-01-08 15:11:08,normal,1440,3,A,base,urgent_first,14188.533333333333,False
4243,2026-01-08 15:11:13,normal,1440,2,B,base,urgent_first,14191.783333333333,False
4244,2026-01-08 15:11:49,normal,1440,6,C,base,urgent_first,14199.966666666667,False
4245,2026-01-08 15:12:33,normal,1440,4,B,base,urgent_first,14201.916666666666,False
4246,2026-01-08 15:12:48,normal,1440,2,A,base,urgent_first,14202.533333333333,False
4247,2026-01-08 15:13:24,normal,1440,2,C,base,urgent_first,14205.0,False
4248,2026-01-08 15:14:10,normal,1440,2,A,base,urgent_first,14206.916666666666,False
4249,2026-01-08 15:14:13,normal,1440,4,B,base,urgent_first,14212.083333333334,False
4250,2026-01-08 15:14:36,normal,1440,5,A,base,urgent_first,14217.45,False
4251,2026-01-08 15:14:55,normal,1440,2,B,base,urgent_first,14220.266666666666,False
4252,2026-01-08 15:17:16,normal,1440,2,A,base,urgent_first,14220.633333333333,False
4253,2026-01-08 15:18:25,normal,1440,2,B,base,urgent_first,14222.05,False
4254,2026-01-08 15:18:35,normal,1440,1,B,base,urgent_first,14224.75,False
4255,2026-01-08 15:19:12,normal,1440,1,C,base,urgent_first,14228.75,False
4256,2026-01-08 15:19:17,normal,1440,2,A,base,urgent_first,14230.8,False
4257,2026-01-08 15:19:21,normal,1440,3,A,base,urgent_first,14235.25,False
4258,2026-01-08 15:22:23,normal,1440,2,A,base,urgent_first,14233.5,False
4259,2026-01-08 15:22:43,urgent,240,1,A,base,urgent_first,291.4,False
4260,2026-01-08 15:23:03,normal,1440,10,A,base,urgent_first,14248.35,False
4261,2026-01-08 15:24:58,normal,1440,2,A,base,urgent_first,14247.35,False
4262,2026-01-08 15:25:02,normal,1440,3,B,base,urgent_first,14250.166666666666,False
4263,2026-01-08 15:25:51,normal,1440,12,A,base,urgent_first,14263.05,False
4264,2026-01-08 15:26:03,normal,1440,1,C,base,urgent_first,14263.916666666666,False
4265,2026-01-08 15:26:37,normal,1440,5,A,base,urgent_first,14266.183333333332,False
4266,2026-01-08 15:28:26,normal,1440,6,A,base,urgent_first,14270.416666666666,False
4267,2026-01-08 15:29:32,normal,1440,4,A,base,urgent_first,14273.483333333334,False
4268,2026-01-08 15:29:58,normal,1440,2,A,base,urgent_first,14276.183333333332,False
4269,2026-01-08 15:30:14,normal,1440,2,B,base,urgent_first,14278.466666666667,False
4270,2026-01-08 15:30:32,normal,1440,3,B,base,urgent_first,14284.433333333332,False
4271,2026-01-08 15:31:25,normal,1440,2,A,base,urgent_first,14285.383333333333,False
4272,2026-01-08 15:31:30,normal,1440,6,C,base,urgent_first,14302.8,False
4273,2026-01-08 15:32:54,normal,1440,1,B,base,urgent_first,14302.633333333333,False
4274,2026-01-08 15:33:06,normal,1440,2,A,base,urgent_first,14303.466666666667,False
4275,2026-01-08 15:33:21,normal,1440,3,C,base,urgent_first,14309.866666666667,False
4276,2026-01-08 15:35:16,urgent,240,3,A,base,urgent_first,280.35,False
4277,2026-01-08 15:35:33,normal,1440,3,A,base,urgent_first,14309.683333333332,False
4278,2026-01-08 15:36:30,normal,1440,8,C,base,urgent_first,14326.05,False
4279,2026-01-08 15:36:36,normal,1440,16,B,base,urgent_first,14344.533333333333,False
4280,2026-01-08 15:36:53,normal,1440,4,A,base,urgent_first,14345.55,False
4281,2026-01-08 15:36:59,normal,1440,4,A,base,urgent_first,14347.483333333334,False
4282,2026-01-08 15:37:08,normal,1440,2,A,base,urgent_first,14348.983333333334,False
4283,2026-01-08 15:38:55,normal,1440,7,A,base,urgent_first,14354.0,False
4284,2026-01-08 15:39:35,normal,1440,5,B,base,urgent_first,14357.55,False
4285,2026-01-08 15:39:49,normal,1440,5,B,base,urgent_first,14363.1,False
4286,2026-01-08 15:41:48,urgent,240,3,B,base,urgent_first,275.23333333333335,False
4287,2026-01-08 15:42:09,normal,1440,5,B,base,urgent_first,14365.266666666666,False
4288,2026-01-08 15:43:07,normal,1440,6,A,base,urgent_first,14370.566666666668,False
4289,2026-01-08 15:43:23,normal,1440,3,C,base,urgent_first,14372.933333333332,False
4290,2026-01-08 15:45:32,urgent,240,5,B,base,urgent_first,273.03333333333336,False
4291,2026-01-08 15:45:43,normal,1440,5,A,base,urgent_first,14375.016666666666,False
4292,2026-01-08 15:46:13,normal,1440,3,A,base,urgent_first,14378.916666666666,False
4293,2026-01-08 15:46:28,urgent,240,3,A,base,urgent_first,273.06666666666666,False
4294,2026-01-08 15:46:56,normal,1440,8,A,base,urgent_first,14390.083333333334,False
4295,2026-01-08 15:47:42,normal,1440,4,B,base,urgent_first,14391.283333333333,False
4296,2026-01-08 15:47:58,normal,1440,4,A,base,urgent_first,14396.633333333333,False
4297,2026-01-08 15:48:38,normal,1440,16,A,base,urgent_first,14415.15,False
4298,2026-01-08 15:50:09,urgent,240,4,B,base,urgent_first,271.03333333333336,False
4299,2026-01-08 15:50:58,normal,1440,7,A,base,urgent_first,14416.3,False
4300,2026-01-08 15:51:03,normal,1440,6,A,base,urgent_first,14418.95,False
4301,2026-01-08 15:51:20,normal,1440,4,B,base,urgent_first,14425.666666666666,False
4302,2026-01-08 15:51:24,normal,1440,5,A,base,urgent_first,14429.133333333333,False
4303,2026-01-08 15:52:18,urgent,240,3,B,base,urgent_first,270.3,False
4304,2026-01-08 15:53:20,normal,1440,4,B,base,urgent_first,14433.1,False
4305,2026-01-08 15:53:29,normal,1440,4,B,base,urgent_first,14437.55,False
4306,2026-01-08 15:55:10,normal,1440,6,A,base,urgent_first,14442.516666666666,False
4307,2026-01-08 15:57:30,normal,1440,4,B,base,urgent_first,14444.816666666668,False
4308,2026-01-08 15:57:54,normal,1440,4,A,base,urgent_first,14448.216666666667,False
4309,2026-01-08 15:58:46,normal,1440,2,A,base,urgent_first,14449.866666666667,False
4310,2026-01-08 15:59:24,urgent,240,4,B,base,urgent_first,264.96666666666664,False
4311,2026-01-08 16:00:55,normal,1440,5,A,base,urgent_first,14453.983333333334,False
4312,2026-01-08 16:01:02,normal,1440,2,B,base,urgent_first,14456.85,False
4313,2026-01-08 16:01:03,normal,1440,5,A,base,urgent_first,14463.25,False
4314,2026-01-08 16:01:10,normal,1440,7,B,base,urgent_first,14473.566666666668,False
4315,2026-01-08 16:01:38,normal,1440,5,A,base,urgent_first,14475.216666666667,False
4316,2026-01-08 16:03:13,normal,1440,4,A,base,urgent_first,14478.516666666666,False
4317,2026-01-08 16:04:46,urgent,240,4,A,base,urgent_first,261.1,False
4318,2026-01-08 16:07:16,normal,1440,4,C,base,urgent_first,14485.4,False
4319,2026-01-08 16:07:30,normal,1440,5,A,base,urgent_first,14487.95,False
4320,2026-01-08 16:09:33,normal,1440,6,B,base,urgent_first,14494.283333333333,False
4321,2026-01-08 16:10:08,normal,1440,5,C,base,urgent_first,14501.15,False
4322,2026-01-08 16:10:50,normal,1440,13,A,base,urgent_first,14517.133333333333,False
4323,2026-01-08 16:13:42,normal,1440,7,A,base,urgent_first,14517.75,False
4324,2026-01-08 16:13:58,normal,1440,3,A,base,urgent_first,14521.9,False
4325,2026-01-08 16:17:03,normal,1440,11,B,base,urgent_first,14537.616666666667,False
4326,2026-01-08 16:17:19,normal,1440,4,A,base,urgent_first,14539.316666666668,False
4327,2026-01-08 16:17:33,normal,1440,9,C,base,urgent_first,14550.25,False
4328,2026-01-08 16:20:12,normal,1440,1,A,base,urgent_first,14548.483333333334,False
4329,2026-01-08 16:20:19,urgent,240,4,B,base,urgent_first,247.05,False
4330,2026-01-08 16:20:35,normal,1440,4,C,base,urgent_first,14555.4,False
4331,2026-01-08 16:21:55,normal,1440,5,B,base,urgent_first,14560.816666666668,False
4332,2026-01-08 16:24:02,normal,1440,4,A,base,urgent_first,14561.15,False
4333,2026-01-08 16:24:06,normal,1440,8,A,base,urgent_first,14570.616666666667,False
4334,2026-01-08 16:24:25,normal,1440,2,B,base,urgent_first,14572.566666666668,False
4335,2026-01-08 16:25:04,normal,1440,3,A,base,urgent_first,14575.833333333334,False
4336,2026-01-08 16:27:37,normal,1440,4,A,base,urgent_first,14577.3,False
4337,2026-01-08 16:27:46,normal,1440,4,B,base,urgent_first,14583.0,False
4338,2026-01-08 16:30:03,normal,1440,6,A,base,urgent_first,14588.916666666666,False
4339,2026-01-08 16:30:55,normal,1440,2,A,base,urgent_first,14589.35,False
4340,2026-01-08 16:31:33,normal,1440,2,B,base,urgent_first,14591.516666666666,False
4341,2026-01-08 16:33:17,normal,1440,3,B,base,urgent_first,14595.983333333334,False
4342,2026-01-08 16:33:30,normal,1440,6,A,base,urgent_first,14604.9,False
4343,2026-01-08 16:34:44,normal,1440,3,A,base,urgent_first,14606.083333333334,False
4344,2026-01-08 16:36:05,normal,1440,2,A,base,urgent_first,14607.016666666666,False
4345,2026-01-08 16:36:13,normal,1440,8,A,base,urgent_first,14616.333333333334,False
4346,2026-01-08 16:36:19,normal,1440,4,B,base,urgent_first,14617.666666666666,False
4347,2026-01-08 16:36:53,normal,1440,3,C,base,urgent_first,14621.833333333334,False
4348,2026-01-08 16:37:00,normal,1440,3,A,base,urgent_first,14626.183333333332,False
4349,2026-01-08 16:38:13,normal,1440,2,A,base,urgent_first,14626.65,False
4350,2026-01-08 16:40:14,normal,1440,1,A,base,urgent_first,14626.7,False
4351,2026-01-08 16:41:10,normal,1440,8,B,base,urgent_first,14638.883333333333,False
4352,2026-01-08 16:41:15,normal,1440,5,B,base,urgent_first,14643.966666666667,False
4353,2026-01-08 16:41:21,normal,1440,3,B,base,urgent_first,14646.183333333332,False
4354,2026-01-08 16:44:15,normal,1440,6,A,base,urgent_first,14650.466666666667,False
4355,2026-01-08 16:44:20,normal,1440,2,B,base,urgent_first,14651.466666666667,False
4356,2026-01-08 16:45:26,normal,1440,3,A,base,urgent_first,14654.55,False
4357,2026-01-08 16:45:29,normal,1440,2,A,base,urgent_first,14656.116666666667,False
4358,2026-01-08 16:45:46,normal,1440,3,C,base,urgent_first,14665.033333333333,False
4359,2026-01-08 16:46:28,normal,1440,4,A,base,urgent_first,14668.633333333333,False
4360,2026-01-08 16:47:18,urgent,240,1,B,base,urgent_first,221.06666666666666,True
4361,2026-01-08 16:48:58,normal,1440,2,B,base,urgent_first,14668.566666666668,False
4362,2026-01-08 16:49:28,normal,1440,3,B,base,urgent_first,14677.2,False
4363,2026-01-08 16:49:31,normal,1440,3,A,base,urgent_first,14679.65,False
4364,2026-01-08 16:49:33,normal,1440,2,A,base,urgent_first,14682.633333333333,False
4365,2026-01-08 16:49:34,normal,1440,4,C,base,urgent_first,14689.1,False
4366,2026-01-08 16:49:47,normal,1440,1,C,base,urgent_first,14690.3,False
4367,2026-01-08 16:49:50,normal,1440,1,B,base,urgent_first,14695.433333333332,False
4368,2026-01-08 16:50:07,normal,1440,2,B,base,urgent_first,14700.066666666668,False
4369,2026-01-08 16:50:19,normal,1440,3,B,base,urgent_first,14705.683333333332,False
4370,2026-01-08 16:51:02,urgent,240,19,A,base,urgent_first,222.26666666666668,True
4371,2026-01-08 16:51:52,normal,1440,3,A,base,urgent_first,14707.983333333334,False
4372,2026-01-08 16:52:51,normal,1440,2,A,base,urgent_first,14708.633333333333,False
4373,2026-01-08 16:54:39,normal,1440,4,A,base,urgent_first,14712.6,False
4374,2026-01-08 16:55:39,normal,1440,2,B,base,urgent_first,14715.133333333333,False
4375,2026-01-08 16:56:33,normal,1440,5,A,base,urgent_first,14719.516666666666,False
4376,2026-01-08 16:56:39,normal,1440,2,B,base,urgent_first,14721.833333333334,False
4377,2026-01-08 16:56:53,urgent,240,2,B,base,urgent_first,217.86666666666667,True
4378,2026-01-08 16:58:21,normal,1440,3,B,base,urgent_first,14723.75,False
4379,2026-01-08 16:59:06,normal,1440,9,B,base,urgent_first,14736.783333333333,False
4380,2026-01-08 16:59:58,normal,1440,2,B,base,urgent_first,14737.933333333332,False
4381,2026-01-08 17:00:55,normal,1440,3,C,base,urgent_first,14744.483333333334,False
4382,2026-01-08 17:00:57,normal,1440,1,B,base,urgent_first,14745.983333333334,False
4383,2026-01-08 17:01:09,normal,1440,4,B,base,urgent_first,14751.233333333334,False
4384,2026-01-08 17:02:01,normal,1440,8,B,base,urgent_first,14758.766666666666,False
4385,2026-01-08 17:02:27,normal,1440,5,C,base,urgent_first,14762.616666666667,False
4386,2026-01-08 17:03:24,normal,1440,7,B,base,urgent_first,14771.883333333333,False
4387,2026-01-08 17:04:18,normal,1440,4,A,base,urgent_first,14772.75,False
4388,2026-01-08 17:07:07,normal,1440,1,A,base,urgent_first,14770.983333333334,False
4389,2026-01-08 17:07:34,urgent,240,4,A,base,urgent_first,208.35,True
4390,2026-01-08 17:07:45,normal,1440,5,A,base,urgent_first,14778.8,False
4391,2026-01-08 17:10:10,normal,1440,3,A,base,urgent_first,14779.6,False
4392,2026-01-08 17:11:03,normal,1440,7,A,base,urgent_first,14784.383333333333,False
4393,2026-01-08 17:14:44,normal,1440,4,B,base,urgent_first,14787.916666666666,False
4394,2026-01-08 17:14:45,normal,1440,6,A,base,urgent_first,14793.483333333334,False
4395,2026-01-08 17:14:59,urgent,240,8,B,base,urgent_first,202.66666666666666,True
4396,2026-01-08 17:17:16,normal,1440,11,A,base,urgent_first,14804.583333333334,False
4397,2026-01-08 17:18:06,normal,1440,3,A,base,urgent_first,14805.183333333332,False
4398,2026-01-08 17:18:27,normal,1440,4,A,base,urgent_first,14807.45,False
4399,2026-01-08 17:18:34,urgent,240,2,A,base,urgent_first,200.31666666666666,True
4400,2026-01-08 17:19:01,normal,1440,3,B,base,urgent_first,14814.25,False
4401,2026-01-08 17:19:32,normal,1440,2,C,base,urgent_first,14820.216666666667,False
4402,2026-01-08 17:20:19,normal,1440,2,B,base,urgent_first,14824.4,False
4403,2026-01-08 17:21:26,normal,1440,3,B,base,urgent_first,14826.6,False
4404,2026-01-08 17:23:14,normal,1440,6,A,base,urgent_first,14832.783333333333,False
4405,2026-01-08 17:24:40,normal,1440,10,C,base,urgent_first,14844.033333333333,False
4406,2026-01-08 17:25:19,urgent,240,2,A,base,urgent_first,194.6,True
4407,2026-01-08 17:26:53,normal,1440,7,A,base,urgent_first,14844.866666666667,False
4408,2026-01-08 17:27:53,normal,1440,3,A,base,urgent_first,14846.266666666666,False
4409,2026-01-08 17:29:12,normal,1440,3,C,base,urgent_first,14854.033333333333,False
4410,2026-01-08 17:30:04,urgent,240,4,A,base,urgent_first,191.15,True
4411,2026-01-08 17:30:40,normal,1440,2,A,base,urgent_first,14853.566666666668,False
4412,2026-01-08 17:30:44,normal,1440,3,A,base,urgent_first,14856.75,False
4413,2026-01-08 17:31:04,normal,1440,20,A,base,urgent_first,14878.566666666668,False
4414,2026-01-08 17:31:43,normal,1440,4,C,base,urgent_first,14879.633333333333,False
4415,2026-01-08 17:33:52,normal,1440,4,A,base,urgent_first,14879.7,False
4416,2026-01-08 17:35:08,normal,1440,9,B,base,urgent_first,14893.45,False
4417,2026-01-08 17:35:31,normal,1440,4,B,base,urgent_first,14895.466666666667,False
4418,2026-01-08 17:36:07,normal,1440,2,A,base,urgent_first,14897.45,False
4419,2026-01-08 17:36:20,urgent,240,6,B,base,urgent_first,186.61666666666667,True
4420,2026-01-08 17:37:10,normal,1440,2,A,base,urgent_first,14898.483333333334,False
4421,2026-01-08 17:38:52,normal,1440,4,B,base,urgent_first,14903.216666666667,False
4422,2026-01-08 17:38:59,urgent,240,9,B,base,urgent_first,185.8,True
4423,2026-01-08 17:39:27,normal,1440,2,B,base,urgent_first,14903.983333333334,False
4424,2026-01-08 17:40:54,urgent,240,3,C,base,urgent_first,185.03333333333333,True
4425,2026-01-08 17:42:15,normal,1440,6,A,base,urgent_first,14907.566666666668,False
4426,2026-01-08 17:42:50,normal,1440,2,A,base,urgent_first,14908.8,False
4427,2026-01-08 17:44:20,normal,1440,5,B,base,urgent_first,14920.75,False
4428,2026-01-08 17:44:22,normal,1440,4,B,base,urgent_first,14923.433333333332,False
4429,2026-01-08 17:44:58,normal,1440,3,A,base,urgent_first,14924.833333333334,False
4430,2026-01-08 17:50:10,normal,1440,4,B,base,urgent_first,14924.9,False
4431,2026-01-08 17:50:41,normal,1440,2,A,base,urgent_first,14926.3,False
4432,2026-01-08 17:51:26,normal,1440,3,C,base,urgent_first,14930.166666666666,False
4433,2026-01-08 17:52:09,normal,1440,5,C,base,urgent_first,14940.516666666666,False
4434,2026-01-08 17:52:12,urgent,240,3,B,base,urgent_first,175.03333333333333,True
4435,2026-01-08 17:53:38,normal,1440,7,B,base,urgent_first,14948.966666666667,False
4436,2026-01-08 17:56:17,normal,1440,3,A,base,urgent_first,14947.816666666668,False
4437,2026-01-08 17:56:40,urgent,240,3,A,base,urgent_first,172.05,True
4438,2026-01-08 17:58:44,normal,1440,2,A,base,urgent_first,14946.983333333334,False
4439,2026-01-08 17:58:44,normal,1440,3,A,base,urgent_first,14949.35,False
4440,2026-01-08 17:59:36,normal,1440,2,A,base,urgent_first,14951.383333333333,False
4441,2026-01-08 18:00:51,normal,1440,2,B,base,urgent_first,14953.4,False
4442,2026-01-08 18:01:06,normal,1440,10,A,base,urgent_first,14969.733333333334,False
4443,2026-01-08 18:02:35,normal,1440,2,C,base,urgent_first,14969.7,False
4444,2026-01-08 18:03:27,urgent,240,3,A,base,urgent_first,166.41666666666666,True
4445,2026-01-08 18:04:11,normal,1440,6,B,base,urgent_first,14977.333333333334,False
4446,2026-01-08 18:05:16,normal,1440,12,B,base,urgent_first,14984.25,False
4447,2026-01-08 18:05:30,normal,1440,7,A,base,urgent_first,14988.55,False
4448,2026-01-08 18:06:42,normal,1440,5,A,base,urgent_first,14991.933333333332,False
4449,2026-01-08 18:06:58,normal,1440,5,B,base,urgent_first,14996.85,False
4450,2026-01-08 18:07:23,normal,1440,3,A,base,urgent_first,14997.966666666667,False
4451,2026-01-08 18:08:59,normal,1440,3,B,base,urgent_first,15003.416666666666,False
4452,2026-01-08 18:11:02,normal,1440,4,A,base,urgent_first,15008.783333333333,False
4453,2026-01-08 18:12:49,urgent,240,3,C,base,urgent_first,158.36666666666667,True
4454,2026-01-08 18:14:24,normal,1440,1,A,base,urgent_first,15006.416666666666,False
4455,2026-01-08 18:14:25,normal,1440,8,A,base,urgent_first,15016.45,False
4456,2026-01-08 18:17:43,normal,1440,6,B,base,urgent_first,15019.533333333333,False
4457,2026-01-08 18:19:28,normal,1440,3,A,base,urgent_first,15021.1,False
4458,2026-01-08 18:20:26,normal,1440,2,B,base,urgent_first,15022.233333333334,False
4459,2026-01-08 18:20:37,normal,1440,3,A,base,urgent_first,15028.7,False
4460,2026-01-08 18:21:39,normal,1440,3,B,base,urgent_first,15032.816666666668,False
4461,2026-01-08 18:22:45,normal,1440,6,C,base,urgent_first,15043.333333333334,False
4462,2026-01-08 18:24:05,urgent,240,2,A,base,urgent_first,148.31666666666666,True
4463,2026-01-08 18:25:17,normal,1440,3,B,base,urgent_first,15042.633333333333,False
4464,2026-01-08 18:26:08,normal,1440,2,A,base,urgent_first,15045.016666666666,False
4465,2026-01-08 18:26:54,normal,1440,4,A,base,urgent_first,15050.966666666667,False
4466,2026-01-08 18:28:06,normal,1440,2,C,base,urgent_first,15053.25,False
4467,2026-01-08 18:29:06,normal,1440,6,A,base,urgent_first,15056.033333333333,False
4468,2026-01-08 18:33:38,normal,1440,3,A,base,urgent_first,15054.316666666668,False
4469,2026-01-08 18:36:42,normal,1440,12,B,base,urgent_first,15070.133333333333,False
4470,2026-01-08 18:47:18,normal,1440,2,A,base,urgent_first,15060.666666666666,False
4471,2026-01-08 18:48:32,normal,1440,4,C,base,urgent_first,15062.466666666667,False
4472,2026-01-08 18:52:33,normal,1440,2,B,base,urgent_first,15060.133333333333,False
4473,2026-01-08 18:54:41,normal,1440,2,A,base,urgent_first,15061.333333333334,False
4474,2026-01-08 18:56:15,normal,1440,3,A,base,urgent_first,15064.316666666668,False
4475,2026-01-08 18:58:12,normal,1440,9,C,base,urgent_first,15083.366666666667,False
4476,2026-01-08 19:02:35,normal,1440,2,A,base,urgent_first,15080.433333333332,False
4477,2026-01-08 19:03:59,normal,1440,3,A,base,urgent_first,15080.633333333333,False
4478,2026-01-08 19:15:19,normal,1440,3,A,base,urgent_first,15070.883333333333,False
4479,2026-01-08 19:21:02,normal,1440,3,B,base,urgent_first,15068.683333333332,False
4480,2026-01-08 19:23:39,normal,1440,2,A,base,urgent_first,15069.083333333334,False
4481,2026-01-08 19:25:43,normal,1440,7,A,base,urgent_first,15076.133333333333,False
4482,2026-01-08 19:25:53,normal,1440,3,B,base,urgent_first,15081.05,False
4483,2026-01-08 19:26:09,normal,1440,5,A,base,urgent_first,15085.15,False
4484,2026-01-08 19:31:52,urgent,240,3,B,base,urgent_first,81.91666666666667,True
4485,2026-01-08 19:35:53,normal,1440,4,A,base,urgent_first,15078.116666666667,False
4486,2026-01-08 19:36:15,normal,1440,3,B,base,urgent_first,15083.833333333334,False
4487,2026-01-08 19:39:11,normal,1440,7,A,base,urgent_first,15089.766666666666,False
4488,2026-01-08 19:45:52,normal,1440,6,B,base,urgent_first,15088.416666666666,False
4489,2026-01-08 19:48:24,normal,1440,7,B,base,urgent_first,15094.15,False
4490,2026-01-08 19:49:19,normal,1440,3,B,base,urgent_first,15095.666666666666,False
4491,2026-01-08 19:52:50,urgent,240,4,A,base,urgent_first,62.61666666666667,True
4492,2026-01-08 19:59:22,urgent,240,2,C,base,urgent_first,57.35,True
4493,2026-01-09 08:00:15,normal,1440,3,C,base,urgent_first,14370.3,False
4494,2026-01-09 08:02:14,normal,1440,3,A,base,urgent_first,14374.0,False
4495,2026-01-09 08:02:26,normal,1440,2,C,base,urgent_first,14376.333333333334,False
4496,2026-01-09 08:04:02,normal,1440,3,A,base,urgent_first,14379.45,False
4497,2026-01-09 08:04:16,normal,1440,3,C,base,urgent_first,14387.366666666667,False
4498,2026-01-09 08:05:51,normal,1440,2,A,base,urgent_first,14387.383333333333,False
4499,2026-01-09 08:08:39,normal,1440,5,A,base,urgent_first,14389.516666666666,False
4500,2026-01-09 08:09:36,normal,1440,5,C,base,urgent_first,14396.65,False
4501,2026-01-09 08:11:15,normal,1440,2,A,base,urgent_first,14396.283333333333,False
4502,2026-01-09 08:14:29,normal,1440,6,A,base,urgent_first,14401.55,False
4503,2026-01-09 08:15:24,normal,1440,3,B,base,urgent_first,14402.483333333334,False
4504,2026-01-09 08:15:47,normal,1440,1,A,base,urgent_first,14402.95,False
4505,2026-01-09 08:16:16,normal,1440,5,A,base,urgent_first,14410.1,False
4506,2026-01-09 08:16:24,normal,1440,2,B,base,urgent_first,14411.966666666667,False
4507,2026-01-09 08:17:35,urgent,240,4,A,base,urgent_first,41.03333333333333,True
4508,2026-01-09 08:17:46,normal,1440,5,A,base,urgent_first,14439.5,False
4509,2026-01-09 08:19:05,normal,1440,1,B,base,urgent_first,14459.133333333333,False
4510,2026-01-09 08:20:16,normal,1440,1,A,base,urgent_first,14473.1,False
4511,2026-01-09 08:20:43,urgent,240,6,B,base,urgent_first,39.46666666666667,True
4512,2026-01-09 08:20:55,normal,1440,3,A,base,urgent_first,14473.75,False
4513,2026-01-09 08:21:55,normal,1440,2,B,base,urgent_first,14476.266666666666,False
4514,2026-01-09 08:22:14,normal,1440,4,A,base,urgent_first,14482.466666666667,False
4515,2026-01-09 08:23:16,normal,1440,3,C,base,urgent_first,14807.483333333334,False
4516,2026-01-09 08:25:26,normal,1440,4,A,base,urgent_first,15110.066666666668,False
4517,2026-01-09 08:31:08,normal,1440,3,B,base,urgent_first,15266.833333333334,False
4518,2026-01-09 08:32:49,normal,1440,5,A,base,urgent_first,15267.0,False
4519,2026-01-09 08:33:21,normal,1440,5,B,base,urgent_first,15268.066666666668,False
4520,2026-01-09 08:35:02,normal,1440,2,A,base,urgent_first,15267.366666666667,False
4521,2026-01-09 08:35:20,normal,1440,3,A,base,urgent_first,15268.233333333334,False
4522,2026-01-09 08:36:20,urgent,240,4,C,base,urgent_first,25.3,True
4523,2026-01-09 08:37:46,normal,1440,8,B,base,urgent_first,15268.1,False
4524,2026-01-09 08:38:19,normal,1440,3,C,base,urgent_first,15268.733333333334,False
4525,2026-01-09 08:38:19,urgent,240,5,B,base,urgent_first,24.9,True
4526,2026-01-09 08:41:41,normal,1440,4,B,base,urgent_first,15266.8,False
4527,2026-01-09 08:43:31,normal,1440,11,A,base,urgent_first,15267.3,False
4528,2026-01-09 08:44:51,urgent,240,2,A,base,urgent_first,19.816666666666666,True
4529,2026-01-09 08:45:08,normal,1440,4,C,base,urgent_first,15267.066666666668,False
4530,2026-01-09 08:50:38,normal,1440,4,A,base,urgent_first,15262.783333333333,False
4531,2026-01-09 08:57:44,normal,1440,2,A,base,urgent_first,15256.9,False
4532,2026-01-09 08:57:45,normal,1440,3,A,base,urgent_first,15257.933333333332,False
4533,2026-01-09 08:58:21,normal,1440,4,A,base,urgent_first,15259.2,False
4534,2026-01-09 08:59:08,normal,1440,9,B,base,urgent_first,15260.466666666667,False
4535,2026-01-09 08:59:09,urgent,240,2,B,base,urgent_first,32.56666666666667,True
4536,2026-01-09 08:59:45,normal,1440,2,B,base,urgent_first,15260.933333333332,False
4537,2026-01-09 08:59:55,urgent,240,1,A,base,urgent_first,32.45,True
4538,2026-01-09 09:01:13,normal,1440,4,B,base,urgent_first,15260.85,False
4539,2026-01-09 09:01:40,normal,1440,8,A,base,urgent_first,15262.033333333333,False
4540,2026-01-09 09:01:41,normal,1440,3,A,base,urgent_first,15263.35,False
4541,2026-01-09 09:02:09,urgent,240,2,A,base,urgent_first,31.3,True
4542,2026-01-09 09:02:48,normal,1440,5,A,base,urgent_first,15264.05,False
4543,2026-01-09 09:04:03,normal,1440,4,B,base,urgent_first,15264.5,False
4544,2026-01-09 09:04:11,normal,1440,2,B,base,urgent_first,15265.9,False
4545,2026-01-09 09:04:15,normal,1440,8,B,base,urgent_first,15268.266666666666,False
4546,2026-01-09 09:07:11,normal,1440,10,A,base,urgent_first,15266.85,False
4547,2026-01-09 09:08:37,normal,1440,5,B,base,urgent_first,15266.816666666668,False
4548,2026-01-09 09:08:53,normal,1440,8,C,base,urgent_first,15268.766666666666,False
4549,2026-01-09 09:09:57,normal,1440,2,C,base,urgent_first,15268.7,False
4550,2026-01-09 09:12:17,normal,1440,8,C,base,urgent_first,15268.216666666667,False
4551,2026-01-09 09:12:27,normal,1440,2,C,base,urgent_first,15269.3,False
4552,2026-01-09 09:14:43,normal,1440,3,B,base,urgent_first,15268.333333333334,False
4553,2026-01-09 09:15:20,normal,1440,5,B,base,urgent_first,15269.383333333333,False
4554,2026-01-09 09:17:16,normal,1440,3,A,base,urgent_first,15268.383333333333,False
4555,2026-01-09 09:17:26,normal,1440,2,A,base,urgent_first,15269.083333333334,False
4556,2026-01-09 09:17:28,normal,1440,8,B,base,urgent_first,15271.733333333334,False
4557,2026-01-09 09:17:41,normal,1440,2,A,base,urgent_first,15272.516666666666,False
4558,2026-01-09 09:18:30,normal,1440,6,C,base,urgent_first,15273.2,False
4559,2026-01-09 09:19:18,normal,1440,3,C,base,urgent_first,15273.483333333334,False
4560,2026-01-09 09:20:12,normal,1440,4,A,base,urgent_first,15274.166666666666,False
4561,2026-01-09 09:21:22,normal,1440,3,A,base,urgent_first,15274.116666666667,False
4562,2026-01-09 09:22:14,normal,1440,4,A,base,urgent_first,15274.233333333334,False
4563,2026-01-09 09:23:21,normal,1440,4,A,base,urgent_first,15274.366666666667,False
4564,2026-01-09 09:24:02,normal,1440,9,B,base,urgent_first,15275.583333333334,False
4565,2026-01-09 09:24:33,normal,1440,3,C,base,urgent_first,15276.266666666666,False
4566,2026-01-09 09:25:17,normal,1440,4,A,base,urgent_first,15277.183333333332,False
4567,2026-01-09 09:25:30,normal,1440,3,A,base,urgent_first,15278.416666666666,False
4568,2026-01-09 09:25:33,normal,1440,5,B,base,urgent_first,15279.716666666667,False
4569,2026-01-09 09:28:08,urgent,240,1,A,base,urgent_first,17.266666666666666,True
4570,2026-01-09 09:28:55,normal,1440,4,B,base,urgent_first,15277.416666666666,False
4571,2026-01-09 09:29:16,normal,1440,4,A,base,urgent_first,15278.45,False
4572,2026-01-09 09:31:23,normal,1440,4,B,base,urgent_first,15277.7,False
4573,2026-01-09 09:31:43,normal,1440,1,B,base,urgent_first,15278.283333333333,False
4574,2026-01-09 09:34:57,normal,1440,2,B,base,urgent_first,15275.95,False
4575,2026-01-09 09:35:08,urgent,240,6,B,base,urgent_first,30.616666666666667,True
4576,2026-01-09 09:35:18,normal,1440,3,C,base,urgent_first,15278.666666666666,False
4577,2026-01-09 09:35:19,normal,1440,5,B,base,urgent_first,15287.1,False
4578,2026-01-09 09:35:35,normal,1440,4,B,base,urgent_first,15291.9,False
4579,2026-01-09 09:35:49,normal,1440,6,B,base,urgent_first,15299.966666666667,False
4580,2026-01-09 09:36:41,normal,1440,3,B,base,urgent_first,15300.283333333333,False
4581,2026-01-09 09:37:24,normal,1440,2,A,base,urgent_first,15302.233333333334,False
4582,2026-01-09 09:37:58,normal,1440,3,B,base,urgent_first,15306.583333333334,False
4583,2026-01-09 09:38:31,normal,1440,2,B,base,urgent_first,15309.35,False
4584,2026-01-09 09:39:00,normal,1440,3,A,base,urgent_first,15312.483333333334,False
4585,2026-01-09 09:39:19,normal,1440,7,A,base,urgent_first,15321.666666666666,False
4586,2026-01-09 09:39:24,normal,1440,2,C,base,urgent_first,15323.033333333333,False
4587,2026-01-09 09:39:42,normal,1440,7,A,base,urgent_first,15332.166666666666,False
4588,2026-01-09 09:39:49,normal,1440,3,B,base,urgent_first,15334.5,False
4589,2026-01-09 09:40:17,normal,1440,3,B,base,urgent_first,15336.433333333332,False
4590,2026-01-09 09:41:13,normal,1440,2,A,base,urgent_first,15337.583333333334,False
4591,2026-01-09 09:41:46,normal,1440,3,C,base,urgent_first,15342.5,False
4592,2026-01-09 09:42:47,normal,1440,2,A,base,urgent_first,15343.0,False
4593,2026-01-09 09:43:07,normal,1440,7,C,base,urgent_first,15357.85,False
4594,2026-01-09 09:43:39,normal,1440,4,C,base,urgent_first,15362.05,False
4595,2026-01-09 09:44:01,normal,1440,3,B,base,urgent_first,15364.65,False
4596,2026-01-09 09:44:11,normal,1440,2,A,base,urgent_first,15368.916666666666,False
4597,2026-01-09 09:45:05,normal,1440,2,C,base,urgent_first,15372.616666666667,False
4598,2026-01-09 09:45:26,normal,1440,3,B,base,urgent_first,15376.633333333333,False
4599,2026-01-09 09:45:27,normal,1440,3,B,base,urgent_first,15380.333333333334,False
4600,2026-01-09 09:46:27,normal,1440,4,B,base,urgent_first,15385.966666666667,False
4601,2026-01-09 09:47:09,normal,1440,3,B,base,urgent_first,15390.033333333333,False
4602,2026-01-09 09:47:23,normal,1440,3,A,base,urgent_first,15393.55,False
4603,2026-01-09 09:49:05,normal,1440,3,A,base,urgent_first,15394.633333333333,False
4604,2026-01-09 09:49:45,normal,1440,3,A,base,urgent_first,15395.7,False
4605,2026-01-09 09:49:46,normal,1440,12,A,base,urgent_first,15412.416666666666,False
4606,2026-01-09 09:50:11,normal,1440,1,B,base,urgent_first,15413.266666666666,False
4607,2026-01-09 09:50:12,normal,1440,4,A,base,urgent_first,15414.633333333333,False
4608,2026-01-09 09:52:49,normal,1440,7,A,base,urgent_first,15422.8,False
4609,2026-01-09 09:52:54,normal,1440,3,A,base,urgent_first,15424.5,False
4610,2026-01-09 09:53:07,normal,1440,9,A,base,urgent_first,15434.833333333334,False
4611,2026-01-09 09:54:07,normal,1440,2,A,base,urgent_first,15435.383333333333,False
4612,2026-01-09 09:54:12,normal,1440,4,B,base,urgent_first,15438.65,False
4613,2026-01-09 09:54:44,normal,1440,1,A,base,urgent_first,15439.866666666667,False
4614,2026-01-09 09:55:37,normal,1440,6,A,base,urgent_first,15442.983333333334,False
4615,2026-01-09 09:57:23,normal,1440,1,B,base,urgent_first,15442.4,False
4616,2026-01-09 09:59:06,normal,1440,3,B,base,urgent_first,15446.116666666667,False
4617,2026-01-09 10:00:01,normal,1440,4,A,base,urgent_first,15449.233333333334,False
4618,2026-01-09 10:00:03,normal,1440,5,A,base,urgent_first,15455.966666666667,False
4619,2026-01-09 10:00:39,normal,1440,4,B,base,urgent_first,15461.7,False
4620,2026-01-09 10:00:54,normal,1440,5,B,base,urgent_first,15465.633333333333,False
4621,2026-01-09 10:01:31,normal,1440,7,C,base,urgent_first,15475.816666666668,False
4622,2026-01-09 10:01:31,normal,1440,3,B,base,urgent_first,15477.416666666666,False
4623,2026-01-09 10:01:38,normal,1440,4,C,base,urgent_first,15484.283333333333,False
4624,2026-01-09 10:02:27,normal,1440,2,A,base,urgent_first,15486.733333333334,False
4625,2026-01-09 10:02:27,normal,1440,2,A,base,urgent_first,15488.9,False
4626,2026-01-09 10:02:33,normal,1440,4,B,base,urgent_first,15495.0,False
4627,2026-01-09 10:02:46,normal,1440,3,A,base,urgent_first,15496.25,False
4628,2026-01-09 10:03:13,normal,1440,3,C,base,urgent_first,15503.466666666667,False
4629,2026-01-09 10:03:24,normal,1440,10,A,base,urgent_first,15513.966666666667,False
4630,2026-01-09 10:03:28,normal,1440,7,A,base,urgent_first,15520.316666666668,False
4631,2026-01-09 10:04:37,normal,1440,3,A,base,urgent_first,15521.166666666666,False
4632,2026-01-09 10:05:21,normal,1440,2,A,base,urgent_first,15521.866666666667,False
4633,2026-01-09 10:06:06,normal,1440,1,A,base,urgent_first,15522.2,False
4634,2026-01-09 10:06:35,normal,1440,2,A,base,urgent_first,15525.566666666668,False
4635,2026-01-09 10:07:24,normal,1440,6,A,base,urgent_first,15533.65,False
4636,2026-01-09 10:07:47,normal,1440,6,B,base,urgent_first,15542.316666666668,False
4637,2026-01-09 10:08:05,normal,1440,2,A,base,urgent_first,15543.866666666667,False
4638,2026-01-09 10:08:21,normal,1440,3,A,base,urgent_first,15546.766666666666,False
4639,2026-01-09 10:08:28,normal,1440,6,A,base,urgent_first,15556.633333333333,False
4640,2026-01-09 10:09:08,normal,1440,2,A,base,urgent_first,15556.95,False
4641,2026-01-09 10:09:30,normal,1440,2,B,base,urgent_first,15558.333333333334,False
4642,2026-01-09 10:10:20,normal,1440,5,C,base,urgent_first,15567.816666666668,False
4643,2026-01-09 10:10:30,normal,1440,5,A,base,urgent_first,15573.283333333333,False
4644,2026-01-09 10:10:52,normal,1440,2,C,base,urgent_first,15575.75,False
4645,2026-01-09 10:11:10,normal,1440,2,A,base,urgent_first,15577.616666666667,False
4646,2026-01-09 10:12:54,normal,1440,4,A,base,urgent_first,15580.433333333332,False
4647,2026-01-09 10:14:27,normal,1440,4,A,base,urgent_first,15583.716666666667,False
4648,2026-01-09 10:15:56,urgent,240,10,B,base,urgent_first,223.43333333333334,True
4649,2026-01-09 10:16:19,normal,1440,3,C,base,urgent_first,15587.966666666667,False
4650,2026-01-09 10:16:53,normal,1440,6,C,base,urgent_first,15600.633333333333,False
4651,2026-01-09 10:17:03,normal,1440,2,A,base,urgent_first,15601.583333333334,False
4652,2026-01-09 10:17:05,normal,1440,4,A,base,urgent_first,15605.5,False
4653,2026-01-09 10:19:05,normal,1440,8,C,base,urgent_first,15613.483333333334,False
4654,2026-01-09 10:19:43,urgent,240,6,B,base,urgent_first,221.26666666666668,True
4655,2026-01-09 10:21:08,urgent,240,1,A,base,urgent_first,220.76666666666668,True
4656,2026-01-09 10:21:15,normal,1440,3,B,base,urgent_first,15613.266666666666,False
4657,2026-01-09 10:21:34,normal,1440,3,B,base,urgent_first,15615.333333333334,False
4658,2026-01-09 10:22:23,urgent,240,4,B,base,urgent_first,220.76666666666668,True
4659,2026-01-09 10:22:37,normal,1440,2,A,base,urgent_first,15618.55,False
4660,2026-01-09 10:23:31,normal,1440,3,A,base,urgent_first,15621.966666666667,False
4661,2026-01-09 10:24:21,normal,1440,4,C,base,urgent_first,15632.466666666667,False
4662,2026-01-09 10:25:00,normal,1440,7,A,base,urgent_first,15640.333333333334,False
4663,2026-01-09 10:25:01,normal,1440,2,A,base,urgent_first,15642.25,False
4664,2026-01-09 10:26:18,normal,1440,1,A,base,urgent_first,15642.95,False
4665,2026-01-09 10:26:59,normal,1440,3,A,base,urgent_first,15645.733333333334,False
4666,2026-01-09 10:28:15,normal,1440,3,A,base,urgent_first,15649.183333333332,False
4667,2026-01-09 10:28:50,normal,1440,6,B,base,urgent_first,15657.85,False
4668,2026-01-09 10:29:05,normal,1440,2,A,base,urgent_first,15658.816666666668,False
4669,2026-01-09 10:30:01,normal,1440,5,A,base,urgent_first,15664.266666666666,False
4670,2026-01-09 10:30:50,normal,1440,6,A,base,urgent_first,15671.916666666666,False
4671,2026-01-09 10:31:37,normal,1440,11,A,base,urgent_first,15682.883333333333,False
4672,2026-01-09 10:32:57,normal,1440,2,A,base,urgent_first,15682.583333333334,False
4673,2026-01-09 10:34:15,normal,1440,1,A,base,urgent_first,15682.333333333334,False
4674,2026-01-09 10:36:27,normal,1440,9,B,base,urgent_first,15690.2,False
4675,2026-01-09 10:36:27,normal,1440,6,A,base,urgent_first,15695.366666666667,False
4676,2026-01-09 10:37:09,normal,1440,5,A,base,urgent_first,15698.266666666666,False
4677,2026-01-09 10:38:12,normal,1440,3,B,base,urgent_first,15702.65,False
4678,2026-01-09 10:38:21,normal,1440,2,C,base,urgent_first,15706.283333333333,False
4679,2026-01-09 10:38:52,normal,1440,5,B,base,urgent_first,15752.533333333333,False
4680,2026-01-09 10:38:55,normal,1440,8,A,base,urgent_first,15780.616666666667,False
4681,2026-01-09 10:39:01,normal,1440,2,B,base,urgent_first,15799.516666666666,False
4682,2026-01-09 10:39:18,normal,1440,5,B,base,urgent_first,15803.65,False
4683,2026-01-09 10:41:47,normal,1440,3,B,base,urgent_first,15803.2,False
4684,2026-01-09 10:43:21,normal,1440,2,A,base,urgent_first,15803.333333333334,False
4685,2026-01-09 10:44:10,urgent,240,8,A,base,urgent_first,200.48333333333332,True
4686,2026-01-09 10:44:32,normal,1440,4,C,base,urgent_first,15810.066666666668,False
4687,2026-01-09 10:44:39,normal,1440,7,B,base,urgent_first,15817.616666666667,False
4688,2026-01-09 10:44:54,urgent,240,4,A,base,urgent_first,201.33333333333334,True
4689,2026-01-09 10:45:22,normal,1440,2,A,base,urgent_first,15818.216666666667,False
4690,2026-01-09 10:45:39,normal,1440,3,A,base,urgent_first,15818.933333333332,False
4691,2026-01-09 10:45:49,urgent,240,2,C,base,urgent_first,201.45,True
4692,2026-01-09 10:47:06,normal,1440,1,B,base,urgent_first,15819.883333333333,False
4693,2026-01-09 10:47:37,normal,1440,3,A,base,urgent_first,15825.416666666666,False
4694,2026-01-09 10:48:19,normal,1440,5,A,base,urgent_first,15831.016666666666,False
4695,2026-01-09 10:48:44,normal,1440,3,C,base,urgent_first,15836.516666666666,False
4696,2026-01-09 10:48:45,normal,1440,4,A,base,urgent_first,15841.95,False
4697,2026-01-09 10:49:07,normal,1440,3,B,base,urgent_first,15844.633333333333,False
4698,2026-01-09 10:49:18,normal,1440,6,B,base,urgent_first,15851.2,False
4699,2026-01-09 10:49:51,normal,1440,2,A,base,urgent_first,15851.633333333333,False
4700,2026-01-09 10:49:53,normal,1440,6,A,base,urgent_first,15860.816666666668,False
4701,2026-01-09 10:53:38,normal,1440,8,B,base,urgent_first,15874.483333333334,False
4702,2026-01-09 10:55:06,normal,1440,3,C,base,urgent_first,15876.133333333333,False
4703,2026-01-09 10:55:12,urgent,240,8,A,base,urgent_first,193.95,True
4704,2026-01-09 10:55:36,normal,1440,2,B,base,urgent_first,15877.333333333334,False
4705,2026-01-09 10:55:54,normal,1440,5,A,base,urgent_first,15883.0,False
4706,2026-01-09 10:55:56,normal,1440,4,A,base,urgent_first,15886.966666666667,False
4707,2026-01-09 10:56:52,urgent,240,7,A,base,urgent_first,194.58333333333334,True
4708,2026-01-09 10:57:14,urgent,240,9,A,base,urgent_first,196.53333333333333,True
4709,2026-01-09 10:57:36,normal,1440,4,A,base,urgent_first,15887.85,False
4710,2026-01-09 10:57:40,normal,1440,5,C,base,urgent_first,15899.766666666666,False
4711,2026-01-09 10:58:56,normal,1440,2,B,base,urgent_first,15902.05,False
4712,2026-01-09 10:59:40,normal,1440,4,B,base,urgent_first,15906.366666666667,False
4713,2026-01-09 11:00:34,urgent,240,2,A,base,urgent_first,194.05,True
4714,2026-01-09 11:00:57,urgent,240,4,A,base,urgent_first,195.03333333333333,True
4715,2026-01-09 11:02:24,normal,1440,3,A,base,urgent_first,15907.316666666668,False
4716,2026-01-09 11:03:03,normal,1440,7,B,base,urgent_first,15917.533333333333,False
4717,2026-01-09 11:03:16,normal,1440,2,B,base,urgent_first,15918.283333333333,False
4718,2026-01-09 11:03:24,urgent,240,7,C,base,urgent_first,194.45,True
4719,2026-01-09 11:05:12,normal,1440,2,A,base,urgent_first,15917.616666666667,False
4720,2026-01-09 11:07:50,normal,1440,4,C,base,urgent_first,15924.8,False
4721,2026-01-09 11:08:14,normal,1440,2,A,base,urgent_first,15926.183333333332,False
4722,2026-01-09 11:08:20,urgent,240,2,B,base,urgent_first,190.78333333333333,True
4723,2026-01-09 11:08:33,normal,1440,9,C,base,urgent_first,15941.433333333332,False
4724,2026-01-09 11:08:55,normal,1440,2,A,base,urgent_first,15942.066666666668,False
4725,2026-01-09 11:10:06,normal,1440,8,B,base,urgent_first,15949.066666666668,False
4726,2026-01-09 11:10:28,normal,1440,3,C,base,urgent_first,15950.783333333333,False
4727,2026-01-09 11:11:10,normal,1440,5,A,base,urgent_first,15953.883333333333,False
4728,2026-01-09 11:11:51,urgent,240,3,A,base,urgent_first,188.21666666666667,True
4729,2026-01-09 11:12:15,normal,1440,3,A,base,urgent_first,15955.533333333333,False
4730,2026-01-09 11:12:44,normal,1440,7,A,base,urgent_first,15964.0,False
4731,2026-01-09 11:13:57,normal,1440,1,B,base,urgent_first,15964.033333333333,False
4732,2026-01-09 11:13:58,normal,1440,4,B,base,urgent_first,15971.15,False
4733,2026-01-09 11:14:09,normal,1440,3,B,base,urgent_first,15973.466666666667,False
4734,2026-01-09 11:15:04,normal,1440,5,B,base,urgent_first,15983.283333333333,False
4735,2026-01-09 11:16:08,normal,1440,3,A,base,urgent_first,15984.633333333333,False
4736,2026-01-09 11:17:19,normal,1440,1,B,base,urgent_first,15984.616666666667,False
4737,2026-01-09 11:17:24,normal,1440,5,A,base,urgent_first,15991.433333333332,False
4738,2026-01-09 11:17:25,normal,1440,3,A,base,urgent_first,15995.566666666668,False
4739,2026-01-09 11:17:47,normal,1440,8,A,base,urgent_first,16005.35,False
4740,2026-01-09 11:17:52,normal,1440,5,A,base,urgent_first,16009.366666666667,False
4741,2026-01-09 11:17:54,normal,1440,3,A,base,urgent_first,16013.7,False
4742,2026-01-09 11:18:30,normal,1440,3,A,base,urgent_first,16017.583333333334,False
4743,2026-01-09 11:18:53,normal,1440,5,A,base,urgent_first,16023.7,False
4744,2026-01-09 11:19:10,normal,1440,2,B,base,urgent_first,16025.5,False
4745,2026-01-09 11:19:54,normal,1440,3,A,base,urgent_first,16026.816666666668,False
4746,2026-01-09 11:20:31,normal,1440,5,A,base,urgent_first,16032.833333333334,False
4747,2026-01-09 11:20:45,normal,1440,3,B,base,urgent_first,16035.8,False
4748,2026-01-09 11:20:58,normal,1440,3,B,base,urgent_first,16041.483333333334,False
4749,2026-01-09 11:21:34,normal,1440,3,A,base,urgent_first,16043.383333333333,False
4750,2026-01-09 11:22:32,normal,1440,2,B,base,urgent_first,16045.733333333334,False
4751,2026-01-09 11:22:43,normal,1440,3,C,base,urgent_first,16053.366666666667,False
4752,2026-01-09 11:24:28,normal,1440,6,A,base,urgent_first,16059.283333333333,False
4753,2026-01-09 11:25:11,normal,1440,1,B,base,urgent_first,16059.5,False
4754,2026-01-09 11:26:39,normal,1440,3,A,base,urgent_first,16062.666666666666,False
4755,2026-01-09 11:26:55,normal,1440,2,A,base,urgent_first,16065.866666666667,False
4756,2026-01-09 11:26:56,urgent,240,1,B,base,urgent_first,174.05,True
4757,2026-01-09 11:27:34,normal,1440,1,B,base,urgent_first,16067.483333333334,False
4758,2026-01-09 11:27:35,normal,1440,4,A,base,urgent_first,16074.5,False
4759,2026-01-09 11:27:38,normal,1440,3,B,base,urgent_first,16079.883333333333,False
4760,2026-01-09 11:28:16,normal,1440,6,A,base,urgent_first,16084.6,False
4761,2026-01-09 11:28:35,normal,1440,2,A,base,urgent_first,16086.566666666668,False
4762,2026-01-09 11:28:44,normal,1440,3,A,base,urgent_first,16088.866666666667,False
4763,2026-01-09 11:31:51,normal,1440,9,B,base,urgent_first,16100.666666666666,False
4764,2026-01-09 11:32:17,normal,1440,4,B,base,urgent_first,16103.6,False
4765,2026-01-09 11:33:25,normal,1440,3,A,base,urgent_first,16105.2,False
4766,2026-01-09 11:33:27,normal,1440,2,A,base,urgent_first,16107.233333333334,False
4767,2026-01-09 11:34:14,normal,1440,1,A,base,urgent_first,16108.116666666667,False
4768,2026-01-09 11:34:36,normal,1440,3,B,base,urgent_first,16111.833333333334,False
4769,2026-01-09 11:35:29,normal,1440,3,C,base,urgent_first,16116.4,False
4770,2026-01-09 11:35:36,normal,1440,1,A,base,urgent_first,16117.1,False
4771,2026-01-09 11:36:43,normal,1440,2,B,base,urgent_first,16120.883333333333,False
4772,2026-01-09 11:37:00,normal,1440,5,A,base,urgent_first,16126.533333333333,False
4773,2026-01-09 11:37:30,normal,1440,3,A,base,urgent_first,16128.633333333333,False
4774,2026-01-09 11:37:37,normal,1440,3,A,base,urgent_first,16131.916666666666,False
4775,2026-01-09 11:37:45,normal,1440,3,C,base,urgent_first,16137.0,False
4776,2026-01-09 11:38:36,normal,1440,7,A,base,urgent_first,16142.733333333334,False
4777,2026-01-09 11:39:04,normal,1440,4,C,base,urgent_first,16148.3,False
4778,2026-01-09 11:39:31,normal,1440,5,B,base,urgent_first,16155.533333333333,False
4779,2026-01-09 11:40:32,normal,1440,2,A,base,urgent_first,16155.8,False
4780,2026-01-09 11:40:34,normal,1440,2,B,base,urgent_first,16159.1,False
4781,2026-01-09 11:40:52,normal,1440,2,C,base,urgent_first,16162.5,False
4782,2026-01-09 11:42:34,normal,1440,7,C,base,urgent_first,16172.95,False
4783,2026-01-09 11:43:06,normal,1440,3,B,base,urgent_first,16174.066666666668,False
4784,2026-01-09 11:44:26,normal,1440,2,B,base,urgent_first,16175.933333333332,False
4785,2026-01-09 11:45:23,normal,1440,4,A,base,urgent_first,16179.7,False
4786,2026-01-09 11:46:54,normal,1440,3,C,base,urgent_first,16183.366666666667,False
4787,2026-01-09 11:48:07,normal,1440,2,A,base,urgent_first,16183.666666666666,False
4788,2026-01-09 11:48:13,normal,1440,10,A,base,urgent_first,16198.133333333333,False
4789,2026-01-09 11:50:40,normal,1440,2,A,base,urgent_first,16196.916666666666,False
4790,2026-01-09 11:50:41,normal,1440,2,B,base,urgent_first,16198.233333333334,False
4791,2026-01-09 11:50:43,normal,1440,5,B,base,urgent_first,16203.316666666668,False
4792,2026-01-09 11:51:48,normal,1440,2,A,base,urgent_first,16204.166666666666,False
4793,2026-01-09 11:52:04,normal,1440,11,A,base,urgent_first,16216.8,False
4794,2026-01-09 11:52:17,normal,1440,3,B,base,urgent_first,16218.1,False
4795,2026-01-09 11:53:00,normal,1440,6,A,base,urgent_first,16224.666666666666,False
4796,2026-01-09 11:53:40,normal,1440,3,A,base,urgent_first,16225.2,False
4797,2026-01-09 11:54:01,urgent,240,1,B,base,urgent_first,147.83333333333334,True
4798,2026-01-09 11:55:03,normal,1440,4,A,base,urgent_first,16227.983333333334,False
4799,2026-01-09 11:55:41,normal,1440,4,A,base,urgent_first,16232.85,False
4800,2026-01-09 11:57:19,normal,1440,3,A,base,urgent_first,16233.75,False
4801,2026-01-09 11:57:34,normal,1440,1,A,base,urgent_first,16234.583333333334,False
4802,2026-01-09 11:58:02,normal,1440,4,B,base,urgent_first,16241.6,False
4803,2026-01-09 11:58:21,normal,1440,4,C,base,urgent_first,16245.616666666667,False
4804,2026-01-09 11:58:35,normal,1440,2,C,base,urgent_first,16248.6,False
4805,2026-01-09 12:00:15,normal,1440,3,C,base,urgent_first,16254.65,False
4806,2026-01-09 12:02:35,normal,1440,3,A,base,urgent_first,16255.0,False
4807,2026-01-09 12:02:52,normal,1440,6,A,base,urgent_first,16261.8,False
4808,2026-01-09 12:03:36,normal,1440,5,A,base,urgent_first,16263.266666666666,False
4809,2026-01-09 12:03:49,normal,1440,3,B,base,urgent_first,16267.816666666668,False
4810,2026-01-09 12:04:00,normal,1440,5,B,base,urgent_first,16276.316666666668,False
4811,2026-01-09 12:04:53,normal,1440,6,B,base,urgent_first,16280.583333333334,False
4812,2026-01-09 12:04:54,normal,1440,4,A,base,urgent_first,16283.15,False
4813,2026-01-09 12:04:58,normal,1440,2,C,base,urgent_first,16288.2,False
4814,2026-01-09 12:05:46,normal,1440,5,B,base,urgent_first,16293.816666666668,False
4815,2026-01-09 12:06:09,normal,1440,2,A,base,urgent_first,16294.933333333332,False
4816,2026-01-09 12:06:23,normal,1440,6,B,base,urgent_first,16302.616666666667,False
4817,2026-01-09 12:07:44,normal,1440,1,B,base,urgent_first,16302.183333333332,False
4818,2026-01-09 12:09:09,normal,1440,2,A,base,urgent_first,16301.983333333334,False
4819,2026-01-09 12:09:37,normal,1440,7,A,base,urgent_first,16309.333333333334,False
4820,2026-01-09 12:09:59,normal,1440,6,A,base,urgent_first,16314.666666666666,False
4821,2026-01-09 12:10:31,normal,1440,2,A,base,urgent_first,16315.066666666668,False
4822,2026-01-09 12:10:32,normal,1440,5,A,base,urgent_first,16321.066666666668,False
4823,2026-01-09 12:10:51,normal,1440,1,A,base,urgent_first,16321.666666666666,False
4824,2026-01-09 12:13:11,urgent,240,1,B,base,urgent_first,129.65,True
4825,2026-01-09 12:13:47,normal,1440,2,C,base,urgent_first,16321.183333333332,False
4826,2026-01-09 12:14:41,normal,1440,8,A,base,urgent_first,16330.366666666667,False
4827,2026-01-09 12:15:45,normal,1440,10,C,base,urgent_first,16345.616666666667,False
4828,2026-01-09 12:16:07,normal,1440,1,A,base,urgent_first,16346.283333333333,False
4829,2026-01-09 12:16:45,normal,1440,4,A,base,urgent_first,16346.95,False
4830,2026-01-09 12:17:07,normal,1440,4,A,base,urgent_first,16350.416666666666,False
4831,2026-01-09 12:17:17,normal,1440,3,A,base,urgent_first,16353.533333333333,False
4832,2026-01-09 12:18:07,normal,1440,4,A,base,urgent_first,16361.783333333333,False
4833,2026-01-09 12:18:52,normal,1440,2,B,base,urgent_first,16363.0,False
4834,2026-01-09 12:20:21,normal,1440,1,B,base,urgent_first,16363.3,False
4835,2026-01-09 12:22:00,normal,1440,3,A,base,urgent_first,16366.45,False
4836,2026-01-09 12:23:10,normal,1440,2,C,base,urgent_first,16369.466666666667,False
4837,2026-01-09 12:25:21,normal,1440,8,A,base,urgent_first,16379.233333333334,False
4838,2026-01-09 12:25:30,urgent,240,1,A,base,urgent_first,118.38333333333334,True
4839,2026-01-09 12:25:53,normal,1440,3,A,base,urgent_first,16379.816666666668,False
4840,2026-01-09 12:25:59,normal,1440,1,A,base,urgent_first,16381.033333333333,False
4841,2026-01-09 12:26:07,normal,1440,1,A,base,urgent_first,16381.966666666667,False
4842,2026-01-09 12:26:31,normal,1440,1,C,base,urgent_first,16386.133333333335,False
4843,2026-01-09 12:26:32,normal,1440,2,B,base,urgent_first,16393.333333333332,False
4844,2026-01-09 12:26:42,urgent,240,3,B,base,urgent_first,118.23333333333333,True
4845,2026-01-09 12:27:11,urgent,240,8,C,base,urgent_first,119.66666666666667,True
4846,2026-01-09 12:28:16,normal,1440,3,A,base,urgent_first,16397.083333333332,False
4847,2026-01-09 12:29:50,normal,1440,3,B,base,urgent_first,16401.933333333334,False
4848,2026-01-09 12:30:17,normal,1440,9,A,base,urgent_first,16409.25,False
4849,2026-01-09 12:32:02,normal,1440,1,B,base,urgent_first,16408.633333333335,False
4850,2026-01-09 12:33:22,normal,1440,6,C,base,urgent_first,16418.166666666668,False
4851,2026-01-09 12:33:59,normal,1440,2,B,base,urgent_first,16418.416666666668,False
4852,2026-01-09 12:34:46,normal,1440,5,C,base,urgent_first,16430.8,False
4853,2026-01-09 12:35:10,normal,1440,5,B,base,urgent_first,16435.183333333334,False
4854,2026-01-09 12:36:25,normal,1440,3,A,base,urgent_first,16436.116666666665,False
4855,2026-01-09 12:36:41,normal,1440,2,A,base,urgent_first,16438.75,False
4856,2026-01-09 12:36:44,normal,1440,4,B,base,urgent_first,16443.516666666666,False
4857,2026-01-09 12:36:53,normal,1440,14,B,base,urgent_first,16460.383333333335,False
4858,2026-01-09 12:37:04,normal,1440,3,A,base,urgent_first,16461.45,False
4859,2026-01-09 12:37:17,normal,1440,2,A,base,urgent_first,16462.4,False
4860,2026-01-09 12:37:41,normal,1440,4,B,base,urgent_first,16472.083333333332,False
4861,2026-01-09 12:37:51,urgent,240,4,A,base,urgent_first,110.63333333333334,True
4862,2026-01-09 12:37:54,normal,1440,7,A,base,urgent_first,16477.233333333334,False
4863,2026-01-09 12:38:12,urgent,240,6,A,base,urgent_first,112.16666666666667,True
4864,2026-01-09 12:38:34,normal,1440,2,A,base,urgent_first,16478.183333333334,False
4865,2026-01-09 12:39:12,normal,1440,6,B,base,urgent_first,16485.55,False
4866,2026-01-09 12:40:34,urgent,240,10,C,base,urgent_first,112.75,True
4867,2026-01-09 12:42:21,normal,1440,3,A,base,urgent_first,16485.166666666668,False
4868,2026-01-09 12:42:22,normal,1440,9,B,base,urgent_first,16495.716666666667,False
4869,2026-01-09 12:42:26,normal,1440,5,A,base,urgent_first,16500.283333333333,False
4870,2026-01-09 12:43:37,normal,1440,2,A,base,urgent_first,16501.166666666668,False
4871,2026-01-09 12:44:39,normal,1440,3,B,base,urgent_first,16501.9,False
4872,2026-01-09 12:46:49,urgent,240,5,B,base,urgent_first,108.21666666666667,True
4873,2026-01-09 12:46:57,normal,1440,5,A,base,urgent_first,16507.416666666668,False
4874,2026-01-09 12:47:22,normal,1440,19,A,base,urgent_first,16528.9,False
4875,2026-01-09 12:47:25,normal,1440,4,C,base,urgent_first,16530.95,False
4876,2026-01-09 12:47:35,normal,1440,4,A,base,urgent_first,16533.75,False
4877,2026-01-09 12:49:06,urgent,240,3,C,base,urgent_first,107.65,True
4878,2026-01-09 12:49:38,normal,1440,2,A,base,urgent_first,16533.0,False
4879,2026-01-09 12:50:44,normal,1440,10,C,base,urgent_first,16553.866666666665,False
4880,2026-01-09 12:51:34,urgent,240,16,B,base,urgent_first,108.75,True
4881,2026-01-09 12:52:35,normal,1440,6,B,base,urgent_first,16554.6,False
4882,2026-01-09 12:52:47,normal,1440,4,A,base,urgent_first,16555.716666666667,False
4883,2026-01-09 12:55:56,normal,1440,2,A,base,urgent_first,16554.416666666668,False
4884,2026-01-09 12:55:57,normal,1440,1,A,base,urgent_first,16555.6,False
4885,2026-01-09 12:58:13,normal,1440,3,B,base,urgent_first,16559.883333333335,False
4886,2026-01-09 12:58:31,normal,1440,4,B,base,urgent_first,16568.4,False
4887,2026-01-09 12:58:44,normal,1440,4,A,base,urgent_first,16573.25,False
4888,2026-01-09 12:59:15,normal,1440,3,A,base,urgent_first,16575.65,False
4889,2026-01-09 13:00:19,urgent,240,3,B,base,urgent_first,101.36666666666666,True
4890,2026-01-09 13:02:07,normal,1440,4,C,base,urgent_first,16581.266666666666,False
4891,2026-01-09 13:03:06,normal,1440,8,B,base,urgent_first,16591.0,False
4892,2026-01-09 13:03:49,normal,1440,3,A,base,urgent_first,16592.75,False
4893,2026-01-09 13:05:05,normal,1440,4,B,base,urgent_first,16598.0,False
4894,2026-01-09 13:05:18,normal,1440,4,A,base,urgent_first,16602.1,False
4895,2026-01-09 13:05:46,normal,1440,4,A,base,urgent_first,16604.95,False
4896,2026-01-09 13:06:03,normal,1440,4,B,base,urgent_first,16609.916666666668,False
4897,2026-01-09 13:07:41,normal,1440,5,A,base,urgent_first,16614.866666666665,False
4898,2026-01-09 13:09:53,normal,1440,4,A,base,urgent_first,16614.583333333332,False
4899,2026-01-09 13:10:57,normal,1440,1,C,base,urgent_first,16617.833333333332,False
4900,2026-01-09 13:14:37,normal,1440,5,C,base,urgent_first,16623.916666666668,False
4901,2026-01-09 13:17:58,normal,1440,3,A,base,urgent_first,16622.866666666665,False
4902,2026-01-09 13:20:13,normal,1440,6,A,base,urgent_first,16628.033333333333,False
4903,2026-01-09 13:24:04,normal,1440,3,A,base,urgent_first,16625.866666666665,False
4904,2026-01-09 13:26:59,normal,1440,4,A,base,urgent_first,16629.366666666665,False
4905,2026-01-09 13:32:03,normal,1440,1,B,base,urgent_first,16626.15,False
4906,2026-01-09 13:32:32,normal,1440,3,B,base,urgent_first,16631.133333333335,False
4907,2026-01-09 13:32:36,normal,1440,1,B,base,urgent_first,16632.533333333333,False
4908,2026-01-09 13:35:30,normal,1440,3,B,base,urgent_first,16635.65,False
4909,2026-01-09 13:35:38,normal,1440,2,B,base,urgent_first,16641.366666666665,False
4910,2026-01-09 13:39:19,normal,1440,5,C,base,urgent_first,16648.2,False
4911,2026-01-09 13:40:24,normal,1440,4,B,base,urgent_first,16651.35,False
4912,2026-01-09 13:44:33,normal,1440,2,A,base,urgent_first,16648.9,False
4913,2026-01-09 13:45:45,normal,1440,5,B,base,urgent_first,16655.75,False
4914,2026-01-09 13:48:40,normal,1440,5,B,base,urgent_first,16657.05,False
4915,2026-01-09 13:49:59,urgent,240,1,B,base,urgent_first,52.8,True
4916,2026-01-09 13:50:48,normal,1440,8,A,base,urgent_first,16663.916666666668,False
4917,2026-01-09 13:50:58,normal,1440,4,B,base,urgent_first,16666.266666666666,False
4918,2026-01-09 13:51:11,normal,1440,3,A,base,urgent_first,16669.5,False
4919,2026-01-09 13:51:46,normal,1440,5,B,base,urgent_first,16675.616666666665,False
4920,2026-01-09 13:54:06,normal,1440,10,C,base,urgent_first,16686.75,False
4921,2026-01-09 13:54:53,normal,1440,3,B,base,urgent_first,16687.116666666665,False
4922,2026-01-09 13:57:44,normal,1440,2,B,base,urgent_first,16687.316666666666,False
4923,2026-01-09 14:01:40,urgent,240,7,A,base,urgent_first,43.083333333333336,True
4924,2026-01-09 14:03:44,urgent,240,3,C,base,urgent_first,42.38333333333333,True
4925,2026-01-09 14:08:45,normal,1440,2,B,base,urgent_first,16680.516666666666,False
4926,2026-01-09 14:09:02,urgent,240,2,A,base,urgent_first,38.56666666666667,True
4927,2026-01-09 14:09:45,normal,1440,3,B,base,urgent_first,16683.583333333332,False
4928,2026-01-09 14:10:25,normal,1440,3,B,base,urgent_first,16685.35,False
4929,2026-01-09 14:14:01,normal,1440,2,A,base,urgent_first,16685.033333333333,False
4930,2026-01-09 14:16:58,normal,1440,4,A,base,urgent_first,16686.633333333335,False
4931,2026-01-09 14:17:58,normal,1440,6,C,base,urgent_first,16694.55,False
4932,2026-01-09 14:18:20,normal,1440,4,C,base,urgent_first,16699.533333333333,False
4933,2026-01-09 14:18:24,normal,1440,6,B,base,urgent_first,16704.7,False
4934,2026-01-09 14:19:10,normal,1440,1,B,base,urgent_first,16705.1,False
4935,2026-01-09 14:22:14,normal,1440,3,B,base,urgent_first,16704.9,False
4936,2026-01-09 14:24:56,normal,1440,2,B,base,urgent_first,16705.816666666666,False
4937,2026-01-09 14:29:11,normal,1440,5,B,base,urgent_first,16707.616666666665,False
4938,2026-01-09 14:35:13,normal,1440,5,B,base,urgent_first,16710.883333333335,False
4939,2026-01-09 14:36:36,normal,1440,3,B,base,urgent_first,16712.05,False
4940,2026-01-09 14:38:04,urgent,240,7,B,base,urgent_first,23.383333333333333,True
4941,2026-01-09 14:39:04,normal,1440,2,A,base,urgent_first,16712.916666666668,False
4942,2026-01-09 14:40:08,normal,1440,2,B,base,urgent_first,16717.366666666665,False
4943,2026-01-09 14:40:22,normal,1440,10,B,base,urgent_first,16734.566666666666,False
4944,2026-01-09 14:43:03,normal,1440,5,B,base,urgent_first,16733.633333333335,False
4945,2026-01-09 14:45:17,normal,1440,2,C,base,urgent_first,16734.516666666666,False
4946,2026-01-09 14:45:19,normal,1440,9,A,base,urgent_first,16743.316666666666,False
4947,2026-01-09 14:46:21,normal,1440,3,A,base,urgent_first,16746.5,False
4948,2026-01-09 14:46:30,normal,1440,3,A,base,urgent_first,16748.35,False
4949,2026-01-09 14:47:54,normal,1440,8,A,base,urgent_first,16755.716666666667,False
4950,2026-01-09 14:51:14,normal,1440,8,C,base,urgent_first,16767.766666666666,False
4951,2026-01-09 14:52:40,normal,1440,7,A,base,urgent_first,16769.483333333334,False
4952,2026-01-09 14:53:02,normal,1440,11,A,base,urgent_first,16776.75,False
4953,2026-01-09 14:53:44,normal,1440,2,B,base,urgent_first,16776.833333333332,False
4954,2026-01-09 14:53:45,normal,1440,6,B,base,urgent_first,16785.233333333334,False
4955,2026-01-09 14:54:19,normal,1440,3,B,base,urgent_first,16787.65,False
4956,2026-01-09 14:54:29,normal,1440,3,C,base,urgent_first,16794.866666666665,False
4957,2026-01-09 14:54:57,normal,1440,12,C,base,urgent_first,16816.483333333334,False
4958,2026-01-09 14:57:05,normal,1440,1,A,base,urgent_first,16815.35,False
4959,2026-01-09 14:57:13,normal,1440,1,B,base,urgent_first,16816.35,False
4960,2026-01-09 14:59:00,normal,1440,2,B,base,urgent_first,16816.683333333334,False
4961,2026-01-09 15:02:43,normal,1440,4,B,base,urgent_first,16821.766666666666,False
4962,2026-01-09 15:05:36,normal,1440,1,A,base,urgent_first,16820.066666666666,False
4963,2026-01-09 15:05:45,normal,1440,1,A,base,urgent_first,16821.966666666667,False
4964,2026-01-09 15:06:18,urgent,240,2,A,base,urgent_first,15.4,True
4965,2026-01-09 15:07:30,normal,1440,4,B,base,urgent_first,16825.166666666668,False
4966,2026-01-09 15:07:43,normal,1440,4,B,base,urgent_first,16830.05,False
4967,2026-01-09 15:09:47,normal,1440,3,A,base,urgent_first,16832.233333333334,False
4968,2026-01-09 15:10:38,normal,1440,9,C,base,urgent_first,16847.516666666666,False
4969,2026-01-09 15:13:30,normal,1440,3,A,base,urgent_first,16845.966666666667,False
4970,2026-01-09 15:14:31,normal,1440,14,A,base,urgent_first,16863.75,False
4971,2026-01-09 15:14:45,normal,1440,4,B,base,urgent_first,16865.233333333334,False
4972,2026-01-09 15:19:36,normal,1440,5,B,base,urgent_first,16867.583333333332,False
4973,2026-01-09 15:20:10,normal,1440,5,A,base,urgent_first,16869.85,False
4974,2026-01-09 15:20:28,normal,1440,4,B,base,urgent_first,16873.2,False
4975,2026-01-09 15:21:20,normal,1440,4,B,base,urgent_first,16876.683333333334,False
4976,2026-01-09 15:21:22,urgent,240,2,A,base,urgent_first,21.416666666666668,True
4977,2026-01-09 15:21:31,urgent,240,2,A,base,urgent_first,22.416666666666668,True
4978,2026-01-09 15:21:39,normal,1440,8,A,base,urgent_first,16884.433333333334,False
4979,2026-01-09 15:22:48,normal,1440,5,A,base,urgent_first,16886.9,False
4980,2026-01-09 15:24:37,normal,1440,4,B,base,urgent_first,16887.833333333332,False
4981,2026-01-09 15:27:24,normal,1440,3,B,base,urgent_first,16888.433333333334,False
4982,2026-01-09 15:27:40,normal,1440,1,A,base,urgent_first,16889.583333333332,False
4983,2026-01-09 15:28:46,normal,1440,3,B,base,urgent_first,16894.05,False
4984,2026-01-09 15:31:29,normal,1440,2,B,base,urgent_first,16893.883333333335,False
4985,2026-01-09 15:31:33,normal,1440,2,A,base,urgent_first,16897.216666666667,False
4986,2026-01-09 15:32:49,normal,1440,6,C,base,urgent_first,16907.75,False
4987,2026-01-09 15:36:54,normal,1440,4,A,base,urgent_first,16906.566666666666,False
4988,2026-01-09 15:38:31,normal,1440,5,B,base,urgent_first,16913.466666666667,False
4989,2026-01-09 15:40:46,normal,1440,4,B,base,urgent_first,16915.366666666665,False
4990,2026-01-09 15:41:06,urgent,240,3,C,base,urgent_first,132.08333333333334,True
4991,2026-01-09 15:41:50,normal,1440,4,A,base,urgent_first,16919.1,False
4992,2026-01-09 15:41:52,normal,1440,4,B,base,urgent_first,16923.733333333334,False
4993,2026-01-09 15:42:42,urgent,240,3,A,base,urgent_first,131.88333333333333,True
4994,2026-01-09 15:43:03,normal,1440,4,A,base,urgent_first,16927.883333333335,False
4995,2026-01-09 15:44:23,normal,1440,10,A,base,urgent_first,16940.683333333334,False
4996,2026-01-09 15:44:47,normal,1440,4,B,base,urgent_first,16942.95,False
4997,2026-01-09 15:45:30,normal,1440,2,B,base,urgent_first,16943.333333333332,False
4998,2026-01-09 15:47:20,urgent,240,3,A,base,urgent_first,128.63333333333333,True
4999,2026-01-09 15:48:12,normal,1440,12,A,base,urgent_first,16957.283333333333,False
5000,2026-01-09 15:48:14,normal,1440,4,B,base,urgent_first,16960.866666666665,False
5001,2026-01-09 15:48:21,normal,1440,2,A,base,urgent_first,16962.916666666668,False
5002,2026-01-09 15:48:24,normal,1440,3,C,base,urgent_first,16967.95,False
5003,2026-01-09 15:48:53,normal,1440,4,B,base,urgent_first,16971.316666666666,False
5004,2026-01-09 15:49:34,normal,1440,3,A,base,urgent_first,16974.383333333335,False
5005,2026-01-09 15:49:41,urgent,240,4,B,base,urgent_first,127.68333333333334,True
5006,2026-01-09 15:49:53,normal,1440,1,A,base,urgent_first,16975.3,False
5007,2026-01-09 15:50:36,normal,1440,1,B,base,urgent_first,16978.583333333332,False
5008,2026-01-09 15:50:41,normal,1440,3,B,base,urgent_first,16983.033333333333,False
5009,2026-01-09 15:51:42,normal,1440,3,B,base,urgent_first,16985.35,False
5010,2026-01-09 15:51:46,normal,1440,3,A,base,urgent_first,16988.333333333332,False
5011,2026-01-09 15:52:18,urgent,240,5,A,base,urgent_first,126.86666666666666,True
5012,2026-01-09 15:52:20,urgent,240,6,A,base,urgent_first,129.21666666666667,True
5013,2026-01-09 15:52:36,normal,1440,3,B,base,urgent_first,16995.8,False
5014,2026-01-09 15:55:06,normal,1440,4,A,base,urgent_first,16997.0,False
5015,2026-01-09 15:56:39,normal,1440,2,A,base,urgent_first,16998.3,False
5016,2026-01-09 15:58:25,normal,1440,3,B,base,urgent_first,17002.783333333333,False
5017,2026-01-09 15:58:44,urgent,240,5,C,base,urgent_first,124.41666666666667,True
5018,2026-01-09 15:59:04,normal,1440,7,A,base,urgent_first,17008.733333333334,False
5019,2026-01-09 15:59:18,normal,1440,2,C,base,urgent_first,17010.433333333334,False
5020,2026-01-09 15:59:30,normal,1440,2,A,base,urgent_first,17013.2,False
5021,2026-01-09 16:01:21,normal,1440,2,C,base,urgent_first,17016.516666666666,False
5022,2026-01-09 16:04:38,normal,1440,2,A,base,urgent_first,17017.5,False
5023,2026-01-09 16:05:28,normal,1440,4,A,base,urgent_first,17022.55,False
5024,2026-01-09 16:06:02,normal,1440,2,A,base,urgent_first,17023.15,False
5025,2026-01-09 16:06:12,normal,1440,7,A,base,urgent_first,17035.05,False
5026,2026-01-09 16:06:36,normal,1440,5,A,base,urgent_first,17039.133333333335,False
5027,2026-01-09 16:06:57,normal,1440,5,B,base,urgent_first,17043.633333333335,False
5028,2026-01-09 16:09:28,normal,1440,3,B,base,urgent_first,17043.583333333332,False
5029,2026-01-09 16:09:39,normal,1440,5,B,base,urgent_first,17049.966666666667,False
5030,2026-01-09 16:10:37,urgent,240,5,B,base,urgent_first,113.95,True
5031,2026-01-09 16:11:33,normal,1440,4,B,base,urgent_first,17051.9,False
5032,2026-01-09 16:13:49,normal,1440,2,A,base,urgent_first,17051.033333333333,False
5033,2026-01-09 16:13:58,urgent,240,3,A,base,urgent_first,111.78333333333333,True
5034,2026-01-09 16:14:56,normal,1440,5,B,base,urgent_first,17057.266666666666,False
5035,2026-01-09 16:15:22,normal,1440,3,A,base,urgent_first,17058.9,False
5036,2026-01-09 16:16:04,normal,1440,4,A,base,urgent_first,17064.05,False
5037,2026-01-09 16:16:17,normal,1440,9,C,base,urgent_first,17081.066666666666,False
5038,2026-01-09 16:17:41,urgent,240,4,A,base,urgent_first,109.93333333333334,True
5039,2026-01-09 16:19:28,normal,1440,4,A,base,urgent_first,17079.733333333334,False
5040,2026-01-09 16:19:59,normal,1440,4,A,base,urgent_first,17082.783333333333,False
5041,2026-01-09 16:20:15,normal,1440,2,B,base,urgent_first,17085.15,False
5042,2026-01-09 16:20:40,normal,1440,4,A,base,urgent_first,17087.233333333334,False
5043,2026-01-09 16:21:50,normal,1440,5,C,base,urgent_first,17094.883333333335,False
5044,2026-01-09 16:22:34,normal,1440,6,B,base,urgent_first,17101.95,False
5045,2026-01-09 16:23:01,normal,1440,1,B,base,urgent_first,17102.35,False
5046,2026-01-09 16:25:02,normal,1440,5,A,base,urgent_first,17104.216666666667,False
5047,2026-01-09 16:27:32,normal,1440,5,A,base,urgent_first,17107.166666666668,False
5048,2026-01-09 16:27:49,normal,1440,8,A,base,urgent_first,17114.666666666668,False
5049,2026-01-09 16:28:30,normal,1440,5,A,base,urgent_first,17118.883333333335,False
5050,2026-01-09 16:28:36,urgent,240,3,B,base,urgent_first,100.55,True
5051,2026-01-09 16:29:34,normal,1440,2,A,base,urgent_first,17119.683333333334,False
5052,2026-01-09 16:30:12,normal,1440,4,B,base,urgent_first,17124.75,False
5053,2026-01-09 16:31:28,normal,1440,5,A,base,urgent_first,17129.566666666666,False
5054,2026-01-09 16:31:36,normal,1440,3,B,base,urgent_first,17132.316666666666,False
5055,2026-01-09 16:32:22,normal,1440,5,A,base,urgent_first,17135.066666666666,False
5056,2026-01-09 16:34:06,urgent,240,2,B,base,urgent_first,96.1,True
5057,2026-01-09 16:36:09,normal,1440,2,B,base,urgent_first,17133.45,False
5058,2026-01-09 16:37:19,normal,1440,3,A,base,urgent_first,17135.966666666667,False
5059,2026-01-09 16:38:09,normal,1440,3,A,base,urgent_first,17139.366666666665,False
5060,2026-01-09 16:39:34,normal,1440,3,B,base,urgent_first,17142.183333333334,False
5061,2026-01-09 16:40:13,normal,1440,7,A,base,urgent_first,17148.016666666666,False
5062,2026-01-09 16:40:17,normal,1440,3,C,base,urgent_first,17155.55,False
5063,2026-01-09 16:41:26,normal,1440,7,A,base,urgent_first,17161.4,False
5064,2026-01-09 16:42:10,normal,1440,5,B,base,urgent_first,17162.833333333332,False
5065,2026-01-09 16:42:16,urgent,240,1,B,base,urgent_first,88.86666666666666,True
5066,2026-01-09 16:43:33,normal,1440,5,B,base,urgent_first,17169.366666666665,False
5067,2026-01-09 16:47:12,normal,1440,4,A,base,urgent_first,17171.616666666665,False
5068,2026-01-09 16:47:34,normal,1440,5,C,base,urgent_first,17179.083333333332,False
5069,2026-01-09 16:49:44,normal,1440,5,A,base,urgent_first,17179.416666666668,False
5070,2026-01-09 16:50:47,normal,1440,2,C,base,urgent_first,17182.733333333334,False
5071,2026-01-09 16:51:42,normal,1440,3,C,base,urgent_first,17186.316666666666,False
5072,2026-01-09 16:52:07,normal,1440,9,B,base,urgent_first,17203.15,False
5073,2026-01-09 16:52:42,normal,1440,4,C,base,urgent_first,17207.55,False
5074,2026-01-09 16:53:07,normal,1440,4,A,base,urgent_first,17210.55,False
5075,2026-01-09 16:53:11,normal,1440,5,A,base,urgent_first,17217.5,False
5076,2026-01-09 16:53:26,normal,1440,3,A,base,urgent_first,17219.733333333334,False
5077,2026-01-09 16:53:38,urgent,240,3,A,base,urgent_first,78.75,True
5078,2026-01-09 16:54:42,normal,1440,2,A,base,urgent_first,17220.866666666665,False
5079,2026-01-09 16:56:01,normal,1440,3,B,base,urgent_first,17224.616666666665,False
5080,2026-01-09 16:56:07,normal,1440,4,B,base,urgent_first,17229.033333333333,False
5081,2026-01-09 16:57:18,normal,1440,3,A,base,urgent_first,17232.05,False
5082,2026-01-09 16:57:29,normal,1440,2,A,base,urgent_first,17233.466666666667,False
5083,2026-01-09 16:59:29,normal,1440,3,A,base,urgent_first,17237.8,False
5084,2026-01-09 17:01:08,normal,1440,7,A,base,urgent_first,17241.95,False
5085,2026-01-09 17:01:14,normal,1440,6,A,base,urgent_first,17244.883333333335,False
5086,2026-01-09 17:03:43,normal,1440,2,A,base,urgent_first,17246.5,False
5087,2026-01-09 17:05:52,normal,1440,1,C,base,urgent_first,17247.233333333334,False
5088,2026-01-09 17:06:18,normal,1440,8,A,base,urgent_first,17256.616666666665,False
5089,2026-01-09 17:06:57,normal,1440,2,A,base,urgent_first,17256.9,False
5090,2026-01-09 17:07:46,normal,1440,2,A,base,urgent_first,17257.05,False
5091,2026-01-09 17:08:06,normal,1440,3,A,base,urgent_first,17259.5,False
5092,2026-01-09 17:08:16,normal,1440,4,A,base,urgent_first,17265.35,False
5093,2026-01-09 17:08:33,normal,1440,3,A,base,urgent_first,17267.9,False
5094,2026-01-09 17:08:34,normal,1440,4,A,base,urgent_first,17273.266666666666,False
5095,2026-01-09 17:09:33,normal,1440,5,B,base,urgent_first,17282.133333333335,False
5096,2026-01-09 17:12:49,normal,1440,2,B,base,urgent_first,17280.733333333334,False
5097,2026-01-09 17:15:37,normal,1440,3,B,base,urgent_first,17281.833333333332,False
5098,2026-01-09 17:16:18,normal,1440,2,B,base,urgent_first,17284.383333333335,False
5099,2026-01-09 17:17:01,normal,1440,2,A,base,urgent_first,17287.216666666667,False
5100,2026-01-09 17:17:18,normal,1440,3,A,base,urgent_first,17292.033333333333,False
5101,2026-01-09 17:19:17,normal,1440,1,B,base,urgent_first,17291.3,False
5102,2026-01-09 17:23:16,normal,1440,4,C,base,urgent_first,17302.133333333335,False
5103,2026-01-09 17:26:10,normal,1440,6,B,base,urgent_first,17306.05,False
5104,2026-01-09 17:27:51,normal,1440,4,A,base,urgent_first,17306.466666666667,False
5105,2026-01-09 17:28:15,normal,1440,2,A,base,urgent_first,17307.616666666665,False
5106,2026-01-09 17:31:00,normal,1440,4,A,base,urgent_first,17310.45,False
5107,2026-01-09 17:31:13,normal,1440,7,B,base,urgent_first,17321.6,False
5108,2026-01-09 17:31:30,normal,1440,1,A,base,urgent_first,17322.233333333334,False
5109,2026-01-09 17:31:31,urgent,240,1,B,base,urgent_first,42.15,True
5110,2026-01-09 17:32:27,normal,1440,2,A,base,urgent_first,17323.333333333332,False
5111,2026-01-09 17:32:52,normal,1440,7,C,base,urgent_first,17336.866666666665,False
5112,2026-01-09 17:33:14,normal,1440,3,A,base,urgent_first,17338.466666666667,False
5113,2026-01-09 17:33:41,normal,1440,6,A,base,urgent_first,17342.85,False
5114,2026-01-09 17:33:50,normal,1440,1,B,base,urgent_first,17343.633333333335,False
5115,2026-01-09 17:34:33,normal,1440,12,B,base,urgent_first,17356.916666666668,False
5116,2026-01-09 17:34:39,normal,1440,3,A,base,urgent_first,17358.433333333334,False
5117,2026-01-09 17:35:14,urgent,240,5,C,base,urgent_first,39.9,True
5118,2026-01-09 17:37:13,normal,1440,1,A,base,urgent_first,17356.8,False
5119,2026-01-09 17:38:05,normal,1440,8,A,base,urgent_first,17364.383333333335,False
5120,2026-01-09 17:41:44,normal,1440,3,B,base,urgent_first,17363.016666666666,False
5121,2026-01-09 17:42:02,normal,1440,10,A,base,urgent_first,17372.416666666668,False
5122,2026-01-09 17:43:23,normal,1440,2,B,base,urgent_first,17372.533333333333,False
5123,2026-01-09 17:44:35,normal,1440,1,A,base,urgent_first,17372.416666666668,False
5124,2026-01-09 17:46:14,normal,1440,2,A,base,urgent_first,17373.45,False
5125,2026-01-09 17:46:49,normal,1440,2,C,base,urgent_first,17378.516666666666,False
5126,2026-01-09 17:46:59,normal,1440,9,A,base,urgent_first,17389.433333333334,False
5127,2026-01-09 17:47:38,normal,1440,5,A,base,urgent_first,17392.65,False
5128,2026-01-09 17:49:14,normal,1440,2,A,base,urgent_first,17392.833333333332,False
5129,2026-01-09 17:49:38,normal,1440,6,B,base,urgent_first,17402.166666666668,False
5130,2026-01-09 17:50:28,normal,1440,7,B,base,urgent_first,17411.566666666666,False
5131,2026-01-09 17:50:38,normal,1440,2,A,base,urgent_first,17412.516666666666,False
5132,2026-01-09 17:50:42,normal,1440,2,B,base,urgent_first,17415.883333333335,False
5133,2026-01-09 17:50:52,urgent,240,4,A,base,urgent_first,26.05,True
5134,2026-01-09 17:52:35,normal,1440,8,A,base,urgent_first,17424.0,False
5135,2026-01-09 17:57:38,normal,1440,3,B,base,urgent_first,17421.483333333334,False
5136,2026-01-09 17:57:47,normal,1440,2,B,base,urgent_first,17426.066666666666,False
5137,2026-01-09 17:57:47,normal,1440,2,A,base,urgent_first,17423.316666666666,False
5138,2026-01-09 17:57:49,normal,1440,6,A,base,urgent_first,17431.033333333333,False
5139,2026-01-09 18:02:25,normal,1440,6,A,base,urgent_first,17435.716666666667,False
5140,2026-01-09 18:03:32,normal,1440,4,A,base,urgent_first,17439.083333333332,False
5141,2026-01-09 18:08:27,normal,1440,3,A,base,urgent_first,17436.65,False
5142,2026-01-09 18:10:48,urgent,240,5,A,base,urgent_first,14.966666666666667,True
5143,2026-01-09 18:15:38,normal,1440,5,B,base,urgent_first,17435.933333333334,False
5144,2026-01-09 18:20:00,normal,1440,4,B,base,urgent_first,17436.983333333334,False
5145,2026-01-09 18:22:40,normal,1440,13,C,base,urgent_first,17456.616666666665,False
5146,2026-01-09 18:22:49,normal,1440,4,A,base,urgent_first,17457.966666666667,False
5147,2026-01-09 18:28:12,normal,1440,2,C,base,urgent_first,17454.383333333335,False
5148,2026-01-09 18:31:25,normal,1440,8,B,base,urgent_first,17463.75,False
5149,2026-01-09 18:32:05,normal,1440,1,A,base,urgent_first,17463.766666666666,False
5150,2026-01-09 18:35:27,normal,1440,5,C,base,urgent_first,17470.1,False
5151,2026-01-09 18:37:14,normal,1440,4,A,base,urgent_first,17472.633333333335,False
5152,2026-01-09 18:39:18,normal,1440,2,C,base,urgent_first,17475.233333333334,False
5153,2026-01-09 18:40:04,normal,1440,9,C,base,urgent_first,17490.133333333335,False
5154,2026-01-09 18:46:18,normal,1440,2,A,base,urgent_first,17484.8,False
5155,2026-01-09 18:47:30,normal,1440,2,A,base,urgent_first,17484.7,False
5156,2026-01-09 18:48:02,normal,1440,2,A,base,urgent_first,17485.183333333334,False
5157,2026-01-09 18:53:31,normal,1440,3,B,base,urgent_first,17482.516666666666,False
5158,2026-01-09 18:54:51,normal,1440,4,B,base,urgent_first,17489.183333333334,False
5159,2026-01-09 19:04:02,normal,1440,2,A,base,urgent_first,17481.05,False
5160,2026-01-09 19:04:46,urgent,240,8,C,base,urgent_first,41.7,True
5161,2026-01-09 19:09:08,normal,1440,8,A,base,urgent_first,17484.5,False
5162,2026-01-09 19:09:37,normal,1440,3,B,base,urgent_first,17486.8,False
5163,2026-01-09 19:13:23,normal,1440,6,A,base,urgent_first,17489.916666666668,False
5164,2026-01-09 19:14:23,normal,1440,4,B,base,urgent_first,17493.416666666668,False
5165,2026-01-09 19:18:36,normal,1440,2,A,base,urgent_first,17491.616666666665,False
5166,2026-01-09 19:29:20,normal,1440,2,B,base,urgent_first,17484.083333333332,False
5167,2026-01-09 19:41:17,normal,1440,19,A,base,urgent_first,17490.65,False
5168,2026-01-09 19:58:47,urgent,240,7,A,base,urgent_first,21.5,True
5169,2026-01-09 19:59:17,normal,1440,2,A,base,urgent_first,17473.683333333334,False
5170,2026-01-12 08:00:13,normal,1440,1,B,base,urgent_first,13873.55,False
5171,2026-01-12 08:03:00,normal,1440,3,C,base,urgent_first,13874.75,False
5172,2026-01-12 08:03:22,normal,1440,1,A,base,urgent_first,13875.383333333333,False
5173,2026-01-12 08:05:22,normal,1440,3,B,base,urgent_first,13879.266666666666,False
5174,2026-01-12 08:06:09,normal,1440,4,C,base,urgent_first,13885.9,False
5175,2026-01-12 08:07:13,normal,1440,4,C,base,urgent_first,13890.183333333332,False
5176,2026-01-12 08:07:15,normal,1440,6,C,base,urgent_first,13901.7,False
5177,2026-01-12 08:07:27,normal,1440,5,B,base,urgent_first,13905.25,False
5178,2026-01-12 08:07:42,urgent,240,2,B,base,urgent_first,24.233333333333334,True
5179,2026-01-12 08:08:02,normal,1440,5,A,base,urgent_first,13908.6,False
5180,2026-01-12 08:09:10,normal,1440,3,A,base,urgent_first,13911.783333333333,False
5181,2026-01-12 08:09:46,normal,1440,2,A,base,urgent_first,13913.033333333333,False
5182,2026-01-12 08:09:50,normal,1440,2,A,base,urgent_first,13916.15,False
5183,2026-01-12 08:10:49,normal,1440,5,B,base,urgent_first,13923.9,False
5184,2026-01-12 08:22:54,normal,1440,4,B,base,urgent_first,13915.35,False
5185,2026-01-12 08:23:27,normal,1440,5,B,base,urgent_first,13923.216666666667,False
5186,2026-01-12 08:26:49,normal,1440,6,A,base,urgent_first,13923.316666666668,False
5187,2026-01-12 08:27:49,normal,1440,2,B,base,urgent_first,13925.483333333334,False
5188,2026-01-12 08:29:27,normal,1440,3,A,base,urgent_first,13927.333333333334,False
5189,2026-01-12 08:30:25,urgent,240,4,C,base,urgent_first,110.31666666666666,True
5190,2026-01-12 08:30:46,normal,1440,2,C,base,urgent_first,13931.366666666667,False
5191,2026-01-12 08:31:34,urgent,240,3,C,base,urgent_first,110.5,True
5192,2026-01-12 08:32:24,normal,1440,2,B,base,urgent_first,13933.516666666666,False
5193,2026-01-12 08:33:12,urgent,240,1,C,base,urgent_first,110.0,True
5194,2026-01-12 08:34:15,normal,1440,1,A,base,urgent_first,13933.05,False
5195,2026-01-12 08:37:15,urgent,240,1,A,base,urgent_first,107.08333333333333,True
5196,2026-01-12 08:37:25,normal,1440,2,C,base,urgent_first,13937.15,False
5197,2026-01-12 08:38:26,normal,1440,3,A,base,urgent_first,13939.783333333333,False
5198,2026-01-12 08:39:07,normal,1440,2,B,base,urgent_first,13941.516666666666,False
5199,2026-01-12 08:42:17,normal,1440,1,B,base,urgent_first,13941.216666666667,False
5200,2026-01-12 08:42:27,normal,1440,2,B,base,urgent_first,13946.716666666667,False
5201,2026-01-12 08:43:19,normal,1440,2,B,base,urgent_first,13950.833333333334,False
5202,2026-01-12 08:43:46,normal,1440,6,B,base,urgent_first,13956.683333333332,False
5203,2026-01-12 08:43:47,normal,1440,3,C,base,urgent_first,13963.566666666668,False
5204,2026-01-12 08:44:31,normal,1440,3,B,base,urgent_first,13967.866666666667,False
5205,2026-01-12 08:45:54,urgent,240,2,A,base,urgent_first,99.25,True
5206,2026-01-12 08:46:59,normal,1440,5,C,base,urgent_first,13980.066666666668,False
5207,2026-01-12 08:47:03,normal,1440,5,A,base,urgent_first,13983.183333333332,False
5208,2026-01-12 08:49:59,normal,1440,3,B,base,urgent_first,13984.383333333333,False
5209,2026-01-12 08:50:25,normal,1440,2,A,base,urgent_first,13987.083333333334,False
5210,2026-01-12 08:51:01,normal,1440,7,B,base,urgent_first,13998.533333333333,False
5211,2026-01-12 08:51:52,normal,1440,1,B,base,urgent_first,13998.816666666668,False
5212,2026-01-12 08:52:30,normal,1440,3,A,base,urgent_first,14000.166666666666,False
5213,2026-01-12 08:52:32,normal,1440,5,C,base,urgent_first,14010.6,False
5214,2026-01-12 08:53:05,urgent,240,3,A,base,urgent_first,93.2,True
5215,2026-01-12 08:55:01,normal,1440,2,B,base,urgent_first,14009.666666666666,False
5216,2026-01-12 08:55:44,normal,1440,6,A,base,urgent_first,14015.85,False
5217,2026-01-12 08:56:23,normal,1440,5,A,base,urgent_first,14018.783333333333,False
5218,2026-01-12 08:58:10,normal,1440,2,B,base,urgent_first,14020.133333333333,False
5219,2026-01-12 08:58:16,normal,1440,2,A,base,urgent_first,14023.016666666666,False
5220,2026-01-12 08:58:23,normal,1440,4,B,base,urgent_first,14029.433333333332,False
5221,2026-01-12 08:59:45,normal,1440,1,B,base,urgent_first,14029.133333333333,False
5222,2026-01-12 09:00:45,normal,1440,2,A,base,urgent_first,14031.583333333334,False
5223,2026-01-12 09:01:03,normal,1440,2,A,base,urgent_first,14033.083333333334,False
5224,2026-01-12 09:01:28,normal,1440,1,A,base,urgent_first,14034.533333333333,False
5225,2026-01-12 09:01:30,urgent,240,4,A,base,urgent_first,85.86666666666666,True
5226,2026-01-12 09:02:18,normal,1440,4,A,base,urgent_first,14040.85,False
5227,2026-01-12 09:02:38,normal,1440,3,A,base,urgent_first,14046.516666666666,False
5228,2026-01-12 09:03:15,normal,1440,3,C,base,urgent_first,14054.65,False
5229,2026-01-12 09:03:16,normal,1440,3,A,base,urgent_first,14059.533333333333,False
5230,2026-01-12 09:03:24,normal,1440,3,B,base,urgent_first,14064.3,False
5231,2026-01-12 09:03:26,normal,1440,7,A,base,urgent_first,14070.6,False
5232,2026-01-12 09:03:41,normal,1440,5,C,base,urgent_first,14075.516666666666,False
5233,2026-01-12 09:03:50,normal,1440,3,A,base,urgent_first,14076.716666666667,False
5234,2026-01-12 09:04:10,normal,1440,5,A,base,urgent_first,14082.066666666668,False
5235,2026-01-12 09:04:14,normal,1440,1,C,base,urgent_first,14083.35,False
5236,2026-01-12 09:04:21,normal,1440,3,B,base,urgent_first,14086.083333333334,False
5237,2026-01-12 09:04:33,urgent,240,4,B,base,urgent_first,84.2,True
5238,2026-01-12 09:05:00,normal,1440,1,A,base,urgent_first,14087.083333333334,False
5239,2026-01-12 09:06:06,normal,1440,4,C,base,urgent_first,14096.883333333333,False
5240,2026-01-12 09:06:07,normal,1440,6,B,base,urgent_first,14106.2,False
5241,2026-01-12 09:06:19,normal,1440,3,A,base,urgent_first,14107.35,False
5242,2026-01-12 09:06:32,normal,1440,3,B,base,urgent_first,14116.033333333333,False
5243,2026-01-12 09:06:40,normal,1440,5,A,base,urgent_first,14122.5,False
5244,2026-01-12 09:07:14,normal,1440,5,C,base,urgent_first,14131.0,False
5245,2026-01-12 09:07:16,normal,1440,4,A,base,urgent_first,14133.966666666667,False
5246,2026-01-12 09:07:31,normal,1440,8,C,base,urgent_first,14148.916666666666,False
5247,2026-01-12 09:08:08,normal,1440,2,A,base,urgent_first,14149.266666666666,False
5248,2026-01-12 09:08:15,normal,1440,3,A,base,urgent_first,14150.916666666666,False
5249,2026-01-12 09:09:58,normal,1440,3,A,base,urgent_first,14151.316666666668,False
5250,2026-01-12 09:10:23,normal,1440,8,A,base,urgent_first,14160.933333333332,False
5251,2026-01-12 09:10:39,normal,1440,5,B,base,urgent_first,14164.833333333334,False
5252,2026-01-12 09:10:59,normal,1440,4,A,base,urgent_first,14168.266666666666,False
5253,2026-01-12 09:11:20,normal,1440,4,A,base,urgent_first,14170.483333333334,False
5254,2026-01-12 09:13:05,urgent,240,1,B,base,urgent_first,76.85,True
5255,2026-01-12 09:14:17,normal,1440,2,A,base,urgent_first,14168.933333333332,False
5256,2026-01-12 09:14:44,normal,1440,3,A,base,urgent_first,14173.183333333332,False
5257,2026-01-12 09:16:52,normal,1440,2,C,base,urgent_first,14176.216666666667,False
5258,2026-01-12 09:17:22,normal,1440,2,A,base,urgent_first,14177.8,False
5259,2026-01-12 09:18:56,normal,1440,5,C,base,urgent_first,14187.45,False
5260,2026-01-12 09:19:07,normal,1440,3,B,base,urgent_first,14190.45,False
5261,2026-01-12 09:20:12,urgent,240,5,C,base,urgent_first,71.65,True
5262,2026-01-12 09:20:38,normal,1440,6,B,base,urgent_first,14198.216666666667,False
5263,2026-01-12 09:21:01,normal,1440,3,B,base,urgent_first,14198.833333333334,False
5264,2026-01-12 09:21:03,normal,1440,3,A,base,urgent_first,14203.85,False
5265,2026-01-12 09:22:10,normal,1440,1,A,base,urgent_first,14204.216666666667,False
5266,2026-01-12 09:24:25,normal,1440,7,B,base,urgent_first,14212.1,False
5267,2026-01-12 09:24:58,normal,1440,5,B,base,urgent_first,14215.833333333334,False
5268,2026-01-12 09:25:04,normal,1440,5,B,base,urgent_first,14223.566666666668,False
5269,2026-01-12 09:25:09,normal,1440,5,A,base,urgent_first,14227.133333333333,False
5270,2026-01-12 09:29:06,normal,1440,6,B,base,urgent_first,14230.033333333333,False
5271,2026-01-12 09:29:36,normal,1440,4,A,base,urgent_first,14233.4,False
5272,2026-01-12 09:31:02,normal,1440,1,A,base,urgent_first,14233.45,False
5273,2026-01-12 09:31:51,normal,1440,2,C,base,urgent_first,14240.35,False
5274,2026-01-12 09:32:11,normal,1440,4,C,base,urgent_first,14244.55,False
5275,2026-01-12 09:34:19,urgent,240,7,A,base,urgent_first,59.333333333333336,True
5276,2026-01-12 09:34:33,normal,1440,1,B,base,urgent_first,14243.783333333333,False
5277,2026-01-12 09:35:28,normal,1440,2,B,base,urgent_first,14246.866666666667,False
5278,2026-01-12 09:36:14,normal,1440,3,C,base,urgent_first,14252.983333333334,False
5279,2026-01-12 09:36:57,normal,1440,4,C,base,urgent_first,14259.4,False
5280,2026-01-12 09:37:00,urgent,240,2,B,base,urgent_first,57.56666666666667,True
5281,2026-01-12 09:38:50,normal,1440,1,B,base,urgent_first,14258.55,False
5282,2026-01-12 09:39:13,normal,1440,3,B,base,urgent_first,14264.983333333334,False
5283,2026-01-12 09:39:30,urgent,240,3,A,base,urgent_first,56.55,True
5284,2026-01-12 09:39:32,normal,1440,2,A,base,urgent_first,14266.4,False
5285,2026-01-12 09:41:17,normal,1440,4,A,base,urgent_first,14269.55,False
5286,2026-01-12 09:41:56,normal,1440,2,C,base,urgent_first,14274.4,False
5287,2026-01-12 09:42:27,urgent,240,4,A,base,urgent_first,55.15,True
5288,2026-01-12 09:43:43,normal,1440,2,A,base,urgent_first,14274.283333333333,False
5289,2026-01-12 09:43:52,normal,1440,1,B,base,urgent_first,14276.316666666668,False
5290,2026-01-12 09:44:16,normal,1440,2,A,base,urgent_first,14278.233333333334,False
5291,2026-01-12 09:47:36,normal,1440,3,A,base,urgent_first,14279.533333333333,False
5292,2026-01-12 09:48:07,normal,1440,3,B,base,urgent_first,14288.033333333333,False
5293,2026-01-12 09:48:11,normal,1440,7,A,base,urgent_first,14295.266666666666,False
5294,2026-01-12 09:48:32,normal,1440,2,B,base,urgent_first,14296.883333333333,False
5295,2026-01-12 09:49:00,normal,1440,3,C,base,urgent_first,14302.183333333332,False
5296,2026-01-12 09:51:19,normal,1440,8,A,base,urgent_first,14310.433333333332,False
5297,2026-01-12 09:51:41,normal,1440,2,A,base,urgent_first,14311.133333333333,False
5298,2026-01-12 09:52:22,normal,1440,5,B,base,urgent_first,14316.083333333334,False
5299,2026-01-12 09:52:43,urgent,240,4,A,base,urgent_first,46.483333333333334,True
5300,2026-01-12 09:53:30,normal,1440,7,A,base,urgent_first,14324.683333333332,False
5301,2026-01-12 09:53:50,normal,1440,4,B,base,urgent_first,14327.95,False
5302,2026-01-12 09:55:14,urgent,240,4,C,base,urgent_first,45.266666666666666,True
5303,2026-01-12 09:55:57,normal,1440,1,A,base,urgent_first,14326.733333333334,False
5304,2026-01-12 09:56:22,normal,1440,1,C,base,urgent_first,14328.616666666667,False
5305,2026-01-12 09:56:58,normal,1440,5,B,base,urgent_first,14334.766666666666,False
5306,2026-01-12 09:57:02,normal,1440,1,A,base,urgent_first,14336.116666666667,False
5307,2026-01-12 09:58:11,normal,1440,3,B,base,urgent_first,14338.466666666667,False
5308,2026-01-12 10:00:10,normal,1440,5,A,base,urgent_first,14344.183333333332,False
5309,2026-01-12 10:00:13,normal,1440,3,A,base,urgent_first,14346.633333333333,False
5310,2026-01-12 10:00:57,normal,1440,1,A,base,urgent_first,14347.283333333333,False
5311,2026-01-12 10:01:25,normal,1440,9,A,base,urgent_first,14356.45,False
5312,2026-01-12 10:01:27,normal,1440,2,A,base,urgent_first,14357.433333333332,False
5313,2026-01-12 10:01:28,normal,1440,4,A,base,urgent_first,14362.183333333332,False
5314,2026-01-12 10:01:41,normal,1440,4,C,base,urgent_first,14365.966666666667,False
5315,2026-01-12 10:02:03,normal,1440,5,A,base,urgent_first,14368.033333333333,False
5316,2026-01-12 10:02:09,normal,1440,2,B,base,urgent_first,14370.216666666667,False
5317,2026-01-12 10:02:18,normal,1440,8,B,base,urgent_first,14384.116666666667,False
5318,2026-01-12 10:02:27,normal,1440,2,B,base,urgent_first,14385.383333333333,False
5319,2026-01-12 10:03:35,normal,1440,8,C,base,urgent_first,14401.383333333333,False
5320,2026-01-12 10:04:03,normal,1440,4,A,base,urgent_first,14403.15,False
5321,2026-01-12 10:05:06,normal,1440,3,B,base,urgent_first,14406.216666666667,False
5322,2026-01-12 10:05:13,normal,1440,1,B,base,urgent_first,14409.25,False
5323,2026-01-12 10:05:16,normal,1440,6,A,base,urgent_first,14415.85,False
5324,2026-01-12 10:06:48,normal,1440,9,A,base,urgent_first,14424.15,False
5325,2026-01-12 10:07:14,normal,1440,8,A,base,urgent_first,14434.383333333333,False
5326,2026-01-12 10:08:16,normal,1440,8,B,base,urgent_first,14444.166666666666,False
5327,2026-01-12 10:08:39,urgent,240,3,A,base,urgent_first,33.4,True
5328,2026-01-12 10:08:43,normal,1440,7,B,base,urgent_first,14449.183333333332,False
5329,2026-01-12 10:08:48,normal,1440,6,A,base,urgent_first,14452.85,False
5330,2026-01-12 10:09:49,normal,1440,3,A,base,urgent_first,14456.2,False
5331,2026-01-12 10:09:54,normal,1440,4,A,base,urgent_first,14461.283333333333,False
5332,2026-01-12 10:11:04,normal,1440,3,B,base,urgent_first,14464.316666666668,False
5333,2026-01-12 10:11:22,normal,1440,5,B,base,urgent_first,14471.966666666667,False
5334,2026-01-12 10:11:30,normal,1440,2,A,base,urgent_first,14472.866666666667,False
5335,2026-01-12 10:11:39,normal,1440,9,B,base,urgent_first,14489.416666666666,False
5336,2026-01-12 10:11:49,urgent,240,3,A,base,urgent_first,31.45,True
5337,2026-01-12 10:12:18,normal,1440,2,C,base,urgent_first,14489.983333333334,False
5338,2026-01-12 10:12:42,normal,1440,6,B,base,urgent_first,14496.183333333332,False
5339,2026-01-12 10:13:57,normal,1440,7,A,base,urgent_first,14499.983333333334,False
5340,2026-01-12 10:15:05,normal,1440,1,A,base,urgent_first,14499.866666666667,False
5341,2026-01-12 10:15:32,normal,1440,2,A,base,urgent_first,14501.25,False
5342,2026-01-12 10:16:25,normal,1440,3,A,base,urgent_first,14504.816666666668,False
5343,2026-01-12 10:16:51,normal,1440,2,A,base,urgent_first,14507.55,False
5344,2026-01-12 10:16:54,normal,1440,7,A,base,urgent_first,14516.933333333332,False
5345,2026-01-12 10:17:08,normal,1440,3,A,base,urgent_first,14518.616666666667,False
5346,2026-01-12 10:17:12,normal,1440,4,C,base,urgent_first,14524.083333333334,False
5347,2026-01-12 10:17:23,normal,1440,5,B,base,urgent_first,14531.233333333334,False
5348,2026-01-12 10:18:02,urgent,240,3,B,base,urgent_first,504.4,False
5349,2026-01-12 10:18:29,normal,1440,7,B,base,urgent_first,14541.466666666667,False
5350,2026-01-12 10:19:24,normal,1440,2,A,base,urgent_first,14542.1,False
5351,2026-01-12 10:20:01,normal,1440,3,A,base,urgent_first,14543.416666666666,False
5352,2026-01-12 10:20:05,normal,1440,3,C,base,urgent_first,14547.133333333333,False
5353,2026-01-12 10:20:50,normal,1440,4,A,base,urgent_first,14551.683333333332,False
5354,2026-01-12 10:21:10,normal,1440,5,C,base,urgent_first,14558.333333333334,False
5355,2026-01-12 10:21:39,normal,1440,7,A,base,urgent_first,14565.316666666668,False
5356,2026-01-12 10:22:11,normal,1440,11,B,base,urgent_first,14580.15,False
5357,2026-01-12 10:22:11,normal,1440,2,A,base,urgent_first,14581.1,False
5358,2026-01-12 10:23:11,normal,1440,2,B,base,urgent_first,14581.3,False
5359,2026-01-12 10:23:25,normal,1440,6,A,base,urgent_first,14588.35,False
5360,2026-01-12 10:23:30,normal,1440,6,C,base,urgent_first,14595.4,False
5361,2026-01-12 10:23:44,normal,1440,4,B,base,urgent_first,14601.283333333333,False
5362,2026-01-12 10:23:47,normal,1440,9,A,base,urgent_first,14609.75,False
5363,2026-01-12 10:23:54,normal,1440,3,A,base,urgent_first,14612.0,False
5364,2026-01-12 10:24:28,normal,1440,1,A,base,urgent_first,14612.4,False
5365,2026-01-12 10:25:01,urgent,240,4,A,base,urgent_first,498.9,False
5366,2026-01-12 10:25:08,normal,1440,2,A,base,urgent_first,14614.433333333332,False
5367,2026-01-12 10:25:09,normal,1440,4,B,base,urgent_first,14621.5,False
5368,2026-01-12 10:25:15,normal,1440,2,B,base,urgent_first,14624.066666666668,False
5369,2026-01-12 10:25:27,normal,1440,4,B,base,urgent_first,14631.633333333333,False
5370,2026-01-12 10:25:37,urgent,240,5,B,base,urgent_first,500.1333333333333,False
5371,2026-01-12 10:27:04,normal,1440,5,B,base,urgent_first,14638.6,False
5372,2026-01-12 10:27:09,urgent,240,4,A,base,urgent_first,500.1,False
5373,2026-01-12 10:27:28,normal,1440,3,A,base,urgent_first,14639.883333333333,False
5374,2026-01-12 10:27:57,normal,1440,7,B,base,urgent_first,14650.8,False
5375,2026-01-12 10:28:02,normal,1440,3,B,base,urgent_first,14652.166666666666,False
5376,2026-01-12 10:29:04,normal,1440,4,A,base,urgent_first,14655.2,False
5377,2026-01-12 10:29:05,normal,1440,3,B,base,urgent_first,14661.2,False
5378,2026-01-12 10:29:11,normal,1440,2,A,base,urgent_first,14663.0,False
5379,2026-01-12 10:29:43,urgent,240,2,B,base,urgent_first,498.6,False
5380,2026-01-12 10:30:26,normal,1440,3,B,base,urgent_first,14665.566666666668,False
5381,2026-01-12 10:30:49,normal,1440,5,B,base,urgent_first,14673.333333333334,False
5382,2026-01-12 10:31:17,urgent,240,6,A,base,urgent_first,499.26666666666665,False
5383,2026-01-12 10:31:23,normal,1440,2,B,base,urgent_first,14674.2,False
5384,2026-01-12 10:31:36,normal,1440,2,A,base,urgent_first,14675.5,False
5385,2026-01-12 10:32:27,normal,1440,7,C,base,urgent_first,14689.433333333332,False
5386,2026-01-12 10:32:50,normal,1440,1,B,base,urgent_first,14689.983333333334,False
5387,2026-01-12 10:33:10,urgent,240,2,B,base,urgent_first,498.6,False
5388,2026-01-12 10:33:23,normal,1440,2,A,base,urgent_first,14690.366666666667,False
5389,2026-01-12 10:33:26,normal,1440,2,A,base,urgent_first,14692.05,False
5390,2026-01-12 10:34:37,normal,1440,2,A,base,urgent_first,14692.766666666666,False
5391,2026-01-12 10:35:22,normal,1440,4,B,base,urgent_first,14695.9,False
5392,2026-01-12 10:36:01,urgent,240,3,B,base,urgent_first,497.0833333333333,False
5393,2026-01-12 10:36:20,normal,1440,2,C,base,urgent_first,14698.95,False
5394,2026-01-12 10:36:29,normal,1440,3,B,base,urgent_first,14704.0,False
5395,2026-01-12 10:36:39,normal,1440,5,C,base,urgent_first,14714.733333333334,False
5396,2026-01-12 10:37:26,normal,1440,2,A,base,urgent_first,14715.433333333332,False
5397,2026-01-12 10:37:33,normal,1440,1,A,base,urgent_first,14716.3,False
5398,2026-01-12 10:37:55,normal,1440,2,A,base,urgent_first,14718.35,False
5399,2026-01-12 10:38:39,normal,1440,2,C,base,urgent_first,14722.75,False
5400,2026-01-12 10:38:50,normal,1440,2,B,base,urgent_first,14725.033333333333,False
5401,2026-01-12 10:39:02,normal,1440,3,A,base,urgent_first,14727.883333333333,False
5402,2026-01-12 10:39:05,normal,1440,8,B,base,urgent_first,14741.283333333333,False
5403,2026-01-12 10:39:22,normal,1440,6,B,base,urgent_first,14746.866666666667,False
5404,2026-01-12 10:39:59,normal,1440,3,B,base,urgent_first,14749.4,False
5405,2026-01-12 10:40:11,normal,1440,8,B,base,urgent_first,14766.75,False
5406,2026-01-12 10:41:25,urgent,240,2,A,base,urgent_first,492.51666666666665,False
5407,2026-01-12 10:41:39,normal,1440,3,A,base,urgent_first,14766.433333333332,False
5408,2026-01-12 10:41:41,urgent,240,6,A,base,urgent_first,494.3833333333333,False
5409,2026-01-12 10:41:49,normal,1440,1,A,base,urgent_first,14767.666666666666,False
5410,2026-01-12 10:42:14,normal,1440,5,A,base,urgent_first,14773.816666666668,False
5411,2026-01-12 10:42:53,normal,1440,3,B,base,urgent_first,14777.783333333333,False
5412,2026-01-12 10:43:16,normal,1440,3,C,base,urgent_first,14781.683333333332,False
5413,2026-01-12 10:43:26,normal,1440,1,A,base,urgent_first,14782.45,False
5414,2026-01-12 10:43:33,normal,1440,5,A,base,urgent_first,14787.816666666668,False
5415,2026-01-12 10:43:42,normal,1440,3,A,base,urgent_first,14789.766666666666,False
5416,2026-01-12 10:43:56,normal,1440,10,A,base,urgent_first,14798.916666666666,False
5417,2026-01-12 10:44:26,normal,1440,4,A,base,urgent_first,14799.983333333334,False
5418,2026-01-12 10:44:33,normal,1440,4,A,base,urgent_first,14802.283333333333,False
5419,2026-01-12 10:44:59,normal,1440,4,A,base,urgent_first,14806.233333333334,False
5420,2026-01-12 10:45:33,normal,1440,3,B,base,urgent_first,14808.516666666666,False
5421,2026-01-12 10:45:35,urgent,240,3,C,base,urgent_first,491.8833333333333,False
5422,2026-01-12 10:46:04,normal,1440,4,A,base,urgent_first,14813.166666666666,False
5423,2026-01-12 10:46:08,normal,1440,2,A,base,urgent_first,14815.533333333333,False
5424,2026-01-12 10:46:14,normal,1440,1,C,base,urgent_first,14818.566666666668,False
5425,2026-01-12 10:46:32,normal,1440,2,A,base,urgent_first,14821.1,False
5426,2026-01-12 10:47:05,normal,1440,5,C,base,urgent_first,14831.116666666667,False
5427,2026-01-12 10:47:10,normal,1440,5,B,base,urgent_first,14835.066666666668,False
5428,2026-01-12 10:47:56,normal,1440,1,A,base,urgent_first,14835.233333333334,False
5429,2026-01-12 10:48:02,normal,1440,1,A,base,urgent_first,14836.133333333333,False
5430,2026-01-12 10:48:34,normal,1440,4,A,base,urgent_first,14840.55,False
5431,2026-01-12 10:49:12,normal,1440,16,C,base,urgent_first,14870.35,False
5432,2026-01-12 10:50:27,urgent,240,3,A,base,urgent_first,488.46666666666664,False
5433,2026-01-12 10:50:29,normal,1440,14,A,base,urgent_first,14877.216666666667,False
5434,2026-01-12 10:50:39,normal,1440,1,A,base,urgent_first,14878.083333333334,False
5435,2026-01-12 10:50:40,normal,1440,2,A,base,urgent_first,14879.533333333333,False
5436,2026-01-12 10:50:45,normal,1440,4,B,base,urgent_first,14883.8,False
5437,2026-01-12 10:52:27,normal,1440,3,A,base,urgent_first,14884.2,False
5438,2026-01-12 10:53:49,urgent,240,3,B,base,urgent_first,486.43333333333334,False
5439,2026-01-12 10:55:21,normal,1440,7,A,base,urgent_first,14887.933333333332,False
5440,2026-01-12 10:55:46,urgent,240,9,A,base,urgent_first,486.25,False
5441,2026-01-12 10:55:54,normal,1440,5,B,base,urgent_first,14892.533333333333,False
5442,2026-01-12 10:55:57,normal,1440,4,B,base,urgent_first,14897.533333333333,False
5443,2026-01-12 10:56:06,normal,1440,5,A,base,urgent_first,14903.816666666668,False
5444,2026-01-12 10:57:13,normal,1440,2,B,base,urgent_first,14904.25,False
5445,2026-01-12 10:58:10,normal,1440,6,A,base,urgent_first,14911.15,False
5446,2026-01-12 10:58:21,normal,1440,1,A,base,urgent_first,14912.116666666667,False
5447,2026-01-12 10:58:27,normal,1440,3,A,base,urgent_first,14916.533333333333,False
5448,2026-01-12 10:58:38,normal,1440,2,A,base,urgent_first,14920.533333333333,False
5449,2026-01-12 10:58:49,normal,1440,2,B,base,urgent_first,14923.2,False
5450,2026-01-12 10:59:12,normal,1440,3,B,base,urgent_first,14927.716666666667,False
5451,2026-01-12 10:59:21,normal,1440,3,A,base,urgent_first,14930.283333333333,False
5452,2026-01-12 10:59:36,normal,1440,4,C,base,urgent_first,14941.816666666668,False
5453,2026-01-12 11:00:23,normal,1440,4,C,base,urgent_first,14947.133333333333,False
5454,2026-01-12 11:02:25,normal,1440,2,A,base,urgent_first,14947.966666666667,False
5455,2026-01-12 11:02:31,urgent,240,4,A,base,urgent_first,480.56666666666666,False
5456,2026-01-12 11:03:25,normal,1440,3,A,base,urgent_first,14949.833333333334,False
5457,2026-01-12 11:04:04,normal,1440,2,A,base,urgent_first,14952.716666666667,False
5458,2026-01-12 11:04:07,normal,1440,3,C,base,urgent_first,14959.983333333334,False
5459,2026-01-12 11:04:21,normal,1440,6,A,base,urgent_first,14968.7,False
5460,2026-01-12 11:04:30,normal,1440,4,B,base,urgent_first,14979.15,False
5461,2026-01-12 11:05:05,normal,1440,2,B,base,urgent_first,14981.816666666668,False
5462,2026-01-12 11:05:27,normal,1440,9,B,base,urgent_first,14994.366666666667,False
5463,2026-01-12 11:06:07,normal,1440,2,B,base,urgent_first,14995.25,False
5464,2026-01-12 11:06:09,urgent,240,1,C,base,urgent_first,478.0833333333333,False
5465,2026-01-12 11:06:17,normal,1440,1,B,base,urgent_first,14996.016666666666,False
5466,2026-01-12 11:06:18,normal,1440,7,A,base,urgent_first,15003.6,False
5467,2026-01-12 11:07:33,normal,1440,5,C,base,urgent_first,15011.316666666668,False
5468,2026-01-12 11:08:55,normal,1440,4,C,base,urgent_first,15013.033333333333,False
5469,2026-01-12 11:09:07,normal,1440,4,A,base,urgent_first,15015.25,False
5470,2026-01-12 11:09:10,normal,1440,3,C,base,urgent_first,15019.833333333334,False
5471,2026-01-12 11:09:26,normal,1440,5,C,base,urgent_first,15028.566666666668,False
5472,2026-01-12 11:09:52,normal,1440,1,C,base,urgent_first,15029.483333333334,False
5473,2026-01-12 11:11:48,normal,1440,4,B,base,urgent_first,15032.083333333334,False
5474,2026-01-12 11:12:08,urgent,240,4,B,base,urgent_first,473.5833333333333,False
5475,2026-01-12 11:12:17,normal,1440,5,A,base,urgent_first,15035.866666666667,False
5476,2026-01-12 11:13:36,normal,1440,2,A,base,urgent_first,15036.766666666666,False
5477,2026-01-12 11:14:03,normal,1440,6,B,base,urgent_first,15046.333333333334,False
5478,2026-01-12 11:14:31,normal,1440,2,B,base,urgent_first,15047.133333333333,False
5479,2026-01-12 11:15:06,normal,1440,2,B,base,urgent_first,15049.8,False
5480,2026-01-12 11:15:25,normal,1440,14,B,base,urgent_first,15070.466666666667,False
5481,2026-01-12 11:16:27,normal,1440,4,B,base,urgent_first,15070.883333333333,False
5482,2026-01-12 11:16:28,normal,1440,5,B,base,urgent_first,15076.666666666666,False
5483,2026-01-12 11:16:38,normal,1440,2,C,base,urgent_first,15080.55,False
5484,2026-01-12 11:16:55,urgent,240,6,B,base,urgent_first,471.0833333333333,False
5485,2026-01-12 11:16:58,normal,1440,3,C,base,urgent_first,15088.4,False
5486,2026-01-12 11:17:52,urgent,240,2,B,base,urgent_first,471.43333333333334,False
5487,2026-01-12 11:18:27,normal,1440,2,A,base,urgent_first,15089.266666666666,False
5488,2026-01-12 11:19:11,normal,1440,5,A,base,urgent_first,15093.483333333334,False
5489,2026-01-12 11:19:24,normal,1440,3,B,base,urgent_first,15095.766666666666,False
5490,2026-01-12 11:20:15,normal,1440,2,A,base,urgent_first,15098.266666666666,False
5491,2026-01-12 11:20:19,normal,1440,3,B,base,urgent_first,15104.183333333332,False
5492,2026-01-12 11:20:31,normal,1440,2,A,base,urgent_first,15106.416666666666,False
5493,2026-01-12 11:20:39,normal,1440,9,B,base,urgent_first,15114.716666666667,False
5494,2026-01-12 11:20:45,normal,1440,3,C,base,urgent_first,15117.233333333334,False
5495,2026-01-12 11:20:55,normal,1440,4,A,base,urgent_first,15120.983333333334,False
5496,2026-01-12 11:21:32,normal,1440,3,C,base,urgent_first,15124.983333333334,False
5497,2026-01-12 11:22:12,urgent,240,3,B,base,urgent_first,468.4166666666667,False
5498,2026-01-12 11:22:25,normal,1440,2,C,base,urgent_first,15127.666666666666,False
5499,2026-01-12 11:22:32,urgent,240,7,A,base,urgent_first,470.25,False
5500,2026-01-12 11:22:45,normal,1440,5,A,base,urgent_first,15136.283333333333,False
5501,2026-01-12 11:23:13,normal,1440,6,A,base,urgent_first,15145.45,False
5502,2026-01-12 11:24:00,normal,1440,4,A,base,urgent_first,15147.716666666667,False
5503,2026-01-12 11:24:07,normal,1440,2,A,base,urgent_first,15150.816666666668,False
5504,2026-01-12 11:25:01,normal,1440,4,A,base,urgent_first,15153.216666666667,False
5505,2026-01-12 11:25:23,normal,1440,5,C,base,urgent_first,15164.55,False
5506,2026-01-12 11:25:35,normal,1440,2,A,base,urgent_first,15165.5,False
5507,2026-01-12 11:25:37,normal,1440,3,B,base,urgent_first,15169.866666666667,False
5508,2026-01-12 11:26:08,urgent,240,4,A,base,urgent_first,468.21666666666664,False
5509,2026-01-12 11:26:11,normal,1440,1,B,base,urgent_first,15170.483333333334,False
5510,2026-01-12 11:26:19,normal,1440,7,B,base,urgent_first,15182.183333333332,False
5511,2026-01-12 11:27:06,normal,1440,7,A,base,urgent_first,15187.866666666667,False
5512,2026-01-12 11:27:09,normal,1440,4,A,base,urgent_first,15190.016666666666,False
5513,2026-01-12 11:27:12,normal,1440,6,B,base,urgent_first,15196.383333333333,False
5514,2026-01-12 11:27:31,normal,1440,5,C,base,urgent_first,15203.566666666668,False
5515,2026-01-12 11:28:12,normal,1440,4,A,base,urgent_first,15204.6,False
5516,2026-01-12 11:28:54,normal,1440,2,B,base,urgent_first,15205.816666666668,False
5517,2026-01-12 11:29:08,urgent,240,2,A,base,urgent_first,466.48333333333335,False
5518,2026-01-12 11:29:12,normal,1440,7,A,base,urgent_first,15212.133333333333,False
5519,2026-01-12 11:29:19,normal,1440,2,C,base,urgent_first,15214.183333333332,False
5520,2026-01-12 11:29:40,normal,1440,3,A,base,urgent_first,15217.483333333334,False
5521,2026-01-12 11:30:06,normal,1440,4,A,base,urgent_first,15220.15,False
5522,2026-01-12 11:30:12,normal,1440,3,A,base,urgent_first,15222.916666666666,False
5523,2026-01-12 11:30:20,normal,1440,2,A,base,urgent_first,15223.933333333332,False
5524,2026-01-12 11:30:41,normal,1440,2,C,base,urgent_first,15230.55,False
5525,2026-01-12 11:30:56,normal,1440,1,A,base,urgent_first,15232.816666666668,False
5526,2026-01-12 11:30:57,normal,1440,4,A,base,urgent_first,15238.3,False
5527,2026-01-12 11:31:08,urgent,240,14,A,base,urgent_first,467.56666666666666,False
5528,2026-01-12 11:31:17,urgent,240,2,B,base,urgent_first,468.68333333333334,False
5529,2026-01-12 11:31:31,normal,1440,1,B,base,urgent_first,15238.766666666666,False
5530,2026-01-12 11:33:23,normal,1440,3,C,base,urgent_first,15245.766666666666,False
5531,2026-01-12 11:34:12,normal,1440,3,C,base,urgent_first,15248.3,False
5532,2026-01-12 11:35:29,normal,1440,3,B,base,urgent_first,15250.216666666667,False
5533,2026-01-12 11:35:33,normal,1440,1,B,base,urgent_first,15253.466666666667,False
5534,2026-01-12 11:36:01,urgent,240,8,A,base,urgent_first,466.65,False
5535,2026-01-12 11:36:08,normal,1440,3,A,base,urgent_first,15256.8,False
5536,2026-01-12 11:36:40,urgent,240,1,A,base,urgent_first,466.9166666666667,False
5537,2026-01-12 11:37:54,normal,1440,5,A,base,urgent_first,15261.283333333333,False
5538,2026-01-12 11:38:03,normal,1440,4,A,base,urgent_first,15263.933333333332,False
5539,2026-01-12 11:38:11,normal,1440,5,B,base,urgent_first,15270.783333333333,False
5540,2026-01-12 11:38:23,urgent,240,10,A,base,urgent_first,467.73333333333335,False
5541,2026-01-12 11:38:41,normal,1440,2,B,base,urgent_first,15272.133333333333,False
5542,2026-01-12 11:41:42,normal,1440,3,B,base,urgent_first,15275.45,False
5543,2026-01-12 11:41:46,normal,1440,4,B,base,urgent_first,15283.55,False
5544,2026-01-12 11:41:58,normal,1440,3,A,base,urgent_first,15285.683333333332,False
5545,2026-01-12 11:42:37,urgent,240,1,C,base,urgent_first,464.55,False
5546,2026-01-12 11:42:45,normal,1440,5,B,base,urgent_first,15290.966666666667,False
5547,2026-01-12 11:42:56,normal,1440,4,B,base,urgent_first,15295.4,False
5548,2026-01-12 11:43:17,normal,1440,1,A,base,urgent_first,15295.866666666667,False
5549,2026-01-12 11:43:31,normal,1440,3,A,base,urgent_first,15299.083333333334,False
5550,2026-01-12 11:43:52,normal,1440,12,A,base,urgent_first,15314.616666666667,False
5551,2026-01-12 11:44:18,urgent,240,1,A,base,urgent_first,463.85,False
5552,2026-01-12 11:44:24,urgent,240,4,B,base,urgent_first,465.1166666666667,False
5553,2026-01-12 11:44:27,normal,1440,2,A,base,urgent_first,15315.066666666668,False
5554,2026-01-12 11:44:38,normal,1440,2,C,base,urgent_first,15316.016666666666,False
5555,2026-01-12 11:45:06,normal,1440,5,C,base,urgent_first,15328.15,False
5556,2026-01-12 11:45:18,normal,1440,3,A,base,urgent_first,15330.133333333333,False
5557,2026-01-12 11:46:04,normal,1440,3,C,base,urgent_first,15337.933333333332,False
5558,2026-01-12 11:46:07,normal,1440,3,C,base,urgent_first,15343.116666666667,False
5559,2026-01-12 11:46:33,normal,1440,2,B,base,urgent_first,15345.216666666667,False
5560,2026-01-12 11:47:42,normal,1440,3,A,base,urgent_first,15350.3,False
5561,2026-01-12 11:48:52,normal,1440,2,C,base,urgent_first,15353.216666666667,False
5562,2026-01-12 11:49:50,normal,1440,4,B,base,urgent_first,15360.2,False
5563,2026-01-12 11:50:09,normal,1440,6,B,base,urgent_first,15367.066666666668,False
5564,2026-01-12 11:50:21,urgent,240,2,B,base,urgent_first,460.35,False
5565,2026-01-12 11:50:27,normal,1440,3,A,base,urgent_first,15368.316666666668,False
5566,2026-01-12 11:50:35,normal,1440,3,B,base,urgent_first,15373.916666666666,False
5567,2026-01-12 11:50:49,normal,1440,1,B,base,urgent_first,15375.35,False
5568,2026-01-12 11:50:52,normal,1440,3,A,base,urgent_first,15381.7,False
5569,2026-01-12 11:50:52,normal,1440,2,A,base,urgent_first,15384.483333333334,False
5570,2026-01-12 11:50:52,normal,1440,6,B,base,urgent_first,15397.183333333332,False
5571,2026-01-12 11:51:36,normal,1440,4,B,base,urgent_first,15401.716666666667,False
5572,2026-01-12 11:51:37,normal,1440,3,A,base,urgent_first,15403.6,False
5573,2026-01-12 11:51:47,urgent,240,4,A,base,urgent_first,460.1666666666667,False
5574,2026-01-12 11:52:07,normal,1440,3,A,base,urgent_first,15408.2,False
5575,2026-01-12 11:52:26,normal,1440,4,A,base,urgent_first,15412.183333333332,False
5576,2026-01-12 11:52:32,normal,1440,2,A,base,urgent_first,15414.35,False
5577,2026-01-12 11:52:36,normal,1440,3,C,base,urgent_first,15418.85,False
5578,2026-01-12 11:52:59,normal,1440,7,B,base,urgent_first,15427.7,False
5579,2026-01-12 11:53:07,normal,1440,3,C,base,urgent_first,15431.766666666666,False
5580,2026-01-12 11:53:08,normal,1440,3,C,base,urgent_first,15436.85,False
5581,2026-01-12 11:53:55,normal,1440,8,A,base,urgent_first,15447.616666666667,False
5582,2026-01-12 11:54:09,normal,1440,3,A,base,urgent_first,15450.0,False
5583,2026-01-12 11:54:15,normal,1440,4,B,base,urgent_first,15455.55,False
5584,2026-01-12 11:54:25,normal,1440,3,A,base,urgent_first,15456.716666666667,False
5585,2026-01-12 11:54:54,normal,1440,5,A,base,urgent_first,15459.05,False
5586,2026-01-12 11:55:01,normal,1440,5,B,base,urgent_first,15467.133333333333,False
5587,2026-01-12 11:55:21,normal,1440,3,A,base,urgent_first,15468.666666666666,False
5588,2026-01-12 11:56:14,normal,1440,3,A,base,urgent_first,15470.383333333333,False
5589,2026-01-12 11:56:16,normal,1440,4,B,base,urgent_first,15477.133333333333,False
5590,2026-01-12 11:56:26,normal,1440,4,A,base,urgent_first,15481.683333333332,False
5591,2026-01-12 11:56:38,normal,1440,2,C,base,urgent_first,15486.016666666666,False
5592,2026-01-12 11:57:16,normal,1440,2,C,base,urgent_first,15489.483333333334,False
5593,2026-01-12 11:57:20,normal,1440,6,A,base,urgent_first,15494.8,False
5594,2026-01-12 11:57:42,urgent,240,1,B,base,urgent_first,455.4,False
5595,2026-01-12 11:57:43,normal,1440,3,A,base,urgent_first,15495.95,False
5596,2026-01-12 11:58:07,normal,1440,3,B,base,urgent_first,15500.066666666668,False
5597,2026-01-12 11:58:38,urgent,240,3,B,base,urgent_first,455.7,False
5598,2026-01-12 11:59:12,normal,1440,5,A,base,urgent_first,15503.166666666666,False
5599,2026-01-12 11:59:22,normal,1440,3,A,base,urgent_first,15505.983333333334,False
5600,2026-01-12 11:59:55,normal,1440,5,C,base,urgent_first,15517.6,False
5601,2026-01-12 12:00:39,normal,1440,13,C,base,urgent_first,15538.6,False
5602,2026-01-12 12:00:45,normal,1440,1,A,base,urgent_first,15539.466666666667,False
5603,2026-01-12 12:01:27,normal,1440,5,C,base,urgent_first,15544.683333333332,False
5604,2026-01-12 12:02:12,normal,1440,7,B,base,urgent_first,15549.783333333333,False
5605,2026-01-12 12:02:15,normal,1440,1,A,base,urgent_first,15550.516666666666,False
5606,2026-01-12 12:03:12,normal,1440,8,B,base,urgent_first,15560.85,False
5607,2026-01-12 12:03:19,normal,1440,6,B,base,urgent_first,15568.783333333333,False
5608,2026-01-12 12:05:15,normal,1440,7,A,base,urgent_first,15575.166666666666,False
5609,2026-01-12 12:05:40,urgent,240,6,A,base,urgent_first,450.05,False
5610,2026-01-12 12:06:34,normal,1440,1,B,base,urgent_first,15574.766666666666,False
5611,2026-01-12 12:06:39,normal,1440,2,B,base,urgent_first,15576.033333333333,False
5612,2026-01-12 12:07:25,urgent,240,3,C,base,urgent_first,449.76666666666665,False
5613,2026-01-12 12:09:01,normal,1440,4,A,base,urgent_first,15577.05,False
5614,2026-01-12 12:09:55,normal,1440,2,A,base,urgent_first,15579.633333333333,False
5615,2026-01-12 12:13:39,normal,1440,2,A,base,urgent_first,15582.116666666667,False
5616,2026-01-12 12:13:52,normal,1440,4,A,base,urgent_first,15586.833333333334,False
5617,2026-01-12 12:14:16,normal,1440,2,A,base,urgent_first,15588.033333333333,False
5618,2026-01-12 12:14:34,normal,1440,5,C,base,urgent_first,15597.516666666666,False
5619,2026-01-12 12:14:59,normal,1440,5,B,base,urgent_first,15601.983333333334,False
5620,2026-01-12 12:15:15,normal,1440,1,B,base,urgent_first,15602.783333333333,False
5621,2026-01-12 12:15:56,normal,1440,4,A,base,urgent_first,15608.95,False
5622,2026-01-12 12:16:26,normal,1440,2,B,base,urgent_first,15613.183333333332,False
5623,2026-01-12 12:17:09,urgent,240,2,B,base,urgent_first,440.98333333333335,False
5624,2026-01-12 12:17:50,normal,1440,1,A,base,urgent_first,15613.166666666666,False
5625,2026-01-12 12:18:45,urgent,240,7,A,base,urgent_first,441.0833333333333,False
5626,2026-01-12 12:19:11,normal,1440,10,A,base,urgent_first,15621.7,False
5627,2026-01-12 12:21:19,normal,1440,8,B,base,urgent_first,15627.583333333334,False
5628,2026-01-12 12:21:53,normal,1440,2,C,base,urgent_first,15629.466666666667,False
5629,2026-01-12 12:23:14,normal,1440,2,B,base,urgent_first,15630.45,False
5630,2026-01-12 12:24:40,urgent,240,2,A,base,urgent_first,436.53333333333336,False
5631,2026-01-12 12:24:45,normal,1440,3,C,base,urgent_first,15631.9,False
5632,2026-01-12 12:26:39,normal,1440,3,A,base,urgent_first,15633.0,False
5633,2026-01-12 12:28:15,normal,1440,2,A,base,urgent_first,15633.183333333332,False
5634,2026-01-12 12:28:35,normal,1440,1,B,base,urgent_first,15635.85,False
5635,2026-01-12 12:29:00,normal,1440,1,C,base,urgent_first,15640.45,False
5636,2026-01-12 12:29:44,urgent,240,3,A,base,urgent_first,432.93333333333334,False
5637,2026-01-12 12:30:19,normal,1440,2,B,base,urgent_first,15644.233333333334,False
5638,2026-01-12 12:30:20,normal,1440,1,B,base,urgent_first,15645.883333333333,False
5639,2026-01-12 12:30:21,normal,1440,2,B,base,urgent_first,15649.416666666666,False
5640,2026-01-12 12:31:15,normal,1440,11,A,base,urgent_first,15667.383333333333,False
5641,2026-01-12 12:33:02,normal,1440,5,C,base,urgent_first,15669.183333333332,False
5642,2026-01-12 12:34:43,normal,1440,2,B,base,urgent_first,15669.216666666667,False
5643,2026-01-12 12:34:52,normal,1440,4,A,base,urgent_first,15672.45,False
5644,2026-01-12 12:34:54,normal,1440,3,C,base,urgent_first,15675.7,False
5645,2026-01-12 12:35:25,normal,1440,2,A,base,urgent_first,15678.266666666666,False
5646,2026-01-12 12:36:08,normal,1440,4,C,base,urgent_first,15686.766666666666,False
5647,2026-01-12 12:37:00,normal,1440,3,A,base,urgent_first,15687.583333333334,False
5648,2026-01-12 12:37:44,normal,1440,1,A,base,urgent_first,15688.233333333334,False
5649,2026-01-12 12:38:29,normal,1440,2,A,base,urgent_first,15689.466666666667,False
5650,2026-01-12 12:40:28,normal,1440,7,B,base,urgent_first,15697.616666666667,False
5651,2026-01-12 12:40:38,normal,1440,2,A,base,urgent_first,15698.366666666667,False
5652,2026-01-12 12:41:00,normal,1440,2,B,base,urgent_first,15699.533333333333,False
5653,2026-01-12 12:41:39,normal,1440,2,B,base,urgent_first,15702.45,False
5654,2026-01-12 12:41:59,normal,1440,1,B,base,urgent_first,15703.45,False
5655,2026-01-12 12:42:02,normal,1440,3,A,base,urgent_first,15707.4,False
5656,2026-01-12 12:42:34,normal,1440,3,A,base,urgent_first,15712.55,False
5657,2026-01-12 12:42:53,normal,1440,2,A,base,urgent_first,15715.45,False
5658,2026-01-12 12:43:54,normal,1440,2,B,base,urgent_first,15718.35,False
5659,2026-01-12 12:44:14,urgent,240,2,B,base,urgent_first,419.81666666666666,False
5660,2026-01-12 12:44:22,normal,1440,2,A,base,urgent_first,15720.366666666667,False
5661,2026-01-12 12:44:46,normal,1440,3,A,base,urgent_first,15723.15,False
5662,2026-01-12 12:44:47,normal,1440,3,A,base,urgent_first,15726.266666666666,False
5663,2026-01-12 12:44:47,normal,1440,8,A,base,urgent_first,15737.733333333334,False
5664,2026-01-12 12:45:00,normal,1440,3,A,base,urgent_first,15739.283333333333,False
5665,2026-01-12 12:45:50,normal,1440,2,A,base,urgent_first,15740.95,False
5666,2026-01-12 12:46:46,normal,1440,7,B,base,urgent_first,15750.466666666667,False
5667,2026-01-12 12:47:12,normal,1440,4,B,base,urgent_first,15754.583333333334,False
5668,2026-01-12 12:47:18,normal,1440,7,A,base,urgent_first,15762.233333333334,False
5669,2026-01-12 12:48:04,urgent,240,2,B,base,urgent_first,417.18333333333334,False
5670,2026-01-12 12:48:15,normal,1440,3,B,base,urgent_first,15764.283333333333,False
5671,2026-01-12 12:48:54,normal,1440,2,A,base,urgent_first,15765.833333333334,False
5672,2026-01-12 12:50:53,normal,1440,7,C,base,urgent_first,15784.266666666666,False
5673,2026-01-12 12:51:00,normal,1440,2,A,base,urgent_first,15785.15,False
5674,2026-01-12 12:51:10,normal,1440,3,A,base,urgent_first,15787.633333333333,False
5675,2026-01-12 12:51:27,normal,1440,3,C,base,urgent_first,15789.716666666667,False
5676,2026-01-12 12:51:35,urgent,240,5,B,base,urgent_first,415.43333333333334,False
5677,2026-01-12 12:51:45,normal,1440,9,C,base,urgent_first,15804.166666666666,False
5678,2026-01-12 12:52:05,normal,1440,6,B,base,urgent_first,15807.216666666667,False
5679,2026-01-12 12:52:41,normal,1440,2,A,base,urgent_first,15807.533333333333,False
5680,2026-01-12 12:54:20,normal,1440,2,B,base,urgent_first,15810.333333333334,False
5681,2026-01-12 12:54:58,normal,1440,7,C,base,urgent_first,15821.883333333333,False
5682,2026-01-12 12:55:05,normal,1440,8,A,base,urgent_first,15826.566666666668,False
5683,2026-01-12 12:55:31,normal,1440,3,A,base,urgent_first,15827.816666666668,False
5684,2026-01-12 12:57:08,normal,1440,3,B,base,urgent_first,15832.433333333332,False
5685,2026-01-12 12:59:11,normal,1440,2,B,base,urgent_first,15833.116666666667,False
5686,2026-01-12 12:59:28,normal,1440,2,C,base,urgent_first,15837.583333333334,False
5687,2026-01-12 13:00:16,normal,1440,6,A,base,urgent_first,15846.516666666666,False
5688,2026-01-12 13:01:56,normal,1440,4,B,base,urgent_first,15852.75,False
5689,2026-01-12 13:02:13,urgent,240,2,B,base,urgent_first,405.95,False
5690,2026-01-12 13:02:40,normal,1440,2,B,base,urgent_first,15854.233333333334,False
5691,2026-01-12 13:03:08,normal,1440,2,B,base,urgent_first,15858.7,False
5692,2026-01-12 13:03:14,normal,1440,5,A,base,urgent_first,15865.083333333334,False
5693,2026-01-12 13:05:21,normal,1440,3,B,base,urgent_first,15867.4,False
5694,2026-01-12 13:06:50,normal,1440,3,B,base,urgent_first,15869.416666666666,False
5695,2026-01-12 13:07:35,normal,1440,2,B,base,urgent_first,15870.183333333332,False
5696,2026-01-12 13:08:02,normal,1440,6,B,base,urgent_first,15878.966666666667,False
5697,2026-01-12 13:10:41,normal,1440,3,A,base,urgent_first,15878.7,False
5698,2026-01-12 13:11:07,normal,1440,2,A,base,urgent_first,15880.383333333333,False
5699,2026-01-12 13:11:33,normal,1440,3,B,base,urgent_first,15885.066666666668,False
5700,2026-01-12 13:13:04,normal,1440,2,C,base,urgent_first,15885.566666666668,False
5701,2026-01-12 13:13:51,urgent,240,1,B,base,urgent_first,395.1333333333333,False
5702,2026-01-12 13:14:55,normal,1440,2,B,base,urgent_first,15886.233333333334,False
5703,2026-01-12 13:16:05,urgent,240,3,A,base,urgent_first,394.18333333333334,False
5704,2026-01-12 13:16:21,normal,1440,14,B,base,urgent_first,15902.466666666667,False
5705,2026-01-12 13:16:43,normal,1440,4,B,base,urgent_first,15903.4,False
5706,2026-01-12 13:17:14,normal,1440,6,C,base,urgent_first,15912.766666666666,False
5707,2026-01-12 13:18:02,normal,1440,4,C,base,urgent_first,15919.333333333334,False
5708,2026-01-12 13:18:04,normal,1440,6,A,base,urgent_first,15926.05,False
5709,2026-01-12 13:20:57,normal,1440,2,B,base,urgent_first,15925.216666666667,False
5710,2026-01-12 13:21:31,normal,1440,3,B,base,urgent_first,15929.45,False
5711,2026-01-12 13:25:50,normal,1440,10,A,base,urgent_first,15944.116666666667,False
5712,2026-01-12 13:26:26,normal,1440,3,A,base,urgent_first,15944.9,False
5713,2026-01-12 13:26:43,normal,1440,2,B,base,urgent_first,15947.9,False
5714,2026-01-12 13:27:08,normal,1440,3,B,base,urgent_first,15950.533333333333,False
5715,2026-01-12 13:30:07,urgent,240,1,C,base,urgent_first,381.01666666666665,False
5716,2026-01-12 13:30:17,normal,1440,15,A,base,urgent_first,15961.65,False
5717,2026-01-12 13:30:22,normal,1440,2,A,base,urgent_first,15962.7,False
5718,2026-01-12 13:30:51,normal,1440,4,B,base,urgent_first,15964.833333333334,False
5719,2026-01-12 13:35:39,normal,1440,3,B,base,urgent_first,15961.883333333333,False
5720,2026-01-12 13:42:48,normal,1440,1,A,base,urgent_first,15956.1,False
5721,2026-01-12 13:44:28,urgent,240,3,A,base,urgent_first,367.98333333333335,False
5722,2026-01-12 13:46:09,normal,1440,6,C,base,urgent_first,15963.766666666666,False
5723,2026-01-12 13:53:06,normal,1440,4,B,base,urgent_first,15960.066666666668,False
5724,2026-01-12 13:54:15,normal,1440,6,A,base,urgent_first,15966.833333333334,False
5725,2026-01-12 13:55:27,normal,1440,6,A,base,urgent_first,15970.566666666668,False
5726,2026-01-12 13:56:52,normal,1440,2,A,base,urgent_first,15970.2,False
5727,2026-01-12 13:58:09,normal,1440,4,A,base,urgent_first,15976.816666666668,False
5728,2026-01-12 13:59:03,urgent,240,6,A,base,urgent_first,355.18333333333334,False
5729,2026-01-12 13:59:55,urgent,240,2,C,base,urgent_first,355.65,False
5730,2026-01-12 14:00:06,normal,1440,5,A,base,urgent_first,15982.283333333333,False
5731,2026-01-12 14:00:18,normal,1440,14,A,base,urgent_first,15996.383333333333,False
5732,2026-01-12 14:01:01,normal,1440,3,A,base,urgent_first,15997.15,False
5733,2026-01-12 14:01:24,normal,1440,1,A,base,urgent_first,15998.3,False
5734,2026-01-12 14:10:09,normal,1440,7,A,base,urgent_first,15993.333333333334,False
5735,2026-01-12 14:11:06,normal,1440,6,B,base,urgent_first,15998.616666666667,False
5736,2026-01-12 14:13:43,normal,1440,1,B,base,urgent_first,15996.8,False
5737,2026-01-12 14:14:30,normal,1440,5,A,base,urgent_first,15999.533333333333,False
5738,2026-01-12 14:15:34,normal,1440,3,B,base,urgent_first,16003.716666666667,False
5739,2026-01-12 14:15:43,normal,1440,3,A,base,urgent_first,16007.916666666666,False
5740,2026-01-12 14:16:16,normal,1440,2,A,base,urgent_first,16010.5,False
5741,2026-01-12 14:17:23,normal,1440,2,A,base,urgent_first,16012.7,False
5742,2026-01-12 14:19:14,normal,1440,4,A,base,urgent_first,16015.966666666667,False
5743,2026-01-12 14:20:06,normal,1440,4,A,base,urgent_first,16017.966666666667,False
5744,2026-01-12 14:21:00,normal,1440,4,B,base,urgent_first,16022.966666666667,False
5745,2026-01-12 14:21:09,normal,1440,3,A,base,urgent_first,16025.383333333333,False
5746,2026-01-12 14:24:13,normal,1440,3,A,base,urgent_first,16027.0,False
5747,2026-01-12 14:24:16,normal,1440,6,C,base,urgent_first,16036.55,False
5748,2026-01-12 14:25:49,normal,1440,2,A,base,urgent_first,16036.333333333334,False
5749,2026-01-12 14:26:36,normal,1440,2,A,base,urgent_first,16037.183333333332,False
5750,2026-01-12 14:26:59,normal,1440,2,C,base,urgent_first,16039.566666666668,False
5751,2026-01-12 14:28:10,normal,1440,1,A,base,urgent_first,16040.233333333334,False
5752,2026-01-12 14:30:00,normal,1440,2,A,base,urgent_first,16041.7,False
5753,2026-01-12 14:30:53,normal,1440,2,B,base,urgent_first,16042.516666666666,False
5754,2026-01-12 14:31:26,normal,1440,10,C,base,urgent_first,16064.433333333332,False
5755,2026-01-12 14:31:50,normal,1440,3,B,base,urgent_first,16065.533333333333,False
5756,2026-01-12 14:33:07,normal,1440,4,B,base,urgent_first,16069.033333333333,False
5757,2026-01-12 14:34:46,urgent,240,5,C,base,urgent_first,322.98333333333335,False
5758,2026-01-12 14:35:48,normal,1440,8,A,base,urgent_first,16075.333333333334,False
5759,2026-01-12 14:36:15,normal,1440,12,A,base,urgent_first,16084.833333333334,False
5760,2026-01-12 14:36:22,normal,1440,6,B,base,urgent_first,16088.2,False
5761,2026-01-12 14:36:24,urgent,240,3,A,base,urgent_first,322.6,False
5762,2026-01-12 14:36:24,normal,1440,12,B,base,urgent_first,16108.7,False
5763,2026-01-12 14:37:04,normal,1440,4,B,base,urgent_first,16110.7,False
5764,2026-01-12 14:37:16,normal,1440,3,A,base,urgent_first,16112.433333333332,False
5765,2026-01-12 14:38:59,normal,1440,1,B,base,urgent_first,16111.933333333332,False
5766,2026-01-12 14:40:16,normal,1440,4,A,base,urgent_first,16114.283333333333,False
5767,2026-01-12 14:41:20,normal,1440,2,A,base,urgent_first,16114.416666666666,False
5768,2026-01-12 14:41:33,normal,1440,3,A,base,urgent_first,16116.916666666666,False
5769,2026-01-12 14:41:46,normal,1440,4,A,base,urgent_first,16119.333333333334,False
5770,2026-01-12 14:43:20,urgent,240,6,A,base,urgent_first,318.03333333333336,False
5771,2026-01-12 14:44:25,normal,1440,3,B,base,urgent_first,16119.233333333334,False
5772,2026-01-12 14:44:48,normal,1440,2,A,base,urgent_first,16120.683333333332,False
5773,2026-01-12 14:44:59,normal,1440,2,A,base,urgent_first,16122.516666666666,False
5774,2026-01-12 14:45:05,normal,1440,1,C,base,urgent_first,16124.816666666668,False
5775,2026-01-12 14:45:06,normal,1440,2,B,base,urgent_first,16129.183333333332,False
5776,2026-01-12 14:45:14,urgent,240,2,C,base,urgent_first,317.45,False
5777,2026-01-12 14:49:29,normal,1440,3,B,base,urgent_first,16128.666666666666,False
5778,2026-01-12 14:51:51,normal,1440,3,A,base,urgent_first,16128.95,False
5779,2026-01-12 14:51:56,normal,1440,5,A,base,urgent_first,16137.466666666667,False
5780,2026-01-12 14:53:04,normal,1440,8,A,base,urgent_first,16143.8,False
5781,2026-01-12 14:53:06,normal,1440,4,A,base,urgent_first,16147.2,False
5782,2026-01-12 14:55:59,normal,1440,3,B,base,urgent_first,16146.75,False
5783,2026-01-12 14:56:18,normal,1440,1,C,base,urgent_first,16148.683333333332,False
5784,2026-01-12 14:56:42,normal,1440,3,A,base,urgent_first,16150.683333333332,False
5785,2026-01-12 14:56:51,normal,1440,3,A,base,urgent_first,16154.95,False
5786,2026-01-12 14:57:18,normal,1440,6,A,base,urgent_first,16163.1,False
5787,2026-01-12 14:58:10,normal,1440,5,A,base,urgent_first,16167.366666666667,False
5788,2026-01-12 14:58:32,normal,1440,2,C,base,urgent_first,16170.233333333334,False
5789,2026-01-12 15:00:42,normal,1440,2,B,base,urgent_first,16170.833333333334,False
5790,2026-01-12 15:00:48,normal,1440,3,A,base,urgent_first,16173.583333333334,False
5791,2026-01-12 15:00:50,normal,1440,6,A,base,urgent_first,16179.333333333334,False
5792,2026-01-12 15:00:56,normal,1440,3,B,base,urgent_first,16182.033333333333,False
5793,2026-01-12 15:01:33,normal,1440,4,C,base,urgent_first,16186.5,False
5794,2026-01-12 15:01:53,normal,1440,5,A,base,urgent_first,16190.15,False
5795,2026-01-12 15:03:30,normal,1440,3,C,base,urgent_first,16195.1,False
5796,2026-01-12 15:03:35,normal,1440,1,A,base,urgent_first,16196.0,False
5797,2026-01-12 15:04:53,normal,1440,4,A,base,urgent_first,16199.183333333332,False
5798,2026-01-12 15:05:01,normal,1440,9,A,base,urgent_first,16213.016666666666,False
5799,2026-01-12 15:05:56,normal,1440,3,A,base,urgent_first,16213.383333333333,False
5800,2026-01-12 15:07:28,normal,1440,2,B,base,urgent_first,16215.766666666666,False
5801,2026-01-12 15:07:53,urgent,240,3,B,base,urgent_first,296.46666666666664,False
5802,2026-01-12 15:08:07,normal,1440,5,B,base,urgent_first,16221.25,False
5803,2026-01-12 15:10:35,normal,1440,1,A,base,urgent_first,16219.533333333333,False
5804,2026-01-12 15:12:47,normal,1440,4,A,base,urgent_first,16222.033333333333,False
5805,2026-01-12 15:12:49,normal,1440,2,B,base,urgent_first,16224.8,False
5806,2026-01-12 15:12:50,normal,1440,2,A,base,urgent_first,16227.316666666668,False
5807,2026-01-12 15:13:02,normal,1440,2,B,base,urgent_first,16231.5,False
5808,2026-01-12 15:14:49,urgent,240,3,A,base,urgent_first,290.53333333333336,False
5809,2026-01-12 15:15:26,normal,1440,9,A,base,urgent_first,16239.883333333333,False
5810,2026-01-12 15:15:54,normal,1440,5,B,base,urgent_first,16245.2,False
5811,2026-01-12 15:17:01,normal,1440,3,A,base,urgent_first,16247.433333333332,False
5812,2026-01-12 15:17:21,normal,1440,3,C,base,urgent_first,16252.433333333332,False
5813,2026-01-12 15:18:27,normal,1440,4,A,base,urgent_first,16254.6,False
5814,2026-01-12 15:19:03,normal,1440,3,A,base,urgent_first,16257.283333333333,False
5815,2026-01-12 15:19:06,urgent,240,4,A,base,urgent_first,287.51666666666665,False
5816,2026-01-12 15:19:37,normal,1440,1,A,base,urgent_first,16258.616666666667,False
5817,2026-01-12 15:20:13,normal,1440,4,B,base,urgent_first,16264.283333333333,False
5818,2026-01-12 15:22:00,normal,1440,2,A,base,urgent_first,16264.483333333334,False
5819,2026-01-12 15:22:20,normal,1440,2,B,base,urgent_first,16267.466666666667,False
5820,2026-01-12 15:22:53,normal,1440,2,A,base,urgent_first,16269.6,False
5821,2026-01-12 15:23:39,urgent,240,3,A,base,urgent_first,284.25,False
5822,2026-01-12 15:25:14,normal,1440,4,B,base,urgent_first,16273.683333333332,False
5823,2026-01-12 15:25:15,normal,1440,8,B,base,urgent_first,16284.383333333333,False
5824,2026-01-12 15:25:17,normal,1440,5,A,base,urgent_first,16287.2,False
5825,2026-01-12 15:27:20,normal,1440,2,B,base,urgent_first,16286.633333333333,False
5826,2026-01-12 15:29:59,urgent,240,5,A,base,urgent_first,279.46666666666664,False
5827,2026-01-12 15:30:22,urgent,240,3,A,base,urgent_first,280.3666666666667,False
5828,2026-01-12 15:31:04,normal,1440,4,B,base,urgent_first,16286.066666666668,False
5829,2026-01-12 15:31:16,normal,1440,1,B,base,urgent_first,16287.016666666666,False
5830,2026-01-12 15:31:27,normal,1440,6,A,base,urgent_first,16298.55,False
5831,2026-01-12 15:32:34,normal,1440,1,A,base,urgent_first,16298.516666666666,False
5832,2026-01-12 15:34:11,normal,1440,8,A,base,urgent_first,16308.75,False
5833,2026-01-12 15:34:11,normal,1440,1,A,base,urgent_first,16309.716666666667,False
5834,2026-01-12 15:34:40,normal,1440,4,A,base,urgent_first,16312.833333333334,False
5835,2026-01-12 15:35:02,normal,1440,2,A,base,urgent_first,16314.3,False
5836,2026-01-12 15:35:07,normal,1440,2,A,base,urgent_first,16315.566666666668,False
5837,2026-01-12 15:36:38,normal,1440,4,A,base,urgent_first,16318.516666666666,False
5838,2026-01-12 15:37:21,normal,1440,4,A,base,urgent_first,16321.083333333334,False
5839,2026-01-12 15:37:28,normal,1440,8,A,base,urgent_first,16329.8,False
5840,2026-01-12 15:37:43,normal,1440,1,A,base,urgent_first,16330.333333333334,False
5841,2026-01-12 15:37:52,normal,1440,5,A,base,urgent_first,16333.116666666667,False
5842,2026-01-12 15:38:28,normal,1440,2,B,base,urgent_first,16334.933333333332,False
5843,2026-01-12 15:38:38,normal,1440,3,B,base,urgent_first,16339.133333333333,False
5844,2026-01-12 15:39:03,normal,1440,2,B,base,urgent_first,16344.05,False
5845,2026-01-12 15:39:08,normal,1440,5,A,base,urgent_first,16350.9,False
5846,2026-01-12 15:39:14,normal,1440,7,A,base,urgent_first,16358.516666666666,False
5847,2026-01-12 15:40:19,urgent,240,7,C,base,urgent_first,273.05,False
5848,2026-01-12 15:40:49,urgent,240,3,C,base,urgent_first,273.5833333333333,False
5849,2026-01-12 15:41:22,normal,1440,5,A,base,urgent_first,16358.85,False
5850,2026-01-12 15:42:02,normal,1440,2,A,base,urgent_first,16360.316666666668,False
5851,2026-01-12 15:42:28,normal,1440,4,A,base,urgent_first,16365.833333333334,False
5852,2026-01-12 15:42:29,normal,1440,3,B,base,urgent_first,16372.6,False
5853,2026-01-12 15:44:19,normal,1440,2,A,base,urgent_first,16374.5,False
5854,2026-01-12 15:44:32,urgent,240,2,B,base,urgent_first,271.15,False
5855,2026-01-12 15:44:46,normal,1440,4,A,base,urgent_first,16377.65,False
5856,2026-01-12 15:47:08,normal,1440,4,A,base,urgent_first,16381.35,False
5857,2026-01-12 15:47:27,normal,1440,3,B,base,urgent_first,16384.316666666666,False
5858,2026-01-12 15:47:29,normal,1440,2,C,base,urgent_first,16388.133333333335,False
5859,2026-01-12 15:47:33,normal,1440,2,B,base,urgent_first,16390.466666666667,False
5860,2026-01-12 15:49:35,urgent,240,4,A,base,urgent_first,267.73333333333335,False
5861,2026-01-12 15:52:26,normal,1440,3,A,base,urgent_first,16390.116666666665,False
5862,2026-01-12 15:53:58,normal,1440,2,A,base,urgent_first,16391.216666666667,False
5863,2026-01-12 15:54:28,normal,1440,8,A,base,urgent_first,16398.633333333335,False
5864,2026-01-12 15:54:48,normal,1440,4,B,base,urgent_first,16401.6,False
5865,2026-01-12 15:55:38,normal,1440,2,B,base,urgent_first,16403.183333333334,False
5866,2026-01-12 15:55:43,normal,1440,2,C,base,urgent_first,16409.25,False
5867,2026-01-12 15:56:27,normal,1440,2,A,base,urgent_first,16409.733333333334,False
5868,2026-01-12 15:57:43,normal,1440,4,A,base,urgent_first,16411.716666666667,False
5869,2026-01-12 15:59:53,urgent,240,2,A,base,urgent_first,258.21666666666664,False
5870,2026-01-12 15:59:57,normal,1440,3,A,base,urgent_first,16412.683333333334,False
5871,2026-01-12 16:00:46,urgent,240,1,C,base,urgent_first,258.55,False
5872,2026-01-12 16:00:50,normal,1440,2,A,base,urgent_first,16413.183333333334,False
5873,2026-01-12 16:01:03,normal,1440,3,A,base,urgent_first,16418.666666666668,False
5874,2026-01-12 16:01:12,normal,1440,2,C,base,urgent_first,16424.216666666667,False
5875,2026-01-12 16:01:16,normal,1440,12,A,base,urgent_first,16440.233333333334,False
5876,2026-01-12 16:01:22,normal,1440,3,B,base,urgent_first,16441.583333333332,False
5877,2026-01-12 16:02:21,normal,1440,2,A,base,urgent_first,16441.683333333334,False
5878,2026-01-12 16:02:43,normal,1440,4,A,base,urgent_first,16443.316666666666,False
5879,2026-01-12 16:03:33,normal,1440,1,B,base,urgent_first,16444.233333333334,False
5880,2026-01-12 16:04:01,normal,1440,4,A,base,urgent_first,16449.25,False
5881,2026-01-12 16:04:25,normal,1440,4,C,base,urgent_first,16458.283333333333,False
5882,2026-01-12 16:04:34,normal,1440,4,B,base,urgent_first,16463.316666666666,False
5883,2026-01-12 16:04:49,normal,1440,2,A,base,urgent_first,16464.833333333332,False
5884,2026-01-12 16:05:11,normal,1440,2,A,base,urgent_first,16465.95,False
5885,2026-01-12 16:05:29,normal,1440,6,A,base,urgent_first,16472.65,False
5886,2026-01-12 16:05:33,normal,1440,3,B,base,urgent_first,16475.45,False
5887,2026-01-12 16:05:43,normal,1440,3,B,base,urgent_first,16479.233333333334,False
5888,2026-01-12 16:06:17,normal,1440,3,A,base,urgent_first,16482.033333333333,False
5889,2026-01-12 16:07:23,normal,1440,5,A,base,urgent_first,16486.75,False
5890,2026-01-12 16:08:04,normal,1440,2,A,base,urgent_first,16487.7,False
5891,2026-01-12 16:08:08,normal,1440,5,C,base,urgent_first,16502.116666666665,False
5892,2026-01-12 16:08:14,normal,1440,2,B,base,urgent_first,16504.166666666668,False
5893,2026-01-12 16:09:40,normal,1440,4,C,base,urgent_first,16508.25,False
5894,2026-01-12 16:09:54,normal,1440,14,C,base,urgent_first,16525.433333333334,False
5895,2026-01-12 16:09:57,normal,1440,2,A,base,urgent_first,16526.333333333332,False
5896,2026-01-12 16:10:14,normal,1440,3,B,base,urgent_first,16527.516666666666,False
5897,2026-01-12 16:11:50,normal,1440,4,C,base,urgent_first,16532.366666666665,False
5898,2026-01-12 16:12:05,normal,1440,3,A,base,urgent_first,16534.45,False
5899,2026-01-12 16:13:47,normal,1440,3,A,base,urgent_first,16534.5,False
5900,2026-01-12 16:15:16,normal,1440,6,B,base,urgent_first,16541.733333333334,False
5901,2026-01-12 16:16:22,normal,1440,9,B,base,urgent_first,16547.95,False
5902,2026-01-12 16:16:53,normal,1440,1,A,base,urgent_first,16548.183333333334,False
5903,2026-01-12 16:17:39,normal,1440,3,A,base,urgent_first,16549.283333333333,False
5904,2026-01-12 16:18:11,normal,1440,4,A,base,urgent_first,16552.383333333335,False
5905,2026-01-12 16:18:38,urgent,240,3,C,base,urgent_first,241.81666666666666,False
5906,2026-01-12 16:19:03,normal,1440,2,A,base,urgent_first,16553.183333333334,False
5907,2026-01-12 16:19:30,normal,1440,4,B,base,urgent_first,16558.75,False
5908,2026-01-12 16:19:42,normal,1440,4,A,base,urgent_first,16564.716666666667,False
5909,2026-01-12 16:20:17,urgent,240,4,A,base,urgent_first,241.75,False
5910,2026-01-12 16:21:06,urgent,240,5,A,base,urgent_first,242.6,False
5911,2026-01-12 16:21:37,normal,1440,2,A,base,urgent_first,16564.833333333332,False
5912,2026-01-12 16:21:51,normal,1440,2,A,base,urgent_first,16566.55,False
5913,2026-01-12 16:21:53,urgent,240,4,B,base,urgent_first,242.95,False
5914,2026-01-12 16:22:29,normal,1440,2,A,base,urgent_first,16567.416666666668,False
5915,2026-01-12 16:22:30,normal,1440,5,A,base,urgent_first,16577.266666666666,False
5916,2026-01-12 16:22:57,normal,1440,2,B,base,urgent_first,16578.65,False
5917,2026-01-12 16:23:04,normal,1440,3,A,base,urgent_first,16581.0,False
5918,2026-01-12 16:23:21,normal,1440,3,A,base,urgent_first,16583.416666666668,False
5919,2026-01-12 16:23:31,normal,1440,3,B,base,urgent_first,16587.95,False
5920,2026-01-12 16:23:58,urgent,240,2,A,base,urgent_first,241.66666666666666,False
5921,2026-01-12 16:24:02,urgent,240,3,C,base,urgent_first,242.91666666666666,False
5922,2026-01-12 16:25:23,normal,1440,1,C,base,urgent_first,16588.766666666666,False
5923,2026-01-12 16:25:32,normal,1440,5,B,base,urgent_first,16594.0,False
5924,2026-01-12 16:25:35,normal,1440,11,B,base,urgent_first,16607.633333333335,False
5925,2026-01-12 16:26:01,normal,1440,3,A,base,urgent_first,16608.633333333335,False
5926,2026-01-12 16:26:27,urgent,240,5,B,base,urgent_first,242.26666666666668,False
5927,2026-01-12 16:26:53,normal,1440,11,A,base,urgent_first,16615.533333333333,False
5928,2026-01-12 16:26:57,normal,1440,5,B,base,urgent_first,16621.116666666665,False
5929,2026-01-12 16:26:58,normal,1440,1,A,base,urgent_first,16622.016666666666,False
5930,2026-01-12 16:27:38,normal,1440,4,B,base,urgent_first,16627.133333333335,False
5931,2026-01-12 16:27:39,normal,1440,5,A,base,urgent_first,16631.8,False
5932,2026-01-12 16:27:53,normal,1440,6,C,base,urgent_first,16645.766666666666,False
5933,2026-01-12 16:28:05,normal,1440,3,B,base,urgent_first,16646.833333333332,False
5934,2026-01-12 16:29:24,normal,1440,4,C,base,urgent_first,16653.1,False
5935,2026-01-12 16:31:02,normal,1440,2,A,base,urgent_first,16653.2,False
5936,2026-01-12 16:31:05,normal,1440,1,A,base,urgent_first,16654.166666666668,False
5937,2026-01-12 16:31:24,urgent,240,3,B,base,urgent_first,238.78333333333333,True
5938,2026-01-12 16:32:34,normal,1440,5,B,base,urgent_first,16659.166666666668,False
5939,2026-01-12 16:32:39,normal,1440,4,B,base,urgent_first,16662.366666666665,False
5940,2026-01-12 16:34:37,normal,1440,9,C,base,urgent_first,16680.333333333332,False
5941,2026-01-12 16:35:15,normal,1440,3,C,base,urgent_first,16682.183333333334,False
5942,2026-01-12 16:35:22,normal,1440,3,A,base,urgent_first,16683.9,False
5943,2026-01-12 16:35:34,normal,1440,3,B,base,urgent_first,16687.3,False
5944,2026-01-12 16:35:45,normal,1440,3,B,base,urgent_first,16693.283333333333,False
5945,2026-01-12 16:36:09,normal,1440,2,B,base,urgent_first,16697.166666666668,False
5946,2026-01-12 16:36:35,normal,1440,3,A,base,urgent_first,16700.566666666666,False
5947,2026-01-12 16:36:42,normal,1440,4,A,base,urgent_first,16705.383333333335,False
5948,2026-01-12 16:37:16,urgent,240,10,A,base,urgent_first,235.61666666666667,True
5949,2026-01-12 16:37:28,normal,1440,3,B,base,urgent_first,16708.35,False
5950,2026-01-12 16:37:34,normal,1440,6,B,base,urgent_first,16717.733333333334,False
5951,2026-01-12 16:37:39,normal,1440,3,B,base,urgent_first,16719.416666666668,False
5952,2026-01-12 16:37:49,normal,1440,5,A,base,urgent_first,16725.333333333332,False
5953,2026-01-12 16:39:17,normal,1440,6,C,base,urgent_first,16733.966666666667,False
5954,2026-01-12 16:41:29,normal,1440,4,A,base,urgent_first,16737.8,False
5955,2026-01-12 16:44:23,normal,1440,5,C,base,urgent_first,16747.683333333334,False
5956,2026-01-12 16:45:05,normal,1440,2,A,base,urgent_first,16749.0,False
5957,2026-01-12 16:45:23,normal,1440,3,A,base,urgent_first,16751.65,False
5958,2026-01-12 16:45:30,normal,1440,5,B,base,urgent_first,16757.25,False
5959,2026-01-12 16:46:19,normal,1440,3,A,base,urgent_first,16760.383333333335,False
5960,2026-01-12 16:46:46,normal,1440,2,A,base,urgent_first,16761.716666666667,False
5961,2026-01-12 16:47:19,normal,1440,3,A,base,urgent_first,16766.9,False
5962,2026-01-12 16:47:27,normal,1440,3,C,base,urgent_first,16772.3,False
5963,2026-01-12 16:47:47,normal,1440,4,A,base,urgent_first,16776.683333333334,False
5964,2026-01-12 16:48:03,normal,1440,4,A,base,urgent_first,16782.683333333334,False
5965,2026-01-12 16:50:20,normal,1440,2,A,base,urgent_first,16785.8,False
5966,2026-01-12 16:50:40,normal,1440,2,B,base,urgent_first,16790.183333333334,False
5967,2026-01-12 16:50:49,normal,1440,3,B,base,urgent_first,16795.233333333334,False
5968,2026-01-12 16:50:54,normal,1440,1,A,base,urgent_first,16795.966666666667,False
5969,2026-01-12 16:51:19,normal,1440,3,A,base,urgent_first,16801.2,False
5970,2026-01-12 16:51:30,normal,1440,5,B,base,urgent_first,16809.25,False
5971,2026-01-12 16:52:48,normal,1440,2,C,base,urgent_first,16809.7,False
5972,2026-01-12 16:53:17,normal,1440,1,B,base,urgent_first,16811.5,False
5973,2026-01-12 16:54:20,normal,1440,2,A,base,urgent_first,16812.416666666668,False
5974,2026-01-12 16:54:31,normal,1440,6,A,base,urgent_first,16820.5,False
5975,2026-01-12 16:57:58,urgent,240,2,A,base,urgent_first,215.86666666666667,True
5976,2026-01-12 16:58:45,normal,1440,2,A,base,urgent_first,16817.366666666665,False
5977,2026-01-12 17:00:20,normal,1440,5,B,base,urgent_first,16822.733333333334,False
5978,2026-01-12 17:01:34,normal,1440,13,C,base,urgent_first,16843.3,False
5979,2026-01-12 17:02:42,urgent,240,4,A,base,urgent_first,212.9,True
5980,2026-01-12 17:03:21,urgent,240,10,B,base,urgent_first,214.66666666666666,True
5981,2026-01-12 17:04:30,normal,1440,5,A,base,urgent_first,16843.083333333332,False
5982,2026-01-12 17:05:35,normal,1440,2,A,base,urgent_first,16843.6,False
5983,2026-01-12 17:06:05,normal,1440,10,A,base,urgent_first,16848.433333333334,False
5984,2026-01-12 17:06:43,normal,1440,6,A,base,urgent_first,16850.866666666665,False
5985,2026-01-12 17:07:04,normal,1440,4,B,base,urgent_first,16853.666666666668,False
5986,2026-01-12 17:07:25,normal,1440,7,A,base,urgent_first,16860.783333333333,False
5987,2026-01-12 17:07:49,normal,1440,9,A,base,urgent_first,16871.833333333332,False
5988,2026-01-12 17:09:31,normal,1440,5,B,base,urgent_first,16875.583333333332,False
5989,2026-01-12 17:10:53,normal,1440,4,A,base,urgent_first,16879.733333333334,False
5990,2026-01-12 17:11:13,normal,1440,4,A,base,urgent_first,16883.933333333334,False
5991,2026-01-12 17:11:36,normal,1440,3,A,base,urgent_first,16886.733333333334,False
5992,2026-01-12 17:14:17,urgent,240,3,B,base,urgent_first,205.01666666666668,True
5993,2026-01-12 17:15:18,normal,1440,4,A,base,urgent_first,16887.55,False
5994,2026-01-12 17:15:54,normal,1440,3,B,base,urgent_first,16892.183333333334,False
5995,2026-01-12 17:16:05,normal,1440,2,B,base,urgent_first,16894.583333333332,False
5996,2026-01-12 17:17:42,normal,1440,4,A,base,urgent_first,16896.35,False
5997,2026-01-12 17:19:50,normal,1440,4,B,base,urgent_first,16901.033333333333,False
5998,2026-01-12 17:20:41,urgent,240,2,B,base,urgent_first,199.71666666666667,True
5999,2026-01-12 17:20:59,normal,1440,3,B,base,urgent_first,16903.5,False
6000,2026-01-12 17:22:19,urgent,240,3,B,base,urgent_first,199.66666666666666,True
6001,2026-01-12 17:22:23,normal,1440,3,B,base,urgent_first,16904.933333333334,False
6002,2026-01-12 17:23:15,normal,1440,3,B,base,urgent_first,16906.933333333334,False
6003,2026-01-12 17:24:19,normal,1440,5,A,base,urgent_first,16914.633333333335,False
6004,2026-01-12 17:27:34,normal,1440,4,C,base,urgent_first,16918.283333333333,False
6005,2026-01-12 17:29:06,normal,1440,3,A,base,urgent_first,16919.733333333334,False
6006,2026-01-12 17:29:22,normal,1440,3,A,base,urgent_first,16921.65,False
6007,2026-01-12 17:30:20,normal,1440,3,A,base,urgent_first,16923.533333333333,False
6008,2026-01-12 17:33:08,normal,1440,3,B,base,urgent_first,16922.85,False
6009,2026-01-12 17:34:19,normal,1440,3,A,base,urgent_first,16926.166666666668,False
6010,2026-01-12 17:34:24,urgent,240,7,B,base,urgent_first,189.81666666666666,True
6011,2026-01-12 17:35:36,normal,1440,10,A,base,urgent_first,16934.416666666668,False
6012,2026-01-12 17:37:13,normal,1440,8,B,base,urgent_first,16940.55,False
6013,2026-01-12 17:37:19,normal,1440,2,C,base,urgent_first,16941.716666666667,False
6014,2026-01-12 17:37:43,normal,1440,1,A,base,urgent_first,16943.733333333334,False
6015,2026-01-12 17:38:04,normal,1440,4,B,base,urgent_first,16950.266666666666,False
6016,2026-01-12 17:38:31,urgent,240,2,A,base,urgent_first,186.91666666666666,True
6017,2026-01-12 17:38:47,normal,1440,2,B,base,urgent_first,16952.4,False
6018,2026-01-12 17:39:57,normal,1440,2,B,base,urgent_first,16954.566666666666,False
6019,2026-01-12 17:43:08,normal,1440,2,B,base,urgent_first,16954.066666666666,False
6020,2026-01-12 17:43:10,normal,1440,4,A,base,urgent_first,16960.2,False
6021,2026-01-12 17:44:01,normal,1440,4,A,base,urgent_first,16966.066666666666,False
6022,2026-01-12 17:44:12,urgent,240,2,B,base,urgent_first,182.28333333333333,True
6023,2026-01-12 17:45:13,normal,1440,2,B,base,urgent_first,16967.4,False
6024,2026-01-12 17:45:53,normal,1440,7,C,base,urgent_first,16992.516666666666,False
6025,2026-01-12 17:46:27,normal,1440,3,A,base,urgent_first,16993.516666666666,False
6026,2026-01-12 17:46:47,normal,1440,4,A,base,urgent_first,16995.45,False
6027,2026-01-12 17:47:22,normal,1440,5,C,base,urgent_first,17003.25,False
6028,2026-01-12 17:51:14,normal,1440,6,A,base,urgent_first,17005.416666666668,False
6029,2026-01-12 17:54:27,normal,1440,1,B,base,urgent_first,17003.133333333335,False
6030,2026-01-12 17:56:59,normal,1440,4,C,base,urgent_first,17010.066666666666,False
6031,2026-01-12 17:58:05,normal,1440,3,A,base,urgent_first,17012.916666666668,False
6032,2026-01-12 17:58:12,normal,1440,2,B,base,urgent_first,17015.066666666666,False
6033,2026-01-12 17:58:20,normal,1440,4,B,base,urgent_first,17023.016666666666,False
6034,2026-01-12 17:59:02,normal,1440,4,A,base,urgent_first,17025.483333333334,False
6035,2026-01-12 18:01:56,normal,1440,5,C,base,urgent_first,17032.15,False
6036,2026-01-12 18:03:19,normal,1440,6,A,base,urgent_first,17037.483333333334,False
6037,2026-01-12 18:05:16,normal,1440,2,A,base,urgent_first,17036.65,False
6038,2026-01-12 18:06:41,normal,1440,2,B,base,urgent_first,17036.466666666667,False
6039,2026-01-12 18:07:49,normal,1440,5,A,base,urgent_first,17041.95,False
6040,2026-01-12 18:08:35,normal,1440,3,A,base,urgent_first,17044.033333333333,False
6041,2026-01-12 18:13:00,normal,1440,1,A,base,urgent_first,17040.683333333334,False
6042,2026-01-12 18:15:44,normal,1440,7,A,base,urgent_first,17049.65,False
6043,2026-01-12 18:16:25,normal,1440,6,A,base,urgent_first,17051.766666666666,False
6044,2026-01-12 18:19:06,normal,1440,3,B,base,urgent_first,17050.666666666668,False
6045,2026-01-12 18:19:21,normal,1440,10,B,base,urgent_first,17072.083333333332,False
6046,2026-01-12 18:21:55,normal,1440,2,A,base,urgent_first,17070.466666666667,False
6047,2026-01-12 18:22:13,normal,1440,3,C,base,urgent_first,17073.0,False
6048,2026-01-12 18:23:49,normal,1440,4,B,base,urgent_first,17074.083333333332,False
6049,2026-01-12 18:25:22,normal,1440,5,A,base,urgent_first,17079.316666666666,False
6050,2026-01-12 18:25:51,normal,1440,4,A,base,urgent_first,17080.7,False
6051,2026-01-12 18:26:07,normal,1440,3,A,base,urgent_first,17082.066666666666,False
6052,2026-01-12 18:26:34,normal,1440,6,B,base,urgent_first,17090.183333333334,False
6053,2026-01-12 18:28:28,normal,1440,7,B,base,urgent_first,17094.85,False
6054,2026-01-12 18:28:38,normal,1440,9,A,base,urgent_first,17106.0,False
6055,2026-01-12 18:30:36,normal,1440,5,A,base,urgent_first,17106.35,False
6056,2026-01-12 18:31:45,normal,1440,5,B,base,urgent_first,17108.916666666668,False
6057,2026-01-12 18:33:03,normal,1440,3,B,base,urgent_first,17111.266666666666,False
6058,2026-01-12 18:34:09,normal,1440,5,A,base,urgent_first,17116.366666666665,False
6059,2026-01-12 18:36:36,normal,1440,3,C,base,urgent_first,17118.716666666667,False
6060,2026-01-12 18:37:39,normal,1440,2,A,base,urgent_first,17119.416666666668,False
6061,2026-01-12 18:37:44,normal,1440,5,A,base,urgent_first,17123.783333333333,False
6062,2026-01-12 18:38:19,normal,1440,1,A,base,urgent_first,17123.95,False
6063,2026-01-12 18:39:28,normal,1440,3,B,base,urgent_first,17130.95,False
6064,2026-01-12 18:40:12,urgent,240,3,A,base,urgent_first,127.78333333333333,True
6065,2026-01-12 18:40:31,normal,1440,3,A,base,urgent_first,17132.883333333335,False
6066,2026-01-12 18:40:58,normal,1440,5,A,base,urgent_first,17137.166666666668,False
6067,2026-01-12 18:42:26,normal,1440,3,A,base,urgent_first,17138.466666666667,False
6068,2026-01-12 18:43:46,normal,1440,7,B,base,urgent_first,17143.966666666667,False
6069,2026-01-12 18:43:48,urgent,240,6,C,base,urgent_first,126.5,True
6070,2026-01-12 18:43:49,normal,1440,2,A,base,urgent_first,17145.2,False
6071,2026-01-12 18:47:14,normal,1440,5,A,base,urgent_first,17146.25,False
6072,2026-01-12 18:48:44,normal,1440,5,B,base,urgent_first,17150.466666666667,False
6073,2026-01-12 18:52:04,normal,1440,1,B,base,urgent_first,17148.65,False
6074,2026-01-12 18:53:24,normal,1440,4,A,base,urgent_first,17154.75,False
6075,2026-01-12 18:53:39,urgent,240,5,B,base,urgent_first,118.36666666666666,True
6076,2026-01-12 18:56:31,normal,1440,6,C,base,urgent_first,17161.933333333334,False
6077,2026-01-12 18:56:48,urgent,240,5,A,base,urgent_first,116.86666666666666,True
6078,2026-01-12 18:57:59,normal,1440,2,B,base,urgent_first,17161.95,False
6079,2026-01-12 18:58:43,normal,1440,2,A,base,urgent_first,17163.0,False
6080,2026-01-12 18:58:50,normal,1440,7,C,base,urgent_first,17179.833333333332,False
6081,2026-01-12 19:02:15,normal,1440,5,C,base,urgent_first,17185.383333333335,False
6082,2026-01-12 19:04:30,normal,1440,2,A,base,urgent_first,17184.366666666665,False
6083,2026-01-12 19:05:54,normal,1440,4,A,base,urgent_first,17186.666666666668,False
6084,2026-01-12 19:09:14,urgent,240,5,A,base,urgent_first,106.05,True
6085,2026-01-12 19:16:06,normal,1440,2,B,base,urgent_first,17180.75,False
6086,2026-01-12 19:20:20,normal,1440,5,A,base,urgent_first,17183.05,False
6087,2026-01-12 19:25:57,urgent,240,3,A,base,urgent_first,90.46666666666667,True
6088,2026-01-12 19:27:34,normal,1440,5,A,base,urgent_first,17182.983333333334,False
6089,2026-01-12 19:35:02,normal,1440,7,B,base,urgent_first,17184.05,False
6090,2026-01-12 19:35:43,urgent,240,4,C,base,urgent_first,82.6,True
6091,2026-01-12 19:36:58,normal,1440,6,A,base,urgent_first,17184.833333333332,False
6092,2026-01-12 19:39:30,normal,1440,2,A,base,urgent_first,17184.466666666667,False
6093,2026-01-12 19:42:18,normal,1440,9,B,base,urgent_first,17197.283333333333,False
6094,2026-01-12 19:44:33,normal,1440,5,B,base,urgent_first,17197.166666666668,False
6095,2026-01-12 19:45:42,normal,1440,2,B,base,urgent_first,17196.866666666665,False
6096,2026-01-12 19:47:24,normal,1440,2,A,base,urgent_first,17196.85,False
6097,2026-01-12 19:48:20,normal,1440,4,A,base,urgent_first,17198.983333333334,False
6098,2026-01-12 19:53:13,normal,1440,2,B,base,urgent_first,17197.4,False
6099,2026-01-12 19:55:10,normal,1440,1,A,base,urgent_first,17197.0,False
6100,2026-01-13 08:00:23,normal,1440,2,B,base,urgent_first,16476.266666666666,False
6101,2026-01-13 08:01:44,normal,1440,4,B,base,urgent_first,16480.183333333334,False
6102,2026-01-13 08:02:30,normal,1440,1,A,base,urgent_first,16480.233333333334,False
6103,2026-01-13 08:05:37,normal,1440,1,A,base,urgent_first,16478.35,False
6104,2026-01-13 08:10:00,normal,1440,3,A,base,urgent_first,16477.25,False
6105,2026-01-13 08:11:51,normal,1440,7,B,base,urgent_first,16485.9,False
6106,2026-01-13 08:13:48,normal,1440,5,A,base,urgent_first,16486.583333333332,False
6107,2026-01-13 08:14:31,normal,1440,5,C,base,urgent_first,16493.683333333334,False
6108,2026-01-13 08:16:31,normal,1440,5,A,base,urgent_first,16494.55,False
6109,2026-01-13 08:17:09,normal,1440,3,B,base,urgent_first,16498.6,False
6110,2026-01-13 08:19:27,normal,1440,2,A,base,urgent_first,16498.95,False
6111,2026-01-13 08:21:54,normal,1440,4,B,base,urgent_first,16501.65,False
6112,2026-01-13 08:23:00,normal,1440,7,A,base,urgent_first,16508.55,False
6113,2026-01-13 08:31:34,normal,1440,2,A,base,urgent_first,16501.016666666666,False
6114,2026-01-13 08:32:03,normal,1440,1,B,base,urgent_first,16505.266666666666,False
6115,2026-01-13 08:33:35,normal,1440,9,A,base,urgent_first,16513.183333333334,False
6116,2026-01-13 08:33:50,normal,1440,3,B,base,urgent_first,16514.766666666666,False
6117,2026-01-13 08:34:07,normal,1440,1,A,base,urgent_first,16516.083333333332,False
6118,2026-01-13 08:34:11,normal,1440,3,A,base,urgent_first,16519.516666666666,False
6119,2026-01-13 08:35:03,normal,1440,4,B,base,urgent_first,16529.75,False
6120,2026-01-13 08:37:05,normal,1440,5,A,base,urgent_first,16534.333333333332,False
6121,2026-01-13 08:40:59,normal,1440,1,A,base,urgent_first,16531.566666666666,False
6122,2026-01-13 08:42:15,normal,1440,4,C,base,urgent_first,16536.633333333335,False
6123,2026-01-13 08:42:31,normal,1440,2,A,base,urgent_first,16537.783333333333,False
6124,2026-01-13 08:42:44,urgent,240,1,A,base,urgent_first,10.65,True
6125,2026-01-13 08:44:04,normal,1440,4,A,base,urgent_first,16540.766666666666,False
6126,2026-01-13 08:45:31,normal,1440,6,A,base,urgent_first,16548.25,False
6127,2026-01-13 08:45:53,normal,1440,4,A,base,urgent_first,16549.416666666668,False
6128,2026-01-13 08:46:15,urgent,240,2,A,base,urgent_first,8.3,True
6129,2026-01-13 08:47:44,normal,1440,7,A,base,urgent_first,16555.166666666668,False
6130,2026-01-13 08:48:55,normal,1440,9,B,base,urgent_first,16565.316666666666,False
6131,2026-01-13 08:49:23,normal,1440,3,B,base,urgent_first,16566.016666666666,False
6132,2026-01-13 08:49:52,normal,1440,4,A,base,urgent_first,16570.516666666666,False
6133,2026-01-13 08:50:46,normal,1440,4,C,base,urgent_first,16579.3,False
6134,2026-01-13 08:51:04,normal,1440,2,B,base,urgent_first,16581.25,False
6135,2026-01-13 08:52:53,normal,1440,4,C,base,urgent_first,16586.783333333333,False
6136,2026-01-13 08:53:45,normal,1440,3,A,base,urgent_first,16587.616666666665,False
6137,2026-01-13 08:55:11,normal,1440,2,B,base,urgent_first,16590.316666666666,False
6138,2026-01-13 08:57:35,normal,1440,6,C,base,urgent_first,16603.75,False
6139,2026-01-13 08:57:47,normal,1440,5,C,base,urgent_first,16613.416666666668,False
6140,2026-01-13 08:58:54,normal,1440,4,B,base,urgent_first,16614.883333333335,False
6141,2026-01-13 08:59:44,normal,1440,5,B,base,urgent_first,16623.633333333335,False
6142,2026-01-13 09:00:03,normal,1440,2,A,base,urgent_first,16624.133333333335,False
6143,2026-01-13 09:00:11,normal,1440,4,B,base,urgent_first,16628.45,False
6144,2026-01-13 09:00:57,normal,1440,8,B,base,urgent_first,16640.833333333332,False
6145,2026-01-13 09:01:13,normal,1440,5,A,base,urgent_first,16642.383333333335,False
6146,2026-01-13 09:01:58,urgent,240,3,A,base,urgent_first,42.516666666666666,True
6147,2026-01-13 09:02:31,urgent,240,2,B,base,urgent_first,43.016666666666666,True
6148,2026-01-13 09:03:39,normal,1440,3,B,base,urgent_first,16642.316666666666,False
6149,2026-01-13 09:04:13,normal,1440,5,A,base,urgent_first,16649.166666666668,False
6150,2026-01-13 09:04:26,normal,1440,10,B,base,urgent_first,16660.75,False
6151,2026-01-13 09:06:08,normal,1440,2,B,base,urgent_first,16660.05,False
6152,2026-01-13 09:06:42,normal,1440,3,B,base,urgent_first,16661.15,False
6153,2026-01-13 09:07:06,normal,1440,2,B,base,urgent_first,16664.1,False
6154,2026-01-13 09:07:43,normal,1440,4,B,base,urgent_first,16670.183333333334,False
6155,2026-01-13 09:09:56,urgent,240,2,A,base,urgent_first,36.65,True
6156,2026-01-13 09:10:00,normal,1440,3,A,base,urgent_first,16669.25,False
6157,2026-01-13 09:12:48,normal,1440,1,B,base,urgent_first,16667.65,False
6158,2026-01-13 09:12:56,normal,1440,2,A,base,urgent_first,16670.833333333332,False
6159,2026-01-13 09:13:22,normal,1440,4,A,base,urgent_first,16673.916666666668,False
6160,2026-01-13 09:14:19,normal,1440,2,C,base,urgent_first,16676.55,False
6161,2026-01-13 09:15:01,normal,1440,3,A,base,urgent_first,16678.616666666665,False
6162,2026-01-13 09:15:10,urgent,240,3,B,base,urgent_first,32.6,True
6163,2026-01-13 09:15:46,normal,1440,10,C,base,urgent_first,16692.866666666665,False
6164,2026-01-13 09:16:07,normal,1440,3,B,base,urgent_first,16693.766666666666,False
6165,2026-01-13 09:16:18,normal,1440,2,A,base,urgent_first,16695.316666666666,False
6166,2026-01-13 09:20:22,normal,1440,2,A,base,urgent_first,16694.55,False
6167,2026-01-13 09:22:17,normal,1440,2,C,base,urgent_first,16698.066666666666,False
6168,2026-01-13 09:23:09,normal,1440,2,A,base,urgent_first,16699.733333333334,False
6169,2026-01-13 09:27:52,normal,1440,5,A,base,urgent_first,16699.566666666666,False
6170,2026-01-13 09:28:51,normal,1440,4,C,base,urgent_first,16707.266666666666,False
6171,2026-01-13 09:30:02,urgent,240,7,B,base,urgent_first,67.01666666666667,True
6172,2026-01-13 09:30:21,normal,1440,4,C,base,urgent_first,16710.516666666666,False
6173,2026-01-13 09:30:29,normal,1440,3,C,base,urgent_first,16716.55,False
6174,2026-01-13 09:30:59,normal,1440,2,A,base,urgent_first,16717.166666666668,False
6175,2026-01-13 09:31:05,normal,1440,2,A,base,urgent_first,16719.183333333334,False
6176,2026-01-13 09:31:19,normal,1440,5,A,base,urgent_first,16725.283333333333,False
6177,2026-01-13 09:31:31,normal,1440,1,A,base,urgent_first,16726.583333333332,False
6178,2026-01-13 09:31:35,normal,1440,4,B,base,urgent_first,16732.35,False
6179,2026-01-13 09:31:58,normal,1440,2,A,base,urgent_first,16735.066666666666,False
6180,2026-01-13 09:32:27,normal,1440,13,B,base,urgent_first,16754.966666666667,False
6181,2026-01-13 09:33:22,normal,1440,5,C,base,urgent_first,16755.883333333335,False
6182,2026-01-13 09:34:24,urgent,240,3,B,base,urgent_first,63.95,True
6183,2026-01-13 09:35:24,urgent,240,3,A,base,urgent_first,64.23333333333333,True
6184,2026-01-13 09:35:53,urgent,240,1,A,base,urgent_first,64.61666666666666,True
6185,2026-01-13 09:35:58,normal,1440,4,C,base,urgent_first,16761.116666666665,False
6186,2026-01-13 09:36:00,normal,1440,5,A,base,urgent_first,16765.316666666666,False
6187,2026-01-13 09:36:23,normal,1440,3,A,base,urgent_first,16766.116666666665,False
6188,2026-01-13 09:37:25,normal,1440,8,A,base,urgent_first,16772.566666666666,False
6189,2026-01-13 09:39:52,normal,1440,13,A,base,urgent_first,16785.533333333333,False
6190,2026-01-13 09:43:22,normal,1440,2,A,base,urgent_first,16783.5,False
6191,2026-01-13 09:44:19,normal,1440,5,B,base,urgent_first,16785.716666666667,False
6192,2026-01-13 09:44:39,normal,1440,5,B,base,urgent_first,16789.8,False
6193,2026-01-13 09:48:04,normal,1440,3,B,base,urgent_first,16789.983333333334,False
6194,2026-01-13 09:48:05,normal,1440,3,B,base,urgent_first,16793.983333333334,False
6195,2026-01-13 09:48:08,urgent,240,2,B,base,urgent_first,53.483333333333334,True
6196,2026-01-13 09:48:55,normal,1440,10,C,base,urgent_first,16810.65,False
6197,2026-01-13 09:49:24,normal,1440,4,A,base,urgent_first,16812.016666666666,False
6198,2026-01-13 09:50:13,normal,1440,1,B,base,urgent_first,16813.183333333334,False
6199,2026-01-13 09:53:13,urgent,240,4,A,base,urgent_first,49.9,True
6200,2026-01-13 09:53:16,normal,1440,4,A,base,urgent_first,16813.016666666666,False
6201,2026-01-13 09:55:05,normal,1440,5,C,base,urgent_first,16818.033333333333,False
6202,2026-01-13 09:55:18,normal,1440,3,B,base,urgent_first,16823.4,False
6203,2026-01-13 09:58:07,normal,1440,3,A,base,urgent_first,16822.733333333334,False
6204,2026-01-13 09:58:30,normal,1440,3,B,base,urgent_first,16826.383333333335,False
6205,2026-01-13 09:58:57,normal,1440,8,B,base,urgent_first,16838.15,False
6206,2026-01-13 09:59:04,normal,1440,2,A,base,urgent_first,16839.416666666668,False
6207,2026-01-13 09:59:25,normal,1440,6,B,base,urgent_first,16843.883333333335,False
6208,2026-01-13 10:00:22,normal,1440,6,A,base,urgent_first,16846.316666666666,False
6209,2026-01-13 10:00:58,normal,1440,6,B,base,urgent_first,16851.25,False
6210,2026-01-13 10:02:10,normal,1440,1,A,base,urgent_first,16850.883333333335,False
6211,2026-01-13 10:02:44,normal,1440,5,A,base,urgent_first,16859.033333333333,False
6212,2026-01-13 10:03:01,normal,1440,2,A,base,urgent_first,16860.266666666666,False
6213,2026-01-13 10:03:59,normal,1440,5,A,base,urgent_first,16861.65,False
6214,2026-01-13 10:04:48,normal,1440,3,B,base,urgent_first,16865.15,False
6215,2026-01-13 10:06:27,normal,1440,7,B,base,urgent_first,16875.033333333333,False
6216,2026-01-13 10:06:51,normal,1440,4,A,base,urgent_first,16879.083333333332,False
6217,2026-01-13 10:08:20,normal,1440,5,A,base,urgent_first,16882.1,False
6218,2026-01-13 10:09:55,normal,1440,1,A,base,urgent_first,16881.45,False
6219,2026-01-13 10:10:33,normal,1440,2,B,base,urgent_first,16884.216666666667,False
6220,2026-01-13 10:10:45,normal,1440,3,B,base,urgent_first,16889.416666666668,False
6221,2026-01-13 10:12:05,urgent,240,5,C,base,urgent_first,32.666666666666664,True
6222,2026-01-13 10:12:36,urgent,240,1,A,base,urgent_first,33.03333333333333,True
6223,2026-01-13 10:13:08,normal,1440,3,A,base,urgent_first,16889.316666666666,False
6224,2026-01-13 10:13:15,urgent,240,6,C,base,urgent_first,33.96666666666667,True
6225,2026-01-13 10:13:59,normal,1440,2,C,base,urgent_first,16892.616666666665,False
6226,2026-01-13 10:14:08,normal,1440,13,A,base,urgent_first,16907.216666666667,False
6227,2026-01-13 10:14:27,normal,1440,9,A,base,urgent_first,16915.616666666665,False
6228,2026-01-13 10:15:01,normal,1440,9,B,base,urgent_first,16922.583333333332,False
6229,2026-01-13 10:15:13,urgent,240,4,A,base,urgent_first,33.233333333333334,True
6230,2026-01-13 10:15:27,normal,1440,5,B,base,urgent_first,16930.516666666666,False
6231,2026-01-13 10:16:21,normal,1440,2,B,base,urgent_first,16932.633333333335,False
6232,2026-01-13 10:16:47,normal,1440,9,B,base,urgent_first,16949.816666666666,False
6233,2026-01-13 10:17:00,normal,1440,2,A,base,urgent_first,16950.733333333334,False
6234,2026-01-13 10:17:34,normal,1440,3,A,base,urgent_first,16952.083333333332,False
6235,2026-01-13 10:17:40,urgent,240,3,A,base,urgent_first,168.95,True
6236,2026-01-13 10:17:50,normal,1440,2,B,base,urgent_first,16953.416666666668,False
6237,2026-01-13 10:17:55,normal,1440,8,A,base,urgent_first,16962.233333333334,False
6238,2026-01-13 10:18:26,normal,1440,1,A,base,urgent_first,16962.733333333334,False
6239,2026-01-13 10:19:08,normal,1440,2,C,base,urgent_first,16963.0,False
6240,2026-01-13 10:19:22,urgent,240,6,A,base,urgent_first,273.23333333333335,False
6241,2026-01-13 10:20:03,normal,1440,4,B,base,urgent_first,16967.15,False
6242,2026-01-13 10:20:51,normal,1440,4,B,base,urgent_first,16972.733333333334,False
6243,2026-01-13 10:20:54,normal,1440,3,B,base,urgent_first,16976.5,False
6244,2026-01-13 10:21:26,normal,1440,2,A,base,urgent_first,16977.9,False
6245,2026-01-13 10:22:11,urgent,240,3,B,base,urgent_first,271.71666666666664,False
6246,2026-01-13 10:23:18,normal,1440,6,A,base,urgent_first,16983.05,False
6247,2026-01-13 10:23:18,normal,1440,3,B,base,urgent_first,16985.833333333332,False
6248,2026-01-13 10:23:20,normal,1440,7,B,base,urgent_first,16994.383333333335,False
6249,2026-01-13 10:23:39,urgent,240,4,B,base,urgent_first,271.98333333333335,False
6250,2026-01-13 10:23:42,normal,1440,1,B,base,urgent_first,16995.083333333332,False
6251,2026-01-13 10:23:52,urgent,240,4,A,base,urgent_first,273.2,False
6252,2026-01-13 10:26:25,normal,1440,3,A,base,urgent_first,16995.466666666667,False
6253,2026-01-13 10:26:38,normal,1440,5,A,base,urgent_first,17000.633333333335,False
6254,2026-01-13 10:27:13,urgent,240,3,B,base,urgent_first,271.23333333333335,False
6255,2026-01-13 10:27:25,normal,1440,5,A,base,urgent_first,17005.566666666666,False
6256,2026-01-13 10:27:56,normal,1440,2,B,base,urgent_first,17006.85,False
6257,2026-01-13 10:28:20,normal,1440,6,C,base,urgent_first,17017.5,False
6258,2026-01-13 10:28:50,normal,1440,4,A,base,urgent_first,17018.5,False
6259,2026-01-13 10:29:36,normal,1440,5,C,base,urgent_first,17023.933333333334,False
6260,2026-01-13 10:31:10,normal,1440,5,A,base,urgent_first,17031.466666666667,False
6261,2026-01-13 10:31:58,normal,1440,4,C,base,urgent_first,17039.05,False
6262,2026-01-13 10:32:43,normal,1440,5,B,base,urgent_first,17043.816666666666,False
6263,2026-01-13 10:33:11,normal,1440,2,A,base,urgent_first,17044.816666666666,False
6264,2026-01-13 10:34:01,normal,1440,4,B,base,urgent_first,17053.95,False
6265,2026-01-13 10:34:07,urgent,240,3,C,base,urgent_first,265.68333333333334,False
6266,2026-01-13 10:34:19,normal,1440,3,B,base,urgent_first,17055.8,False
6267,2026-01-13 10:34:21,normal,1440,12,B,base,urgent_first,17075.65,False
6268,2026-01-13 10:35:29,normal,1440,1,B,base,urgent_first,17075.366666666665,False
6269,2026-01-13 10:35:32,normal,1440,9,A,base,urgent_first,17080.75,False
6270,2026-01-13 10:35:44,normal,1440,2,C,base,urgent_first,17082.616666666665,False
6271,2026-01-13 10:36:51,normal,1440,6,A,base,urgent_first,17090.566666666666,False
6272,2026-01-13 10:37:20,normal,1440,3,A,base,urgent_first,17091.166666666668,False
6273,2026-01-13 10:37:59,normal,1440,4,B,base,urgent_first,17098.183333333334,False
6274,2026-01-13 10:38:25,normal,1440,9,A,base,urgent_first,17107.933333333334,False
6275,2026-01-13 10:38:58,normal,1440,6,A,base,urgent_first,17111.216666666667,False
6276,2026-01-13 10:39:21,normal,1440,9,A,base,urgent_first,17121.05,False
6277,2026-01-13 10:40:04,normal,1440,4,A,base,urgent_first,17124.15,False
6278,2026-01-13 10:40:27,normal,1440,1,B,base,urgent_first,17125.216666666667,False
6279,2026-01-13 10:41:50,normal,1440,2,A,base,urgent_first,17125.833333333332,False
6280,2026-01-13 10:42:32,urgent,240,1,A,base,urgent_first,258.21666666666664,False
6281,2026-01-13 10:42:45,normal,1440,1,B,base,urgent_first,17126.5,False
6282,2026-01-13 10:43:42,normal,1440,2,A,base,urgent_first,17129.166666666668,False
6283,2026-01-13 10:44:24,normal,1440,3,B,base,urgent_first,17135.683333333334,False
6284,2026-01-13 10:45:06,normal,1440,1,B,base,urgent_first,17136.3,False
6285,2026-01-13 10:45:08,normal,1440,2,A,base,urgent_first,17138.366666666665,False
6286,2026-01-13 10:45:14,normal,1440,2,B,base,urgent_first,17140.366666666665,False
6287,2026-01-13 10:46:12,normal,1440,6,A,base,urgent_first,17148.716666666667,False
6288,2026-01-13 10:46:30,normal,1440,10,C,base,urgent_first,17160.65,False
6289,2026-01-13 10:46:44,normal,1440,3,A,base,urgent_first,17162.2,False
6290,2026-01-13 10:47:25,normal,1440,9,B,base,urgent_first,17172.283333333333,False
6291,2026-01-13 10:47:35,normal,1440,4,B,base,urgent_first,17173.533333333333,False
6292,2026-01-13 10:47:48,urgent,240,2,A,base,urgent_first,253.78333333333333,False
6293,2026-01-13 10:48:07,normal,1440,3,B,base,urgent_first,17175.366666666665,False
6294,2026-01-13 10:48:15,urgent,240,12,B,base,urgent_first,255.76666666666668,False
6295,2026-01-13 10:48:21,normal,1440,3,C,base,urgent_first,17178.216666666667,False
6296,2026-01-13 10:48:29,normal,1440,3,A,base,urgent_first,17182.55,False
6297,2026-01-13 10:48:57,normal,1440,5,A,base,urgent_first,17191.766666666666,False
6298,2026-01-13 10:49:11,normal,1440,1,B,base,urgent_first,17192.633333333335,False
6299,2026-01-13 10:50:04,normal,1440,5,A,base,urgent_first,17199.616666666665,False
6300,2026-01-13 10:50:16,normal,1440,4,A,base,urgent_first,17201.533333333333,False
6301,2026-01-13 10:50:18,normal,1440,10,B,base,urgent_first,17213.133333333335,False
6302,2026-01-13 10:50:51,normal,1440,6,C,base,urgent_first,17223.516666666666,False
6303,2026-01-13 10:51:09,normal,1440,5,C,base,urgent_first,17229.216666666667,False
6304,2026-01-13 10:52:09,normal,1440,3,A,base,urgent_first,17229.633333333335,False
6305,2026-01-13 10:52:26,normal,1440,3,A,base,urgent_first,17234.0,False
6306,2026-01-13 10:52:41,normal,1440,1,A,base,urgent_first,17235.233333333334,False
6307,2026-01-13 10:53:09,normal,1440,2,B,base,urgent_first,17239.233333333334,False
6308,2026-01-13 10:53:21,normal,1440,5,A,base,urgent_first,17245.25,False
6309,2026-01-13 10:54:33,normal,1440,8,A,base,urgent_first,17258.733333333334,False
6310,2026-01-13 10:55:43,normal,1440,10,B,base,urgent_first,17272.116666666665,False
6311,2026-01-13 10:56:25,normal,1440,3,A,base,urgent_first,17272.616666666665,False
6312,2026-01-13 10:57:33,normal,1440,3,A,base,urgent_first,17273.383333333335,False
6313,2026-01-13 10:57:34,normal,1440,6,B,base,urgent_first,17284.116666666665,False
6314,2026-01-13 10:57:35,normal,1440,2,A,base,urgent_first,17285.933333333334,False
6315,2026-01-13 10:57:39,normal,1440,5,C,base,urgent_first,17299.883333333335,False
6316,2026-01-13 10:58:26,normal,1440,2,A,base,urgent_first,17300.55,False
6317,2026-01-13 10:58:43,normal,1440,6,B,base,urgent_first,17310.116666666665,False
6318,2026-01-13 10:58:47,normal,1440,3,A,base,urgent_first,17312.516666666666,False
6319,2026-01-13 10:59:01,normal,1440,3,B,base,urgent_first,17316.666666666668,False
6320,2026-01-13 10:59:23,urgent,240,1,A,base,urgent_first,245.6,False
6321,2026-01-13 11:00:33,normal,1440,8,A,base,urgent_first,17325.066666666666,False
6322,2026-01-13 11:01:01,normal,1440,7,A,base,urgent_first,17331.416666666668,False
6323,2026-01-13 11:01:34,normal,1440,7,A,base,urgent_first,17336.516666666666,False
6324,2026-01-13 11:02:00,normal,1440,2,A,base,urgent_first,17337.4,False
6325,2026-01-13 11:02:21,normal,1440,4,A,base,urgent_first,17344.0,False
6326,2026-01-13 11:02:40,normal,1440,2,B,base,urgent_first,17347.4,False
6327,2026-01-13 11:03:36,normal,1440,2,A,base,urgent_first,17349.233333333334,False
6328,2026-01-13 11:04:39,normal,1440,4,A,base,urgent_first,17353.65,False
6329,2026-01-13 11:05:47,normal,1440,17,B,base,urgent_first,17378.116666666665,False
6330,2026-01-13 11:05:55,normal,1440,2,B,base,urgent_first,17379.4,False
6331,2026-01-13 11:06:07,normal,1440,4,A,base,urgent_first,17380.5,False
6332,2026-01-13 11:06:55,urgent,240,4,A,base,urgent_first,239.65,True
6333,2026-01-13 11:07:42,normal,1440,3,B,base,urgent_first,17379.916666666668,False
6334,2026-01-13 11:08:46,normal,1440,2,A,base,urgent_first,17380.75,False
6335,2026-01-13 11:08:54,normal,1440,3,A,base,urgent_first,17383.583333333332,False
6336,2026-01-13 11:09:08,normal,1440,2,B,base,urgent_first,17385.15,False
6337,2026-01-13 11:09:32,normal,1440,3,A,base,urgent_first,17388.016666666666,False
6338,2026-01-13 11:10:51,urgent,240,2,B,base,urgent_first,236.86666666666667,True
6339,2026-01-13 11:11:03,normal,1440,5,B,base,urgent_first,17393.766666666666,False
6340,2026-01-13 11:11:05,normal,1440,2,A,base,urgent_first,17395.7,False
6341,2026-01-13 11:11:07,normal,1440,2,C,base,urgent_first,17399.4,False
6342,2026-01-13 11:11:22,urgent,240,5,C,base,urgent_first,238.53333333333333,True
6343,2026-01-13 11:11:38,urgent,240,3,A,base,urgent_first,239.58333333333334,True
6344,2026-01-13 11:12:09,normal,1440,3,B,base,urgent_first,17403.45,False
6345,2026-01-13 11:13:08,normal,1440,1,A,base,urgent_first,17403.2,False
6346,2026-01-13 11:14:51,normal,1440,3,A,base,urgent_first,17404.883333333335,False
6347,2026-01-13 11:15:43,normal,1440,20,A,base,urgent_first,17431.75,False
6348,2026-01-13 11:15:45,normal,1440,2,A,base,urgent_first,17433.083333333332,False
6349,2026-01-13 11:15:47,normal,1440,3,A,base,urgent_first,17434.25,False
6350,2026-01-13 11:16:36,normal,1440,2,A,base,urgent_first,17434.483333333334,False
6351,2026-01-13 11:16:43,normal,1440,3,B,base,urgent_first,17437.433333333334,False
6352,2026-01-13 11:17:28,urgent,240,2,A,base,urgent_first,234.71666666666667,True
6353,2026-01-13 11:18:23,normal,1440,4,A,base,urgent_first,17440.166666666668,False
6354,2026-01-13 11:18:36,normal,1440,3,B,base,urgent_first,17443.616666666665,False
6355,2026-01-13 11:18:49,normal,1440,8,A,base,urgent_first,17452.983333333334,False
6356,2026-01-13 11:19:11,normal,1440,1,B,base,urgent_first,17453.75,False
6357,2026-01-13 11:19:36,normal,1440,3,A,base,urgent_first,17458.666666666668,False
6358,2026-01-13 11:20:01,normal,1440,6,B,base,urgent_first,17464.75,False
6359,2026-01-13 11:20:12,urgent,240,1,C,base,urgent_first,232.91666666666666,True
6360,2026-01-13 11:21:17,normal,1440,8,A,base,urgent_first,17471.2,False
6361,2026-01-13 11:21:35,normal,1440,1,B,base,urgent_first,17471.8,False
6362,2026-01-13 11:21:54,normal,1440,5,A,base,urgent_first,17477.783333333333,False
6363,2026-01-13 11:22:32,normal,1440,2,B,base,urgent_first,17478.633333333335,False
6364,2026-01-13 11:22:45,normal,1440,1,B,base,urgent_first,17480.5,False
6365,2026-01-13 11:22:59,urgent,240,2,A,base,urgent_first,231.26666666666668,True
6366,2026-01-13 11:23:18,normal,1440,2,B,base,urgent_first,17484.433333333334,False
6367,2026-01-13 11:24:11,normal,1440,3,B,base,urgent_first,17488.25,False
6368,2026-01-13 11:24:21,normal,1440,3,B,base,urgent_first,17491.683333333334,False
6369,2026-01-13 11:24:37,normal,1440,1,B,base,urgent_first,17493.3,False
6370,2026-01-13 11:26:46,normal,1440,2,C,base,urgent_first,17497.933333333334,False
6371,2026-01-13 11:27:04,normal,1440,2,B,base,urgent_first,17500.866666666665,False
6372,2026-01-13 11:27:20,normal,1440,2,C,base,urgent_first,17507.733333333334,False
6373,2026-01-13 11:28:21,normal,1440,3,A,base,urgent_first,17511.283333333333,False
6374,2026-01-13 11:28:27,normal,1440,10,A,base,urgent_first,17524.916666666668,False
6375,2026-01-13 11:29:02,normal,1440,7,C,base,urgent_first,17539.25,False
6376,2026-01-13 11:30:01,normal,1440,1,B,base,urgent_first,17539.483333333334,False
6377,2026-01-13 11:30:20,normal,1440,2,C,base,urgent_first,17545.066666666666,False
6378,2026-01-13 11:31:23,normal,1440,6,B,base,urgent_first,17555.883333333335,False
6379,2026-01-13 11:31:51,normal,1440,7,A,base,urgent_first,17560.0,False
6380,2026-01-13 11:31:55,normal,1440,2,A,base,urgent_first,17561.016666666666,False
6381,2026-01-13 11:32:04,normal,1440,5,A,base,urgent_first,17563.8,False
6382,2026-01-13 11:32:09,normal,1440,9,A,base,urgent_first,17576.133333333335,False
6383,2026-01-13 11:32:54,normal,1440,3,B,base,urgent_first,17579.466666666667,False
6384,2026-01-13 11:33:30,normal,1440,2,B,base,urgent_first,17581.133333333335,False
6385,2026-01-13 11:33:32,normal,1440,6,A,base,urgent_first,17590.05,False
6386,2026-01-13 11:34:20,normal,1440,3,A,base,urgent_first,17592.683333333334,False
6387,2026-01-13 11:34:52,normal,1440,2,B,base,urgent_first,17596.233333333334,False
6388,2026-01-13 11:35:01,normal,1440,1,C,base,urgent_first,17598.1,False
6389,2026-01-13 11:36:19,urgent,240,3,B,base,urgent_first,219.43333333333334,True
6390,2026-01-13 11:36:21,normal,1440,5,A,base,urgent_first,17605.016666666666,False
6391,2026-01-13 11:36:41,normal,1440,4,A,base,urgent_first,17607.65,False
6392,2026-01-13 11:36:45,normal,1440,5,B,base,urgent_first,17616.35,False
6393,2026-01-13 11:36:53,normal,1440,3,B,base,urgent_first,17617.883333333335,False
6394,2026-01-13 11:37:38,normal,1440,1,B,base,urgent_first,17618.45,False
6395,2026-01-13 11:37:55,normal,1440,5,C,base,urgent_first,17628.633333333335,False
6396,2026-01-13 11:38:37,normal,1440,6,A,base,urgent_first,17632.533333333333,False
6397,2026-01-13 11:38:58,normal,1440,9,C,base,urgent_first,17652.7,False
6398,2026-01-13 11:39:30,normal,1440,4,A,base,urgent_first,17654.7,False
6399,2026-01-13 11:39:42,urgent,240,4,A,base,urgent_first,217.35,True
6400,2026-01-13 11:39:47,normal,1440,6,B,base,urgent_first,17660.8,False
6401,2026-01-13 11:40:48,normal,1440,5,C,base,urgent_first,17671.416666666668,False
6402,2026-01-13 11:41:36,urgent,240,3,A,base,urgent_first,216.96666666666667,True
6403,2026-01-13 11:41:40,normal,1440,4,B,base,urgent_first,17675.583333333332,False
6404,2026-01-13 11:41:49,normal,1440,3,C,base,urgent_first,17679.616666666665,False
6405,2026-01-13 11:42:31,normal,1440,5,B,base,urgent_first,17685.616666666665,False
6406,2026-01-13 11:42:44,normal,1440,1,A,base,urgent_first,17686.35,False
6407,2026-01-13 11:42:48,normal,1440,1,B,base,urgent_first,17687.95,False
6408,2026-01-13 11:42:53,normal,1440,5,B,base,urgent_first,17698.75,False
6409,2026-01-13 11:42:56,normal,1440,5,A,base,urgent_first,17702.233333333334,False
6410,2026-01-13 11:44:19,normal,1440,2,C,base,urgent_first,17706.683333333334,False
6411,2026-01-13 11:46:04,urgent,240,2,A,base,urgent_first,213.8,True
6412,2026-01-13 11:46:12,normal,1440,6,C,base,urgent_first,17714.616666666665,False
6413,2026-01-13 11:46:32,normal,1440,4,B,base,urgent_first,17717.05,False
6414,2026-01-13 11:46:38,normal,1440,1,B,base,urgent_first,17718.2,False
6415,2026-01-13 11:47:10,normal,1440,4,A,base,urgent_first,17724.0,False
6416,2026-01-13 11:47:14,normal,1440,6,B,base,urgent_first,17737.233333333334,False
6417,2026-01-13 11:47:26,normal,1440,3,A,base,urgent_first,17738.066666666666,False
6418,2026-01-13 11:47:29,normal,1440,3,C,base,urgent_first,17743.766666666666,False
6419,2026-01-13 11:48:23,normal,1440,3,A,base,urgent_first,17746.133333333335,False
6420,2026-01-13 11:49:12,normal,1440,3,A,base,urgent_first,17748.783333333333,False
6421,2026-01-13 11:49:27,normal,1440,7,A,base,urgent_first,17755.5,False
6422,2026-01-13 11:50:39,normal,1440,3,A,base,urgent_first,17757.733333333334,False
6423,2026-01-13 11:51:11,normal,1440,3,A,base,urgent_first,17759.733333333334,False
6424,2026-01-13 11:52:07,normal,1440,6,B,base,urgent_first,17764.65,False
6425,2026-01-13 11:52:21,normal,1440,2,B,base,urgent_first,17767.716666666667,False
6426,2026-01-13 11:52:45,normal,1440,3,A,base,urgent_first,17770.2,False
6427,2026-01-13 11:52:58,urgent,240,7,A,base,urgent_first,209.11666666666667,True
6428,2026-01-13 11:53:03,normal,1440,2,B,base,urgent_first,17774.35,False
6429,2026-01-13 11:53:15,urgent,240,4,B,base,urgent_first,210.58333333333334,True
6430,2026-01-13 11:53:28,normal,1440,3,A,base,urgent_first,17777.5,False
6431,2026-01-13 11:54:32,normal,1440,4,A,base,urgent_first,17779.166666666668,False
6432,2026-01-13 11:55:09,normal,1440,2,A,base,urgent_first,17780.4,False
6433,2026-01-13 11:56:50,normal,1440,16,A,base,urgent_first,17795.55,False
6434,2026-01-13 11:57:06,normal,1440,2,A,base,urgent_first,17796.366666666665,False
6435,2026-01-13 11:57:07,normal,1440,2,B,base,urgent_first,17797.516666666666,False
6436,2026-01-13 11:57:37,normal,1440,4,A,base,urgent_first,17799.05,False
6437,2026-01-13 11:57:54,normal,1440,12,B,base,urgent_first,17815.25,False
6438,2026-01-13 11:58:03,urgent,240,2,B,base,urgent_first,206.88333333333333,True
6439,2026-01-13 11:58:13,normal,1440,4,C,base,urgent_first,17817.0,False
6440,2026-01-13 11:58:53,normal,1440,3,A,base,urgent_first,17818.35,False
6441,2026-01-13 11:59:16,normal,1440,7,A,base,urgent_first,17824.883333333335,False
6442,2026-01-13 11:59:19,normal,1440,2,A,base,urgent_first,17825.933333333334,False
6443,2026-01-13 11:59:47,normal,1440,2,A,base,urgent_first,17827.2,False
6444,2026-01-13 11:59:50,normal,1440,5,A,base,urgent_first,17833.966666666667,False
6445,2026-01-13 12:01:34,normal,1440,3,A,base,urgent_first,17835.966666666667,False
6446,2026-01-13 12:01:49,normal,1440,3,B,base,urgent_first,17838.05,False
6447,2026-01-13 12:01:57,normal,1440,1,A,base,urgent_first,17839.0,False
6448,2026-01-13 12:02:16,normal,1440,6,B,base,urgent_first,17851.533333333333,False
6449,2026-01-13 12:02:49,normal,1440,3,B,base,urgent_first,17852.233333333334,False
6450,2026-01-13 12:03:24,normal,1440,5,A,base,urgent_first,17855.433333333334,False
6451,2026-01-13 12:04:10,normal,1440,3,A,base,urgent_first,17857.466666666667,False
6452,2026-01-13 12:07:08,normal,1440,9,B,base,urgent_first,17867.983333333334,False
6453,2026-01-13 12:07:17,normal,1440,4,B,base,urgent_first,17871.2,False
6454,2026-01-13 12:07:28,normal,1440,4,A,base,urgent_first,17877.016666666666,False
6455,2026-01-13 12:08:49,normal,1440,4,C,base,urgent_first,17882.733333333334,False
6456,2026-01-13 12:09:46,normal,1440,4,A,base,urgent_first,17884.733333333334,False
6457,2026-01-13 12:10:18,normal,1440,2,B,base,urgent_first,17886.0,False
6458,2026-01-13 12:10:37,normal,1440,4,C,base,urgent_first,17897.083333333332,False
6459,2026-01-13 12:11:50,normal,1440,1,B,base,urgent_first,17896.816666666666,False
6460,2026-01-13 12:12:23,normal,1440,3,A,base,urgent_first,17899.55,False
6461,2026-01-13 12:12:57,normal,1440,6,B,base,urgent_first,17908.733333333334,False
6462,2026-01-13 12:13:32,normal,1440,7,C,base,urgent_first,17923.75,False
6463,2026-01-13 12:14:25,normal,1440,3,A,base,urgent_first,17924.3,False
6464,2026-01-13 12:16:25,normal,1440,1,B,base,urgent_first,17923.183333333334,False
6465,2026-01-13 12:16:44,urgent,240,5,A,base,urgent_first,189.61666666666667,True
6466,2026-01-13 12:17:54,normal,1440,5,A,base,urgent_first,17926.883333333335,False
6467,2026-01-13 12:17:57,normal,1440,8,A,base,urgent_first,17937.283333333333,False
6468,2026-01-13 12:18:04,normal,1440,3,A,base,urgent_first,17938.716666666667,False
6469,2026-01-13 12:19:07,normal,1440,5,B,base,urgent_first,17942.85,False
6470,2026-01-13 12:19:53,normal,1440,4,C,base,urgent_first,17951.516666666666,False
6471,2026-01-13 12:20:43,normal,1440,1,A,base,urgent_first,17951.616666666665,False
6472,2026-01-13 12:21:21,normal,1440,3,C,base,urgent_first,17958.25,False
6473,2026-01-13 12:21:26,normal,1440,3,B,base,urgent_first,17962.933333333334,False
6474,2026-01-13 12:23:01,normal,1440,5,B,base,urgent_first,17969.0,False
6475,2026-01-13 12:23:01,normal,1440,1,A,base,urgent_first,17962.183333333334,False
6476,2026-01-13 12:23:29,normal,1440,2,A,base,urgent_first,17969.65,False
6477,2026-01-13 12:23:43,normal,1440,3,B,base,urgent_first,17974.333333333332,False
6478,2026-01-13 12:23:53,urgent,240,3,B,base,urgent_first,183.61666666666667,True
6479,2026-01-13 12:24:33,urgent,240,3,C,base,urgent_first,184.28333333333333,True
6480,2026-01-13 12:25:08,normal,1440,10,C,base,urgent_first,17991.3,False
6481,2026-01-13 12:25:21,normal,1440,3,B,base,urgent_first,17992.083333333332,False
6482,2026-01-13 12:25:47,normal,1440,4,B,base,urgent_first,17995.483333333334,False
6483,2026-01-13 12:27:07,normal,1440,2,B,base,urgent_first,17995.95,False
6484,2026-01-13 12:29:04,normal,1440,3,A,base,urgent_first,18006.816666666666,False
6485,2026-01-13 12:29:04,normal,1440,5,B,base,urgent_first,18005.1,False
6486,2026-01-13 12:29:08,urgent,240,1,A,base,urgent_first,180.88333333333333,True
6487,2026-01-13 12:32:03,normal,1440,3,A,base,urgent_first,18006.0,False
6488,2026-01-13 12:32:28,normal,1440,4,B,base,urgent_first,18014.816666666666,False
6489,2026-01-13 12:33:20,normal,1440,2,A,base,urgent_first,18014.783333333333,False
6490,2026-01-13 12:33:55,normal,1440,2,A,base,urgent_first,18016.633333333335,False
6491,2026-01-13 12:35:02,normal,1440,4,C,base,urgent_first,18025.333333333332,False
6492,2026-01-13 12:35:05,normal,1440,4,C,base,urgent_first,18032.866666666665,False
6493,2026-01-13 12:37:19,normal,1440,4,A,base,urgent_first,18033.9,False
6494,2026-01-13 12:37:57,normal,1440,5,B,base,urgent_first,18040.45,False
6495,2026-01-13 12:38:11,normal,1440,4,A,base,urgent_first,18044.55,False
6496,2026-01-13 12:38:52,normal,1440,1,B,base,urgent_first,18045.1,False
6497,2026-01-13 12:39:54,normal,1440,6,B,base,urgent_first,18052.116666666665,False
6498,2026-01-13 12:40:29,normal,1440,5,C,base,urgent_first,18058.083333333332,False
6499,2026-01-13 12:40:32,urgent,240,5,A,base,urgent_first,170.76666666666668,True
6500,2026-01-13 12:43:15,normal,1440,6,C,base,urgent_first,18062.9,False
6501,2026-01-13 12:43:34,normal,1440,1,A,base,urgent_first,18063.55,False
6502,2026-01-13 12:43:42,normal,1440,1,A,base,urgent_first,18065.183333333334,False
6503,2026-01-13 12:49:39,normal,1440,4,B,base,urgent_first,18063.35,False
6504,2026-01-13 12:50:09,normal,1440,1,A,base,urgent_first,18064.266666666666,False
6505,2026-01-13 12:52:25,normal,1440,8,A,base,urgent_first,18071.283333333333,False
6506,2026-01-13 12:52:34,normal,1440,8,C,base,urgent_first,18090.716666666667,False
6507,2026-01-13 12:53:50,normal,1440,2,A,base,urgent_first,18090.533333333333,False
6508,2026-01-13 12:54:02,normal,1440,4,B,base,urgent_first,18093.216666666667,False
6509,2026-01-13 12:54:39,normal,1440,2,B,base,urgent_first,18098.083333333332,False
6510,2026-01-13 12:55:17,urgent,240,2,B,base,urgent_first,157.15,True
6511,2026-01-13 12:55:19,urgent,240,5,C,base,urgent_first,158.76666666666668,True
6512,2026-01-13 12:58:16,normal,1440,5,C,base,urgent_first,18101.633333333335,False
6513,2026-01-13 12:58:32,normal,1440,3,B,base,urgent_first,18104.033333333333,False
6514,2026-01-13 12:58:41,normal,1440,3,A,base,urgent_first,18105.883333333335,False
6515,2026-01-13 12:58:42,normal,1440,3,A,base,urgent_first,18108.5,False
6516,2026-01-13 13:00:39,normal,1440,3,B,base,urgent_first,18109.4,False
6517,2026-01-13 13:02:44,normal,1440,2,A,base,urgent_first,18108.683333333334,False
6518,2026-01-13 13:03:57,normal,1440,1,A,base,urgent_first,18109.433333333334,False
6519,2026-01-13 13:07:22,normal,1440,7,B,base,urgent_first,18117.65,False
6520,2026-01-13 13:07:34,normal,1440,1,A,base,urgent_first,18118.933333333334,False
6521,2026-01-13 13:07:45,normal,1440,8,A,base,urgent_first,18124.45,False
6522,2026-01-13 13:10:29,normal,1440,6,C,base,urgent_first,18129.616666666665,False
6523,2026-01-13 13:11:07,urgent,240,3,A,base,urgent_first,144.41666666666666,True
6524,2026-01-13 13:12:01,normal,1440,2,B,base,urgent_first,18131.083333333332,False
6525,2026-01-13 13:12:37,urgent,240,3,A,base,urgent_first,144.5,True
6526,2026-01-13 13:12:50,normal,1440,2,B,base,urgent_first,18131.666666666668,False
6527,2026-01-13 13:13:05,normal,1440,3,B,base,urgent_first,18138.783333333333,False
6528,2026-01-13 13:13:26,normal,1440,2,A,base,urgent_first,18140.283333333333,False
6529,2026-01-13 13:13:54,normal,1440,8,B,base,urgent_first,18152.4,False
6530,2026-01-13 13:15:35,urgent,240,3,C,base,urgent_first,142.78333333333333,True
6531,2026-01-13 13:15:44,normal,1440,5,A,base,urgent_first,18152.316666666666,False
6532,2026-01-13 13:19:06,normal,1440,7,B,base,urgent_first,18160.65,False
6533,2026-01-13 13:19:11,normal,1440,2,B,base,urgent_first,18161.85,False
6534,2026-01-13 13:21:09,normal,1440,3,B,base,urgent_first,18163.033333333333,False
6535,2026-01-13 13:21:30,normal,1440,2,B,base,urgent_first,18165.366666666665,False
6536,2026-01-13 13:22:32,normal,1440,2,A,base,urgent_first,18167.683333333334,False
6537,2026-01-13 13:23:05,normal,1440,5,A,base,urgent_first,18173.483333333334,False
6538,2026-01-13 13:25:31,urgent,240,4,A,base,urgent_first,134.3,True
6539,2026-01-13 13:27:12,normal,1440,7,A,base,urgent_first,18176.233333333334,False
6540,2026-01-13 13:28:17,normal,1440,1,A,base,urgent_first,18176.166666666668,False
6541,2026-01-13 13:29:43,normal,1440,2,A,base,urgent_first,18176.166666666668,False
6542,2026-01-13 13:31:44,normal,1440,2,B,base,urgent_first,18177.216666666667,False
6543,2026-01-13 13:32:12,normal,1440,2,A,base,urgent_first,18178.6,False
6544,2026-01-13 13:32:29,normal,1440,5,B,base,urgent_first,18187.316666666666,False
6545,2026-01-13 13:32:44,normal,1440,2,A,base,urgent_first,18188.566666666666,False
6546,2026-01-13 13:36:13,normal,1440,5,A,base,urgent_first,18190.8,False
6547,2026-01-13 13:36:31,normal,1440,7,A,base,urgent_first,18199.816666666666,False
6548,2026-01-13 13:37:48,normal,1440,5,A,base,urgent_first,18204.55,False
6549,2026-01-13 13:38:09,normal,1440,2,A,base,urgent_first,18205.533333333333,False
6550,2026-01-13 13:44:12,normal,1440,3,B,base,urgent_first,18202.816666666666,False
6551,2026-01-13 13:46:16,normal,1440,1,C,base,urgent_first,18202.9,False
6552,2026-01-13 13:46:48,normal,1440,2,C,base,urgent_first,18208.6,False
6553,2026-01-13 13:47:35,normal,1440,2,A,base,urgent_first,18212.083333333332,False
6554,2026-01-13 13:51:52,normal,1440,6,B,base,urgent_first,18215.2,False
6555,2026-01-13 13:53:06,normal,1440,2,B,base,urgent_first,18215.883333333335,False
6556,2026-01-13 13:53:27,normal,1440,2,A,base,urgent_first,18218.9,False
6557,2026-01-13 13:54:09,urgent,240,7,B,base,urgent_first,107.91666666666667,True
6558,2026-01-13 13:56:00,normal,1440,3,B,base,urgent_first,18223.016666666666,False
6559,2026-01-13 13:56:41,normal,1440,3,B,base,urgent_first,18224.666666666668,False
6560,2026-01-13 13:57:42,normal,1440,4,B,base,urgent_first,18229.483333333334,False
6561,2026-01-13 13:59:11,normal,1440,10,A,base,urgent_first,18242.783333333333,False
6562,2026-01-13 14:00:18,normal,1440,5,C,base,urgent_first,18247.016666666666,False
6563,2026-01-13 14:05:17,normal,1440,4,A,base,urgent_first,18246.5,False
6564,2026-01-13 14:05:36,normal,1440,3,B,base,urgent_first,18250.333333333332,False
6565,2026-01-13 14:08:14,normal,1440,3,A,base,urgent_first,18250.983333333334,False
6566,2026-01-13 14:09:02,normal,1440,5,A,base,urgent_first,18257.0,False
6567,2026-01-13 14:13:32,normal,1440,5,B,base,urgent_first,18255.6,False
6568,2026-01-13 14:18:44,normal,1440,3,B,base,urgent_first,18253.35,False
6569,2026-01-13 14:21:57,normal,1440,2,A,base,urgent_first,18253.216666666667,False
6570,2026-01-13 14:23:37,urgent,240,4,A,base,urgent_first,79.76666666666667,True
6571,2026-01-13 14:25:16,normal,1440,2,B,base,urgent_first,18254.416666666668,False
6572,2026-01-13 14:25:30,urgent,240,3,A,base,urgent_first,79.18333333333334,True
6573,2026-01-13 14:26:25,normal,1440,3,A,base,urgent_first,18256.016666666666,False
6574,2026-01-13 14:28:44,normal,1440,6,A,base,urgent_first,18261.9,False
6575,2026-01-13 14:32:43,normal,1440,1,B,base,urgent_first,18258.966666666667,False
6576,2026-01-13 14:34:35,normal,1440,3,A,base,urgent_first,18260.983333333334,False
6577,2026-01-13 14:35:39,urgent,240,8,A,base,urgent_first,72.35,True
6578,2026-01-13 14:38:28,normal,1440,3,B,base,urgent_first,18265.15,False
6579,2026-01-13 14:38:32,normal,1440,3,B,base,urgent_first,18270.816666666666,False
6580,2026-01-13 14:41:44,normal,1440,6,B,base,urgent_first,18276.566666666666,False
6581,2026-01-13 14:42:29,normal,1440,4,A,base,urgent_first,18277.933333333334,False
6582,2026-01-13 14:42:39,normal,1440,5,A,base,urgent_first,18283.666666666668,False
6583,2026-01-13 14:44:20,urgent,240,3,A,base,urgent_first,64.95,True
6584,2026-01-13 14:44:51,normal,1440,5,A,base,urgent_first,18285.233333333334,False
6585,2026-01-13 14:49:06,normal,1440,4,B,base,urgent_first,18283.266666666666,False
6586,2026-01-13 14:49:22,normal,1440,2,B,base,urgent_first,18285.483333333334,False
6587,2026-01-13 14:51:21,normal,1440,6,B,base,urgent_first,18292.416666666668,False
6588,2026-01-13 14:52:38,normal,1440,5,B,base,urgent_first,18295.85,False
6589,2026-01-13 14:52:48,normal,1440,4,B,base,urgent_first,18301.2,False
6590,2026-01-13 14:54:43,normal,1440,9,C,base,urgent_first,18306.933333333334,False
6591,2026-01-13 14:55:22,urgent,240,4,B,base,urgent_first,55.4,True
6592,2026-01-13 14:55:38,normal,1440,3,B,base,urgent_first,18307.816666666666,False
6593,2026-01-13 14:59:06,normal,1440,1,B,base,urgent_first,18305.416666666668,False
6594,2026-01-13 14:59:09,normal,1440,4,B,base,urgent_first,18312.383333333335,False
6595,2026-01-13 14:59:45,normal,1440,1,B,base,urgent_first,18314.616666666665,False
6596,2026-01-13 15:00:01,normal,1440,3,C,base,urgent_first,18320.65,False
6597,2026-01-13 15:00:34,normal,1440,1,C,base,urgent_first,18322.366666666665,False
6598,2026-01-13 15:01:02,normal,1440,1,A,base,urgent_first,18323.333333333332,False
6599,2026-01-13 15:01:10,normal,1440,2,A,base,urgent_first,18327.033333333333,False
6600,2026-01-13 15:01:21,normal,1440,4,B,base,urgent_first,18332.216666666667,False
6601,2026-01-13 15:02:07,normal,1440,7,B,base,urgent_first,18339.933333333334,False
6602,2026-01-13 15:02:19,normal,1440,5,B,base,urgent_first,18343.333333333332,False
6603,2026-01-13 15:03:37,normal,1440,5,B,base,urgent_first,18347.066666666666,False
6604,2026-01-13 15:05:41,normal,1440,3,B,base,urgent_first,18349.3,False
6605,2026-01-13 15:06:46,urgent,240,2,A,base,urgent_first,45.1,True
6606,2026-01-13 15:07:56,normal,1440,7,B,base,urgent_first,18354.083333333332,False
6607,2026-01-13 15:09:27,normal,1440,3,A,base,urgent_first,18354.4,False
6608,2026-01-13 15:10:28,normal,1440,2,B,base,urgent_first,18356.783333333333,False
6609,2026-01-13 15:10:31,urgent,240,2,A,base,urgent_first,42.483333333333334,True
6610,2026-01-13 15:10:40,normal,1440,1,B,base,urgent_first,18359.2,False
6611,2026-01-13 15:10:43,normal,1440,9,B,base,urgent_first,18367.65,False
6612,2026-01-13 15:11:17,urgent,240,5,B,base,urgent_first,43.36666666666667,True
6613,2026-01-13 15:12:30,urgent,240,4,B,base,urgent_first,43.6,True
6614,2026-01-13 15:15:03,normal,1440,3,C,base,urgent_first,18368.85,False
6615,2026-01-13 15:15:46,normal,1440,3,A,base,urgent_first,18369.616666666665,False
6616,2026-01-13 15:16:22,normal,1440,2,B,base,urgent_first,18372.183333333334,False
6617,2026-01-13 15:16:32,normal,1440,15,A,base,urgent_first,18391.0,False
6618,2026-01-13 15:16:34,normal,1440,4,B,base,urgent_first,18392.466666666667,False
6619,2026-01-13 15:17:21,urgent,240,9,B,base,urgent_first,41.016666666666666,True
6620,2026-01-13 15:20:59,normal,1440,7,A,base,urgent_first,18396.466666666667,False
6621,2026-01-13 15:21:18,normal,1440,3,B,base,urgent_first,18400.616666666665,False
6622,2026-01-13 15:21:21,normal,1440,4,C,base,urgent_first,18410.183333333334,False
6623,2026-01-13 15:21:28,normal,1440,1,A,base,urgent_first,18411.066666666666,False
6624,2026-01-13 15:21:40,normal,1440,7,C,base,urgent_first,18425.6,False
6625,2026-01-13 15:21:57,normal,1440,3,A,base,urgent_first,18426.7,False
6626,2026-01-13 15:22:44,normal,1440,9,A,base,urgent_first,18432.25,False
6627,2026-01-13 15:22:54,normal,1440,2,A,base,urgent_first,18433.35,False
6628,2026-01-13 15:23:37,normal,1440,2,C,base,urgent_first,18435.516666666666,False
6629,2026-01-13 15:23:53,normal,1440,2,B,base,urgent_first,18438.133333333335,False
6630,2026-01-13 15:25:03,normal,1440,2,A,base,urgent_first,18441.033333333333,False
6631,2026-01-13 15:26:01,urgent,240,2,A,base,urgent_first,33.2,True
6632,2026-01-13 15:26:07,normal,1440,3,C,base,urgent_first,18447.6,False
6633,2026-01-13 15:26:42,urgent,240,6,A,base,urgent_first,33.916666666666664,True
6634,2026-01-13 15:27:50,normal,1440,4,B,base,urgent_first,18452.683333333334,False
6635,2026-01-13 15:28:02,normal,1440,3,B,base,urgent_first,18455.716666666667,False
6636,2026-01-13 15:28:36,urgent,240,2,A,base,urgent_first,33.18333333333333,True
6637,2026-01-13 15:28:53,normal,1440,3,B,base,urgent_first,18460.2,False
6638,2026-01-13 15:30:42,urgent,240,7,B,base,urgent_first,185.1,True
6639,2026-01-13 15:31:28,urgent,240,5,A,base,urgent_first,185.5,True
6640,2026-01-13 15:31:35,normal,1440,3,B,base,urgent_first,18463.916666666668,False
6641,2026-01-13 15:32:00,normal,1440,3,A,base,urgent_first,18467.216666666667,False
6642,2026-01-13 15:33:52,urgent,240,1,B,base,urgent_first,184.08333333333334,True
6643,2026-01-13 15:34:32,normal,1440,20,B,base,urgent_first,18485.233333333334,False
6644,2026-01-13 15:34:44,urgent,240,7,B,base,urgent_first,185.2,True
6645,2026-01-13 15:35:26,normal,1440,8,B,base,urgent_first,18487.433333333334,False
6646,2026-01-13 15:35:43,urgent,240,4,A,base,urgent_first,185.6,True
6647,2026-01-13 15:40:04,normal,1440,7,C,base,urgent_first,18506.583333333332,False
6648,2026-01-13 15:44:55,normal,1440,4,A,base,urgent_first,18503.383333333335,False
6649,2026-01-13 15:45:46,normal,1440,7,C,base,urgent_first,18519.683333333334,False
6650,2026-01-13 15:46:11,normal,1440,7,B,base,urgent_first,18525.15,False
6651,2026-01-13 15:46:40,urgent,240,2,A,base,urgent_first,175.73333333333332,True
6652,2026-01-13 15:47:01,normal,1440,2,A,base,urgent_first,18525.25,False
6653,2026-01-13 15:48:40,normal,1440,1,A,base,urgent_first,18524.583333333332,False
6654,2026-01-13 15:48:44,normal,1440,6,C,base,urgent_first,18531.766666666666,False
6655,2026-01-13 15:50:32,normal,1440,3,B,base,urgent_first,18531.733333333334,False
6656,2026-01-13 15:54:30,normal,1440,2,A,base,urgent_first,18529.783333333333,False
6657,2026-01-13 15:54:30,normal,1440,2,A,base,urgent_first,18532.25,False
6658,2026-01-13 15:54:41,normal,1440,3,A,base,urgent_first,18538.283333333333,False
6659,2026-01-13 15:56:11,normal,1440,3,A,base,urgent_first,18540.216666666667,False
6660,2026-01-13 15:56:34,normal,1440,8,A,base,urgent_first,18551.5,False
6661,2026-01-13 15:57:39,normal,1440,1,A,base,urgent_first,18551.083333333332,False
6662,2026-01-13 15:59:13,normal,1440,2,A,base,urgent_first,18552.566666666666,False
6663,2026-01-13 15:59:38,normal,1440,3,C,base,urgent_first,18558.033333333333,False
6664,2026-01-13 16:00:54,urgent,240,1,A,base,urgent_first,162.28333333333333,True
6665,2026-01-13 16:01:26,normal,1440,7,C,base,urgent_first,18568.783333333333,False
6666,2026-01-13 16:02:39,normal,1440,6,A,base,urgent_first,18570.883333333335,False
6667,2026-01-13 16:03:41,normal,1440,2,A,base,urgent_first,18570.8,False
6668,2026-01-13 16:04:36,normal,1440,2,B,base,urgent_first,18574.033333333333,False
6669,2026-01-13 16:05:58,urgent,240,5,A,base,urgent_first,158.71666666666667,True
6670,2026-01-13 16:06:05,normal,1440,1,A,base,urgent_first,18573.516666666666,False
6671,2026-01-13 16:06:34,normal,1440,1,B,base,urgent_first,18574.216666666667,False
6672,2026-01-13 16:06:56,normal,1440,5,B,base,urgent_first,18582.733333333334,False
6673,2026-01-13 16:07:36,normal,1440,5,B,base,urgent_first,18589.65,False
6674,2026-01-13 16:10:03,normal,1440,3,A,base,urgent_first,18590.116666666665,False
6675,2026-01-13 16:12:04,normal,1440,4,A,base,urgent_first,18595.016666666666,False
6676,2026-01-13 16:12:53,urgent,240,2,C,base,urgent_first,153.06666666666666,True
6677,2026-01-13 16:12:58,normal,1440,3,A,base,urgent_first,18598.016666666666,False
6678,2026-01-13 16:13:36,normal,1440,5,A,base,urgent_first,18603.066666666666,False
6679,2026-01-13 16:15:38,normal,1440,2,A,base,urgent_first,18602.533333333333,False
6680,2026-01-13 16:15:49,normal,1440,4,A,base,urgent_first,18607.366666666665,False
6681,2026-01-13 16:15:54,normal,1440,12,A,base,urgent_first,18619.083333333332,False
6682,2026-01-13 16:16:12,normal,1440,4,C,base,urgent_first,18628.483333333334,False
6683,2026-01-13 16:16:15,normal,1440,7,A,base,urgent_first,18636.816666666666,False
6684,2026-01-13 16:17:01,normal,1440,6,A,base,urgent_first,18640.966666666667,False
6685,2026-01-13 16:17:02,normal,1440,12,A,base,urgent_first,18655.383333333335,False
6686,2026-01-13 16:17:50,normal,1440,2,B,base,urgent_first,18655.983333333334,False
6687,2026-01-13 16:18:47,normal,1440,3,A,base,urgent_first,18656.466666666667,False
6688,2026-01-13 16:18:48,normal,1440,5,A,base,urgent_first,18661.033333333333,False
6689,2026-01-13 16:19:37,normal,1440,4,A,base,urgent_first,18664.25,False
6690,2026-01-13 16:20:07,normal,1440,5,A,base,urgent_first,18669.6,False
6691,2026-01-13 16:20:39,normal,1440,6,A,base,urgent_first,18677.616666666665,False
6692,2026-01-13 16:22:07,normal,1440,7,A,base,urgent_first,18686.516666666666,False
6693,2026-01-13 16:23:55,normal,1440,7,A,base,urgent_first,18689.483333333334,False
6694,2026-01-13 16:23:56,normal,1440,4,C,base,urgent_first,18692.65,False
6695,2026-01-13 16:27:21,urgent,240,3,A,base,urgent_first,139.83333333333334,True
6696,2026-01-13 16:28:01,normal,1440,5,A,base,urgent_first,18693.333333333332,False
6697,2026-01-13 16:28:22,normal,1440,9,B,base,urgent_first,18705.383333333335,False
6698,2026-01-13 16:30:06,urgent,240,3,C,base,urgent_first,138.58333333333334,True
6699,2026-01-13 16:31:08,normal,1440,4,A,base,urgent_first,18704.366666666665,False
6700,2026-01-13 16:32:22,normal,1440,3,B,base,urgent_first,18706.116666666665,False
6701,2026-01-13 16:33:42,normal,1440,3,A,base,urgent_first,18709.266666666666,False
6702,2026-01-13 16:34:33,normal,1440,3,A,base,urgent_first,18713.016666666666,False
6703,2026-01-13 16:36:58,normal,1440,4,B,base,urgent_first,18717.016666666666,False
6704,2026-01-13 16:37:08,normal,1440,2,A,base,urgent_first,18718.516666666666,False
6705,2026-01-13 16:37:54,normal,1440,2,A,base,urgent_first,18719.616666666665,False
6706,2026-01-13 16:38:32,urgent,240,4,C,base,urgent_first,131.53333333333333,True
6707,2026-01-13 16:38:59,normal,1440,2,B,base,urgent_first,18721.566666666666,False
6708,2026-01-13 16:39:00,normal,1440,4,B,base,urgent_first,18729.416666666668,False
6709,2026-01-13 16:40:09,normal,1440,4,B,base,urgent_first,18732.066666666666,False
6710,2026-01-13 16:40:22,urgent,240,3,C,base,urgent_first,131.01666666666668,True
6711,2026-01-13 16:40:44,urgent,240,2,A,base,urgent_first,132.16666666666666,True
6712,2026-01-13 16:40:57,normal,1440,4,A,base,urgent_first,18735.0,False
6713,2026-01-13 16:41:02,normal,1440,19,A,base,urgent_first,18755.783333333333,False
6714,2026-01-13 16:41:26,normal,1440,4,B,base,urgent_first,18756.7,False
6715,2026-01-13 16:42:17,normal,1440,1,B,base,urgent_first,18756.65,False
6716,2026-01-13 16:43:54,normal,1440,5,A,base,urgent_first,18762.216666666667,False
6717,2026-01-13 16:45:17,normal,1440,4,A,base,urgent_first,18767.016666666666,False
6718,2026-01-13 16:49:07,normal,1440,2,A,base,urgent_first,18764.5,False
6719,2026-01-13 16:51:55,normal,1440,2,B,base,urgent_first,18765.316666666666,False
6720,2026-01-13 16:52:37,normal,1440,2,A,base,urgent_first,18767.033333333333,False
6721,2026-01-13 16:52:48,normal,1440,3,A,base,urgent_first,18769.75,False
6722,2026-01-13 16:53:01,normal,1440,5,A,base,urgent_first,18776.5,False
6723,2026-01-13 16:53:24,normal,1440,2,B,base,urgent_first,18778.766666666666,False
6724,2026-01-13 16:54:01,normal,1440,5,B,base,urgent_first,18787.533333333333,False
6725,2026-01-13 16:54:07,normal,1440,3,B,base,urgent_first,18788.95,False
6726,2026-01-13 16:54:13,normal,1440,2,A,base,urgent_first,18790.666666666668,False
6727,2026-01-13 16:55:19,normal,1440,6,B,base,urgent_first,18799.933333333334,False
6728,2026-01-13 16:56:00,normal,1440,7,B,base,urgent_first,18805.783333333333,False
6729,2026-01-13 16:57:24,normal,1440,4,A,base,urgent_first,18808.183333333334,False
6730,2026-01-13 16:58:39,normal,1440,6,B,base,urgent_first,18818.8,False
6731,2026-01-13 17:00:44,normal,1440,5,A,base,urgent_first,18821.5,False
6732,2026-01-13 17:02:22,normal,1440,2,A,base,urgent_first,18821.483333333334,False
6733,2026-01-13 17:02:29,normal,1440,6,B,base,urgent_first,18829.116666666665,False
6734,2026-01-13 17:02:43,normal,1440,7,C,base,urgent_first,18845.85,False
6735,2026-01-13 17:03:03,urgent,240,5,A,base,urgent_first,111.13333333333334,True
6736,2026-01-13 17:03:08,normal,1440,2,A,base,urgent_first,18846.483333333334,False
6737,2026-01-13 17:03:41,normal,1440,2,A,base,urgent_first,18847.633333333335,False
6738,2026-01-13 17:05:50,normal,1440,2,A,base,urgent_first,18847.016666666666,False
6739,2026-01-13 17:06:05,urgent,240,2,A,base,urgent_first,108.86666666666666,True
6740,2026-01-13 17:06:59,normal,1440,5,B,base,urgent_first,18850.116666666665,False
6741,2026-01-13 17:08:28,normal,1440,5,A,base,urgent_first,18853.116666666665,False
6742,2026-01-13 17:08:39,normal,1440,8,B,base,urgent_first,18868.266666666666,False
6743,2026-01-13 17:10:36,normal,1440,2,B,base,urgent_first,18867.516666666666,False
6744,2026-01-13 17:10:59,normal,1440,4,B,base,urgent_first,18870.6,False
6745,2026-01-13 17:16:58,normal,1440,1,A,base,urgent_first,18865.45,False
6746,2026-01-13 17:17:00,urgent,240,5,A,base,urgent_first,99.5,True
6747,2026-01-13 17:17:45,normal,1440,6,A,base,urgent_first,18874.066666666666,False
6748,2026-01-13 17:19:23,urgent,240,6,A,base,urgent_first,98.56666666666666,True
6749,2026-01-13 17:19:33,normal,1440,2,C,base,urgent_first,18874.016666666666,False
6750,2026-01-13 17:19:46,normal,1440,3,A,base,urgent_first,18876.316666666666,False
6751,2026-01-13 17:20:12,normal,1440,2,B,base,urgent_first,18879.666666666668,False
6752,2026-01-13 17:20:28,normal,1440,1,A,base,urgent_first,18880.366666666665,False
6753,2026-01-13 17:22:25,normal,1440,6,A,base,urgent_first,18887.083333333332,False
6754,2026-01-13 17:22:25,normal,1440,3,B,base,urgent_first,18890.45,False
6755,2026-01-13 17:23:20,normal,1440,4,A,base,urgent_first,18892.4,False
6756,2026-01-13 17:24:02,normal,1440,3,A,base,urgent_first,18894.533333333333,False
6757,2026-01-13 17:24:31,normal,1440,4,A,base,urgent_first,18899.416666666668,False
6758,2026-01-13 17:24:33,normal,1440,7,A,base,urgent_first,18909.833333333332,False
6759,2026-01-13 17:24:56,urgent,240,2,A,base,urgent_first,93.73333333333333,True
6760,2026-01-13 17:25:03,normal,1440,2,B,base,urgent_first,18910.783333333333,False
6761,2026-01-13 17:25:56,normal,1440,3,A,base,urgent_first,18913.2,False
6762,2026-01-13 17:25:58,normal,1440,4,A,base,urgent_first,18916.933333333334,False
6763,2026-01-13 17:26:36,normal,1440,2,A,base,urgent_first,18918.666666666668,False
6764,2026-01-13 17:27:10,normal,1440,2,B,base,urgent_first,18920.1,False
6765,2026-01-13 17:29:38,normal,1440,2,A,base,urgent_first,18920.75,False
6766,2026-01-13 17:30:12,normal,1440,4,B,base,urgent_first,18927.4,False
6767,2026-01-13 17:30:30,normal,1440,8,B,base,urgent_first,18936.966666666667,False
6768,2026-01-13 17:30:47,normal,1440,2,B,base,urgent_first,18938.883333333335,False
6769,2026-01-13 17:30:54,normal,1440,2,A,base,urgent_first,18940.1,False
6770,2026-01-13 17:31:41,normal,1440,5,B,base,urgent_first,18946.716666666667,False
6771,2026-01-13 17:32:26,normal,1440,1,A,base,urgent_first,18947.066666666666,False
6772,2026-01-13 17:32:47,normal,1440,3,C,base,urgent_first,18954.1,False
6773,2026-01-13 17:34:19,normal,1440,2,B,base,urgent_first,18954.316666666666,False
6774,2026-01-13 17:34:31,normal,1440,7,B,base,urgent_first,18971.0,False
6775,2026-01-13 17:34:56,normal,1440,7,C,base,urgent_first,18980.15,False
6776,2026-01-13 17:35:34,normal,1440,3,B,base,urgent_first,18981.95,False
6777,2026-01-13 17:37:47,normal,1440,6,A,base,urgent_first,18986.55,False
6778,2026-01-13 17:39:42,normal,1440,3,A,base,urgent_first,18986.616666666665,False
6779,2026-01-13 17:40:13,normal,1440,4,B,base,urgent_first,18991.683333333334,False
6780,2026-01-13 17:40:54,normal,1440,3,A,base,urgent_first,18995.133333333335,False
6781,2026-01-13 17:41:05,normal,1440,2,B,base,urgent_first,18997.716666666667,False
6782,2026-01-13 17:41:47,normal,1440,4,A,base,urgent_first,19001.55,False
6783,2026-01-13 17:42:29,normal,1440,1,C,base,urgent_first,19005.083333333332,False
6784,2026-01-13 17:42:59,normal,1440,10,B,base,urgent_first,19016.916666666668,False
6785,2026-01-13 17:43:46,normal,1440,2,B,base,urgent_first,19017.416666666668,False
6786,2026-01-13 17:44:25,normal,1440,2,B,base,urgent_first,19017.733333333334,False
6787,2026-01-13 17:44:49,normal,1440,1,B,base,urgent_first,19018.75,False
6788,2026-01-13 17:46:15,normal,1440,1,A,base,urgent_first,19021.0,False
6789,2026-01-13 17:46:42,normal,1440,7,A,base,urgent_first,19029.75,False
6790,2026-01-13 17:46:58,normal,1440,2,B,base,urgent_first,19030.933333333334,False
6791,2026-01-13 17:48:12,normal,1440,1,A,base,urgent_first,19030.616666666665,False
6792,2026-01-13 17:50:08,normal,1440,1,C,base,urgent_first,19030.133333333335,False
6793,2026-01-13 17:50:37,normal,1440,5,A,base,urgent_first,19035.8,False
6794,2026-01-13 17:52:28,urgent,240,6,A,base,urgent_first,67.78333333333333,True
6795,2026-01-13 17:53:06,normal,1440,3,A,base,urgent_first,19037.366666666665,False
6796,2026-01-13 17:53:10,urgent,240,2,B,base,urgent_first,68.31666666666666,True
6797,2026-01-13 17:53:19,normal,1440,2,B,base,urgent_first,19040.133333333335,False
6798,2026-01-13 17:53:42,normal,1440,3,A,base,urgent_first,19042.766666666666,False
6799,2026-01-13 17:54:46,normal,1440,2,B,base,urgent_first,19045.433333333334,False
6800,2026-01-13 17:56:10,normal,1440,3,A,base,urgent_first,19047.783333333333,False
6801,2026-01-13 17:56:15,normal,1440,4,A,base,urgent_first,19050.783333333333,False
6802,2026-01-13 17:56:21,normal,1440,10,A,base,urgent_first,19062.75,False
6803,2026-01-13 17:56:27,normal,1440,1,A,base,urgent_first,19063.566666666666,False
6804,2026-01-13 17:57:28,normal,1440,3,C,base,urgent_first,19067.4,False
6805,2026-01-13 17:59:01,normal,1440,1,A,base,urgent_first,19067.05,False
6806,2026-01-13 17:59:22,normal,1440,1,A,base,urgent_first,19068.15,False
6807,2026-01-13 17:59:41,normal,1440,3,C,base,urgent_first,19077.216666666667,False
6808,2026-01-13 17:59:41,normal,1440,2,A,base,urgent_first,19080.016666666666,False
6809,2026-01-13 18:01:12,normal,1440,8,A,base,urgent_first,19085.916666666668,False
6810,2026-01-13 18:01:34,normal,1440,1,A,base,urgent_first,19086.5,False
6811,2026-01-13 18:02:14,normal,1440,5,C,base,urgent_first,19093.566666666666,False
6812,2026-01-13 18:03:06,normal,1440,2,A,base,urgent_first,19094.133333333335,False
6813,2026-01-13 18:04:16,normal,1440,2,A,base,urgent_first,19094.716666666667,False
6814,2026-01-13 18:12:31,normal,1440,1,B,base,urgent_first,19087.783333333333,False
6815,2026-01-13 18:13:13,normal,1440,5,A,base,urgent_first,19095.283333333333,False
6816,2026-01-13 18:14:45,normal,1440,2,A,base,urgent_first,19095.45,False
6817,2026-01-13 18:15:57,normal,1440,3,C,base,urgent_first,19103.866666666665,False
6818,2026-01-13 18:16:34,normal,1440,5,B,base,urgent_first,19112.066666666666,False
6819,2026-01-13 18:17:46,normal,1440,3,B,base,urgent_first,19115.05,False
6820,2026-01-13 18:18:26,normal,1440,9,C,base,urgent_first,19134.883333333335,False
6821,2026-01-13 18:20:26,normal,1440,2,A,base,urgent_first,19134.233333333334,False
6822,2026-01-13 18:20:49,normal,1440,4,A,base,urgent_first,19136.45,False
6823,2026-01-13 18:22:15,urgent,240,5,B,base,urgent_first,41.21666666666667,True
6824,2026-01-13 18:22:38,normal,1440,3,A,base,urgent_first,19136.9,False
6825,2026-01-13 18:22:43,normal,1440,12,B,base,urgent_first,19153.266666666666,False
6826,2026-01-13 18:23:49,normal,1440,6,B,base,urgent_first,19156.183333333334,False
6827,2026-01-13 18:24:01,normal,1440,3,A,base,urgent_first,19157.533333333333,False
6828,2026-01-13 18:24:25,normal,1440,5,A,base,urgent_first,19163.183333333334,False
6829,2026-01-13 18:24:40,normal,1440,2,B,base,urgent_first,19166.483333333334,False
6830,2026-01-13 18:25:45,normal,1440,1,B,base,urgent_first,19167.366666666665,False
6831,2026-01-13 18:27:11,normal,1440,3,A,base,urgent_first,19170.533333333333,False
6832,2026-01-13 18:28:12,normal,1440,7,B,base,urgent_first,19180.583333333332,False
6833,2026-01-13 18:29:00,normal,1440,3,A,base,urgent_first,19181.316666666666,False
6834,2026-01-13 18:30:02,urgent,240,9,A,base,urgent_first,36.63333333333333,True
6835,2026-01-13 18:31:10,normal,1440,3,A,base,urgent_first,19183.916666666668,False
6836,2026-01-13 18:31:14,normal,1440,8,A,base,urgent_first,19190.083333333332,False
6837,2026-01-13 18:31:33,normal,1440,2,A,base,urgent_first,19191.2,False
6838,2026-01-13 18:33:09,normal,1440,3,B,base,urgent_first,19195.433333333334,False
6839,2026-01-13 18:33:30,normal,1440,3,A,base,urgent_first,19198.016666666666,False
6840,2026-01-13 18:35:27,normal,1440,3,A,base,urgent_first,19201.633333333335,False
6841,2026-01-13 18:36:19,urgent,240,5,A,base,urgent_first,31.533333333333335,True
6842,2026-01-13 18:39:25,normal,1440,6,C,base,urgent_first,19209.066666666666,False
6843,2026-01-13 18:39:46,normal,1440,3,C,base,urgent_first,19215.483333333334,False
6844,2026-01-13 18:40:22,normal,1440,3,B,base,urgent_first,19218.633333333335,False
6845,2026-01-13 18:40:46,normal,1440,3,A,base,urgent_first,19219.566666666666,False
6846,2026-01-13 18:41:22,normal,1440,4,C,base,urgent_first,19227.433333333334,False
6847,2026-01-13 18:44:39,normal,1440,3,B,base,urgent_first,19226.233333333334,False
6848,2026-01-13 18:47:27,normal,1440,7,B,base,urgent_first,19232.733333333334,False
6849,2026-01-13 18:50:20,normal,1440,4,A,base,urgent_first,19233.183333333334,False
6850,2026-01-13 18:51:39,normal,1440,1,A,base,urgent_first,19233.05,False
6851,2026-01-13 18:54:59,normal,1440,2,A,base,urgent_first,19232.166666666668,False
6852,2026-01-13 18:57:02,normal,1440,3,A,base,urgent_first,19233.766666666666,False
6853,2026-01-13 18:57:32,normal,1440,2,C,base,urgent_first,19238.916666666668,False
6854,2026-01-13 18:58:55,urgent,240,2,A,base,urgent_first,20.733333333333334,True
6855,2026-01-13 18:59:01,normal,1440,2,A,base,urgent_first,19239.0,False
6856,2026-01-13 19:03:51,normal,1440,5,A,base,urgent_first,19241.433333333334,False
6857,2026-01-13 19:07:31,normal,1440,9,B,base,urgent_first,19251.516666666666,False
6858,2026-01-13 19:11:21,normal,1440,4,A,base,urgent_first,19248.883333333335,False
6859,2026-01-13 19:15:33,normal,1440,4,B,base,urgent_first,19249.883333333335,False
6860,2026-01-13 19:15:39,normal,1440,3,B,base,urgent_first,19253.433333333334,False
6861,2026-01-13 19:22:23,normal,1440,3,A,base,urgent_first,19249.816666666666,False
6862,2026-01-13 19:23:04,urgent,240,3,B,base,urgent_first,17.816666666666666,True
6863,2026-01-13 19:23:08,normal,1440,1,A,base,urgent_first,19250.733333333334,False
6864,2026-01-13 19:25:36,normal,1440,2,B,base,urgent_first,19252.433333333334,False
6865,2026-01-13 19:33:26,urgent,240,1,C,base,urgent_first,14.916666666666666,True
6866,2026-01-13 19:34:09,urgent,240,2,A,base,urgent_first,15.45,True
6867,2026-01-13 19:47:20,normal,1440,3,B,base,urgent_first,19235.6,False
6868,2026-01-13 19:51:37,normal,1440,1,A,base,urgent_first,19232.333333333332,False
6869,2026-01-13 19:51:46,normal,1440,2,B,base,urgent_first,19236.133333333335,False
6870,2026-01-13 19:54:49,normal,1440,3,A,base,urgent_first,19236.333333333332,False
6871,2026-01-13 19:55:44,urgent,240,4,B,base,urgent_first,21.633333333333333,True
6872,2026-01-13 19:57:14,normal,1440,4,C,base,urgent_first,19243.166666666668,False
6873,2026-01-14 08:00:12,normal,1440,5,C,base,urgent_first,18527.533333333333,False
6874,2026-01-14 08:03:27,normal,1440,6,C,base,urgent_first,18534.866666666665,False
6875,2026-01-14 08:05:40,normal,1440,3,A,base,urgent_first,18534.566666666666,False
6876,2026-01-14 08:05:55,normal,1440,5,B,base,urgent_first,18541.533333333333,False
6877,2026-01-14 08:07:30,normal,1440,3,A,base,urgent_first,18545.05,False
6878,2026-01-14 08:14:41,normal,1440,5,A,base,urgent_first,18544.783333333333,False
6879,2026-01-14 08:15:13,normal,1440,3,B,base,urgent_first,18547.766666666666,False
6880,2026-01-14 08:15:39,normal,1440,3,B,base,urgent_first,18551.416666666668,False
6881,2026-01-14 08:16:31,normal,1440,4,C,base,urgent_first,18558.95,False
6882,2026-01-14 08:17:45,normal,1440,4,C,base,urgent_first,18562.1,False
6883,2026-01-14 08:18:14,normal,1440,7,A,base,urgent_first,18570.516666666666,False
6884,2026-01-14 08:21:26,normal,1440,4,A,base,urgent_first,18570.966666666667,False
6885,2026-01-14 08:22:54,normal,1440,5,B,base,urgent_first,18578.766666666666,False
6886,2026-01-14 08:26:57,normal,1440,11,B,base,urgent_first,18588.533333333333,False
6887,2026-01-14 08:28:42,normal,1440,2,A,base,urgent_first,18588.466666666667,False
6888,2026-01-14 08:38:04,normal,1440,2,B,base,urgent_first,18580.566666666666,False
6889,2026-01-14 08:40:12,normal,1440,1,B,base,urgent_first,18579.633333333335,False
6890,2026-01-14 08:40:32,urgent,240,6,B,base,urgent_first,37.15,True
6891,2026-01-14 08:41:21,normal,1440,2,B,base,urgent_first,18582.25,False
6892,2026-01-14 08:41:51,normal,1440,2,B,base,urgent_first,18585.166666666668,False
6893,2026-01-14 08:43:24,urgent,240,2,B,base,urgent_first,35.18333333333333,True
6894,2026-01-14 08:44:12,normal,1440,2,B,base,urgent_first,18586.933333333334,False
6895,2026-01-14 08:44:52,normal,1440,3,A,base,urgent_first,18589.033333333333,False
6896,2026-01-14 08:47:50,normal,1440,4,C,base,urgent_first,18594.016666666666,False
6897,2026-01-14 08:50:17,normal,1440,4,A,base,urgent_first,18595.916666666668,False
6898,2026-01-14 08:50:25,normal,1440,4,B,base,urgent_first,18600.0,False
6899,2026-01-14 08:52:42,normal,1440,4,A,base,urgent_first,18602.033333333333,False
6900,2026-01-14 08:56:22,normal,1440,4,A,base,urgent_first,18601.916666666668,False
6901,2026-01-14 08:56:25,normal,1440,4,B,base,urgent_first,18605.483333333334,False
6902,2026-01-14 08:57:59,normal,1440,11,A,base,urgent_first,18617.9,False
6903,2026-01-14 08:58:15,normal,1440,3,A,base,urgent_first,18618.866666666665,False
6904,2026-01-14 09:00:18,normal,1440,3,A,base,urgent_first,18618.0,False
6905,2026-01-14 09:01:26,normal,1440,4,A,base,urgent_first,18619.433333333334,False
6906,2026-01-14 09:01:42,normal,1440,3,A,base,urgent_first,18621.2,False
6907,2026-01-14 09:02:20,normal,1440,7,A,base,urgent_first,18627.25,False
6908,2026-01-14 09:03:15,normal,1440,4,B,base,urgent_first,18633.55,False
6909,2026-01-14 09:05:18,normal,1440,2,A,base,urgent_first,18633.283333333333,False
6910,2026-01-14 09:06:40,normal,1440,3,B,base,urgent_first,18636.55,False
6911,2026-01-14 09:07:32,normal,1440,3,B,base,urgent_first,18640.833333333332,False
6912,2026-01-14 09:08:11,normal,1440,10,B,base,urgent_first,18652.483333333334,False
6913,2026-01-14 09:09:26,normal,1440,2,C,base,urgent_first,18653.416666666668,False
6914,2026-01-14 09:09:51,normal,1440,8,A,base,urgent_first,18663.833333333332,False
6915,2026-01-14 09:10:05,urgent,240,6,B,base,urgent_first,102.85,True
6916,2026-01-14 09:11:41,normal,1440,9,A,base,urgent_first,18674.116666666665,False
6917,2026-01-14 09:11:52,urgent,240,2,B,base,urgent_first,102.13333333333334,True
6918,2026-01-14 09:12:27,normal,1440,2,C,base,urgent_first,18675.983333333334,False
6919,2026-01-14 09:13:06,normal,1440,5,B,base,urgent_first,18682.083333333332,False
6920,2026-01-14 09:14:15,normal,1440,4,A,base,urgent_first,18685.15,False
6921,2026-01-14 09:15:29,normal,1440,2,B,base,urgent_first,18685.566666666666,False
6922,2026-01-14 09:15:29,normal,1440,2,A,base,urgent_first,18687.533333333333,False
6923,2026-01-14 09:16:19,normal,1440,6,B,base,urgent_first,18694.483333333334,False
6924,2026-01-14 09:17:27,normal,1440,2,A,base,urgent_first,18694.383333333335,False
6925,2026-01-14 09:19:07,normal,1440,3,C,base,urgent_first,18699.333333333332,False
6926,2026-01-14 09:19:47,urgent,240,4,B,base,urgent_first,95.93333333333334,True
6927,2026-01-14 09:20:17,urgent,240,12,A,base,urgent_first,98.05,True
6928,2026-01-14 09:20:17,normal,1440,1,B,base,urgent_first,18699.05,False
6929,2026-01-14 09:21:04,normal,1440,5,C,base,urgent_first,18706.85,False
6930,2026-01-14 09:21:44,normal,1440,3,A,base,urgent_first,18707.533333333333,False
6931,2026-01-14 09:22:44,urgent,240,4,A,base,urgent_first,97.36666666666666,True
6932,2026-01-14 09:24:41,normal,1440,7,A,base,urgent_first,18712.45,False
6933,2026-01-14 09:24:50,normal,1440,5,B,base,urgent_first,18719.233333333334,False
6934,2026-01-14 09:25:53,normal,1440,5,C,base,urgent_first,18724.2,False
6935,2026-01-14 09:26:54,normal,1440,8,A,base,urgent_first,18728.566666666666,False
6936,2026-01-14 09:27:44,normal,1440,2,A,base,urgent_first,18728.766666666666,False
6937,2026-01-14 09:29:35,normal,1440,2,B,base,urgent_first,18731.05,False
6938,2026-01-14 09:30:41,normal,1440,8,B,base,urgent_first,18745.016666666666,False
6939,2026-01-14 09:31:07,normal,1440,4,A,base,urgent_first,18746.8,False
6940,2026-01-14 09:32:47,normal,1440,4,B,base,urgent_first,18751.366666666665,False
6941,2026-01-14 09:33:11,normal,1440,5,A,base,urgent_first,18758.683333333334,False
6942,2026-01-14 09:33:15,normal,1440,12,A,base,urgent_first,18766.45,False
6943,2026-01-14 09:34:02,normal,1440,2,A,base,urgent_first,18767.0,False
6944,2026-01-14 09:34:05,normal,1440,1,A,base,urgent_first,18768.0,False
6945,2026-01-14 09:34:41,normal,1440,3,C,base,urgent_first,18772.183333333334,False
6946,2026-01-14 09:35:50,normal,1440,6,A,base,urgent_first,18777.3,False
6947,2026-01-14 09:36:44,normal,1440,2,B,base,urgent_first,18778.433333333334,False
6948,2026-01-14 09:36:54,normal,1440,5,B,base,urgent_first,18782.566666666666,False
6949,2026-01-14 09:37:52,normal,1440,2,B,base,urgent_first,18784.266666666666,False
6950,2026-01-14 09:38:24,normal,1440,3,A,base,urgent_first,18786.716666666667,False
6951,2026-01-14 09:38:36,normal,1440,5,A,base,urgent_first,18792.133333333335,False
6952,2026-01-14 09:38:36,normal,1440,1,B,base,urgent_first,18792.85,False
6953,2026-01-14 09:39:14,normal,1440,2,B,base,urgent_first,18794.15,False
6954,2026-01-14 09:40:02,normal,1440,3,B,base,urgent_first,18796.366666666665,False
6955,2026-01-14 09:41:11,normal,1440,2,B,base,urgent_first,18798.8,False
6956,2026-01-14 09:41:16,urgent,240,3,B,base,urgent_first,80.11666666666666,True
6957,2026-01-14 09:41:27,normal,1440,3,A,base,urgent_first,18803.883333333335,False
6958,2026-01-14 09:41:55,normal,1440,4,A,base,urgent_first,18808.45,False
6959,2026-01-14 09:42:34,normal,1440,4,C,base,urgent_first,18815.833333333332,False
6960,2026-01-14 09:42:45,normal,1440,1,B,base,urgent_first,18816.566666666666,False
6961,2026-01-14 09:44:00,normal,1440,11,A,base,urgent_first,18828.066666666666,False
6962,2026-01-14 09:44:20,normal,1440,3,A,base,urgent_first,18828.6,False
6963,2026-01-14 09:46:30,normal,1440,2,B,base,urgent_first,18828.933333333334,False
6964,2026-01-14 09:47:01,urgent,240,1,C,base,urgent_first,75.4,True
6965,2026-01-14 09:47:15,normal,1440,2,A,base,urgent_first,18830.133333333335,False
6966,2026-01-14 09:48:02,normal,1440,7,B,base,urgent_first,18844.65,False
6967,2026-01-14 09:48:16,normal,1440,3,B,base,urgent_first,18846.15,False
6968,2026-01-14 09:48:24,normal,1440,5,A,base,urgent_first,18850.45,False
6969,2026-01-14 09:48:35,urgent,240,7,A,base,urgent_first,75.7,True
6970,2026-01-14 09:51:20,normal,1440,8,B,base,urgent_first,18858.483333333334,False
6971,2026-01-14 09:51:21,urgent,240,1,C,base,urgent_first,74.18333333333334,True
6972,2026-01-14 09:51:40,normal,1440,2,B,base,urgent_first,18860.266666666666,False
6973,2026-01-14 09:52:42,normal,1440,2,B,base,urgent_first,18863.3,False
6974,2026-01-14 09:52:43,normal,1440,3,A,base,urgent_first,18868.116666666665,False
6975,2026-01-14 09:53:15,normal,1440,3,B,base,urgent_first,18870.3,False
6976,2026-01-14 09:55:18,normal,1440,4,A,base,urgent_first,18875.016666666666,False
6977,2026-01-14 09:55:41,normal,1440,5,B,base,urgent_first,18880.283333333333,False
6978,2026-01-14 09:56:12,normal,1440,4,B,base,urgent_first,18882.983333333334,False
6979,2026-01-14 09:58:02,normal,1440,4,A,base,urgent_first,18885.133333333335,False
6980,2026-01-14 09:58:02,normal,1440,6,A,base,urgent_first,18891.533333333333,False
6981,2026-01-14 09:58:50,normal,1440,3,B,base,urgent_first,18893.8,False
6982,2026-01-14 09:58:55,normal,1440,4,B,base,urgent_first,18900.833333333332,False
6983,2026-01-14 09:59:44,normal,1440,3,A,base,urgent_first,18903.066666666666,False
6984,2026-01-14 10:01:13,normal,1440,10,A,base,urgent_first,18920.683333333334,False
6985,2026-01-14 10:01:29,normal,1440,2,A,base,urgent_first,18921.766666666666,False
6986,2026-01-14 10:02:15,normal,1440,3,A,base,urgent_first,18924.3,False
6987,2026-01-14 10:02:26,normal,1440,2,A,base,urgent_first,18927.266666666666,False
6988,2026-01-14 10:02:46,normal,1440,5,A,base,urgent_first,18932.1,False
6989,2026-01-14 10:02:47,normal,1440,1,A,base,urgent_first,18933.15,False
6990,2026-01-14 10:03:00,normal,1440,4,B,base,urgent_first,18940.633333333335,False
6991,2026-01-14 10:03:10,normal,1440,2,C,base,urgent_first,18944.066666666666,False
6992,2026-01-14 10:04:03,normal,1440,2,B,base,urgent_first,18946.616666666665,False
6993,2026-01-14 10:04:08,normal,1440,2,B,base,urgent_first,18949.533333333333,False
6994,2026-01-14 10:04:41,urgent,240,6,A,base,urgent_first,63.016666666666666,True
6995,2026-01-14 10:04:44,normal,1440,4,C,base,urgent_first,18958.733333333334,False
6996,2026-01-14 10:05:41,normal,1440,3,B,base,urgent_first,18961.116666666665,False
6997,2026-01-14 10:05:58,normal,1440,5,A,base,urgent_first,18964.783333333333,False
6998,2026-01-14 10:06:02,normal,1440,3,A,base,urgent_first,18967.216666666667,False
6999,2026-01-14 10:06:17,normal,1440,3,A,base,urgent_first,18971.8,False
7000,2026-01-14 10:07:08,normal,1440,7,C,base,urgent_first,18987.166666666668,False
7001,2026-01-14 10:07:33,normal,1440,4,A,base,urgent_first,18989.15,False
7002,2026-01-14 10:08:50,normal,1440,2,C,base,urgent_first,18990.0,False
7003,2026-01-14 10:08:54,normal,1440,4,B,base,urgent_first,18995.15,False
7004,2026-01-14 10:09:08,normal,1440,8,A,base,urgent_first,19006.75,False
7005,2026-01-14 10:09:34,normal,1440,3,A,base,urgent_first,19007.383333333335,False
7006,2026-01-14 10:10:02,normal,1440,8,A,base,urgent_first,19014.333333333332,False
7007,2026-01-14 10:11:15,normal,1440,4,A,base,urgent_first,19017.233333333334,False
7008,2026-01-14 10:11:53,normal,1440,4,A,base,urgent_first,19020.733333333334,False
7009,2026-01-14 10:11:55,normal,1440,2,B,base,urgent_first,19022.316666666666,False
7010,2026-01-14 10:13:30,normal,1440,3,A,base,urgent_first,19025.666666666668,False
7011,2026-01-14 10:15:00,normal,1440,4,A,base,urgent_first,19028.883333333335,False
7012,2026-01-14 10:15:30,normal,1440,5,B,base,urgent_first,19036.766666666666,False
7013,2026-01-14 10:16:12,normal,1440,3,A,base,urgent_first,19038.166666666668,False
7014,2026-01-14 10:17:27,normal,1440,5,B,base,urgent_first,19047.65,False
7015,2026-01-14 10:17:41,normal,1440,8,A,base,urgent_first,19052.55,False
7016,2026-01-14 10:18:40,urgent,240,3,A,base,urgent_first,50.233333333333334,True
7017,2026-01-14 10:18:40,normal,1440,2,A,base,urgent_first,19053.3,False
7018,2026-01-14 10:19:12,normal,1440,6,B,base,urgent_first,19064.533333333333,False
7019,2026-01-14 10:21:12,normal,1440,7,B,base,urgent_first,19076.25,False
7020,2026-01-14 10:21:17,normal,1440,4,A,base,urgent_first,19077.883333333335,False
7021,2026-01-14 10:21:21,normal,1440,2,A,base,urgent_first,19088.9,False
7022,2026-01-14 10:21:21,normal,1440,5,B,base,urgent_first,19087.95,False
7023,2026-01-14 10:21:22,normal,1440,4,B,base,urgent_first,19094.4,False
7024,2026-01-14 10:21:48,normal,1440,5,B,base,urgent_first,19100.1,False
7025,2026-01-14 10:22:16,urgent,240,4,B,base,urgent_first,48.31666666666667,True
7026,2026-01-14 10:23:19,normal,1440,2,A,base,urgent_first,19101.483333333334,False
7027,2026-01-14 10:23:39,urgent,240,3,B,base,urgent_first,47.983333333333334,True
7028,2026-01-14 10:23:57,normal,1440,7,C,base,urgent_first,19115.1,False
7029,2026-01-14 10:24:05,normal,1440,1,A,base,urgent_first,19115.85,False
7030,2026-01-14 10:25:23,normal,1440,2,A,base,urgent_first,19116.35,False
7031,2026-01-14 10:25:52,normal,1440,2,A,base,urgent_first,19117.683333333334,False
7032,2026-01-14 10:25:53,normal,1440,6,B,base,urgent_first,19125.783333333333,False
7033,2026-01-14 10:27:00,normal,1440,3,B,base,urgent_first,19125.966666666667,False
7034,2026-01-14 10:27:17,normal,1440,4,A,base,urgent_first,19128.25,False
7035,2026-01-14 10:27:46,urgent,240,5,B,base,urgent_first,45.28333333333333,True
7036,2026-01-14 10:27:47,urgent,240,3,B,base,urgent_first,46.5,True
7037,2026-01-14 10:28:08,normal,1440,3,B,base,urgent_first,19131.1,False
7038,2026-01-14 10:30:09,normal,1440,1,B,base,urgent_first,19130.866666666665,False
7039,2026-01-14 10:30:42,normal,1440,4,A,base,urgent_first,19136.583333333332,False
7040,2026-01-14 10:31:03,normal,1440,7,B,base,urgent_first,19149.583333333332,False
7041,2026-01-14 10:32:17,normal,1440,2,C,base,urgent_first,19149.916666666668,False
7042,2026-01-14 10:32:42,urgent,240,4,A,base,urgent_first,42.78333333333333,True
7043,2026-01-14 10:32:55,normal,1440,2,B,base,urgent_first,19150.55,False
7044,2026-01-14 10:34:26,normal,1440,1,A,base,urgent_first,19150.133333333335,False
7045,2026-01-14 10:34:48,normal,1440,3,B,base,urgent_first,19154.766666666666,False
7046,2026-01-14 10:35:53,normal,1440,3,A,base,urgent_first,19157.633333333335,False
7047,2026-01-14 10:37:15,normal,1440,3,A,base,urgent_first,19159.116666666665,False
7048,2026-01-14 10:37:41,normal,1440,1,B,base,urgent_first,19161.533333333333,False
7049,2026-01-14 10:38:04,normal,1440,4,C,base,urgent_first,19172.083333333332,False
7050,2026-01-14 10:39:15,normal,1440,3,A,base,urgent_first,19173.516666666666,False
7051,2026-01-14 10:39:36,normal,1440,7,A,base,urgent_first,19183.933333333334,False
7052,2026-01-14 10:39:43,normal,1440,4,A,base,urgent_first,19188.233333333334,False
7053,2026-01-14 10:39:50,normal,1440,3,B,base,urgent_first,19191.05,False
7054,2026-01-14 10:39:56,normal,1440,4,C,base,urgent_first,19198.183333333334,False
7055,2026-01-14 10:40:30,normal,1440,4,B,base,urgent_first,19204.633333333335,False
7056,2026-01-14 10:41:26,normal,1440,3,B,base,urgent_first,19208.233333333334,False
7057,2026-01-14 10:41:48,normal,1440,3,B,base,urgent_first,19211.25,False
7058,2026-01-14 10:42:25,normal,1440,2,B,base,urgent_first,19213.8,False
7059,2026-01-14 10:42:35,normal,1440,3,A,base,urgent_first,19219.05,False
7060,2026-01-14 10:42:37,urgent,240,8,A,base,urgent_first,246.61666666666667,False
7061,2026-01-14 10:43:29,normal,1440,3,A,base,urgent_first,19222.033333333333,False
7062,2026-01-14 10:44:05,normal,1440,13,A,base,urgent_first,19241.316666666666,False
7063,2026-01-14 10:45:36,normal,1440,5,A,base,urgent_first,19243.266666666666,False
7064,2026-01-14 10:46:10,urgent,240,8,B,base,urgent_first,245.43333333333334,False
7065,2026-01-14 10:46:12,normal,1440,7,A,base,urgent_first,19250.516666666666,False
7066,2026-01-14 10:47:04,normal,1440,1,A,base,urgent_first,19250.666666666668,False
7067,2026-01-14 10:47:25,normal,1440,5,C,base,urgent_first,19265.7,False
7068,2026-01-14 10:47:41,urgent,240,3,A,base,urgent_first,245.03333333333333,False
7069,2026-01-14 10:48:14,normal,1440,2,B,base,urgent_first,19267.65,False
7070,2026-01-14 10:48:54,normal,1440,4,B,base,urgent_first,19271.583333333332,False
7071,2026-01-14 10:49:42,normal,1440,3,B,base,urgent_first,19274.7,False
7072,2026-01-14 10:50:12,normal,1440,1,B,base,urgent_first,19275.916666666668,False
7073,2026-01-14 10:50:23,normal,1440,2,A,base,urgent_first,19280.166666666668,False
7074,2026-01-14 10:51:24,normal,1440,6,B,base,urgent_first,19291.633333333335,False
7075,2026-01-14 10:51:48,normal,1440,2,C,base,urgent_first,19294.25,False
7076,2026-01-14 10:52:02,normal,1440,4,B,base,urgent_first,19299.383333333335,False
7077,2026-01-14 10:53:31,normal,1440,10,B,base,urgent_first,19317.583333333332,False
7078,2026-01-14 10:54:24,normal,1440,3,B,base,urgent_first,19318.183333333334,False
7079,2026-01-14 10:54:38,normal,1440,4,B,base,urgent_first,19319.25,False
7080,2026-01-14 10:54:58,normal,1440,6,B,base,urgent_first,19325.15,False
7081,2026-01-14 10:55:23,normal,1440,7,A,base,urgent_first,19331.466666666667,False
7082,2026-01-14 10:55:46,normal,1440,2,A,base,urgent_first,19332.283333333333,False
7083,2026-01-14 10:56:06,normal,1440,10,B,base,urgent_first,19347.9,False
7084,2026-01-14 10:56:18,normal,1440,4,A,base,urgent_first,19349.116666666665,False
7085,2026-01-14 10:56:23,urgent,240,2,A,base,urgent_first,237.35,True
7086,2026-01-14 10:56:40,normal,1440,4,A,base,urgent_first,19351.25,False
7087,2026-01-14 10:57:04,normal,1440,1,B,base,urgent_first,19352.083333333332,False
7088,2026-01-14 10:57:08,normal,1440,3,B,base,urgent_first,19356.116666666665,False
7089,2026-01-14 10:57:50,normal,1440,7,B,base,urgent_first,19366.583333333332,False
7090,2026-01-14 10:57:53,normal,1440,5,B,base,urgent_first,19370.983333333334,False
7091,2026-01-14 10:58:09,urgent,240,3,B,base,urgent_first,236.66666666666666,True
7092,2026-01-14 10:58:37,urgent,240,14,B,base,urgent_first,239.13333333333333,True
7093,2026-01-14 10:59:13,normal,1440,9,A,base,urgent_first,19379.016666666666,False
7094,2026-01-14 10:59:30,normal,1440,8,C,base,urgent_first,19391.85,False
7095,2026-01-14 10:59:43,normal,1440,1,A,base,urgent_first,19392.5,False
7096,2026-01-14 11:00:13,normal,1440,5,B,base,urgent_first,19395.55,False
7097,2026-01-14 11:01:23,normal,1440,6,A,base,urgent_first,19400.633333333335,False
7098,2026-01-14 11:01:57,normal,1440,1,A,base,urgent_first,19400.966666666667,False
7099,2026-01-14 11:02:17,normal,1440,4,B,base,urgent_first,19407.25,False
7100,2026-01-14 11:03:24,normal,1440,22,B,base,urgent_first,19429.233333333334,False
7101,2026-01-14 11:05:34,normal,1440,3,A,base,urgent_first,19428.366666666665,False
7102,2026-01-14 11:05:50,normal,1440,3,A,base,urgent_first,19429.15,False
7103,2026-01-14 11:06:01,normal,1440,2,A,base,urgent_first,19429.916666666668,False
7104,2026-01-14 11:06:05,normal,1440,3,A,base,urgent_first,19431.533333333333,False
7105,2026-01-14 11:07:35,normal,1440,3,A,base,urgent_first,19434.583333333332,False
7106,2026-01-14 11:08:02,normal,1440,3,A,base,urgent_first,19436.833333333332,False
7107,2026-01-14 11:08:27,normal,1440,3,A,base,urgent_first,19439.633333333335,False
7108,2026-01-14 11:10:26,normal,1440,6,A,base,urgent_first,19444.966666666667,False
7109,2026-01-14 11:11:02,normal,1440,5,C,base,urgent_first,19458.616666666665,False
7110,2026-01-14 11:11:24,urgent,240,3,B,base,urgent_first,227.71666666666667,True
7111,2026-01-14 11:11:46,normal,1440,2,B,base,urgent_first,19459.45,False
7112,2026-01-14 11:12:33,normal,1440,5,C,base,urgent_first,19464.783333333333,False
7113,2026-01-14 11:13:09,normal,1440,3,A,base,urgent_first,19468.083333333332,False
7114,2026-01-14 11:13:12,normal,1440,7,C,base,urgent_first,19482.566666666666,False
7115,2026-01-14 11:13:46,normal,1440,3,A,base,urgent_first,19483.683333333334,False
7116,2026-01-14 11:14:32,normal,1440,6,B,base,urgent_first,19491.433333333334,False
7117,2026-01-14 11:14:32,normal,1440,4,A,base,urgent_first,19494.666666666668,False
7118,2026-01-14 11:15:07,normal,1440,4,A,base,urgent_first,19498.333333333332,False
7119,2026-01-14 11:16:12,normal,1440,12,B,base,urgent_first,19518.35,False
7120,2026-01-14 11:16:15,normal,1440,3,A,base,urgent_first,19519.683333333334,False
7121,2026-01-14 11:16:41,urgent,240,2,B,base,urgent_first,223.66666666666666,True
7122,2026-01-14 11:17:22,normal,1440,1,A,base,urgent_first,19519.283333333333,False
7123,2026-01-14 11:18:23,normal,1440,3,B,base,urgent_first,19520.916666666668,False
7124,2026-01-14 11:19:05,normal,1440,2,A,base,urgent_first,19521.933333333334,False
7125,2026-01-14 11:19:09,normal,1440,6,A,base,urgent_first,19529.533333333333,False
7126,2026-01-14 11:20:34,urgent,240,2,A,base,urgent_first,220.56666666666666,True
7127,2026-01-14 11:20:50,normal,1440,5,B,base,urgent_first,19533.766666666666,False
7128,2026-01-14 11:20:53,normal,1440,4,C,base,urgent_first,19539.816666666666,False
7129,2026-01-14 11:21:38,normal,1440,1,A,base,urgent_first,19540.233333333334,False
7130,2026-01-14 11:23:00,urgent,240,5,C,base,urgent_first,219.88333333333333,True
7131,2026-01-14 11:23:26,normal,1440,4,B,base,urgent_first,19545.05,False
7132,2026-01-14 11:24:00,normal,1440,3,A,base,urgent_first,19547.783333333333,False
7133,2026-01-14 11:24:25,normal,1440,8,B,base,urgent_first,19559.8,False
7134,2026-01-14 11:24:45,normal,1440,3,A,base,urgent_first,19562.716666666667,False
7135,2026-01-14 11:24:54,normal,1440,5,C,base,urgent_first,19569.316666666666,False
7136,2026-01-14 11:26:11,normal,1440,6,A,base,urgent_first,19576.433333333334,False
7137,2026-01-14 11:28:46,normal,1440,2,A,base,urgent_first,19574.916666666668,False
7138,2026-01-14 11:28:55,normal,1440,3,A,base,urgent_first,19578.75,False
7139,2026-01-14 11:29:13,normal,1440,3,A,base,urgent_first,19582.166666666668,False
7140,2026-01-14 11:29:25,normal,1440,3,B,base,urgent_first,19585.116666666665,False
7141,2026-01-14 11:30:37,normal,1440,3,A,base,urgent_first,19586.733333333334,False
7142,2026-01-14 11:31:01,urgent,240,2,B,base,urgent_first,212.73333333333332,True
7143,2026-01-14 11:32:42,normal,1440,3,B,base,urgent_first,19589.816666666666,False
7144,2026-01-14 11:33:29,normal,1440,5,C,base,urgent_first,19603.95,False
7145,2026-01-14 11:33:53,normal,1440,3,A,base,urgent_first,19604.833333333332,False
7146,2026-01-14 11:33:58,normal,1440,9,A,base,urgent_first,19613.016666666666,False
7147,2026-01-14 11:34:02,normal,1440,6,C,base,urgent_first,19619.05,False
7148,2026-01-14 11:34:51,normal,1440,3,A,base,urgent_first,19620.733333333334,False
7149,2026-01-14 11:35:00,normal,1440,5,C,base,urgent_first,19631.0,False
7150,2026-01-14 11:35:11,normal,1440,5,B,base,urgent_first,19635.583333333332,False
7151,2026-01-14 11:35:34,normal,1440,4,A,base,urgent_first,19637.25,False
7152,2026-01-14 11:36:41,normal,1440,3,B,base,urgent_first,19641.75,False
7153,2026-01-14 11:37:07,normal,1440,3,B,base,urgent_first,19646.15,False
7154,2026-01-14 11:39:26,normal,1440,2,A,base,urgent_first,19646.816666666666,False
7155,2026-01-14 11:39:27,normal,1440,2,A,base,urgent_first,19650.533333333333,False
7156,2026-01-14 11:39:40,normal,1440,4,A,base,urgent_first,19653.483333333334,False
7157,2026-01-14 11:39:51,normal,1440,2,B,base,urgent_first,19654.5,False
7158,2026-01-14 11:40:52,normal,1440,2,B,base,urgent_first,19657.65,False
7159,2026-01-14 11:42:54,normal,1440,4,B,base,urgent_first,19662.15,False
7160,2026-01-14 11:42:56,normal,1440,5,C,base,urgent_first,19671.066666666666,False
7161,2026-01-14 11:43:22,normal,1440,4,A,base,urgent_first,19675.816666666666,False
7162,2026-01-14 11:43:42,normal,1440,7,C,base,urgent_first,19692.05,False
7163,2026-01-14 11:43:59,normal,1440,2,A,base,urgent_first,19693.166666666668,False
7164,2026-01-14 11:45:08,normal,1440,17,A,base,urgent_first,19714.733333333334,False
7165,2026-01-14 11:45:45,normal,1440,2,B,base,urgent_first,19715.366666666665,False
7166,2026-01-14 11:46:21,normal,1440,4,A,base,urgent_first,19716.616666666665,False
7167,2026-01-14 11:46:45,normal,1440,10,A,base,urgent_first,19721.216666666667,False
7168,2026-01-14 11:47:58,normal,1440,2,B,base,urgent_first,19721.1,False
7169,2026-01-14 11:48:23,normal,1440,3,A,base,urgent_first,19721.85,False
7170,2026-01-14 11:48:48,normal,1440,7,A,base,urgent_first,19729.683333333334,False
7171,2026-01-14 11:48:56,normal,1440,3,A,base,urgent_first,19731.883333333335,False
7172,2026-01-14 11:48:56,normal,1440,8,B,base,urgent_first,19743.216666666667,False
7173,2026-01-14 11:50:35,normal,1440,2,A,base,urgent_first,19742.933333333334,False
7174,2026-01-14 11:50:42,normal,1440,7,C,base,urgent_first,19751.5,False
7175,2026-01-14 11:51:10,normal,1440,6,A,base,urgent_first,19753.516666666666,False
7176,2026-01-14 11:51:25,normal,1440,7,A,base,urgent_first,19760.45,False
7177,2026-01-14 11:51:45,urgent,240,6,C,base,urgent_first,193.96666666666667,True
7178,2026-01-14 11:53:32,urgent,240,1,A,base,urgent_first,193.16666666666666,True
7179,2026-01-14 11:53:47,normal,1440,2,B,base,urgent_first,19759.9,False
7180,2026-01-14 11:56:00,normal,1440,7,B,base,urgent_first,19767.083333333332,False
7181,2026-01-14 11:56:05,normal,1440,2,C,base,urgent_first,19770.25,False
7182,2026-01-14 11:56:19,normal,1440,5,A,base,urgent_first,19774.4,False
7183,2026-01-14 11:56:58,normal,1440,2,B,base,urgent_first,19776.95,False
7184,2026-01-14 11:57:18,normal,1440,3,A,base,urgent_first,19780.933333333334,False
7185,2026-01-14 11:57:29,normal,1440,2,A,base,urgent_first,19782.666666666668,False
7186,2026-01-14 11:57:29,normal,1440,6,B,base,urgent_first,19791.266666666666,False
7187,2026-01-14 11:57:42,normal,1440,2,A,base,urgent_first,19792.35,False
7188,2026-01-14 11:58:35,normal,1440,4,A,base,urgent_first,19793.583333333332,False
7189,2026-01-14 11:59:14,normal,1440,5,A,base,urgent_first,19798.033333333333,False
7190,2026-01-14 12:00:55,urgent,240,6,A,base,urgent_first,187.75,True
7191,2026-01-14 12:01:16,normal,1440,2,A,base,urgent_first,19797.866666666665,False
7192,2026-01-14 12:02:26,normal,1440,1,B,base,urgent_first,19799.35,False
7193,2026-01-14 12:02:26,normal,1440,5,B,base,urgent_first,19810.333333333332,False
7194,2026-01-14 12:03:25,normal,1440,10,B,base,urgent_first,19823.45,False
7195,2026-01-14 12:04:20,normal,1440,2,A,base,urgent_first,19823.7,False
7196,2026-01-14 12:04:54,normal,1440,5,B,base,urgent_first,19827.733333333334,False
7197,2026-01-14 12:06:46,normal,1440,6,B,base,urgent_first,19838.45,False
7198,2026-01-14 12:06:56,normal,1440,3,B,base,urgent_first,19842.083333333332,False
7199,2026-01-14 12:07:43,normal,1440,3,C,base,urgent_first,19847.25,False
7200,2026-01-14 12:08:02,normal,1440,3,A,base,urgent_first,19849.383333333335,False
7201,2026-01-14 12:10:33,normal,1440,4,A,base,urgent_first,19849.6,False
7202,2026-01-14 12:10:42,urgent,240,5,A,base,urgent_first,179.3,True
7203,2026-01-14 12:11:25,normal,1440,6,B,base,urgent_first,19859.583333333332,False
7204,2026-01-14 12:11:40,normal,1440,8,B,base,urgent_first,19876.416666666668,False
7205,2026-01-14 12:12:55,normal,1440,5,A,base,urgent_first,19878.266666666666,False
7206,2026-01-14 12:12:56,normal,1440,2,C,base,urgent_first,19881.466666666667,False
7207,2026-01-14 12:13:18,normal,1440,4,C,base,urgent_first,19890.7,False
7208,2026-01-14 12:13:48,urgent,240,7,A,base,urgent_first,177.81666666666666,True
7209,2026-01-14 12:14:56,normal,1440,2,A,base,urgent_first,19890.483333333334,False
7210,2026-01-14 12:14:56,normal,1440,3,A,base,urgent_first,19894.083333333332,False
7211,2026-01-14 12:15:15,normal,1440,6,A,base,urgent_first,19900.316666666666,False
7212,2026-01-14 12:15:15,normal,1440,2,A,base,urgent_first,19901.85,False
7213,2026-01-14 12:15:41,normal,1440,2,A,base,urgent_first,19903.633333333335,False
7214,2026-01-14 12:17:35,urgent,240,5,A,base,urgent_first,175.53333333333333,True
7215,2026-01-14 12:18:47,normal,1440,3,B,base,urgent_first,19904.866666666665,False
7216,2026-01-14 12:20:11,normal,1440,5,A,base,urgent_first,19907.866666666665,False
7217,2026-01-14 12:20:21,normal,1440,4,B,base,urgent_first,19914.6,False
7218,2026-01-14 12:21:45,normal,1440,3,A,base,urgent_first,19914.45,False
7219,2026-01-14 12:26:55,normal,1440,2,A,base,urgent_first,19911.0,False
7220,2026-01-14 12:26:58,normal,1440,18,A,base,urgent_first,19928.283333333333,False
7221,2026-01-14 12:27:04,urgent,240,4,B,base,urgent_first,167.56666666666666,True
7222,2026-01-14 12:27:11,urgent,240,6,C,base,urgent_first,169.4,True
7223,2026-01-14 12:27:49,normal,1440,2,A,base,urgent_first,19928.533333333333,False
7224,2026-01-14 12:29:09,normal,1440,2,A,base,urgent_first,19928.216666666667,False
7225,2026-01-14 12:31:09,normal,1440,7,A,base,urgent_first,19933.016666666666,False
7226,2026-01-14 12:31:48,normal,1440,3,A,base,urgent_first,19934.25,False
7227,2026-01-14 12:32:22,normal,1440,4,A,base,urgent_first,19938.033333333333,False
7228,2026-01-14 12:33:38,normal,1440,2,C,base,urgent_first,19940.45,False
7229,2026-01-14 12:34:23,normal,1440,6,B,base,urgent_first,19949.95,False
7230,2026-01-14 12:34:53,normal,1440,6,A,base,urgent_first,19953.716666666667,False
7231,2026-01-14 12:36:20,normal,1440,5,B,base,urgent_first,19958.083333333332,False
7232,2026-01-14 12:36:34,urgent,240,1,C,base,urgent_first,161.18333333333334,True
7233,2026-01-14 12:36:36,normal,1440,5,C,base,urgent_first,19969.833333333332,False
7234,2026-01-14 12:36:44,normal,1440,1,B,base,urgent_first,19970.566666666666,False
7235,2026-01-14 12:38:14,urgent,240,3,B,base,urgent_first,160.6,True
7236,2026-01-14 12:38:55,normal,1440,2,B,base,urgent_first,19971.1,False
7237,2026-01-14 12:39:55,normal,1440,3,A,base,urgent_first,19974.2,False
7238,2026-01-14 12:41:13,normal,1440,7,B,base,urgent_first,19984.116666666665,False
7239,2026-01-14 12:41:19,normal,1440,1,B,base,urgent_first,19985.433333333334,False
7240,2026-01-14 12:43:46,normal,1440,4,B,base,urgent_first,19988.266666666666,False
7241,2026-01-14 12:44:02,normal,1440,1,B,base,urgent_first,19989.433333333334,False
7242,2026-01-14 12:44:18,urgent,240,2,A,base,urgent_first,156.1,True
7243,2026-01-14 12:44:24,normal,1440,2,B,base,urgent_first,19991.95,False
7244,2026-01-14 12:45:17,normal,1440,4,A,base,urgent_first,19996.983333333334,False
7245,2026-01-14 12:46:20,normal,1440,4,B,base,urgent_first,20002.55,False
7246,2026-01-14 12:47:03,normal,1440,4,A,base,urgent_first,20005.816666666666,False
7247,2026-01-14 12:48:54,normal,1440,3,A,base,urgent_first,20008.25,False
7248,2026-01-14 12:49:22,normal,1440,1,A,base,urgent_first,20009.566666666666,False
7249,2026-01-14 12:50:01,normal,1440,5,A,base,urgent_first,20015.866666666665,False
7250,2026-01-14 12:50:17,normal,1440,2,C,base,urgent_first,20020.283333333333,False
7251,2026-01-14 12:51:38,normal,1440,4,B,base,urgent_first,20023.733333333334,False
7252,2026-01-14 12:52:12,normal,1440,2,A,base,urgent_first,20024.4,False
7253,2026-01-14 12:53:56,normal,1440,3,A,base,urgent_first,20025.7,False
7254,2026-01-14 12:55:15,normal,1440,14,A,base,urgent_first,20045.933333333334,False
7255,2026-01-14 12:56:34,normal,1440,3,A,base,urgent_first,20046.133333333335,False
7256,2026-01-14 12:57:20,urgent,240,4,A,base,urgent_first,144.41666666666666,True
7257,2026-01-14 12:58:43,normal,1440,7,A,base,urgent_first,20050.4,False
7258,2026-01-14 12:59:07,normal,1440,7,B,base,urgent_first,20061.916666666668,False
7259,2026-01-14 12:59:36,normal,1440,3,A,base,urgent_first,20062.916666666668,False
7260,2026-01-14 13:05:50,normal,1440,3,A,base,urgent_first,20059.183333333334,False
7261,2026-01-14 13:08:12,normal,1440,4,A,base,urgent_first,20062.95,False
7262,2026-01-14 13:11:30,normal,1440,5,A,base,urgent_first,20065.6,False
7263,2026-01-14 13:12:44,normal,1440,3,C,base,urgent_first,20071.916666666668,False
7264,2026-01-14 13:12:53,normal,1440,3,A,base,urgent_first,20075.766666666666,False
7265,2026-01-14 13:13:04,normal,1440,5,B,base,urgent_first,20082.95,False
7266,2026-01-14 13:13:13,normal,1440,3,A,base,urgent_first,20087.05,False
7267,2026-01-14 13:13:32,normal,1440,5,A,base,urgent_first,20094.066666666666,False
7268,2026-01-14 13:13:41,normal,1440,8,A,base,urgent_first,20105.95,False
7269,2026-01-14 13:14:16,normal,1440,3,A,base,urgent_first,20106.85,False
7270,2026-01-14 13:15:23,normal,1440,3,B,base,urgent_first,20109.083333333332,False
7271,2026-01-14 13:15:37,normal,1440,9,B,base,urgent_first,20122.683333333334,False
7272,2026-01-14 13:18:02,urgent,240,1,A,base,urgent_first,124.78333333333333,True
7273,2026-01-14 13:18:53,urgent,240,2,A,base,urgent_first,125.18333333333334,True
7274,2026-01-14 13:20:50,normal,1440,4,B,base,urgent_first,20120.883333333335,False
7275,2026-01-14 13:22:06,urgent,240,8,B,base,urgent_first,124.18333333333334,True
7276,2026-01-14 13:23:57,normal,1440,4,A,base,urgent_first,20122.133333333335,False
7277,2026-01-14 13:24:55,normal,1440,2,A,base,urgent_first,20123.216666666667,False
7278,2026-01-14 13:30:42,normal,1440,2,B,base,urgent_first,20123.366666666665,False
7279,2026-01-14 13:31:14,normal,1440,3,A,base,urgent_first,20129.2,False
7280,2026-01-14 13:31:32,urgent,240,1,C,base,urgent_first,115.86666666666666,True
7281,2026-01-14 13:33:24,normal,1440,4,A,base,urgent_first,20131.783333333333,False
7282,2026-01-14 13:33:53,normal,1440,4,A,base,urgent_first,20135.433333333334,False
7283,2026-01-14 13:34:11,normal,1440,4,A,base,urgent_first,20140.066666666666,False
7284,2026-01-14 13:34:45,normal,1440,2,C,base,urgent_first,20145.733333333334,False
7285,2026-01-14 13:35:57,normal,1440,3,A,base,urgent_first,20148.233333333334,False
7286,2026-01-14 13:37:34,normal,1440,5,B,base,urgent_first,20156.133333333335,False
7287,2026-01-14 13:37:58,normal,1440,3,B,base,urgent_first,20158.166666666668,False
7288,2026-01-14 13:40:15,urgent,240,4,A,base,urgent_first,108.4,True
7289,2026-01-14 13:40:58,normal,1440,6,B,base,urgent_first,20165.966666666667,False
7290,2026-01-14 13:41:35,normal,1440,5,C,base,urgent_first,20170.5,False
7291,2026-01-14 13:41:40,normal,1440,4,C,base,urgent_first,20178.866666666665,False
7292,2026-01-14 13:45:32,normal,1440,5,C,base,urgent_first,20187.1,False
7293,2026-01-14 13:47:22,normal,1440,1,A,base,urgent_first,20186.116666666665,False
7294,2026-01-14 13:49:09,normal,1440,7,A,base,urgent_first,20191.383333333335,False
7295,2026-01-14 13:52:14,normal,1440,3,A,base,urgent_first,20192.016666666666,False
7296,2026-01-14 13:53:11,normal,1440,5,A,base,urgent_first,20194.983333333334,False
7297,2026-01-14 13:53:23,normal,1440,4,C,base,urgent_first,20203.416666666668,False
7298,2026-01-14 13:55:23,normal,1440,2,B,base,urgent_first,20202.766666666666,False
7299,2026-01-14 13:58:41,normal,1440,2,B,base,urgent_first,20201.45,False
7300,2026-01-14 13:58:58,normal,1440,10,B,base,urgent_first,20217.816666666666,False
7301,2026-01-14 14:01:03,normal,1440,3,A,base,urgent_first,20216.916666666668,False
7302,2026-01-14 14:02:40,normal,1440,6,B,base,urgent_first,20223.5,False
7303,2026-01-14 14:06:20,normal,1440,5,A,base,urgent_first,20222.05,False
7304,2026-01-14 14:08:42,normal,1440,3,A,base,urgent_first,20221.466666666667,False
7305,2026-01-14 14:09:43,normal,1440,1,A,base,urgent_first,20221.6,False
7306,2026-01-14 14:11:59,urgent,240,1,B,base,urgent_first,77.58333333333333,True
7307,2026-01-14 14:12:14,normal,1440,5,A,base,urgent_first,20224.45,False
7308,2026-01-14 14:12:40,normal,1440,1,A,base,urgent_first,20224.966666666667,False
7309,2026-01-14 14:15:34,urgent,240,4,A,base,urgent_first,75.4,True
7310,2026-01-14 14:19:04,normal,1440,6,B,base,urgent_first,20226.233333333334,False
7311,2026-01-14 14:24:54,normal,1440,2,B,base,urgent_first,20221.4,False
7312,2026-01-14 14:26:36,urgent,240,7,A,base,urgent_first,66.86666666666666,True
7313,2026-01-14 14:27:49,normal,1440,1,A,base,urgent_first,20219.883333333335,False
7314,2026-01-14 14:29:42,normal,1440,4,C,base,urgent_first,20227.866666666665,False
7315,2026-01-14 14:31:25,normal,1440,4,B,base,urgent_first,20228.883333333335,False
7316,2026-01-14 14:37:35,normal,1440,5,B,base,urgent_first,20229.45,False
7317,2026-01-14 14:37:50,normal,1440,4,B,base,urgent_first,20233.666666666668,False
7318,2026-01-14 14:37:58,normal,1440,1,A,base,urgent_first,20236.433333333334,False
7319,2026-01-14 14:40:22,normal,1440,7,A,base,urgent_first,20244.05,False
7320,2026-01-14 14:43:08,normal,1440,7,C,base,urgent_first,20250.25,False
7321,2026-01-14 14:46:45,normal,1440,2,A,base,urgent_first,20247.716666666667,False
7322,2026-01-14 14:48:18,normal,1440,3,B,base,urgent_first,20249.9,False
7323,2026-01-14 14:50:09,normal,1440,1,B,base,urgent_first,20250.083333333332,False
7324,2026-01-14 14:50:17,normal,1440,4,C,base,urgent_first,20257.616666666665,False
7325,2026-01-14 14:51:23,normal,1440,2,B,base,urgent_first,20260.0,False
7326,2026-01-14 14:54:57,normal,1440,3,B,base,urgent_first,20259.8,False
7327,2026-01-14 14:55:38,normal,1440,3,C,base,urgent_first,20266.216666666667,False
7328,2026-01-14 14:56:13,normal,1440,3,B,base,urgent_first,20270.6,False
7329,2026-01-14 14:58:43,normal,1440,3,A,base,urgent_first,20270.9,False
7330,2026-01-14 14:58:51,normal,1440,2,A,base,urgent_first,20272.666666666668,False
7331,2026-01-14 15:00:43,normal,1440,3,B,base,urgent_first,20277.366666666665,False
7332,2026-01-14 15:01:19,normal,1440,2,C,base,urgent_first,20279.133333333335,False
7333,2026-01-14 15:01:23,normal,1440,4,A,base,urgent_first,20283.85,False
7334,2026-01-14 15:01:56,normal,1440,5,B,base,urgent_first,20291.283333333333,False
7335,2026-01-14 15:02:54,normal,1440,6,A,base,urgent_first,20300.416666666668,False
7336,2026-01-14 15:03:04,normal,1440,3,A,base,urgent_first,20303.116666666665,False
7337,2026-01-14 15:03:47,normal,1440,3,B,base,urgent_first,20305.783333333333,False
7338,2026-01-14 15:04:08,normal,1440,9,B,base,urgent_first,20321.333333333332,False
7339,2026-01-14 15:04:27,urgent,240,3,B,base,urgent_first,30.216666666666665,True
7340,2026-01-14 15:06:05,normal,1440,13,B,base,urgent_first,20339.866666666665,False
7341,2026-01-14 15:06:53,normal,1440,7,B,base,urgent_first,20343.95,False
7342,2026-01-14 15:07:14,normal,1440,1,A,base,urgent_first,20344.466666666667,False
7343,2026-01-14 15:07:46,normal,1440,2,B,base,urgent_first,20345.933333333334,False
7344,2026-01-14 15:08:43,normal,1440,4,B,base,urgent_first,20348.033333333333,False
7345,2026-01-14 15:08:55,normal,1440,4,A,base,urgent_first,20349.8,False
7346,2026-01-14 15:08:58,normal,1440,4,A,base,urgent_first,20352.4,False
7347,2026-01-14 15:09:36,normal,1440,2,B,base,urgent_first,20353.5,False
7348,2026-01-14 15:09:38,normal,1440,5,A,base,urgent_first,20359.766666666666,False
7349,2026-01-14 15:09:57,normal,1440,2,B,base,urgent_first,20361.35,False
7350,2026-01-14 15:10:28,normal,1440,3,B,base,urgent_first,20365.033333333333,False
7351,2026-01-14 15:10:34,normal,1440,1,A,base,urgent_first,20365.9,False
7352,2026-01-14 15:12:27,normal,1440,2,C,base,urgent_first,20369.383333333335,False
7353,2026-01-14 15:12:49,normal,1440,1,B,base,urgent_first,20370.583333333332,False
7354,2026-01-14 15:12:51,normal,1440,2,A,base,urgent_first,20374.116666666665,False
7355,2026-01-14 15:13:49,normal,1440,4,A,base,urgent_first,20378.6,False
7356,2026-01-14 15:16:25,urgent,240,4,B,base,urgent_first,19.683333333333334,True
7357,2026-01-14 15:17:35,normal,1440,6,A,base,urgent_first,20381.6,False
7358,2026-01-14 15:18:00,normal,1440,5,B,base,urgent_first,20386.533333333333,False
7359,2026-01-14 15:18:09,normal,1440,2,B,base,urgent_first,20389.05,False
7360,2026-01-14 15:19:02,normal,1440,6,A,base,urgent_first,20396.033333333333,False
7361,2026-01-14 15:19:22,normal,1440,3,C,base,urgent_first,20401.033333333333,False
7362,2026-01-14 15:20:22,normal,1440,3,A,base,urgent_first,20402.716666666667,False
7363,2026-01-14 15:21:26,normal,1440,4,B,base,urgent_first,20405.05,False
7364,2026-01-14 15:21:30,normal,1440,7,A,base,urgent_first,20411.55,False
7365,2026-01-14 15:22:46,urgent,240,3,C,base,urgent_first,14.516666666666667,True
7366,2026-01-14 15:23:23,normal,1440,2,A,base,urgent_first,20411.383333333335,False
7367,2026-01-14 15:23:44,normal,1440,3,A,base,urgent_first,20413.083333333332,False
7368,2026-01-14 15:24:36,normal,1440,3,A,base,urgent_first,20417.3,False
7369,2026-01-14 15:24:56,normal,1440,5,A,base,urgent_first,20422.95,False
7370,2026-01-14 15:26:11,normal,1440,3,C,base,urgent_first,20424.0,False
7371,2026-01-14 15:29:06,urgent,240,3,A,base,urgent_first,14.116666666666667,True
7372,2026-01-14 15:29:24,normal,1440,4,B,base,urgent_first,20425.216666666667,False
7373,2026-01-14 15:31:20,normal,1440,2,B,base,urgent_first,20424.666666666668,False
7374,2026-01-14 15:31:50,urgent,240,6,A,base,urgent_first,158.1,True
7375,2026-01-14 15:32:20,urgent,240,4,A,base,urgent_first,158.86666666666667,True
7376,2026-01-14 15:32:41,normal,1440,3,A,base,urgent_first,20426.466666666667,False
7377,2026-01-14 15:34:25,urgent,240,4,B,base,urgent_first,158.85,True
7378,2026-01-14 15:36:19,normal,1440,7,B,base,urgent_first,20432.766666666666,False
7379,2026-01-14 15:36:29,normal,1440,3,A,base,urgent_first,20433.783333333333,False
7380,2026-01-14 15:36:56,urgent,240,5,A,base,urgent_first,157.65,True
7381,2026-01-14 15:39:39,normal,1440,9,A,base,urgent_first,20442.15,False
7382,2026-01-14 15:40:51,normal,1440,4,B,base,urgent_first,20443.483333333334,False
7383,2026-01-14 15:41:34,normal,1440,2,A,base,urgent_first,20444.6,False
7384,2026-01-14 15:41:44,normal,1440,3,A,base,urgent_first,20447.55,False
7385,2026-01-14 15:43:56,normal,1440,4,B,base,urgent_first,20453.866666666665,False
7386,2026-01-14 15:45:00,normal,1440,4,A,base,urgent_first,20456.1,False
7387,2026-01-14 15:45:44,normal,1440,1,C,base,urgent_first,20458.75,False
7388,2026-01-14 15:47:10,normal,1440,8,A,base,urgent_first,20466.833333333332,False
7389,2026-01-14 15:47:14,normal,1440,2,B,base,urgent_first,20467.883333333335,False
7390,2026-01-14 15:47:30,normal,1440,3,A,base,urgent_first,20470.666666666668,False
7391,2026-01-14 15:48:39,normal,1440,2,A,base,urgent_first,20489.6,False
7392,2026-01-14 15:48:39,normal,1440,11,A,base,urgent_first,20487.866666666665,False
7393,2026-01-14 15:48:44,urgent,240,1,A,base,urgent_first,146.85,True
7394,2026-01-14 15:50:06,normal,1440,10,A,base,urgent_first,20495.983333333334,False
7395,2026-01-14 15:53:42,normal,1440,2,A,base,urgent_first,20493.833333333332,False
7396,2026-01-14 15:53:55,normal,1440,3,B,base,urgent_first,20496.05,False
7397,2026-01-14 15:54:58,urgent,240,4,A,base,urgent_first,141.7,True
7398,2026-01-14 15:55:23,normal,1440,5,A,base,urgent_first,20498.25,False
7399,2026-01-14 15:55:39,normal,1440,6,C,base,urgent_first,20509.6,False
7400,2026-01-14 15:55:45,normal,1440,2,B,base,urgent_first,20510.916666666668,False
7401,2026-01-14 15:56:06,normal,1440,2,A,base,urgent_first,20513.983333333334,False
7402,2026-01-14 15:56:34,normal,1440,4,B,base,urgent_first,20523.1,False
7403,2026-01-14 15:56:45,normal,1440,3,C,base,urgent_first,20527.716666666667,False
7404,2026-01-14 15:56:58,normal,1440,2,A,base,urgent_first,20528.75,False
7405,2026-01-14 15:57:31,normal,1440,6,C,base,urgent_first,20537.833333333332,False
7406,2026-01-14 15:59:03,urgent,240,6,A,base,urgent_first,139.1,True
7407,2026-01-14 15:59:16,normal,1440,1,C,base,urgent_first,20537.016666666666,False
7408,2026-01-14 16:00:15,normal,1440,5,C,base,urgent_first,20546.916666666668,False
7409,2026-01-14 16:00:30,normal,1440,2,B,base,urgent_first,20548.766666666666,False
7410,2026-01-14 16:01:09,normal,1440,4,B,base,urgent_first,20557.3,False
7411,2026-01-14 16:01:32,normal,1440,2,A,base,urgent_first,20558.133333333335,False
7412,2026-01-14 16:02:33,normal,1440,4,B,base,urgent_first,20562.25,False
7413,2026-01-14 16:02:45,normal,1440,3,A,base,urgent_first,20564.7,False
7414,2026-01-14 16:03:07,normal,1440,1,B,base,urgent_first,20567.616666666665,False
7415,2026-01-14 16:04:25,normal,1440,2,A,base,urgent_first,20568.65,False
7416,2026-01-14 16:05:20,normal,1440,6,B,base,urgent_first,20580.833333333332,False
7417,2026-01-14 16:05:22,normal,1440,2,B,base,urgent_first,20582.483333333334,False
7418,2026-01-14 16:05:25,normal,1440,6,A,base,urgent_first,20587.85,False
7419,2026-01-14 16:06:06,urgent,240,8,A,base,urgent_first,134.5,True
7420,2026-01-14 16:06:10,normal,1440,4,B,base,urgent_first,20592.016666666666,False
7421,2026-01-14 16:06:18,normal,1440,1,A,base,urgent_first,20593.066666666666,False
7422,2026-01-14 16:07:48,urgent,240,3,C,base,urgent_first,134.18333333333334,True
7423,2026-01-14 16:08:11,normal,1440,5,C,base,urgent_first,20598.483333333334,False
7424,2026-01-14 16:09:34,normal,1440,2,C,base,urgent_first,20599.633333333335,False
7425,2026-01-14 16:10:07,urgent,240,1,B,base,urgent_first,132.8,True
7426,2026-01-14 16:10:48,normal,1440,3,B,base,urgent_first,20602.783333333333,False
7427,2026-01-14 16:11:50,normal,1440,2,A,base,urgent_first,20605.416666666668,False
7428,2026-01-14 16:12:12,normal,1440,2,B,base,urgent_first,20606.816666666666,False
7429,2026-01-14 16:12:33,normal,1440,3,B,base,urgent_first,20612.333333333332,False
7430,2026-01-14 16:12:33,urgent,240,5,C,base,urgent_first,131.85,True
7431,2026-01-14 16:12:54,normal,1440,7,A,base,urgent_first,20619.933333333334,False
7432,2026-01-14 16:13:03,normal,1440,8,A,base,urgent_first,20631.15,False
7433,2026-01-14 16:16:49,urgent,240,3,A,base,urgent_first,128.83333333333334,True
7434,2026-01-14 16:17:11,normal,1440,3,B,base,urgent_first,20628.916666666668,False
7435,2026-01-14 16:17:16,normal,1440,1,A,base,urgent_first,20629.666666666668,False
7436,2026-01-14 16:17:24,normal,1440,10,A,base,urgent_first,20650.95,False
7437,2026-01-14 16:17:50,normal,1440,5,A,base,urgent_first,20652.2,False
7438,2026-01-14 16:18:10,normal,1440,4,A,base,urgent_first,20653.283333333333,False
7439,2026-01-14 16:18:53,urgent,240,3,A,base,urgent_first,128.0,True
7440,2026-01-14 16:18:58,normal,1440,2,C,base,urgent_first,20655.133333333335,False
7441,2026-01-14 16:19:01,normal,1440,4,B,base,urgent_first,20662.933333333334,False
7442,2026-01-14 16:20:37,normal,1440,3,B,base,urgent_first,20664.066666666666,False
7443,2026-01-14 16:21:25,normal,1440,3,B,base,urgent_first,20667.8,False
7444,2026-01-14 16:22:35,normal,1440,1,A,base,urgent_first,20668.1,False
7445,2026-01-14 16:22:47,normal,1440,3,A,base,urgent_first,20669.55,False
7446,2026-01-14 16:23:01,normal,1440,3,C,base,urgent_first,20676.55,False
7447,2026-01-14 16:24:08,normal,1440,7,B,base,urgent_first,20685.883333333335,False
7448,2026-01-14 16:24:23,normal,1440,3,C,base,urgent_first,20687.716666666667,False
7449,2026-01-14 16:24:40,normal,1440,5,B,base,urgent_first,20694.216666666667,False
7450,2026-01-14 16:25:07,normal,1440,4,C,base,urgent_first,20702.733333333334,False
7451,2026-01-14 16:25:31,normal,1440,1,B,base,urgent_first,20703.133333333335,False
7452,2026-01-14 16:27:44,normal,1440,4,B,base,urgent_first,20707.133333333335,False
7453,2026-01-14 16:27:54,urgent,240,3,B,base,urgent_first,120.21666666666667,True
7454,2026-01-14 16:28:18,normal,1440,2,A,base,urgent_first,20708.25,False
7455,2026-01-14 16:28:43,normal,1440,2,A,base,urgent_first,20709.65,False
7456,2026-01-14 16:29:24,normal,1440,4,B,base,urgent_first,20714.416666666668,False
7457,2026-01-14 16:30:29,normal,1440,3,C,base,urgent_first,20717.916666666668,False
7458,2026-01-14 16:32:20,normal,1440,1,A,base,urgent_first,20717.2,False
7459,2026-01-14 16:32:29,normal,1440,3,A,base,urgent_first,20721.3,False
7460,2026-01-14 16:33:25,normal,1440,3,B,base,urgent_first,20726.25,False
7461,2026-01-14 16:34:38,normal,1440,9,A,base,urgent_first,20731.916666666668,False
7462,2026-01-14 16:34:42,normal,1440,5,B,base,urgent_first,20736.933333333334,False
7463,2026-01-14 16:35:29,normal,1440,6,B,base,urgent_first,20743.9,False
7464,2026-01-14 16:38:24,normal,1440,3,A,base,urgent_first,20742.983333333334,False
7465,2026-01-14 16:38:38,normal,1440,1,A,base,urgent_first,20744.316666666666,False
7466,2026-01-14 16:39:32,normal,1440,2,A,base,urgent_first,20744.8,False
7467,2026-01-14 16:40:21,normal,1440,4,B,base,urgent_first,20749.216666666667,False
7468,2026-01-14 16:40:31,normal,1440,3,A,base,urgent_first,20751.733333333334,False
7469,2026-01-14 16:41:06,normal,1440,4,B,base,urgent_first,20758.15,False
7470,2026-01-14 16:41:11,normal,1440,7,B,base,urgent_first,20765.1,False
7471,2026-01-14 16:41:24,normal,1440,2,B,base,urgent_first,20766.383333333335,False
7472,2026-01-14 16:42:08,normal,1440,4,A,base,urgent_first,20771.366666666665,False
7473,2026-01-14 16:42:39,normal,1440,2,B,base,urgent_first,20772.383333333335,False
7474,2026-01-14 16:44:53,normal,1440,1,A,base,urgent_first,20772.016666666666,False
7475,2026-01-14 16:44:58,normal,1440,2,A,base,urgent_first,20775.666666666668,False
7476,2026-01-14 16:45:16,normal,1440,2,B,base,urgent_first,20780.2,False
7477,2026-01-14 16:45:24,normal,1440,4,C,base,urgent_first,20790.1,False
7478,2026-01-14 16:45:52,normal,1440,10,B,base,urgent_first,20806.883333333335,False
7479,2026-01-14 16:46:13,normal,1440,5,A,base,urgent_first,20808.133333333335,False
7480,2026-01-14 16:46:19,normal,1440,2,B,base,urgent_first,20810.333333333332,False
7481,2026-01-14 16:46:51,normal,1440,2,C,base,urgent_first,20814.583333333332,False
7482,2026-01-14 16:47:20,normal,1440,4,A,base,urgent_first,20819.983333333334,False
7483,2026-01-14 16:48:34,normal,1440,7,A,base,urgent_first,20826.483333333334,False
7484,2026-01-14 16:49:18,normal,1440,4,A,base,urgent_first,20827.466666666667,False
7485,2026-01-14 16:49:43,normal,1440,2,C,base,urgent_first,20831.65,False
7486,2026-01-14 16:49:49,urgent,240,6,B,base,urgent_first,99.85,True
7487,2026-01-14 16:51:53,normal,1440,4,B,base,urgent_first,20835.766666666666,False
7488,2026-01-14 16:51:55,normal,1440,7,A,base,urgent_first,20840.45,False
7489,2026-01-14 16:52:32,normal,1440,1,A,base,urgent_first,20841.1,False
7490,2026-01-14 16:52:33,urgent,240,7,B,base,urgent_first,99.1,True
7491,2026-01-14 16:53:06,normal,1440,6,A,base,urgent_first,20848.316666666666,False
7492,2026-01-14 16:55:18,normal,1440,4,C,base,urgent_first,20853.25,False
7493,2026-01-14 16:55:22,normal,1440,2,B,base,urgent_first,20854.583333333332,False
7494,2026-01-14 16:56:00,normal,1440,6,A,base,urgent_first,20864.35,False
7495,2026-01-14 16:56:12,normal,1440,6,A,base,urgent_first,20872.216666666667,False
7496,2026-01-14 16:56:25,normal,1440,3,C,base,urgent_first,20875.966666666667,False
7497,2026-01-14 16:57:23,urgent,240,8,A,base,urgent_first,96.3,True
7498,2026-01-14 16:58:18,urgent,240,1,B,base,urgent_first,96.41666666666667,True
7499,2026-01-14 16:58:40,urgent,240,5,B,base,urgent_first,97.53333333333333,True
7500,2026-01-14 16:59:42,normal,1440,2,C,base,urgent_first,20876.3,False
7501,2026-01-14 16:59:44,urgent,240,1,A,base,urgent_first,97.36666666666666,True
7502,2026-01-14 17:00:14,normal,1440,9,B,base,urgent_first,20890.983333333334,False
7503,2026-01-14 17:00:58,normal,1440,4,B,base,urgent_first,20892.483333333334,False
7504,2026-01-14 17:03:05,normal,1440,1,A,base,urgent_first,20891.3,False
7505,2026-01-14 17:03:33,normal,1440,1,A,base,urgent_first,20891.716666666667,False
7506,2026-01-14 17:04:33,normal,1440,2,C,base,urgent_first,20898.733333333334,False
7507,2026-01-14 17:04:39,normal,1440,2,B,base,urgent_first,20902.133333333335,False
7508,2026-01-14 17:05:37,normal,1440,2,B,base,urgent_first,20906.1,False
7509,2026-01-14 17:05:58,normal,1440,2,B,base,urgent_first,20909.033333333333,False
7510,2026-01-14 17:06:58,normal,1440,2,B,base,urgent_first,20910.133333333335,False
7511,2026-01-14 17:08:24,normal,1440,6,A,base,urgent_first,20916.833333333332,False
7512,2026-01-14 17:10:51,normal,1440,4,C,base,urgent_first,20920.566666666666,False
7513,2026-01-14 17:10:56,normal,1440,36,C,base,urgent_first,20992.7,False
7514,2026-01-14 17:11:11,normal,1440,1,A,base,urgent_first,20993.5,False
7515,2026-01-14 17:13:09,normal,1440,15,B,base,urgent_first,20996.066666666666,False
7516,2026-01-14 17:16:16,normal,1440,2,B,base,urgent_first,20994.166666666668,False
7517,2026-01-14 17:17:07,normal,1440,6,A,base,urgent_first,20998.083333333332,False
7518,2026-01-14 17:17:10,urgent,240,5,B,base,urgent_first,81.48333333333333,True
7519,2026-01-14 17:17:26,normal,1440,2,A,base,urgent_first,20998.933333333334,False
7520,2026-01-14 17:17:40,normal,1440,1,A,base,urgent_first,21000.15,False
7521,2026-01-14 17:17:56,normal,1440,4,C,base,urgent_first,21005.333333333332,False
7522,2026-01-14 17:20:35,normal,1440,4,A,base,urgent_first,21004.783333333333,False
7523,2026-01-14 17:21:20,normal,1440,6,B,base,urgent_first,21009.7,False
7524,2026-01-14 17:21:51,normal,1440,4,A,base,urgent_first,21014.483333333334,False
7525,2026-01-14 17:25:47,normal,1440,2,A,base,urgent_first,21012.45,False
7526,2026-01-14 17:25:52,normal,1440,2,A,base,urgent_first,21014.383333333335,False
7527,2026-01-14 17:26:08,urgent,240,8,A,base,urgent_first,74.26666666666667,True
7528,2026-01-14 17:26:18,normal,1440,4,A,base,urgent_first,21018.083333333332,False
7529,2026-01-14 17:30:26,normal,1440,6,A,base,urgent_first,21025.4,False
7530,2026-01-14 17:30:55,normal,1440,2,B,base,urgent_first,21026.483333333334,False
7531,2026-01-14 17:31:47,urgent,240,3,B,base,urgent_first,69.88333333333334,True
7532,2026-01-14 17:32:33,normal,1440,4,B,base,urgent_first,21027.083333333332,False
7533,2026-01-14 17:32:34,normal,1440,7,A,base,urgent_first,21032.416666666668,False
7534,2026-01-14 17:33:31,normal,1440,3,B,base,urgent_first,21035.566666666666,False
7535,2026-01-14 17:35:39,normal,1440,6,A,base,urgent_first,21041.833333333332,False
7536,2026-01-14 17:35:50,normal,1440,4,A,base,urgent_first,21044.633333333335,False
7537,2026-01-14 17:36:38,normal,1440,5,A,base,urgent_first,21047.666666666668,False
7538,2026-01-14 17:38:01,normal,1440,4,A,base,urgent_first,21053.566666666666,False
7539,2026-01-14 17:38:46,normal,1440,7,C,base,urgent_first,21065.183333333334,False
7540,2026-01-14 17:39:06,normal,1440,3,C,base,urgent_first,21070.283333333333,False
7541,2026-01-14 17:39:57,normal,1440,2,A,base,urgent_first,21070.8,False
7542,2026-01-14 17:40:00,urgent,240,7,A,base,urgent_first,63.2,True
7543,2026-01-14 17:40:39,normal,1440,2,A,base,urgent_first,21071.783333333333,False
7544,2026-01-14 17:40:45,normal,1440,5,B,base,urgent_first,21078.883333333335,False
7545,2026-01-14 17:41:18,urgent,240,4,A,base,urgent_first,62.96666666666667,True
7546,2026-01-14 17:41:25,normal,1440,1,C,base,urgent_first,21081.883333333335,False
7547,2026-01-14 17:41:27,urgent,240,3,C,base,urgent_first,64.28333333333333,True
7548,2026-01-14 17:42:31,normal,1440,3,B,base,urgent_first,21085.066666666666,False
7549,2026-01-14 17:42:42,normal,1440,3,A,base,urgent_first,21088.483333333334,False
7550,2026-01-14 17:43:35,normal,1440,5,B,base,urgent_first,21096.15,False
7551,2026-01-14 17:45:10,normal,1440,5,C,base,urgent_first,21107.533333333333,False
7552,2026-01-14 17:47:27,normal,1440,5,B,base,urgent_first,21109.75,False
7553,2026-01-14 17:49:17,normal,1440,2,B,base,urgent_first,21109.216666666667,False
7554,2026-01-14 17:49:24,urgent,240,14,A,base,urgent_first,59.05,True
7555,2026-01-14 17:50:16,normal,1440,2,A,base,urgent_first,21110.733333333334,False
7556,2026-01-14 17:51:45,normal,1440,1,A,base,urgent_first,21112.266666666666,False
7557,2026-01-14 17:51:59,normal,1440,1,A,base,urgent_first,21113.233333333334,False
7558,2026-01-14 17:52:00,normal,1440,6,A,base,urgent_first,21124.133333333335,False
7559,2026-01-14 17:52:40,normal,1440,4,A,base,urgent_first,21127.75,False
7560,2026-01-14 17:53:01,normal,1440,4,A,base,urgent_first,21129.416666666668,False
7561,2026-01-14 17:55:23,normal,1440,6,A,base,urgent_first,21137.65,False
7562,2026-01-14 17:55:47,normal,1440,4,B,base,urgent_first,21143.45,False
7563,2026-01-14 17:56:19,normal,1440,5,A,base,urgent_first,21148.966666666667,False
7564,2026-01-14 17:57:19,normal,1440,3,B,base,urgent_first,21153.633333333335,False
7565,2026-01-14 17:58:12,normal,1440,2,B,base,urgent_first,21157.083333333332,False
7566,2026-01-14 17:58:47,urgent,240,2,A,base,urgent_first,50.71666666666667,True
7567,2026-01-14 18:01:22,normal,1440,2,A,base,urgent_first,21155.566666666666,False
7568,2026-01-14 18:02:03,normal,1440,2,B,base,urgent_first,21159.633333333335,False
7569,2026-01-14 18:02:41,urgent,240,7,A,base,urgent_first,48.2,True
7570,2026-01-14 18:04:01,normal,1440,3,A,base,urgent_first,21159.816666666666,False
7571,2026-01-14 18:11:24,normal,1440,1,A,base,urgent_first,21154.0,False
7572,2026-01-14 18:13:06,normal,1440,2,A,base,urgent_first,21155.683333333334,False
7573,2026-01-14 18:13:34,normal,1440,3,C,base,urgent_first,21161.316666666666,False
7574,2026-01-14 18:17:23,normal,1440,2,B,base,urgent_first,21160.45,False
7575,2026-01-14 18:18:09,normal,1440,7,A,base,urgent_first,21169.566666666666,False
7576,2026-01-14 18:18:17,normal,1440,2,C,base,urgent_first,21172.316666666666,False
7577,2026-01-14 18:21:03,normal,1440,2,B,base,urgent_first,21172.05,False
7578,2026-01-14 18:21:49,normal,1440,4,A,base,urgent_first,21176.983333333334,False
7579,2026-01-14 18:23:46,urgent,240,7,A,base,urgent_first,30.316666666666666,True
7580,2026-01-14 18:26:47,normal,1440,9,A,base,urgent_first,21183.8,False
7581,2026-01-14 18:28:48,normal,1440,2,B,base,urgent_first,21183.266666666666,False
7582,2026-01-14 18:30:33,normal,1440,6,A,base,urgent_first,21185.45,False
7583,2026-01-14 18:30:47,normal,1440,8,C,base,urgent_first,21199.316666666666,False
7584,2026-01-14 18:30:48,normal,1440,2,B,base,urgent_first,21200.516666666666,False
7585,2026-01-14 18:30:50,normal,1440,3,A,base,urgent_first,21203.133333333335,False
7586,2026-01-14 18:31:56,normal,1440,4,A,base,urgent_first,21205.6,False
7587,2026-01-14 18:32:30,normal,1440,1,A,base,urgent_first,21206.116666666665,False
7588,2026-01-14 18:33:06,normal,1440,4,A,base,urgent_first,21211.683333333334,False
7589,2026-01-14 18:33:26,normal,1440,3,A,base,urgent_first,21213.133333333335,False
7590,2026-01-14 18:34:47,normal,1440,2,C,base,urgent_first,21216.583333333332,False
7591,2026-01-14 18:39:01,normal,1440,2,B,base,urgent_first,21215.733333333334,False
7592,2026-01-14 18:39:47,urgent,240,4,A,base,urgent_first,15.633333333333333,True
7593,2026-01-14 18:39:48,normal,1440,20,B,base,urgent_first,21242.15,False
7594,2026-01-14 18:39:49,normal,1440,4,A,base,urgent_first,21243.233333333334,False
7595,2026-01-14 18:41:30,normal,1440,5,A,base,urgent_first,21244.3,False
7596,2026-01-14 18:42:27,urgent,240,7,A,base,urgent_first,31.1,True
7597,2026-01-14 18:45:46,normal,1440,3,B,base,urgent_first,21242.35,False
7598,2026-01-14 18:48:42,normal,1440,5,B,base,urgent_first,21243.1,False
7599,2026-01-14 18:50:10,normal,1440,2,A,base,urgent_first,21245.516666666666,False
7600,2026-01-14 18:53:13,normal,1440,6,A,base,urgent_first,21250.533333333333,False
7601,2026-01-14 18:55:16,normal,1440,7,B,base,urgent_first,21259.516666666666,False
7602,2026-01-14 18:57:16,normal,1440,2,B,base,urgent_first,21258.916666666668,False
7603,2026-01-14 19:00:01,urgent,240,2,B,base,urgent_first,14.983333333333333,True
7604,2026-01-14 19:00:35,normal,1440,10,A,base,urgent_first,21269.833333333332,False
7605,2026-01-14 19:08:40,normal,1440,4,B,base,urgent_first,21265.1,False
7606,2026-01-14 19:09:24,urgent,240,7,A,base,urgent_first,24.116666666666667,True
7607,2026-01-14 19:12:02,normal,1440,2,C,base,urgent_first,21263.433333333334,False
7608,2026-01-14 19:20:54,normal,1440,3,B,base,urgent_first,21257.65,False
7609,2026-01-14 19:24:55,normal,1440,5,C,base,urgent_first,21263.15,False
7610,2026-01-14 19:31:52,normal,1440,2,B,base,urgent_first,21257.816666666666,False
7611,2026-01-14 19:32:33,normal,1440,3,B,base,urgent_first,21260.35,False
7612,2026-01-14 19:36:47,normal,1440,3,C,base,urgent_first,21263.766666666666,False
7613,2026-01-14 19:37:09,normal,1440,5,A,base,urgent_first,21270.166666666668,False
7614,2026-01-14 19:53:00,normal,1440,10,A,base,urgent_first,21265.533333333333,False
7615,2026-01-14 19:53:46,normal,1440,12,B,base,urgent_first,21278.583333333332,False
7616,2026-01-14 19:53:51,normal,1440,4,C,base,urgent_first,21280.683333333334,False
7617,2026-01-14 19:55:21,normal,1440,3,A,base,urgent_first,21280.966666666667,False
7618,2026-01-15 08:00:26,normal,1440,4,C,base,urgent_first,20566.1,False
7619,2026-01-15 08:01:42,normal,1440,7,A,base,urgent_first,20569.883333333335,False
7620,2026-01-15 08:04:52,normal,1440,4,B,base,urgent_first,20571.116666666665,False
7621,2026-01-15 08:06:21,normal,1440,3,A,base,urgent_first,20571.383333333335,False
7622,2026-01-15 08:06:28,normal,1440,3,A,base,urgent_first,20574.5,False
7623,2026-01-15 08:08:17,normal,1440,4,C,base,urgent_first,20579.666666666668,False
7624,2026-01-15 08:10:53,normal,1440,4,B,base,urgent_first,20580.9,False
7625,2026-01-15 08:11:15,urgent,240,2,A,base,urgent_first,11.25,True
7626,2026-01-15 08:13:48,normal,1440,2,A,base,urgent_first,20579.15,False
7627,2026-01-15 08:14:40,normal,1440,6,A,base,urgent_first,20588.483333333334,False
7628,2026-01-15 08:15:54,normal,1440,2,B,base,urgent_first,20588.866666666665,False
7629,2026-01-15 08:17:14,normal,1440,2,B,base,urgent_first,20590.816666666666,False
7630,2026-01-15 08:18:57,normal,1440,9,A,base,urgent_first,20602.266666666666,False
7631,2026-01-15 08:20:33,normal,1440,1,A,base,urgent_first,20601.566666666666,False
7632,2026-01-15 08:20:47,normal,1440,1,C,base,urgent_first,20603.116666666665,False
7633,2026-01-15 08:21:37,normal,1440,8,C,base,urgent_first,20614.883333333335,False
7634,2026-01-15 08:30:27,urgent,240,2,A,base,urgent_first,17.583333333333332,True
7635,2026-01-15 08:31:24,normal,1440,2,A,base,urgent_first,20606.2,False
7636,2026-01-15 08:33:55,normal,1440,3,A,base,urgent_first,20605.766666666666,False
7637,2026-01-15 08:34:18,normal,1440,5,B,base,urgent_first,20613.583333333332,False
7638,2026-01-15 08:36:21,normal,1440,1,A,base,urgent_first,20612.916666666668,False
7639,2026-01-15 08:38:47,normal,1440,3,B,base,urgent_first,20614.433333333334,False
7640,2026-01-15 08:39:11,normal,1440,7,B,base,urgent_first,20625.966666666667,False
7641,2026-01-15 08:44:13,normal,1440,3,A,base,urgent_first,20624.383333333335,False
7642,2026-01-15 08:44:40,urgent,240,3,A,base,urgent_first,23.283333333333335,True
7643,2026-01-15 08:44:41,normal,1440,1,A,base,urgent_first,20624.833333333332,False
7644,2026-01-15 08:44:44,normal,1440,3,C,base,urgent_first,20632.55,False
7645,2026-01-15 08:44:49,normal,1440,2,B,base,urgent_first,20635.65,False
7646,2026-01-15 08:48:08,normal,1440,6,C,base,urgent_first,20643.983333333334,False
7647,2026-01-15 08:50:14,normal,1440,1,C,base,urgent_first,20642.716666666667,False
7648,2026-01-15 08:51:22,normal,1440,7,A,base,urgent_first,20652.266666666666,False
7649,2026-01-15 08:54:38,normal,1440,2,C,base,urgent_first,20650.066666666666,False
7650,2026-01-15 08:54:53,normal,1440,2,A,base,urgent_first,20652.116666666665,False
7651,2026-01-15 08:55:27,normal,1440,5,A,base,urgent_first,20659.983333333334,False
7652,2026-01-15 08:55:34,urgent,240,4,B,base,urgent_first,19.15,True
7653,2026-01-15 08:56:52,normal,1440,7,B,base,urgent_first,20667.55,False
7654,2026-01-15 08:58:10,normal,1440,1,A,base,urgent_first,20667.233333333334,False
7655,2026-01-15 08:58:47,normal,1440,2,A,base,urgent_first,20670.733333333334,False
7656,2026-01-15 08:58:52,normal,1440,6,A,base,urgent_first,20680.75,False
7657,2026-01-15 09:00:04,normal,1440,2,A,base,urgent_first,20680.95,False
7658,2026-01-15 09:00:50,normal,1440,3,A,base,urgent_first,20683.866666666665,False
7659,2026-01-15 09:01:11,normal,1440,5,A,base,urgent_first,20689.45,False
7660,2026-01-15 09:01:20,normal,1440,1,B,base,urgent_first,20690.066666666666,False
7661,2026-01-15 09:02:51,normal,1440,6,B,base,urgent_first,20698.25,False
7662,2026-01-15 09:03:38,normal,1440,8,B,base,urgent_first,20702.7,False
7663,2026-01-15 09:03:38,normal,1440,7,A,base,urgent_first,20709.5,False
7664,2026-01-15 09:04:49,normal,1440,4,B,base,urgent_first,20712.283333333333,False
7665,2026-01-15 09:06:38,normal,1440,1,A,base,urgent_first,20711.316666666666,False
7666,2026-01-15 09:08:10,urgent,240,2,A,base,urgent_first,17.666666666666668,True
7667,2026-01-15 09:09:37,normal,1440,2,A,base,urgent_first,20710.3,False
7668,2026-01-15 09:12:09,normal,1440,3,B,base,urgent_first,20712.933333333334,False
7669,2026-01-15 09:12:15,normal,1440,3,A,base,urgent_first,20715.9,False
7670,2026-01-15 09:13:24,urgent,240,2,A,base,urgent_first,41.46666666666667,True
7671,2026-01-15 09:14:36,normal,1440,7,C,base,urgent_first,20726.3,False
7672,2026-01-15 09:15:42,normal,1440,15,B,base,urgent_first,20742.733333333334,False
7673,2026-01-15 09:16:38,normal,1440,4,B,base,urgent_first,20744.866666666665,False
7674,2026-01-15 09:17:44,normal,1440,1,B,base,urgent_first,20746.016666666666,False
7675,2026-01-15 09:18:34,normal,1440,2,A,base,urgent_first,20748.233333333334,False
7676,2026-01-15 09:18:41,normal,1440,3,B,base,urgent_first,20753.2,False
7677,2026-01-15 09:19:51,normal,1440,1,A,base,urgent_first,20754.166666666668,False
7678,2026-01-15 09:21:05,normal,1440,11,A,base,urgent_first,20777.033333333333,False
7679,2026-01-15 09:21:23,normal,1440,3,B,base,urgent_first,20778.85,False
7680,2026-01-15 09:21:45,urgent,240,2,A,base,urgent_first,34.416666666666664,True
7681,2026-01-15 09:21:54,normal,1440,8,B,base,urgent_first,20793.866666666665,False
7682,2026-01-15 09:23:18,normal,1440,3,C,base,urgent_first,20795.766666666666,False
7683,2026-01-15 09:24:27,normal,1440,7,A,base,urgent_first,20802.216666666667,False
7684,2026-01-15 09:24:39,normal,1440,3,A,base,urgent_first,20804.233333333334,False
7685,2026-01-15 09:25:55,normal,1440,10,C,base,urgent_first,20824.566666666666,False
7686,2026-01-15 09:26:07,urgent,240,4,A,base,urgent_first,31.8,True
7687,2026-01-15 09:26:15,urgent,240,5,C,base,urgent_first,44.0,True
7688,2026-01-15 09:27:06,urgent,240,3,A,base,urgent_first,44.36666666666667,True
7689,2026-01-15 09:27:15,normal,1440,3,A,base,urgent_first,20824.783333333333,False
7690,2026-01-15 09:27:32,normal,1440,5,A,base,urgent_first,20828.666666666668,False
7691,2026-01-15 09:28:56,normal,1440,4,A,base,urgent_first,20832.183333333334,False
7692,2026-01-15 09:29:38,normal,1440,5,A,base,urgent_first,20837.316666666666,False
7693,2026-01-15 09:30:44,normal,1440,4,A,base,urgent_first,20840.116666666665,False
7694,2026-01-15 09:31:10,normal,1440,2,A,base,urgent_first,20840.8,False
7695,2026-01-15 09:31:15,normal,1440,6,C,base,urgent_first,20852.45,False
7696,2026-01-15 09:31:49,normal,1440,4,A,base,urgent_first,20853.35,False
7697,2026-01-15 09:32:04,normal,1440,1,A,base,urgent_first,20854.083333333332,False
7698,2026-01-15 09:32:23,urgent,240,2,A,base,urgent_first,40.25,True
7699,2026-01-15 09:34:02,normal,1440,4,B,base,urgent_first,20856.566666666666,False
7700,2026-01-15 09:35:11,normal,1440,6,A,base,urgent_first,20862.283333333333,False
7701,2026-01-15 09:35:43,normal,1440,5,B,base,urgent_first,20865.566666666666,False
7702,2026-01-15 09:35:57,normal,1440,3,A,base,urgent_first,20867.65,False
7703,2026-01-15 09:37:51,normal,1440,3,B,base,urgent_first,20871.883333333335,False
7704,2026-01-15 09:38:00,normal,1440,4,A,base,urgent_first,20875.9,False
7705,2026-01-15 09:38:22,normal,1440,2,B,base,urgent_first,20878.866666666665,False
7706,2026-01-15 09:38:41,normal,1440,4,B,base,urgent_first,20888.466666666667,False
7707,2026-01-15 09:38:43,normal,1440,4,A,base,urgent_first,20892.733333333334,False
7708,2026-01-15 09:39:00,normal,1440,4,C,base,urgent_first,20897.5,False
7709,2026-01-15 09:39:10,normal,1440,4,A,base,urgent_first,20900.8,False
7710,2026-01-15 09:39:19,normal,1440,2,C,base,urgent_first,20909.466666666667,False
7711,2026-01-15 09:40:09,normal,1440,5,A,base,urgent_first,20915.683333333334,False
7712,2026-01-15 09:43:25,normal,1440,6,B,base,urgent_first,20921.95,False
7713,2026-01-15 09:45:28,normal,1440,8,B,base,urgent_first,20927.766666666666,False
7714,2026-01-15 09:46:14,normal,1440,8,C,base,urgent_first,20939.466666666667,False
7715,2026-01-15 09:48:02,normal,1440,3,A,base,urgent_first,20938.916666666668,False
7716,2026-01-15 09:49:31,normal,1440,3,A,base,urgent_first,20939.283333333333,False
7717,2026-01-15 09:50:52,normal,1440,4,A,base,urgent_first,20941.816666666666,False
7718,2026-01-15 09:51:06,normal,1440,4,B,base,urgent_first,20945.016666666666,False
7719,2026-01-15 09:52:37,normal,1440,1,B,base,urgent_first,20945.433333333334,False
7720,2026-01-15 09:56:13,normal,1440,2,A,base,urgent_first,20944.05,False
7721,2026-01-15 09:56:57,normal,1440,1,B,base,urgent_first,20944.366666666665,False
7722,2026-01-15 09:57:40,normal,1440,4,A,base,urgent_first,20949.616666666665,False
7723,2026-01-15 09:57:52,normal,1440,11,A,base,urgent_first,20958.833333333332,False
7724,2026-01-15 09:58:30,normal,1440,4,B,base,urgent_first,20960.583333333332,False
7725,2026-01-15 09:59:00,urgent,240,3,C,base,urgent_first,15.433333333333334,True
7726,2026-01-15 10:00:09,normal,1440,1,A,base,urgent_first,20959.9,False
7727,2026-01-15 10:00:23,normal,1440,3,B,base,urgent_first,20965.183333333334,False
7728,2026-01-15 10:01:49,normal,1440,6,A,base,urgent_first,20968.316666666666,False
7729,2026-01-15 10:02:17,normal,1440,9,A,base,urgent_first,20976.883333333335,False
7730,2026-01-15 10:02:23,urgent,240,2,A,base,urgent_first,13.216666666666667,True
7731,2026-01-15 10:02:43,normal,1440,2,B,base,urgent_first,20978.416666666668,False
7732,2026-01-15 10:02:45,urgent,240,5,B,base,urgent_first,407.46666666666664,False
7733,2026-01-15 10:03:02,normal,1440,3,B,base,urgent_first,20984.3,False
7734,2026-01-15 10:04:16,normal,1440,13,A,base,urgent_first,20996.783333333333,False
7735,2026-01-15 10:04:21,normal,1440,3,B,base,urgent_first,20998.216666666667,False
7736,2026-01-15 10:05:04,normal,1440,3,A,base,urgent_first,20999.383333333335,False
7737,2026-01-15 10:05:19,normal,1440,4,B,base,urgent_first,21004.116666666665,False
7738,2026-01-15 10:06:13,normal,1440,1,B,base,urgent_first,21004.316666666666,False
7739,2026-01-15 10:06:23,normal,1440,3,B,base,urgent_first,21010.566666666666,False
7740,2026-01-15 10:07:08,normal,1440,6,A,base,urgent_first,21016.933333333334,False
7741,2026-01-15 10:07:23,normal,1440,4,A,base,urgent_first,21020.816666666666,False
7742,2026-01-15 10:07:31,normal,1440,3,B,base,urgent_first,21023.783333333333,False
7743,2026-01-15 10:07:38,normal,1440,7,C,base,urgent_first,21037.933333333334,False
7744,2026-01-15 10:07:43,normal,1440,7,A,base,urgent_first,21042.116666666665,False
7745,2026-01-15 10:08:06,normal,1440,5,A,base,urgent_first,21046.75,False
7746,2026-01-15 10:08:24,normal,1440,2,A,base,urgent_first,21047.633333333335,False
7747,2026-01-15 10:09:12,normal,1440,3,A,base,urgent_first,21049.533333333333,False
7748,2026-01-15 10:09:17,normal,1440,7,C,base,urgent_first,21062.083333333332,False
7749,2026-01-15 10:09:39,urgent,240,3,A,base,urgent_first,401.8833333333333,False
7750,2026-01-15 10:10:47,urgent,240,7,C,base,urgent_first,402.6333333333333,False
7751,2026-01-15 10:11:29,urgent,240,2,B,base,urgent_first,402.85,False
7752,2026-01-15 10:11:29,normal,1440,5,A,base,urgent_first,21062.316666666666,False
7753,2026-01-15 10:11:36,normal,1440,3,B,base,urgent_first,21065.116666666665,False
7754,2026-01-15 10:11:43,normal,1440,7,A,base,urgent_first,21074.866666666665,False
7755,2026-01-15 10:12:10,normal,1440,3,B,base,urgent_first,21077.133333333335,False
7756,2026-01-15 10:12:48,normal,1440,2,A,base,urgent_first,21077.783333333333,False
7757,2026-01-15 10:12:59,normal,1440,2,A,base,urgent_first,21078.866666666665,False
7758,2026-01-15 10:12:59,urgent,240,9,A,base,urgent_first,403.8,False
7759,2026-01-15 10:13:00,normal,1440,8,A,base,urgent_first,21087.95,False
7760,2026-01-15 10:13:06,normal,1440,2,A,base,urgent_first,21088.75,False
7761,2026-01-15 10:13:33,normal,1440,8,B,base,urgent_first,21101.9,False
7762,2026-01-15 10:13:40,normal,1440,3,B,base,urgent_first,21102.95,False
7763,2026-01-15 10:13:50,normal,1440,5,C,base,urgent_first,21109.7,False
7764,2026-01-15 10:14:32,normal,1440,9,C,base,urgent_first,21122.7,False
7765,2026-01-15 10:14:47,normal,1440,3,B,base,urgent_first,21123.516666666666,False
7766,2026-01-15 10:14:57,normal,1440,4,A,base,urgent_first,21126.183333333334,False
7767,2026-01-15 10:15:47,normal,1440,4,A,base,urgent_first,21128.683333333334,False
7768,2026-01-15 10:16:25,normal,1440,6,A,base,urgent_first,21133.4,False
7769,2026-01-15 10:16:55,normal,1440,6,B,base,urgent_first,21139.383333333335,False
7770,2026-01-15 10:16:59,normal,1440,1,A,base,urgent_first,21140.433333333334,False
7771,2026-01-15 10:17:25,normal,1440,3,A,base,urgent_first,21145.4,False
7772,2026-01-15 10:17:44,normal,1440,2,C,base,urgent_first,21148.15,False
7773,2026-01-15 10:18:00,normal,1440,4,A,base,urgent_first,21154.433333333334,False
7774,2026-01-15 10:18:27,normal,1440,3,A,base,urgent_first,21156.6,False
7775,2026-01-15 10:18:41,normal,1440,3,B,base,urgent_first,21161.1,False
7776,2026-01-15 10:19:01,normal,1440,4,A,base,urgent_first,21166.666666666668,False
7777,2026-01-15 10:19:02,normal,1440,3,A,base,urgent_first,21172.616666666665,False
7778,2026-01-15 10:19:16,normal,1440,2,C,base,urgent_first,21177.55,False
7779,2026-01-15 10:19:21,normal,1440,3,B,base,urgent_first,21181.466666666667,False
7780,2026-01-15 10:19:26,normal,1440,5,B,base,urgent_first,21189.5,False
7781,2026-01-15 10:20:02,normal,1440,2,B,base,urgent_first,21192.1,False
7782,2026-01-15 10:20:06,normal,1440,8,B,base,urgent_first,21202.816666666666,False
7783,2026-01-15 10:20:32,normal,1440,6,C,base,urgent_first,21210.15,False
7784,2026-01-15 10:20:33,normal,1440,1,C,base,urgent_first,21211.233333333334,False
7785,2026-01-15 10:20:37,normal,1440,4,A,base,urgent_first,21213.6,False
7786,2026-01-15 10:21:16,normal,1440,2,B,base,urgent_first,21215.883333333335,False
7787,2026-01-15 10:22:41,normal,1440,3,A,base,urgent_first,21218.283333333333,False
7788,2026-01-15 10:22:43,normal,1440,2,A,base,urgent_first,21222.033333333333,False
7789,2026-01-15 10:22:47,urgent,240,2,C,base,urgent_first,395.18333333333334,False
7790,2026-01-15 10:22:52,normal,1440,1,B,base,urgent_first,21223.8,False
7791,2026-01-15 10:24:05,normal,1440,2,A,base,urgent_first,21225.766666666666,False
7792,2026-01-15 10:24:05,normal,1440,2,A,base,urgent_first,21228.283333333333,False
7793,2026-01-15 10:24:27,urgent,240,7,A,base,urgent_first,395.06666666666666,False
7794,2026-01-15 10:25:01,urgent,240,4,A,base,urgent_first,395.6333333333333,False
7795,2026-01-15 10:25:30,normal,1440,3,B,base,urgent_first,21231.6,False
7796,2026-01-15 10:25:44,normal,1440,5,B,base,urgent_first,21238.316666666666,False
7797,2026-01-15 10:26:47,normal,1440,6,A,base,urgent_first,21240.383333333335,False
7798,2026-01-15 10:27:02,normal,1440,5,A,base,urgent_first,21246.483333333334,False
7799,2026-01-15 10:27:31,urgent,240,14,C,base,urgent_first,397.1,False
7800,2026-01-15 10:27:42,urgent,240,3,B,base,urgent_first,398.3833333333333,False
7801,2026-01-15 10:27:48,normal,1440,4,A,base,urgent_first,21249.816666666666,False
7802,2026-01-15 10:28:04,normal,1440,4,B,base,urgent_first,21256.683333333334,False
7803,2026-01-15 10:28:24,normal,1440,6,A,base,urgent_first,21261.166666666668,False
7804,2026-01-15 10:29:06,normal,1440,6,B,base,urgent_first,21268.6,False
7805,2026-01-15 10:29:35,normal,1440,3,A,base,urgent_first,21278.416666666668,False
7806,2026-01-15 10:29:35,normal,1440,6,B,base,urgent_first,21275.983333333334,False
7807,2026-01-15 10:29:43,urgent,240,2,B,base,urgent_first,397.6166666666667,False
7808,2026-01-15 10:29:55,normal,1440,6,B,base,urgent_first,21284.083333333332,False
7809,2026-01-15 10:30:14,normal,1440,3,B,base,urgent_first,21285.7,False
7810,2026-01-15 10:30:34,normal,1440,4,B,base,urgent_first,21290.266666666666,False
7811,2026-01-15 10:32:09,normal,1440,5,A,base,urgent_first,21294.966666666667,False
7812,2026-01-15 10:32:47,normal,1440,5,A,base,urgent_first,21299.9,False
7813,2026-01-15 10:33:45,normal,1440,2,A,base,urgent_first,21300.033333333333,False
7814,2026-01-15 10:34:12,normal,1440,2,A,base,urgent_first,21300.883333333335,False
7815,2026-01-15 10:34:54,normal,1440,2,C,base,urgent_first,21306.6,False
7816,2026-01-15 10:35:28,normal,1440,2,A,base,urgent_first,21309.983333333334,False
7817,2026-01-15 10:36:22,normal,1440,5,A,base,urgent_first,21313.616666666665,False
7818,2026-01-15 10:36:41,normal,1440,6,C,base,urgent_first,21322.666666666668,False
7819,2026-01-15 10:36:45,normal,1440,4,A,base,urgent_first,21324.25,False
7820,2026-01-15 10:37:46,normal,1440,1,A,base,urgent_first,21324.466666666667,False
7821,2026-01-15 10:38:00,normal,1440,3,B,base,urgent_first,21328.366666666665,False
7822,2026-01-15 10:38:28,normal,1440,3,C,base,urgent_first,21333.633333333335,False
7823,2026-01-15 10:39:13,normal,1440,1,A,base,urgent_first,21334.433333333334,False
7824,2026-01-15 10:39:50,normal,1440,12,A,base,urgent_first,21352.483333333334,False
7825,2026-01-15 10:40:09,normal,1440,3,A,base,urgent_first,21353.45,False
7826,2026-01-15 10:40:10,normal,1440,4,A,base,urgent_first,21357.216666666667,False
7827,2026-01-15 10:40:51,normal,1440,9,A,base,urgent_first,21365.4,False
7828,2026-01-15 10:41:06,normal,1440,4,B,base,urgent_first,21367.683333333334,False
7829,2026-01-15 10:41:07,normal,1440,1,C,base,urgent_first,21369.316666666666,False
7830,2026-01-15 10:41:22,normal,1440,6,B,base,urgent_first,21377.3,False
7831,2026-01-15 10:41:34,normal,1440,2,B,base,urgent_first,21379.133333333335,False
7832,2026-01-15 10:43:00,urgent,240,7,B,base,urgent_first,386.3666666666667,False
7833,2026-01-15 10:44:31,normal,1440,2,B,base,urgent_first,21378.016666666666,False
7834,2026-01-15 10:46:24,normal,1440,6,A,base,urgent_first,21383.4,False
7835,2026-01-15 10:46:39,normal,1440,4,C,base,urgent_first,21389.916666666668,False
7836,2026-01-15 10:46:43,normal,1440,7,B,base,urgent_first,21401.0,False
7837,2026-01-15 10:46:48,normal,1440,5,A,base,urgent_first,21405.033333333333,False
7838,2026-01-15 10:46:51,normal,1440,4,A,base,urgent_first,21411.583333333332,False
7839,2026-01-15 10:47:11,urgent,240,2,A,base,urgent_first,383.28333333333336,False
7840,2026-01-15 10:47:52,urgent,240,3,B,base,urgent_first,383.8333333333333,False
7841,2026-01-15 10:48:43,normal,1440,4,A,base,urgent_first,21414.833333333332,False
7842,2026-01-15 10:49:08,normal,1440,8,A,base,urgent_first,21421.516666666666,False
7843,2026-01-15 10:50:40,urgent,240,4,B,base,urgent_first,382.3833333333333,False
7844,2026-01-15 10:51:35,normal,1440,10,C,base,urgent_first,21436.283333333333,False
7845,2026-01-15 10:51:46,normal,1440,2,A,base,urgent_first,21437.216666666667,False
7846,2026-01-15 10:51:57,normal,1440,7,A,base,urgent_first,21447.316666666666,False
7847,2026-01-15 10:53:45,normal,1440,4,C,base,urgent_first,21458.566666666666,False
7848,2026-01-15 10:55:07,normal,1440,2,A,base,urgent_first,21458.616666666665,False
7849,2026-01-15 10:55:40,normal,1440,5,A,base,urgent_first,21464.366666666665,False
7850,2026-01-15 10:56:11,normal,1440,1,A,base,urgent_first,21465.483333333334,False
7851,2026-01-15 10:58:03,normal,1440,4,A,base,urgent_first,21468.483333333334,False
7852,2026-01-15 10:58:36,normal,1440,4,A,base,urgent_first,21473.666666666668,False
7853,2026-01-15 10:59:07,normal,1440,3,B,base,urgent_first,21475.283333333333,False
7854,2026-01-15 10:59:20,normal,1440,3,A,base,urgent_first,21477.7,False
7855,2026-01-15 10:59:21,normal,1440,5,A,base,urgent_first,21485.35,False
7856,2026-01-15 11:00:41,normal,1440,1,B,base,urgent_first,21485.133333333335,False
7857,2026-01-15 11:00:46,normal,1440,9,A,base,urgent_first,21498.333333333332,False
7858,2026-01-15 11:00:47,normal,1440,3,B,base,urgent_first,21500.0,False
7859,2026-01-15 11:01:24,normal,1440,2,A,base,urgent_first,21501.933333333334,False
7860,2026-01-15 11:01:50,normal,1440,3,B,base,urgent_first,21505.183333333334,False
7861,2026-01-15 11:02:02,normal,1440,1,A,base,urgent_first,21508.316666666666,False
7862,2026-01-15 11:03:04,urgent,240,1,A,base,urgent_first,370.93333333333334,False
7863,2026-01-15 11:03:43,normal,1440,7,B,base,urgent_first,21520.216666666667,False
7864,2026-01-15 11:04:23,normal,1440,11,A,base,urgent_first,21528.333333333332,False
7865,2026-01-15 11:04:35,normal,1440,2,C,base,urgent_first,21531.283333333333,False
7866,2026-01-15 11:05:56,normal,1440,1,C,base,urgent_first,21532.65,False
7867,2026-01-15 11:06:39,normal,1440,7,A,base,urgent_first,21541.683333333334,False
7868,2026-01-15 11:07:24,normal,1440,5,A,base,urgent_first,21543.516666666666,False
7869,2026-01-15 11:08:19,urgent,240,3,A,base,urgent_first,367.15,False
7870,2026-01-15 11:08:35,urgent,240,3,B,base,urgent_first,368.15,False
7871,2026-01-15 11:08:35,normal,1440,4,A,base,urgent_first,21547.616666666665,False
7872,2026-01-15 11:09:12,normal,1440,3,C,base,urgent_first,21550.633333333335,False
7873,2026-01-15 11:09:21,urgent,240,3,A,base,urgent_first,368.65,False
7874,2026-01-15 11:09:43,normal,1440,4,C,base,urgent_first,21557.783333333333,False
7875,2026-01-15 11:10:08,urgent,240,1,A,base,urgent_first,368.85,False
7876,2026-01-15 11:10:31,normal,1440,3,A,base,urgent_first,21559.733333333334,False
7877,2026-01-15 11:10:34,normal,1440,4,C,base,urgent_first,21568.25,False
7878,2026-01-15 11:10:47,normal,1440,5,B,base,urgent_first,21575.9,False
7879,2026-01-15 11:12:01,normal,1440,1,A,base,urgent_first,21575.933333333334,False
7880,2026-01-15 11:12:10,normal,1440,8,A,base,urgent_first,21591.183333333334,False
7881,2026-01-15 11:12:28,normal,1440,5,A,base,urgent_first,21593.1,False
7882,2026-01-15 11:13:41,normal,1440,6,A,base,urgent_first,21597.683333333334,False
7883,2026-01-15 11:14:01,normal,1440,5,A,base,urgent_first,21603.266666666666,False
7884,2026-01-15 11:14:08,normal,1440,2,B,base,urgent_first,21606.283333333333,False
7885,2026-01-15 11:14:48,normal,1440,2,A,base,urgent_first,21608.55,False
7886,2026-01-15 11:15:19,urgent,240,4,A,base,urgent_first,364.93333333333334,False
7887,2026-01-15 11:15:24,normal,1440,9,C,base,urgent_first,21632.316666666666,False
7888,2026-01-15 11:16:33,normal,1440,7,A,base,urgent_first,21635.983333333334,False
7889,2026-01-15 11:16:58,normal,1440,3,B,base,urgent_first,21637.916666666668,False
7890,2026-01-15 11:17:10,urgent,240,3,C,base,urgent_first,364.6,False
7891,2026-01-15 11:17:12,normal,1440,3,A,base,urgent_first,21640.733333333334,False
7892,2026-01-15 11:18:10,normal,1440,1,A,base,urgent_first,21640.85,False
7893,2026-01-15 11:18:58,normal,1440,3,A,base,urgent_first,21644.316666666666,False
7894,2026-01-15 11:19:10,normal,1440,2,A,base,urgent_first,21646.35,False
7895,2026-01-15 11:19:15,normal,1440,13,A,base,urgent_first,21657.6,False
7896,2026-01-15 11:19:43,normal,1440,2,B,base,urgent_first,21658.383333333335,False
7897,2026-01-15 11:20:00,normal,1440,4,A,base,urgent_first,21661.033333333333,False
7898,2026-01-15 11:21:18,normal,1440,5,B,base,urgent_first,21665.1,False
7899,2026-01-15 11:22:11,normal,1440,1,A,base,urgent_first,21665.083333333332,False
7900,2026-01-15 11:23:04,normal,1440,2,B,base,urgent_first,21665.933333333334,False
7901,2026-01-15 11:23:16,normal,1440,3,B,base,urgent_first,21673.75,False
7902,2026-01-15 11:23:52,normal,1440,6,B,base,urgent_first,21688.866666666665,False
7903,2026-01-15 11:24:08,urgent,240,2,A,base,urgent_first,358.6666666666667,False
7904,2026-01-15 11:24:33,normal,1440,3,B,base,urgent_first,21690.666666666668,False
7905,2026-01-15 11:24:48,normal,1440,3,A,base,urgent_first,21693.233333333334,False
7906,2026-01-15 11:25:47,normal,1440,5,B,base,urgent_first,21699.866666666665,False
7907,2026-01-15 11:26:16,normal,1440,2,C,base,urgent_first,21704.033333333333,False
7908,2026-01-15 11:28:00,normal,1440,4,A,base,urgent_first,21707.133333333335,False
7909,2026-01-15 11:28:46,normal,1440,2,A,base,urgent_first,21708.15,False
7910,2026-01-15 11:28:52,normal,1440,9,B,base,urgent_first,21728.083333333332,False
7911,2026-01-15 11:29:34,normal,1440,5,A,base,urgent_first,21729.166666666668,False
7912,2026-01-15 11:30:38,normal,1440,7,A,base,urgent_first,21733.1,False
7913,2026-01-15 11:30:46,normal,1440,2,A,base,urgent_first,21734.3,False
7914,2026-01-15 11:31:35,normal,1440,2,B,base,urgent_first,21736.866666666665,False
7915,2026-01-15 11:31:52,normal,1440,5,C,base,urgent_first,21744.033333333333,False
7916,2026-01-15 11:32:23,normal,1440,1,A,base,urgent_first,21744.766666666666,False
7917,2026-01-15 11:32:41,normal,1440,3,B,base,urgent_first,21749.7,False
7918,2026-01-15 11:33:05,normal,1440,4,A,base,urgent_first,21753.85,False
7919,2026-01-15 11:33:35,normal,1440,2,C,base,urgent_first,21756.333333333332,False
7920,2026-01-15 11:33:36,normal,1440,1,A,base,urgent_first,21757.9,False
7921,2026-01-15 11:34:08,normal,1440,3,A,base,urgent_first,21762.433333333334,False
7922,2026-01-15 11:34:32,urgent,240,2,A,base,urgent_first,349.4166666666667,False
7923,2026-01-15 11:35:01,normal,1440,6,C,base,urgent_first,21772.45,False
7924,2026-01-15 11:35:02,normal,1440,5,B,base,urgent_first,21775.183333333334,False
7925,2026-01-15 11:35:09,urgent,240,3,A,base,urgent_first,350.0833333333333,False
7926,2026-01-15 11:35:17,normal,1440,7,A,base,urgent_first,21782.933333333334,False
7927,2026-01-15 11:35:23,urgent,240,3,A,base,urgent_first,350.9166666666667,False
7928,2026-01-15 11:35:57,normal,1440,3,C,base,urgent_first,21792.683333333334,False
7929,2026-01-15 11:36:13,normal,1440,1,B,base,urgent_first,21793.2,False
7930,2026-01-15 11:36:57,normal,1440,1,C,base,urgent_first,21794.766666666666,False
7931,2026-01-15 11:38:07,normal,1440,2,B,base,urgent_first,21798.4,False
7932,2026-01-15 11:39:46,normal,1440,3,B,base,urgent_first,21800.516666666666,False
7933,2026-01-15 11:40:20,normal,1440,1,C,base,urgent_first,21803.65,False
7934,2026-01-15 11:40:34,normal,1440,2,A,base,urgent_first,21805.666666666668,False
7935,2026-01-15 11:43:01,normal,1440,4,B,base,urgent_first,21811.766666666666,False
7936,2026-01-15 11:43:02,normal,1440,4,B,base,urgent_first,21815.75,False
7937,2026-01-15 11:43:15,normal,1440,4,A,base,urgent_first,21818.816666666666,False
7938,2026-01-15 11:43:29,normal,1440,5,C,base,urgent_first,21830.883333333335,False
7939,2026-01-15 11:44:08,normal,1440,4,B,base,urgent_first,21834.966666666667,False
7940,2026-01-15 11:44:23,normal,1440,4,A,base,urgent_first,21838.933333333334,False
7941,2026-01-15 11:44:51,urgent,240,5,A,base,urgent_first,343.21666666666664,False
7942,2026-01-15 11:45:01,normal,1440,1,A,base,urgent_first,21839.133333333335,False
7943,2026-01-15 11:45:38,normal,1440,1,B,base,urgent_first,21840.566666666666,False
7944,2026-01-15 11:45:50,normal,1440,3,B,base,urgent_first,21846.333333333332,False
7945,2026-01-15 11:46:20,normal,1440,2,A,base,urgent_first,21847.35,False
7946,2026-01-15 11:46:30,normal,1440,1,A,base,urgent_first,21848.233333333334,False
7947,2026-01-15 11:47:05,normal,1440,3,A,base,urgent_first,21852.466666666667,False
7948,2026-01-15 11:47:28,normal,1440,3,A,base,urgent_first,21854.4,False
7949,2026-01-15 11:47:36,normal,1440,5,B,base,urgent_first,21864.4,False
7950,2026-01-15 11:47:56,normal,1440,5,B,base,urgent_first,21870.5,False
7951,2026-01-15 11:48:23,normal,1440,1,A,base,urgent_first,21871.116666666665,False
7952,2026-01-15 11:49:09,normal,1440,3,A,base,urgent_first,21874.05,False
7953,2026-01-15 11:49:16,normal,1440,3,A,base,urgent_first,21876.916666666668,False
7954,2026-01-15 11:51:02,normal,1440,3,A,base,urgent_first,21878.116666666665,False
7955,2026-01-15 11:51:15,normal,1440,3,A,base,urgent_first,21881.45,False
7956,2026-01-15 11:51:34,normal,1440,3,B,base,urgent_first,21884.616666666665,False
7957,2026-01-15 11:51:58,normal,1440,4,A,base,urgent_first,21887.716666666667,False
7958,2026-01-15 11:52:42,normal,1440,2,C,base,urgent_first,21890.666666666668,False
7959,2026-01-15 11:52:45,normal,1440,2,B,base,urgent_first,21893.933333333334,False
7960,2026-01-15 11:52:46,normal,1440,4,B,base,urgent_first,21899.366666666665,False
7961,2026-01-15 11:53:08,normal,1440,2,B,base,urgent_first,21901.933333333334,False
7962,2026-01-15 11:53:11,normal,1440,3,B,base,urgent_first,21906.55,False
7963,2026-01-15 11:54:29,normal,1440,3,A,base,urgent_first,21909.183333333334,False
7964,2026-01-15 11:55:38,urgent,240,3,A,base,urgent_first,334.05,False
7965,2026-01-15 11:56:48,urgent,240,2,B,base,urgent_first,334.03333333333336,False
7966,2026-01-15 11:57:03,normal,1440,2,B,base,urgent_first,21909.366666666665,False
7967,2026-01-15 11:57:17,urgent,240,2,B,base,urgent_first,334.3666666666667,False
7968,2026-01-15 11:57:23,urgent,240,3,A,base,urgent_first,335.65,False
7969,2026-01-15 11:57:23,normal,1440,6,A,base,urgent_first,21915.716666666667,False
7970,2026-01-15 11:57:49,normal,1440,2,B,base,urgent_first,21916.716666666667,False
7971,2026-01-15 11:57:53,urgent,240,1,C,base,urgent_first,336.15,False
7972,2026-01-15 11:58:32,normal,1440,5,A,base,urgent_first,21922.5,False
7973,2026-01-15 11:58:35,normal,1440,4,C,base,urgent_first,21929.716666666667,False
7974,2026-01-15 11:59:17,normal,1440,6,C,base,urgent_first,21942.266666666666,False
7975,2026-01-15 11:59:29,urgent,240,7,A,base,urgent_first,336.23333333333335,False
7976,2026-01-15 11:59:32,normal,1440,2,C,base,urgent_first,21944.366666666665,False
7977,2026-01-15 12:00:43,normal,1440,2,A,base,urgent_first,21945.75,False
7978,2026-01-15 12:00:54,normal,1440,4,A,base,urgent_first,21952.05,False
7979,2026-01-15 12:04:10,urgent,240,8,A,base,urgent_first,333.48333333333335,False
7980,2026-01-15 12:04:46,normal,1440,7,B,base,urgent_first,21958.383333333335,False
7981,2026-01-15 12:04:51,normal,1440,4,A,base,urgent_first,21959.416666666668,False
7982,2026-01-15 12:05:56,normal,1440,3,C,base,urgent_first,21961.416666666668,False
7983,2026-01-15 12:07:07,normal,1440,4,C,base,urgent_first,21966.8,False
7984,2026-01-15 12:08:43,normal,1440,5,A,base,urgent_first,21968.366666666665,False
7985,2026-01-15 12:10:23,normal,1440,1,B,base,urgent_first,21967.85,False
7986,2026-01-15 12:10:41,normal,1440,4,B,base,urgent_first,21973.716666666667,False
7987,2026-01-15 12:11:03,normal,1440,13,A,base,urgent_first,21987.416666666668,False
7988,2026-01-15 12:11:38,normal,1440,1,B,base,urgent_first,21987.75,False
7989,2026-01-15 12:11:39,urgent,240,4,C,base,urgent_first,327.5,False
7990,2026-01-15 12:13:18,normal,1440,2,C,base,urgent_first,21989.516666666666,False
7991,2026-01-15 12:13:33,normal,1440,4,B,base,urgent_first,21993.783333333333,False
7992,2026-01-15 12:13:38,normal,1440,1,A,base,urgent_first,21995.416666666668,False
7993,2026-01-15 12:14:04,normal,1440,1,A,base,urgent_first,21996.683333333334,False
7994,2026-01-15 12:14:22,normal,1440,13,B,base,urgent_first,22013.25,False
7995,2026-01-15 12:14:30,normal,1440,2,A,base,urgent_first,22014.383333333335,False
7996,2026-01-15 12:14:56,normal,1440,9,B,base,urgent_first,22023.466666666667,False
7997,2026-01-15 12:15:22,normal,1440,9,B,base,urgent_first,22032.833333333332,False
7998,2026-01-15 12:15:57,normal,1440,3,C,base,urgent_first,22035.5,False
7999,2026-01-15 12:16:33,normal,1440,5,A,base,urgent_first,22043.733333333334,False
8000,2026-01-15 12:16:43,normal,1440,3,A,base,urgent_first,22047.966666666667,False
8001,2026-01-15 12:16:46,normal,1440,2,A,base,urgent_first,22051.833333333332,False
8002,2026-01-15 12:16:55,normal,1440,2,B,base,urgent_first,22055.233333333334,False
8003,2026-01-15 12:18:45,normal,1440,3,A,base,urgent_first,22056.5,False
8004,2026-01-15 12:19:47,normal,1440,2,A,base,urgent_first,22058.183333333334,False
8005,2026-01-15 12:20:09,normal,1440,2,A,base,urgent_first,22060.716666666667,False
8006,2026-01-15 12:20:13,normal,1440,1,B,base,urgent_first,22061.516666666666,False
8007,2026-01-15 12:20:32,normal,1440,2,C,base,urgent_first,22066.366666666665,False
8008,2026-01-15 12:21:04,normal,1440,5,B,base,urgent_first,22076.416666666668,False
8009,2026-01-15 12:22:17,normal,1440,3,B,base,urgent_first,22076.733333333334,False
8010,2026-01-15 12:22:40,urgent,240,10,B,base,urgent_first,318.6166666666667,False
8011,2026-01-15 12:23:08,normal,1440,5,B,base,urgent_first,22085.433333333334,False
8012,2026-01-15 12:24:19,normal,1440,8,B,base,urgent_first,22089.766666666666,False
8013,2026-01-15 12:24:30,urgent,240,5,A,base,urgent_first,318.81666666666666,False
8014,2026-01-15 12:24:37,normal,1440,3,A,base,urgent_first,22090.566666666666,False
8015,2026-01-15 12:25:14,normal,1440,4,B,base,urgent_first,22095.6,False
8016,2026-01-15 12:25:54,normal,1440,3,A,base,urgent_first,22096.683333333334,False
8017,2026-01-15 12:26:28,normal,1440,4,B,base,urgent_first,22102.016666666666,False
8018,2026-01-15 12:26:51,normal,1440,2,A,base,urgent_first,22104.933333333334,False
8019,2026-01-15 12:28:23,normal,1440,9,B,base,urgent_first,22115.733333333334,False
8020,2026-01-15 12:28:51,normal,1440,3,C,base,urgent_first,22118.183333333334,False
8021,2026-01-15 12:28:56,normal,1440,11,B,base,urgent_first,22130.266666666666,False
8022,2026-01-15 12:30:39,normal,1440,4,B,base,urgent_first,22130.816666666666,False
8023,2026-01-15 12:31:08,normal,1440,3,B,base,urgent_first,22133.616666666665,False
8024,2026-01-15 12:31:17,normal,1440,4,A,base,urgent_first,22137.866666666665,False
8025,2026-01-15 12:32:42,normal,1440,9,B,base,urgent_first,22154.233333333334,False
8026,2026-01-15 12:33:15,normal,1440,3,A,base,urgent_first,22155.3,False
8027,2026-01-15 12:34:18,normal,1440,3,A,base,urgent_first,22157.85,False
8028,2026-01-15 12:36:01,normal,1440,1,B,base,urgent_first,22158.4,False
8029,2026-01-15 12:37:00,urgent,240,5,B,base,urgent_first,307.9,False
8030,2026-01-15 12:37:46,normal,1440,5,B,base,urgent_first,22164.866666666665,False
8031,2026-01-15 12:37:51,urgent,240,19,A,base,urgent_first,311.1,False
8032,2026-01-15 12:39:25,normal,1440,3,C,base,urgent_first,22166.6,False
8033,2026-01-15 12:40:28,normal,1440,5,C,base,urgent_first,22177.316666666666,False
8034,2026-01-15 12:41:26,normal,1440,3,A,base,urgent_first,22177.983333333334,False
8035,2026-01-15 12:42:00,normal,1440,2,C,base,urgent_first,22181.05,False
8036,2026-01-15 12:42:01,normal,1440,5,B,base,urgent_first,22190.533333333333,False
8037,2026-01-15 12:42:16,urgent,240,3,A,base,urgent_first,308.25,False
8038,2026-01-15 12:42:35,normal,1440,2,C,base,urgent_first,22192.383333333335,False
8039,2026-01-15 12:42:43,normal,1440,3,B,base,urgent_first,22196.616666666665,False
8040,2026-01-15 12:42:45,normal,1440,6,A,base,urgent_first,22203.8,False
8041,2026-01-15 12:43:50,normal,1440,3,A,base,urgent_first,22204.366666666665,False
8042,2026-01-15 12:44:10,normal,1440,1,A,base,urgent_first,22207.016666666666,False
8043,2026-01-15 12:44:19,normal,1440,2,A,base,urgent_first,22209.45,False
8044,2026-01-15 12:44:38,normal,1440,1,B,base,urgent_first,22210.9,False
8045,2026-01-15 12:44:49,normal,1440,6,B,base,urgent_first,22220.633333333335,False
8046,2026-01-15 12:45:26,normal,1440,7,A,base,urgent_first,22224.283333333333,False
8047,2026-01-15 12:47:24,normal,1440,8,A,base,urgent_first,22231.05,False
8048,2026-01-15 12:47:26,normal,1440,2,A,base,urgent_first,22231.816666666666,False
8049,2026-01-15 12:48:31,normal,1440,6,B,base,urgent_first,22239.066666666666,False
8050,2026-01-15 12:48:58,normal,1440,4,B,base,urgent_first,22242.483333333334,False
8051,2026-01-15 12:49:07,normal,1440,1,A,base,urgent_first,22244.216666666667,False
8052,2026-01-15 12:50:11,normal,1440,3,A,base,urgent_first,22246.266666666666,False
8053,2026-01-15 12:51:12,normal,1440,2,B,base,urgent_first,22247.9,False
8054,2026-01-15 12:52:04,normal,1440,6,A,base,urgent_first,22255.016666666666,False
8055,2026-01-15 12:52:22,normal,1440,3,B,base,urgent_first,22258.133333333335,False
8056,2026-01-15 12:52:29,normal,1440,3,B,base,urgent_first,22262.25,False
8057,2026-01-15 12:52:40,normal,1440,5,B,base,urgent_first,22270.333333333332,False
8058,2026-01-15 12:54:09,normal,1440,1,A,base,urgent_first,22270.316666666666,False
8059,2026-01-15 12:54:28,normal,1440,3,B,base,urgent_first,22274.1,False
8060,2026-01-15 12:54:43,normal,1440,3,A,base,urgent_first,22277.383333333335,False
8061,2026-01-15 12:56:17,normal,1440,2,C,base,urgent_first,22279.516666666666,False
8062,2026-01-15 12:56:19,normal,1440,1,C,base,urgent_first,22284.05,False
8063,2026-01-15 12:56:28,urgent,240,2,A,base,urgent_first,295.18333333333334,False
8064,2026-01-15 12:57:03,normal,1440,2,B,base,urgent_first,22285.633333333335,False
8065,2026-01-15 12:57:34,normal,1440,6,A,base,urgent_first,22296.0,False
8066,2026-01-15 12:57:37,normal,1440,2,A,base,urgent_first,22297.216666666667,False
8067,2026-01-15 12:57:52,normal,1440,4,C,base,urgent_first,22302.716666666667,False
8068,2026-01-15 12:58:58,normal,1440,1,C,base,urgent_first,22302.633333333335,False
8069,2026-01-15 13:01:42,normal,1440,9,A,base,urgent_first,22307.633333333335,False
8070,2026-01-15 13:02:50,normal,1440,6,A,base,urgent_first,22310.683333333334,False
8071,2026-01-15 13:04:47,normal,1440,2,A,base,urgent_first,22310.833333333332,False
8072,2026-01-15 13:06:09,normal,1440,2,A,base,urgent_first,22311.266666666666,False
8073,2026-01-15 13:06:48,normal,1440,2,B,base,urgent_first,22315.233333333334,False
8074,2026-01-15 13:07:03,normal,1440,7,C,base,urgent_first,22329.366666666665,False
8075,2026-01-15 13:08:01,normal,1440,3,A,base,urgent_first,22329.516666666666,False
8076,2026-01-15 13:09:52,normal,1440,3,A,base,urgent_first,22330.883333333335,False
8077,2026-01-15 13:10:41,normal,1440,4,B,base,urgent_first,22335.516666666666,False
8078,2026-01-15 13:16:01,normal,1440,2,A,base,urgent_first,22332.933333333334,False
8079,2026-01-15 13:17:13,normal,1440,2,A,base,urgent_first,22335.416666666668,False
8080,2026-01-15 13:21:26,normal,1440,5,A,base,urgent_first,22337.733333333334,False
8081,2026-01-15 13:23:07,normal,1440,2,A,base,urgent_first,22337.066666666666,False
8082,2026-01-15 13:25:41,normal,1440,4,B,base,urgent_first,22339.716666666667,False
8083,2026-01-15 13:27:58,normal,1440,5,A,base,urgent_first,22347.316666666666,False
8084,2026-01-15 13:29:08,urgent,240,7,A,base,urgent_first,264.95,False
8085,2026-01-15 13:30:29,normal,1440,1,B,base,urgent_first,22345.883333333335,False
8086,2026-01-15 13:35:14,normal,1440,5,C,base,urgent_first,22355.2,False
8087,2026-01-15 13:38:39,normal,1440,3,A,base,urgent_first,22354.266666666666,False
8088,2026-01-15 13:44:29,normal,1440,8,A,base,urgent_first,22356.966666666667,False
8089,2026-01-15 13:47:13,normal,1440,5,C,base,urgent_first,22359.866666666665,False
8090,2026-01-15 13:47:41,normal,1440,9,C,base,urgent_first,22373.9,False
8091,2026-01-15 13:49:04,normal,1440,5,B,base,urgent_first,22376.616666666665,False
8092,2026-01-15 13:49:39,normal,1440,2,C,base,urgent_first,22377.433333333334,False
8093,2026-01-15 13:49:52,normal,1440,14,B,base,urgent_first,22394.6,False
8094,2026-01-15 13:50:17,normal,1440,2,B,base,urgent_first,22395.583333333332,False
8095,2026-01-15 13:52:32,normal,1440,2,A,base,urgent_first,22394.633333333335,False
8096,2026-01-15 13:54:39,normal,1440,5,A,base,urgent_first,22395.766666666666,False
8097,2026-01-15 13:54:51,normal,1440,3,A,base,urgent_first,22397.1,False
8098,2026-01-15 13:56:43,normal,1440,4,C,base,urgent_first,22403.133333333335,False
8099,2026-01-15 13:56:53,normal,1440,3,C,base,urgent_first,22407.566666666666,False
8100,2026-01-15 13:58:00,normal,1440,2,A,base,urgent_first,22408.616666666665,False
8101,2026-01-15 13:58:02,normal,1440,14,A,base,urgent_first,22423.4,False
8102,2026-01-15 13:58:50,normal,1440,2,A,base,urgent_first,22423.566666666666,False
8103,2026-01-15 14:01:18,urgent,240,3,B,base,urgent_first,233.93333333333334,True
8104,2026-01-15 14:01:42,normal,1440,6,C,base,urgent_first,22427.1,False
8105,2026-01-15 14:04:03,normal,1440,2,A,base,urgent_first,22426.233333333334,False
8106,2026-01-15 14:05:05,urgent,240,2,A,base,urgent_first,231.53333333333333,True
8107,2026-01-15 14:12:12,urgent,240,8,B,base,urgent_first,226.38333333333333,True
8108,2026-01-15 14:12:42,normal,1440,2,A,base,urgent_first,22419.016666666666,False
8109,2026-01-15 14:15:19,normal,1440,2,A,base,urgent_first,22420.316666666666,False
8110,2026-01-15 14:18:54,normal,1440,4,A,base,urgent_first,22421.266666666666,False
8111,2026-01-15 14:20:15,normal,1440,8,C,base,urgent_first,22432.033333333333,False
8112,2026-01-15 14:21:28,normal,1440,2,A,base,urgent_first,22431.85,False
8113,2026-01-15 14:23:53,normal,1440,6,A,base,urgent_first,22434.333333333332,False
8114,2026-01-15 14:23:59,normal,1440,3,B,base,urgent_first,22436.2,False
8115,2026-01-15 14:26:17,normal,1440,3,B,base,urgent_first,22436.266666666666,False
8116,2026-01-15 14:27:27,normal,1440,3,C,base,urgent_first,22443.233333333334,False
8117,2026-01-15 14:29:02,normal,1440,2,B,base,urgent_first,22443.916666666668,False
8118,2026-01-15 14:31:05,normal,1440,4,B,base,urgent_first,22450.25,False
8119,2026-01-15 14:31:08,normal,1440,2,A,base,urgent_first,22451.983333333334,False
8120,2026-01-15 14:31:33,normal,1440,3,B,base,urgent_first,22456.6,False
8121,2026-01-15 14:36:52,normal,1440,6,A,base,urgent_first,22454.866666666665,False
8122,2026-01-15 14:37:00,normal,1440,8,C,base,urgent_first,22476.533333333333,False
8123,2026-01-15 14:37:18,normal,1440,6,B,base,urgent_first,22482.5,False
8124,2026-01-15 14:42:27,normal,1440,5,B,base,urgent_first,22483.566666666666,False
8125,2026-01-15 14:43:06,urgent,240,3,A,base,urgent_first,197.1,True
8126,2026-01-15 14:45:21,normal,1440,4,B,base,urgent_first,22486.466666666667,False
8127,2026-01-15 14:48:17,normal,1440,3,B,base,urgent_first,22489.183333333334,False
8128,2026-01-15 14:49:36,normal,1440,5,A,base,urgent_first,22494.283333333333,False
8129,2026-01-15 14:49:54,normal,1440,4,B,base,urgent_first,22499.05,False
8130,2026-01-15 14:52:05,normal,1440,7,B,base,urgent_first,22506.75,False
8131,2026-01-15 14:54:21,normal,1440,3,B,base,urgent_first,22506.233333333334,False
8132,2026-01-15 14:55:00,urgent,240,4,B,base,urgent_first,187.1,True
8133,2026-01-15 14:55:24,normal,1440,3,C,base,urgent_first,22509.533333333333,False
8134,2026-01-15 14:59:33,normal,1440,2,B,base,urgent_first,22507.683333333334,False
8135,2026-01-15 15:01:07,normal,1440,15,A,base,urgent_first,22528.1,False
8136,2026-01-15 15:01:29,normal,1440,4,A,base,urgent_first,22529.133333333335,False
8137,2026-01-15 15:01:32,normal,1440,2,B,base,urgent_first,22530.616666666665,False
8138,2026-01-15 15:04:56,normal,1440,2,C,base,urgent_first,22530.866666666665,False
8139,2026-01-15 15:05:01,normal,1440,2,A,base,urgent_first,22533.216666666667,False
8140,2026-01-15 15:07:09,normal,1440,4,B,base,urgent_first,22540.416666666668,False
8141,2026-01-15 15:07:22,normal,1440,3,B,base,urgent_first,22545.233333333334,False
8142,2026-01-15 15:07:31,normal,1440,2,B,base,urgent_first,22547.483333333334,False
8143,2026-01-15 15:08:15,normal,1440,3,A,base,urgent_first,22551.95,False
8144,2026-01-15 15:10:07,normal,1440,4,A,base,urgent_first,22553.416666666668,False
8145,2026-01-15 15:11:18,normal,1440,4,A,base,urgent_first,22555.516666666666,False
8146,2026-01-15 15:11:23,normal,1440,6,A,base,urgent_first,22564.55,False
8147,2026-01-15 15:11:33,normal,1440,3,A,base,urgent_first,22565.75,False
8148,2026-01-15 15:12:02,urgent,240,3,A,base,urgent_first,171.31666666666666,True
8149,2026-01-15 15:12:43,normal,1440,11,A,base,urgent_first,22577.033333333333,False
8150,2026-01-15 15:16:01,normal,1440,5,A,base,urgent_first,22576.183333333334,False
8151,2026-01-15 15:16:22,normal,1440,5,C,base,urgent_first,22583.633333333335,False
8152,2026-01-15 15:18:11,normal,1440,2,B,base,urgent_first,22583.983333333334,False
8153,2026-01-15 15:19:43,normal,1440,7,A,base,urgent_first,22592.35,False
8154,2026-01-15 15:19:59,normal,1440,3,A,base,urgent_first,22594.4,False
8155,2026-01-15 15:20:28,normal,1440,2,B,base,urgent_first,22596.416666666668,False
8156,2026-01-15 15:20:42,normal,1440,3,A,base,urgent_first,22602.916666666668,False
8157,2026-01-15 15:21:18,normal,1440,2,A,base,urgent_first,22603.583333333332,False
8158,2026-01-15 15:21:40,normal,1440,2,A,base,urgent_first,22605.1,False
8159,2026-01-15 15:21:50,normal,1440,1,B,base,urgent_first,22607.066666666666,False
8160,2026-01-15 15:22:16,normal,1440,4,C,base,urgent_first,22616.4,False
8161,2026-01-15 15:22:44,normal,1440,3,A,base,urgent_first,22618.316666666666,False
8162,2026-01-15 15:23:00,normal,1440,3,C,base,urgent_first,22624.166666666668,False
8163,2026-01-15 15:23:12,normal,1440,5,A,base,urgent_first,22629.316666666666,False
8164,2026-01-15 15:25:00,normal,1440,5,B,base,urgent_first,22636.25,False
8165,2026-01-15 15:26:57,normal,1440,1,C,base,urgent_first,22635.35,False
8166,2026-01-15 15:28:26,normal,1440,5,B,base,urgent_first,22640.533333333333,False
8167,2026-01-15 15:28:27,normal,1440,5,B,base,urgent_first,22644.4,False
8168,2026-01-15 15:28:52,normal,1440,5,A,base,urgent_first,22649.766666666666,False
8169,2026-01-15 15:29:49,urgent,240,3,A,base,urgent_first,154.91666666666666,True
8170,2026-01-15 15:30:35,normal,1440,3,C,base,urgent_first,22655.583333333332,False
8171,2026-01-15 15:31:55,normal,1440,2,C,base,urgent_first,22657.7,False
8172,2026-01-15 15:33:49,normal,1440,2,C,base,urgent_first,22659.183333333334,False
8173,2026-01-15 15:33:54,normal,1440,2,A,base,urgent_first,22661.133333333335,False
8174,2026-01-15 15:34:05,normal,1440,5,C,base,urgent_first,22671.3,False
8175,2026-01-15 15:34:24,normal,1440,1,A,base,urgent_first,22671.866666666665,False
8176,2026-01-15 15:35:31,urgent,240,2,A,base,urgent_first,150.13333333333333,True
8177,2026-01-15 15:36:58,normal,1440,5,A,base,urgent_first,22675.35,False
8178,2026-01-15 15:38:34,urgent,240,1,A,base,urgent_first,147.98333333333332,True
8179,2026-01-15 15:38:39,normal,1440,3,A,base,urgent_first,22676.866666666665,False
8180,2026-01-15 15:39:12,normal,1440,5,C,base,urgent_first,22687.65,False
8181,2026-01-15 15:39:53,normal,1440,3,A,base,urgent_first,22690.766666666666,False
8182,2026-01-15 15:40:20,normal,1440,5,B,base,urgent_first,22700.216666666667,False
8183,2026-01-15 15:40:26,urgent,240,5,A,base,urgent_first,147.91666666666666,True
8184,2026-01-15 15:40:28,normal,1440,2,A,base,urgent_first,22701.666666666668,False
8185,2026-01-15 15:41:21,normal,1440,2,B,base,urgent_first,22704.1,False
8186,2026-01-15 15:42:10,normal,1440,3,A,base,urgent_first,22707.633333333335,False
8187,2026-01-15 15:44:44,normal,1440,2,A,base,urgent_first,22707.383333333335,False
8188,2026-01-15 15:44:48,normal,1440,4,B,base,urgent_first,22714.016666666666,False
8189,2026-01-15 15:47:03,urgent,240,4,A,base,urgent_first,142.8,True
8190,2026-01-15 15:47:23,normal,1440,1,B,base,urgent_first,22712.416666666668,False
8191,2026-01-15 15:47:49,normal,1440,2,A,base,urgent_first,22713.9,False
8192,2026-01-15 15:49:59,normal,1440,7,C,base,urgent_first,22725.8,False
8193,2026-01-15 15:50:13,normal,1440,4,A,base,urgent_first,22727.066666666666,False
8194,2026-01-15 15:50:31,normal,1440,3,B,base,urgent_first,22729.466666666667,False
8195,2026-01-15 15:51:08,urgent,240,3,B,base,urgent_first,139.73333333333332,True
8196,2026-01-15 15:51:13,urgent,240,2,B,base,urgent_first,140.9,True
8197,2026-01-15 15:55:05,normal,1440,3,B,base,urgent_first,22729.15,False
8198,2026-01-15 15:55:15,normal,1440,3,B,base,urgent_first,22731.566666666666,False
8199,2026-01-15 15:55:25,urgent,240,4,B,base,urgent_first,138.75,True
8200,2026-01-15 15:55:35,normal,1440,2,A,base,urgent_first,22733.383333333335,False
8201,2026-01-15 15:55:47,normal,1440,1,A,base,urgent_first,22735.85,False
8202,2026-01-15 15:59:32,normal,1440,2,A,base,urgent_first,22735.466666666667,False
8203,2026-01-15 16:01:24,normal,1440,2,A,base,urgent_first,22737.916666666668,False
8204,2026-01-15 16:01:37,normal,1440,2,A,base,urgent_first,22739.716666666667,False
8205,2026-01-15 16:01:54,normal,1440,4,A,base,urgent_first,22742.95,False
8206,2026-01-15 16:02:13,normal,1440,3,B,base,urgent_first,22745.883333333335,False
8207,2026-01-15 16:02:16,normal,1440,5,A,base,urgent_first,22751.283333333333,False
8208,2026-01-15 16:02:22,normal,1440,3,A,base,urgent_first,22753.616666666665,False
8209,2026-01-15 16:02:24,normal,1440,3,A,base,urgent_first,22756.983333333334,False
8210,2026-01-15 16:02:45,normal,1440,1,C,base,urgent_first,22758.95,False
8211,2026-01-15 16:03:23,normal,1440,2,C,base,urgent_first,22766.133333333335,False
8212,2026-01-15 16:03:44,normal,1440,5,B,base,urgent_first,22773.616666666665,False
8213,2026-01-15 16:05:10,normal,1440,4,A,base,urgent_first,22779.816666666666,False
8214,2026-01-15 16:06:06,normal,1440,7,A,base,urgent_first,22783.966666666667,False
8215,2026-01-15 16:06:39,urgent,240,5,B,base,urgent_first,128.76666666666668,True
8216,2026-01-15 16:07:15,normal,1440,3,A,base,urgent_first,22784.516666666666,False
8217,2026-01-15 16:07:36,normal,1440,3,B,base,urgent_first,22789.816666666666,False
8218,2026-01-15 16:08:02,normal,1440,2,B,base,urgent_first,22790.4,False
8219,2026-01-15 16:08:09,normal,1440,2,B,base,urgent_first,22795.45,False
8220,2026-01-15 16:08:23,urgent,240,7,A,base,urgent_first,128.81666666666666,True
8221,2026-01-15 16:11:38,urgent,240,2,A,base,urgent_first,126.61666666666666,True
8222,2026-01-15 16:12:43,normal,1440,5,A,base,urgent_first,22797.233333333334,False
8223,2026-01-15 16:13:24,normal,1440,1,A,base,urgent_first,22797.35,False
8224,2026-01-15 16:13:28,normal,1440,8,B,base,urgent_first,22806.983333333334,False
8225,2026-01-15 16:14:44,normal,1440,1,A,base,urgent_first,22807.316666666666,False
8226,2026-01-15 16:14:52,normal,1440,2,C,base,urgent_first,22810.416666666668,False
8227,2026-01-15 16:15:36,normal,1440,2,A,base,urgent_first,22812.616666666665,False
8228,2026-01-15 16:16:09,normal,1440,7,A,base,urgent_first,22821.783333333333,False
8229,2026-01-15 16:16:46,normal,1440,2,C,base,urgent_first,22825.3,False
8230,2026-01-15 16:18:46,normal,1440,1,B,base,urgent_first,22826.566666666666,False
8231,2026-01-15 16:20:27,normal,1440,6,A,base,urgent_first,22836.2,False
8232,2026-01-15 16:20:34,normal,1440,2,C,base,urgent_first,22838.583333333332,False
8233,2026-01-15 16:21:17,normal,1440,5,C,base,urgent_first,22844.883333333335,False
8234,2026-01-15 16:21:25,urgent,240,4,A,base,urgent_first,118.08333333333333,True
8235,2026-01-15 16:22:07,normal,1440,7,A,base,urgent_first,22850.233333333334,False
8236,2026-01-15 16:22:45,normal,1440,5,C,base,urgent_first,22858.35,False
8237,2026-01-15 16:23:54,normal,1440,1,A,base,urgent_first,22858.15,False
8238,2026-01-15 16:24:57,normal,1440,3,A,base,urgent_first,22858.25,False
8239,2026-01-15 16:25:01,normal,1440,2,C,base,urgent_first,22862.7,False
8240,2026-01-15 16:26:25,normal,1440,3,B,base,urgent_first,22863.883333333335,False
8241,2026-01-15 16:27:28,normal,1440,2,A,base,urgent_first,22865.366666666665,False
8242,2026-01-15 16:27:33,normal,1440,2,A,base,urgent_first,22867.066666666666,False
8243,2026-01-15 16:27:36,normal,1440,5,B,base,urgent_first,22876.183333333334,False
8244,2026-01-15 16:28:12,normal,1440,2,A,base,urgent_first,22877.133333333335,False
8245,2026-01-15 16:28:29,normal,1440,3,A,base,urgent_first,22881.583333333332,False
8246,2026-01-15 16:29:29,normal,1440,4,A,base,urgent_first,22885.2,False
8247,2026-01-15 16:31:31,normal,1440,2,A,base,urgent_first,22885.916666666668,False
8248,2026-01-15 16:32:13,normal,1440,2,C,base,urgent_first,22890.633333333335,False
8249,2026-01-15 16:34:06,normal,1440,3,A,base,urgent_first,22890.983333333334,False
8250,2026-01-15 16:35:09,normal,1440,1,B,base,urgent_first,22892.283333333333,False
8251,2026-01-15 16:36:02,urgent,240,9,A,base,urgent_first,106.26666666666667,True
8252,2026-01-15 16:36:07,normal,1440,5,A,base,urgent_first,22898.6,False
8253,2026-01-15 16:36:19,urgent,240,2,C,base,urgent_first,107.23333333333333,True
8254,2026-01-15 16:36:27,normal,1440,2,A,base,urgent_first,22899.45,False
8255,2026-01-15 16:37:13,normal,1440,4,A,base,urgent_first,22904.116666666665,False
8256,2026-01-15 16:37:29,normal,1440,2,A,base,urgent_first,22906.883333333335,False
8257,2026-01-15 16:38:18,normal,1440,2,B,base,urgent_first,22909.683333333334,False
8258,2026-01-15 16:40:59,normal,1440,4,A,base,urgent_first,22912.883333333335,False
8259,2026-01-15 16:41:56,normal,1440,9,A,base,urgent_first,22924.333333333332,False
8260,2026-01-15 16:41:56,normal,1440,1,A,base,urgent_first,22925.1,False
8261,2026-01-15 16:41:59,urgent,240,8,A,base,urgent_first,103.8,True
8262,2026-01-15 16:42:36,normal,1440,7,A,base,urgent_first,22927.733333333334,False
8263,2026-01-15 16:43:42,normal,1440,3,B,base,urgent_first,22929.416666666668,False
8264,2026-01-15 16:43:59,normal,1440,3,A,base,urgent_first,22931.916666666668,False
8265,2026-01-15 16:44:23,normal,1440,3,B,base,urgent_first,22934.416666666668,False
8266,2026-01-15 16:44:40,normal,1440,1,A,base,urgent_first,22936.016666666666,False
8267,2026-01-15 16:45:34,normal,1440,4,B,base,urgent_first,22941.483333333334,False
8268,2026-01-15 16:47:00,normal,1440,2,C,base,urgent_first,22944.766666666666,False
8269,2026-01-15 16:48:02,normal,1440,4,C,base,urgent_first,22951.1,False
8270,2026-01-15 16:48:12,normal,1440,2,A,base,urgent_first,22952.016666666666,False
8271,2026-01-15 16:51:24,normal,1440,1,A,base,urgent_first,22949.883333333335,False
8272,2026-01-15 16:51:29,normal,1440,10,A,base,urgent_first,22959.15,False
8273,2026-01-15 16:52:40,normal,1440,3,A,base,urgent_first,22959.433333333334,False
8274,2026-01-15 16:54:08,normal,1440,2,B,base,urgent_first,22959.633333333335,False
8275,2026-01-15 16:56:05,normal,1440,3,B,base,urgent_first,22964.483333333334,False
8276,2026-01-15 16:56:20,normal,1440,2,B,base,urgent_first,22965.933333333334,False
8277,2026-01-15 16:57:23,normal,1440,4,C,base,urgent_first,22975.266666666666,False
8278,2026-01-15 16:57:51,normal,1440,2,B,base,urgent_first,22977.066666666666,False
8279,2026-01-15 16:58:15,normal,1440,3,B,base,urgent_first,22980.366666666665,False
8280,2026-01-15 16:59:07,normal,1440,4,A,base,urgent_first,22984.9,False
8281,2026-01-15 16:59:17,normal,1440,6,B,base,urgent_first,22993.7,False
8282,2026-01-15 16:59:59,normal,1440,5,C,base,urgent_first,23001.05,False
8283,2026-01-15 17:00:11,normal,1440,7,A,base,urgent_first,23006.0,False
8284,2026-01-15 17:00:13,normal,1440,4,B,base,urgent_first,23010.9,False
8285,2026-01-15 17:00:13,urgent,240,3,A,base,urgent_first,87.16666666666667,True
8286,2026-01-15 17:00:29,normal,1440,2,A,base,urgent_first,23012.0,False
8287,2026-01-15 17:01:38,urgent,240,2,A,base,urgent_first,86.96666666666667,True
8288,2026-01-15 17:01:47,normal,1440,1,A,base,urgent_first,23012.266666666666,False
8289,2026-01-15 17:04:10,normal,1440,6,C,base,urgent_first,23022.216666666667,False
8290,2026-01-15 17:06:17,normal,1440,3,A,base,urgent_first,23022.333333333332,False
8291,2026-01-15 17:06:53,normal,1440,3,C,base,urgent_first,23025.083333333332,False
8292,2026-01-15 17:08:56,normal,1440,5,B,base,urgent_first,23030.083333333332,False
8293,2026-01-15 17:08:57,normal,1440,4,A,base,urgent_first,23034.95,False
8294,2026-01-15 17:09:28,normal,1440,3,C,base,urgent_first,23039.383333333335,False
8295,2026-01-15 17:09:46,normal,1440,1,C,base,urgent_first,23041.65,False
8296,2026-01-15 17:14:02,normal,1440,2,A,base,urgent_first,23039.55,False
8297,2026-01-15 17:14:18,normal,1440,8,B,base,urgent_first,23053.716666666667,False
8298,2026-01-15 17:14:20,normal,1440,2,C,base,urgent_first,23055.266666666666,False
8299,2026-01-15 17:15:14,normal,1440,13,A,base,urgent_first,23071.566666666666,False
8300,2026-01-15 17:16:22,normal,1440,2,C,base,urgent_first,23071.483333333334,False
8301,2026-01-15 17:16:58,normal,1440,5,A,base,urgent_first,23075.816666666666,False
8302,2026-01-15 17:17:49,normal,1440,3,B,base,urgent_first,23080.55,False
8303,2026-01-15 17:18:55,normal,1440,7,A,base,urgent_first,23087.216666666667,False
8304,2026-01-15 17:19:37,normal,1440,1,B,base,urgent_first,23087.616666666665,False
8305,2026-01-15 17:20:49,normal,1440,2,B,base,urgent_first,23088.566666666666,False
8306,2026-01-15 17:21:03,normal,1440,6,A,base,urgent_first,23098.333333333332,False
8307,2026-01-15 17:22:47,urgent,240,4,C,base,urgent_first,67.55,True
8308,2026-01-15 17:24:06,normal,1440,5,C,base,urgent_first,23102.366666666665,False
8309,2026-01-15 17:25:00,normal,1440,9,A,base,urgent_first,23112.333333333332,False
8310,2026-01-15 17:26:23,normal,1440,4,B,base,urgent_first,23114.6,False
8311,2026-01-15 17:28:00,normal,1440,1,B,base,urgent_first,23114.266666666666,False
8312,2026-01-15 17:29:59,normal,1440,4,A,base,urgent_first,23114.566666666666,False
8313,2026-01-15 17:32:47,normal,1440,7,C,base,urgent_first,23121.666666666668,False
8314,2026-01-15 17:37:54,normal,1440,2,A,base,urgent_first,23117.783333333333,False
8315,2026-01-15 17:41:14,normal,1440,2,B,base,urgent_first,23118.5,False
8316,2026-01-15 17:42:39,normal,1440,2,A,base,urgent_first,23120.083333333332,False
8317,2026-01-15 17:43:28,normal,1440,2,A,base,urgent_first,23122.033333333333,False
8318,2026-01-15 17:44:01,normal,1440,9,A,base,urgent_first,23133.366666666665,False
8319,2026-01-15 17:44:15,normal,1440,1,B,base,urgent_first,23134.0,False
8320,2026-01-15 17:44:21,normal,1440,3,A,base,urgent_first,23138.016666666666,False
8321,2026-01-15 17:44:54,normal,1440,6,C,base,urgent_first,23148.85,False
8322,2026-01-15 17:46:06,normal,1440,3,B,base,urgent_first,23149.766666666666,False
8323,2026-01-15 17:46:47,normal,1440,6,A,base,urgent_first,23155.166666666668,False
8324,2026-01-15 17:47:33,normal,1440,3,C,base,urgent_first,23158.716666666667,False
8325,2026-01-15 17:47:35,urgent,240,2,A,base,urgent_first,44.0,True
8326,2026-01-15 17:50:35,normal,1440,5,A,base,urgent_first,23160.05,False
8327,2026-01-15 17:52:23,normal,1440,5,B,base,urgent_first,23167.4,False
8328,2026-01-15 17:53:45,normal,1440,6,A,base,urgent_first,23170.5,False
8329,2026-01-15 17:55:45,normal,1440,5,B,base,urgent_first,23173.733333333334,False
8330,2026-01-15 17:56:40,normal,1440,7,C,base,urgent_first,23187.466666666667,False
8331,2026-01-15 17:57:46,normal,1440,3,B,base,urgent_first,23189.833333333332,False
8332,2026-01-15 17:57:57,urgent,240,3,A,base,urgent_first,35.11666666666667,True
8333,2026-01-15 17:58:15,normal,1440,6,A,base,urgent_first,23197.366666666665,False
8334,2026-01-15 17:58:21,urgent,240,3,C,base,urgent_first,36.53333333333333,True
8335,2026-01-15 17:58:46,normal,1440,3,A,base,urgent_first,23198.316666666666,False
8336,2026-01-15 17:59:22,normal,1440,2,B,base,urgent_first,23202.3,False
8337,2026-01-15 18:00:03,normal,1440,2,A,base,urgent_first,23204.5,False
8338,2026-01-15 18:06:13,normal,1440,1,A,base,urgent_first,23199.483333333334,False
8339,2026-01-15 18:09:11,urgent,240,3,A,base,urgent_first,26.666666666666668,True
8340,2026-01-15 18:10:29,normal,1440,3,B,base,urgent_first,23200.416666666668,False
8341,2026-01-15 18:11:36,urgent,240,4,B,base,urgent_first,25.5,True
8342,2026-01-15 18:12:01,normal,1440,2,A,base,urgent_first,23201.2,False
8343,2026-01-15 18:12:06,normal,1440,4,C,base,urgent_first,23209.5,False
8344,2026-01-15 18:12:51,normal,1440,6,B,base,urgent_first,23216.283333333333,False
8345,2026-01-15 18:13:28,normal,1440,3,A,base,urgent_first,23222.383333333335,False
8346,2026-01-15 18:15:04,normal,1440,4,B,base,urgent_first,23228.583333333332,False
8347,2026-01-15 18:16:02,normal,1440,2,A,base,urgent_first,23229.916666666668,False
8348,2026-01-15 18:18:24,urgent,240,2,B,base,urgent_first,19.7,True
8349,2026-01-15 18:19:37,urgent,240,16,A,base,urgent_first,27.25,True
8350,2026-01-15 18:20:43,normal,1440,2,B,base,urgent_first,23227.183333333334,False
8351,2026-01-15 18:21:02,normal,1440,1,C,base,urgent_first,23232.6,False
8352,2026-01-15 18:23:10,normal,1440,3,B,base,urgent_first,23234.05,False
8353,2026-01-15 18:23:24,normal,1440,2,A,base,urgent_first,23237.416666666668,False
8354,2026-01-15 18:24:55,urgent,240,3,A,base,urgent_first,23.2,True
8355,2026-01-15 18:25:58,normal,1440,7,A,base,urgent_first,23242.4,False
8356,2026-01-15 18:26:56,normal,1440,2,C,base,urgent_first,23244.983333333334,False
8357,2026-01-15 18:28:36,normal,1440,2,B,base,urgent_first,23245.05,False
8358,2026-01-15 18:29:33,normal,1440,2,C,base,urgent_first,23250.033333333333,False
8359,2026-01-15 18:32:40,normal,1440,7,A,base,urgent_first,23257.066666666666,False
8360,2026-01-15 18:34:45,normal,1440,3,A,base,urgent_first,23256.4,False
8361,2026-01-15 18:36:18,normal,1440,10,A,base,urgent_first,23270.866666666665,False
8362,2026-01-15 18:42:11,normal,1440,1,B,base,urgent_first,23266.2,False
8363,2026-01-15 18:42:26,normal,1440,2,B,base,urgent_first,23267.516666666666,False
8364,2026-01-15 18:42:55,normal,1440,4,A,base,urgent_first,23269.95,False
8365,2026-01-15 18:43:59,normal,1440,17,A,base,urgent_first,23289.033333333333,False
8366,2026-01-15 18:44:52,normal,1440,4,B,base,urgent_first,23289.783333333333,False
8367,2026-01-15 18:46:06,normal,1440,3,C,base,urgent_first,23290.933333333334,False
8368,2026-01-15 18:49:42,urgent,240,3,B,base,urgent_first,12.816666666666666,True
8369,2026-01-15 18:51:03,normal,1440,2,B,base,urgent_first,23292.35,False
8370,2026-01-15 18:51:04,normal,1440,4,A,base,urgent_first,23295.833333333332,False
8371,2026-01-15 18:52:10,normal,1440,2,A,base,urgent_first,23297.366666666665,False
8372,2026-01-15 18:53:55,normal,1440,3,B,base,urgent_first,23300.683333333334,False
8373,2026-01-15 18:54:10,normal,1440,1,A,base,urgent_first,23302.716666666667,False
8374,2026-01-15 18:54:57,normal,1440,3,A,base,urgent_first,23306.1,False
8375,2026-01-15 18:59:33,normal,1440,3,B,base,urgent_first,23306.016666666666,False
8376,2026-01-15 19:04:56,normal,1440,3,B,base,urgent_first,23304.566666666666,False
8377,2026-01-15 19:05:43,normal,1440,9,B,base,urgent_first,23324.65,False
8378,2026-01-15 19:06:31,normal,1440,2,C,base,urgent_first,23326.45,False
8379,2026-01-15 19:24:09,normal,1440,3,B,base,urgent_first,23311.116666666665,False
8380,2026-01-15 19:42:06,normal,1440,4,C,base,urgent_first,23302.366666666665,False
8381,2026-01-15 19:48:45,normal,1440,2,A,base,urgent_first,23296.866666666665,False
8382,2026-01-15 19:51:23,normal,1440,2,A,base,urgent_first,23297.466666666667,False
8383,2026-01-15 19:56:13,normal,1440,2,A,base,urgent_first,23294.216666666667,False
8384,2026-01-16 08:01:03,normal,1440,3,A,base,urgent_first,22571.95,False
8385,2026-01-16 08:02:18,normal,1440,5,A,base,urgent_first,22577.966666666667,False
8386,2026-01-16 08:02:41,normal,1440,3,C,base,urgent_first,22582.483333333334,False
8387,2026-01-16 08:03:34,normal,1440,4,A,base,urgent_first,22583.983333333334,False
8388,2026-01-16 08:03:37,normal,1440,4,A,base,urgent_first,22590.233333333334,False
8389,2026-01-16 08:08:00,normal,1440,3,C,base,urgent_first,22591.216666666667,False
8390,2026-01-16 08:08:18,normal,1440,2,A,base,urgent_first,22592.433333333334,False
8391,2026-01-16 08:09:41,normal,1440,1,A,base,urgent_first,22592.433333333334,False
8392,2026-01-16 08:16:34,normal,1440,4,B,base,urgent_first,22590.716666666667,False
8393,2026-01-16 08:19:10,normal,1440,4,B,base,urgent_first,22593.083333333332,False
8394,2026-01-16 08:22:01,normal,1440,1,A,base,urgent_first,22591.416666666668,False
8395,2026-01-16 08:22:25,urgent,240,6,A,base,urgent_first,28.133333333333333,True
8396,2026-01-16 08:25:40,normal,1440,4,B,base,urgent_first,22593.25,False
8397,2026-01-16 08:25:43,normal,1440,2,B,base,urgent_first,22595.216666666667,False
8398,2026-01-16 08:26:38,normal,1440,2,A,base,urgent_first,22597.983333333334,False
8399,2026-01-16 08:26:58,normal,1440,3,B,base,urgent_first,22601.816666666666,False
8400,2026-01-16 08:27:21,normal,1440,3,B,base,urgent_first,22606.1,False
8401,2026-01-16 08:28:00,normal,1440,1,A,base,urgent_first,22606.483333333334,False
8402,2026-01-16 08:30:00,normal,1440,5,B,base,urgent_first,22611.883333333335,False
8403,2026-01-16 08:31:12,normal,1440,5,A,base,urgent_first,22615.383333333335,False
8404,2026-01-16 08:31:50,normal,1440,4,A,base,urgent_first,22618.5,False
8405,2026-01-16 08:32:41,urgent,240,2,A,base,urgent_first,19.05,True
8406,2026-01-16 08:36:23,normal,1440,10,B,base,urgent_first,22625.45,False
8407,2026-01-16 08:36:46,normal,1440,6,A,base,urgent_first,22630.15,False
8408,2026-01-16 08:37:50,normal,1440,3,B,base,urgent_first,22633.05,False
8409,2026-01-16 08:39:30,normal,1440,2,C,base,urgent_first,22633.95,False
8410,2026-01-16 08:40:03,normal,1440,2,B,base,urgent_first,22635.65,False
8411,2026-01-16 08:44:35,normal,1440,2,B,base,urgent_first,22635.75,False
8412,2026-01-16 08:48:14,normal,1440,2,A,base,urgent_first,22634.9,False
8413,2026-01-16 08:49:20,normal,1440,6,B,base,urgent_first,22640.616666666665,False
8414,2026-01-16 08:52:00,normal,1440,2,A,base,urgent_first,22638.866666666665,False
8415,2026-01-16 08:57:42,normal,1440,1,B,base,urgent_first,22634.516666666666,False
8416,2026-01-16 08:58:44,normal,1440,4,A,base,urgent_first,22638.4,False
8417,2026-01-16 08:58:50,normal,1440,3,A,base,urgent_first,22639.933333333334,False
8418,2026-01-16 09:00:57,normal,1440,7,B,base,urgent_first,22646.216666666667,False
8419,2026-01-16 09:01:14,normal,1440,4,A,base,urgent_first,22649.4,False
8420,2026-01-16 09:01:40,normal,1440,4,B,base,urgent_first,22653.8,False
8421,2026-01-16 09:01:51,normal,1440,9,A,base,urgent_first,22665.866666666665,False
8422,2026-01-16 09:02:39,urgent,240,4,B,base,urgent_first,20.516666666666666,True
8423,2026-01-16 09:02:42,normal,1440,7,A,base,urgent_first,22669.566666666666,False
8424,2026-01-16 09:02:58,normal,1440,7,C,base,urgent_first,22681.283333333333,False
8425,2026-01-16 09:03:33,normal,1440,5,A,base,urgent_first,22683.8,False
8426,2026-01-16 09:04:12,normal,1440,4,C,base,urgent_first,22690.7,False
8427,2026-01-16 09:05:07,normal,1440,13,A,base,urgent_first,22703.566666666666,False
8428,2026-01-16 09:05:42,normal,1440,2,A,base,urgent_first,22704.233333333334,False
8429,2026-01-16 09:07:51,normal,1440,3,B,base,urgent_first,22706.983333333334,False
8430,2026-01-16 09:08:42,normal,1440,3,B,base,urgent_first,22708.916666666668,False
8431,2026-01-16 09:08:57,normal,1440,3,B,base,urgent_first,22712.883333333335,False
8432,2026-01-16 09:09:33,normal,1440,2,A,base,urgent_first,22713.766666666666,False
8433,2026-01-16 09:10:36,normal,1440,2,B,base,urgent_first,22716.166666666668,False
8434,2026-01-16 09:10:37,normal,1440,3,A,base,urgent_first,22721.733333333334,False
8435,2026-01-16 09:10:46,normal,1440,2,C,base,urgent_first,22725.916666666668,False
8436,2026-01-16 09:12:36,normal,1440,3,B,base,urgent_first,22729.333333333332,False
8437,2026-01-16 09:13:42,urgent,240,7,A,base,urgent_first,23.383333333333333,True
8438,2026-01-16 09:14:12,normal,1440,2,C,base,urgent_first,22731.65,False
8439,2026-01-16 09:14:17,normal,1440,1,C,base,urgent_first,22734.783333333333,False
8440,2026-01-16 09:15:38,normal,1440,3,A,base,urgent_first,22737.733333333334,False
8441,2026-01-16 09:16:20,normal,1440,4,A,base,urgent_first,22742.883333333335,False
8442,2026-01-16 09:18:24,normal,1440,5,C,base,urgent_first,22750.833333333332,False
8443,2026-01-16 09:20:29,normal,1440,5,C,base,urgent_first,22761.45,False
8444,2026-01-16 09:20:34,normal,1440,4,A,base,urgent_first,22764.5,False
8445,2026-01-16 09:21:24,normal,1440,3,C,base,urgent_first,22766.333333333332,False
8446,2026-01-16 09:21:46,normal,1440,6,A,base,urgent_first,22773.7,False
8447,2026-01-16 09:23:39,normal,1440,5,B,base,urgent_first,22775.25,False
8448,2026-01-16 09:24:31,normal,1440,3,B,base,urgent_first,22777.9,False
8449,2026-01-16 09:25:26,normal,1440,1,A,base,urgent_first,22777.966666666667,False
8450,2026-01-16 09:26:52,normal,1440,3,A,base,urgent_first,22782.033333333333,False
8451,2026-01-16 09:27:48,normal,1440,2,B,base,urgent_first,22783.75,False
8452,2026-01-16 09:28:03,normal,1440,4,A,base,urgent_first,22788.183333333334,False
8453,2026-01-16 09:28:31,normal,1440,3,B,base,urgent_first,22792.75,False
8454,2026-01-16 09:29:38,normal,1440,2,B,base,urgent_first,22794.633333333335,False
8455,2026-01-16 09:30:28,urgent,240,2,A,base,urgent_first,167.21666666666667,True
8456,2026-01-16 09:30:57,normal,1440,5,A,base,urgent_first,22800.683333333334,False
8457,2026-01-16 09:32:38,normal,1440,3,A,base,urgent_first,22802.4,False
8458,2026-01-16 09:33:21,normal,1440,5,C,base,urgent_first,22809.833333333332,False
8459,2026-01-16 09:33:47,normal,1440,8,A,base,urgent_first,22816.083333333332,False
8460,2026-01-16 09:34:12,normal,1440,2,A,base,urgent_first,22817.6,False
8461,2026-01-16 09:34:39,normal,1440,13,B,base,urgent_first,22834.95,False
8462,2026-01-16 09:36:10,urgent,240,5,C,base,urgent_first,259.4,False
8463,2026-01-16 09:37:00,urgent,240,5,A,base,urgent_first,259.78333333333336,False
8464,2026-01-16 09:38:07,normal,1440,2,B,base,urgent_first,22832.316666666666,False
8465,2026-01-16 09:41:23,normal,1440,5,B,base,urgent_first,22834.3,False
8466,2026-01-16 09:42:25,normal,1440,3,A,base,urgent_first,22834.7,False
8467,2026-01-16 09:44:03,normal,1440,2,A,base,urgent_first,22834.6,False
8468,2026-01-16 09:44:40,normal,1440,7,B,base,urgent_first,22843.133333333335,False
8469,2026-01-16 09:45:11,normal,1440,5,A,base,urgent_first,22847.916666666668,False
8470,2026-01-16 09:45:46,normal,1440,5,A,base,urgent_first,22850.133333333335,False
8471,2026-01-16 09:46:18,normal,1440,5,A,base,urgent_first,22852.466666666667,False
8472,2026-01-16 09:46:50,normal,1440,5,C,base,urgent_first,22869.133333333335,False
8473,2026-01-16 09:47:44,urgent,240,3,C,base,urgent_first,250.38333333333333,False
8474,2026-01-16 09:48:39,urgent,240,4,B,base,urgent_first,251.03333333333333,False
8475,2026-01-16 09:49:24,normal,1440,5,A,base,urgent_first,22873.016666666666,False
8476,2026-01-16 09:51:20,urgent,240,6,B,base,urgent_first,250.0,False
8477,2026-01-16 09:51:33,normal,1440,2,B,base,urgent_first,22872.7,False
8478,2026-01-16 09:52:02,normal,1440,8,A,base,urgent_first,22880.75,False
8479,2026-01-16 09:53:20,normal,1440,4,C,base,urgent_first,22884.366666666665,False
8480,2026-01-16 09:53:45,normal,1440,1,B,base,urgent_first,22885.616666666665,False
8481,2026-01-16 09:55:25,normal,1440,5,A,base,urgent_first,22888.533333333333,False
8482,2026-01-16 09:56:27,normal,1440,3,B,base,urgent_first,22891.166666666668,False
8483,2026-01-16 09:58:15,normal,1440,3,B,base,urgent_first,22893.766666666666,False
8484,2026-01-16 09:58:29,normal,1440,4,B,base,urgent_first,22899.5,False
8485,2026-01-16 09:58:36,normal,1440,3,A,base,urgent_first,22900.8,False
8486,2026-01-16 09:58:44,normal,1440,6,B,base,urgent_first,22909.833333333332,False
8487,2026-01-16 09:58:53,normal,1440,2,B,base,urgent_first,22911.483333333334,False
8488,2026-01-16 09:59:03,normal,1440,3,A,base,urgent_first,22915.4,False
8489,2026-01-16 10:01:41,normal,1440,2,A,base,urgent_first,22914.283333333333,False
8490,2026-01-16 10:02:37,normal,1440,7,A,base,urgent_first,22922.4,False
8491,2026-01-16 10:03:41,normal,1440,6,C,base,urgent_first,22931.783333333333,False
8492,2026-01-16 10:05:12,normal,1440,6,A,base,urgent_first,22935.883333333335,False
8493,2026-01-16 10:06:11,urgent,240,2,B,base,urgent_first,236.28333333333333,True
8494,2026-01-16 10:08:09,normal,1440,10,B,base,urgent_first,22944.833333333332,False
8495,2026-01-16 10:08:43,normal,1440,4,B,base,urgent_first,22948.65,False
8496,2026-01-16 10:08:56,normal,1440,5,B,base,urgent_first,22952.166666666668,False
8497,2026-01-16 10:09:05,normal,1440,5,A,base,urgent_first,22957.833333333332,False
8498,2026-01-16 10:10:13,normal,1440,1,C,base,urgent_first,22959.233333333334,False
8499,2026-01-16 10:10:15,normal,1440,3,A,base,urgent_first,22962.583333333332,False
8500,2026-01-16 10:10:38,normal,1440,5,B,base,urgent_first,22971.6,False
8501,2026-01-16 10:10:58,urgent,240,4,A,base,urgent_first,232.93333333333334,True
8502,2026-01-16 10:11:43,normal,1440,1,A,base,urgent_first,22971.333333333332,False
8503,2026-01-16 10:11:57,urgent,240,5,B,base,urgent_first,233.48333333333332,True
8504,2026-01-16 10:12:08,normal,1440,6,A,base,urgent_first,22979.966666666667,False
8505,2026-01-16 10:12:09,normal,1440,8,B,base,urgent_first,22994.416666666668,False
8506,2026-01-16 10:12:34,normal,1440,1,A,base,urgent_first,22995.05,False
8507,2026-01-16 10:12:35,normal,1440,5,B,base,urgent_first,23000.966666666667,False
8508,2026-01-16 10:12:53,normal,1440,3,A,base,urgent_first,23002.6,False
8509,2026-01-16 10:13:31,urgent,240,3,C,base,urgent_first,233.35,True
8510,2026-01-16 10:14:01,normal,1440,6,A,base,urgent_first,23013.45,False
8511,2026-01-16 10:14:04,normal,1440,5,C,base,urgent_first,23023.3,False
8512,2026-01-16 10:14:14,normal,1440,6,B,base,urgent_first,23027.833333333332,False
8513,2026-01-16 10:14:40,urgent,240,6,B,base,urgent_first,234.36666666666667,True
8514,2026-01-16 10:15:35,urgent,240,13,B,base,urgent_first,236.26666666666668,True
8515,2026-01-16 10:15:36,normal,1440,5,A,base,urgent_first,23029.233333333334,False
8516,2026-01-16 10:16:25,normal,1440,13,A,base,urgent_first,23039.65,False
8517,2026-01-16 10:16:27,normal,1440,5,A,base,urgent_first,23046.65,False
8518,2026-01-16 10:16:38,normal,1440,4,A,base,urgent_first,23048.533333333333,False
8519,2026-01-16 10:16:56,normal,1440,2,B,base,urgent_first,23050.133333333335,False
8520,2026-01-16 10:16:58,normal,1440,4,A,base,urgent_first,23053.683333333334,False
8521,2026-01-16 10:17:45,normal,1440,3,C,base,urgent_first,23059.116666666665,False
8522,2026-01-16 10:19:04,normal,1440,5,A,base,urgent_first,23061.666666666668,False
8523,2026-01-16 10:20:08,urgent,240,4,B,base,urgent_first,233.05,True
8524,2026-01-16 10:20:34,normal,1440,3,A,base,urgent_first,23063.866666666665,False
8525,2026-01-16 10:21:21,normal,1440,10,A,base,urgent_first,23072.8,False
8526,2026-01-16 10:22:04,normal,1440,6,C,base,urgent_first,23079.966666666667,False
8527,2026-01-16 10:22:34,normal,1440,8,B,base,urgent_first,23091.016666666666,False
8528,2026-01-16 10:23:04,normal,1440,3,A,base,urgent_first,23092.233333333334,False
8529,2026-01-16 10:23:23,normal,1440,2,B,base,urgent_first,23093.183333333334,False
8530,2026-01-16 10:23:37,normal,1440,2,C,base,urgent_first,23099.4,False
8531,2026-01-16 10:23:57,normal,1440,3,B,base,urgent_first,23102.733333333334,False
8532,2026-01-16 10:26:47,normal,1440,1,A,base,urgent_first,23100.833333333332,False
8533,2026-01-16 10:27:58,normal,1440,11,B,base,urgent_first,23121.6,False
8534,2026-01-16 10:27:59,normal,1440,1,C,base,urgent_first,23122.65,False
8535,2026-01-16 10:29:43,normal,1440,5,C,base,urgent_first,23130.216666666667,False
8536,2026-01-16 10:29:54,normal,1440,6,A,base,urgent_first,23138.483333333334,False
8537,2026-01-16 10:31:25,normal,1440,4,B,base,urgent_first,23144.0,False
8538,2026-01-16 10:31:26,normal,1440,2,A,base,urgent_first,23146.75,False
8539,2026-01-16 10:31:30,normal,1440,2,C,base,urgent_first,23153.55,False
8540,2026-01-16 10:31:36,normal,1440,5,C,base,urgent_first,23166.083333333332,False
8541,2026-01-16 10:32:05,normal,1440,8,B,base,urgent_first,23177.75,False
8542,2026-01-16 10:32:09,normal,1440,4,A,base,urgent_first,23180.3,False
8543,2026-01-16 10:32:59,normal,1440,2,A,base,urgent_first,23181.283333333333,False
8544,2026-01-16 10:33:27,normal,1440,5,B,base,urgent_first,23189.866666666665,False
8545,2026-01-16 10:33:32,normal,1440,1,A,base,urgent_first,23191.05,False
8546,2026-01-16 10:33:44,normal,1440,7,A,base,urgent_first,23200.35,False
8547,2026-01-16 10:33:58,normal,1440,2,A,base,urgent_first,23201.383333333335,False
8548,2026-01-16 10:34:55,normal,1440,5,B,base,urgent_first,23211.2,False
8549,2026-01-16 10:35:10,normal,1440,3,B,base,urgent_first,23213.9,False
8550,2026-01-16 10:35:38,normal,1440,2,A,base,urgent_first,23215.8,False
8551,2026-01-16 10:35:38,normal,1440,8,B,base,urgent_first,23234.4,False
8552,2026-01-16 10:35:55,normal,1440,7,B,base,urgent_first,23245.416666666668,False
8553,2026-01-16 10:36:06,normal,1440,4,A,base,urgent_first,23249.466666666667,False
8554,2026-01-16 10:37:01,urgent,240,4,A,base,urgent_first,217.43333333333334,True
8555,2026-01-16 10:38:19,normal,1440,8,A,base,urgent_first,23257.65,False
8556,2026-01-16 10:40:24,normal,1440,3,B,base,urgent_first,23258.733333333334,False
8557,2026-01-16 10:40:49,normal,1440,2,B,base,urgent_first,23260.733333333334,False
8558,2026-01-16 10:40:53,normal,1440,2,C,base,urgent_first,23266.3,False
8559,2026-01-16 10:41:54,normal,1440,2,A,base,urgent_first,23268.133333333335,False
8560,2026-01-16 10:42:08,normal,1440,2,A,base,urgent_first,23271.166666666668,False
8561,2026-01-16 10:42:32,normal,1440,1,A,base,urgent_first,23272.0,False
8562,2026-01-16 10:42:36,urgent,240,4,B,base,urgent_first,213.23333333333332,True
8563,2026-01-16 10:45:07,urgent,240,7,C,base,urgent_first,213.11666666666667,True
8564,2026-01-16 10:45:45,normal,1440,4,B,base,urgent_first,23274.25,False
8565,2026-01-16 10:46:12,normal,1440,1,B,base,urgent_first,23275.083333333332,False
8566,2026-01-16 10:46:56,normal,1440,2,A,base,urgent_first,23276.583333333332,False
8567,2026-01-16 10:48:46,urgent,240,1,B,base,urgent_first,210.46666666666667,True
8568,2026-01-16 10:49:15,normal,1440,7,B,base,urgent_first,23283.35,False
8569,2026-01-16 10:50:17,normal,1440,2,A,base,urgent_first,23283.166666666668,False
8570,2026-01-16 10:52:27,normal,1440,4,C,base,urgent_first,23288.783333333333,False
8571,2026-01-16 10:54:21,normal,1440,2,A,base,urgent_first,23288.733333333334,False
8572,2026-01-16 10:55:48,normal,1440,2,B,base,urgent_first,23290.366666666665,False
8573,2026-01-16 10:56:04,normal,1440,2,A,base,urgent_first,23292.283333333333,False
8574,2026-01-16 10:56:43,normal,1440,3,A,base,urgent_first,23297.466666666667,False
8575,2026-01-16 10:56:46,urgent,240,2,A,base,urgent_first,203.71666666666667,True
8576,2026-01-16 10:58:09,normal,1440,2,A,base,urgent_first,23300.15,False
8577,2026-01-16 10:58:51,normal,1440,3,A,base,urgent_first,23305.05,False
8578,2026-01-16 10:59:26,normal,1440,4,B,base,urgent_first,23312.633333333335,False
8579,2026-01-16 10:59:53,normal,1440,4,A,base,urgent_first,23315.566666666666,False
8580,2026-01-16 11:00:44,normal,1440,6,B,base,urgent_first,23323.066666666666,False
8581,2026-01-16 11:01:11,normal,1440,2,B,base,urgent_first,23323.75,False
8582,2026-01-16 11:01:13,normal,1440,2,C,base,urgent_first,23328.016666666666,False
8583,2026-01-16 11:01:33,normal,1440,4,A,base,urgent_first,23331.016666666666,False
8584,2026-01-16 11:01:43,normal,1440,5,B,base,urgent_first,23337.233333333334,False
8585,2026-01-16 11:02:39,normal,1440,3,A,base,urgent_first,23338.1,False
8586,2026-01-16 11:02:53,normal,1440,3,A,base,urgent_first,23342.95,False
8587,2026-01-16 11:04:07,normal,1440,5,C,base,urgent_first,23350.533333333333,False
8588,2026-01-16 11:04:09,normal,1440,3,C,base,urgent_first,23354.566666666666,False
8589,2026-01-16 11:04:41,normal,1440,4,A,base,urgent_first,23358.45,False
8590,2026-01-16 11:05:13,normal,1440,2,A,base,urgent_first,23359.75,False
8591,2026-01-16 11:05:48,normal,1440,3,A,base,urgent_first,23364.566666666666,False
8592,2026-01-16 11:06:00,normal,1440,2,B,base,urgent_first,23366.033333333333,False
8593,2026-01-16 11:06:10,normal,1440,4,A,base,urgent_first,23372.416666666668,False
8594,2026-01-16 11:06:23,normal,1440,4,A,base,urgent_first,23377.166666666668,False
8595,2026-01-16 11:06:29,urgent,240,3,A,base,urgent_first,195.65,True
8596,2026-01-16 11:08:03,normal,1440,8,B,base,urgent_first,23391.183333333334,False
8597,2026-01-16 11:08:20,urgent,240,3,C,base,urgent_first,195.2,True
8598,2026-01-16 11:08:54,normal,1440,1,B,base,urgent_first,23391.2,False
8599,2026-01-16 11:09:12,normal,1440,4,A,base,urgent_first,23396.583333333332,False
8600,2026-01-16 11:09:30,normal,1440,4,A,base,urgent_first,23401.6,False
8601,2026-01-16 11:10:45,urgent,240,1,B,base,urgent_first,193.65,True
8602,2026-01-16 11:12:57,normal,1440,6,A,base,urgent_first,23405.4,False
8603,2026-01-16 11:14:13,normal,1440,4,A,base,urgent_first,23407.366666666665,False
8604,2026-01-16 11:14:42,normal,1440,3,B,base,urgent_first,23408.383333333335,False
8605,2026-01-16 11:14:56,normal,1440,2,A,base,urgent_first,23410.35,False
8606,2026-01-16 11:15:25,normal,1440,8,A,base,urgent_first,23419.216666666667,False
8607,2026-01-16 11:16:20,normal,1440,2,B,base,urgent_first,23420.45,False
8608,2026-01-16 11:16:46,normal,1440,2,A,base,urgent_first,23421.133333333335,False
8609,2026-01-16 11:17:10,normal,1440,2,B,base,urgent_first,23422.05,False
8610,2026-01-16 11:17:13,normal,1440,5,B,base,urgent_first,23427.766666666666,False
8611,2026-01-16 11:17:59,normal,1440,2,B,base,urgent_first,23429.15,False
8612,2026-01-16 11:18:08,normal,1440,2,B,base,urgent_first,23433.083333333332,False
8613,2026-01-16 11:18:12,normal,1440,3,A,base,urgent_first,23435.85,False
8614,2026-01-16 11:18:36,normal,1440,2,B,base,urgent_first,23438.383333333335,False
8615,2026-01-16 11:21:07,urgent,240,4,A,base,urgent_first,184.58333333333334,True
8616,2026-01-16 11:21:32,normal,1440,4,A,base,urgent_first,23442.933333333334,False
8617,2026-01-16 11:21:40,urgent,240,3,A,base,urgent_first,184.96666666666667,True
8618,2026-01-16 11:23:15,normal,1440,5,C,base,urgent_first,23456.15,False
8619,2026-01-16 11:24:37,normal,1440,2,A,base,urgent_first,23455.983333333334,False
8620,2026-01-16 11:26:27,normal,1440,2,B,base,urgent_first,23456.15,False
8621,2026-01-16 11:26:51,urgent,240,1,C,base,urgent_first,180.73333333333332,True
8622,2026-01-16 11:27:36,normal,1440,5,A,base,urgent_first,23460.633333333335,False
8623,2026-01-16 11:29:00,normal,1440,6,A,base,urgent_first,23465.066666666666,False
8624,2026-01-16 11:29:05,normal,1440,2,C,base,urgent_first,23467.583333333332,False
8625,2026-01-16 11:29:08,normal,1440,4,A,base,urgent_first,23472.283333333333,False
8626,2026-01-16 11:29:13,normal,1440,2,B,base,urgent_first,23474.666666666668,False
8627,2026-01-16 11:30:06,normal,1440,1,B,base,urgent_first,23476.8,False
8628,2026-01-16 11:30:14,normal,1440,2,C,base,urgent_first,23480.616666666665,False
8629,2026-01-16 11:30:37,normal,1440,4,C,base,urgent_first,23489.333333333332,False
8630,2026-01-16 11:31:01,normal,1440,2,A,base,urgent_first,23491.466666666667,False
8631,2026-01-16 11:31:05,normal,1440,3,C,base,urgent_first,23498.216666666667,False
8632,2026-01-16 11:31:11,normal,1440,1,B,base,urgent_first,23499.25,False
8633,2026-01-16 11:31:19,normal,1440,3,A,base,urgent_first,23502.5,False
8634,2026-01-16 11:32:43,normal,1440,2,A,base,urgent_first,23505.783333333333,False
8635,2026-01-16 11:34:04,normal,1440,6,A,base,urgent_first,23510.233333333334,False
8636,2026-01-16 11:35:31,normal,1440,3,A,base,urgent_first,23512.016666666666,False
8637,2026-01-16 11:37:29,normal,1440,4,A,base,urgent_first,23516.683333333334,False
8638,2026-01-16 11:37:39,normal,1440,2,A,base,urgent_first,23518.083333333332,False
8639,2026-01-16 11:38:03,normal,1440,2,A,base,urgent_first,23519.316666666666,False
8640,2026-01-16 11:38:31,normal,1440,2,B,base,urgent_first,23521.533333333333,False
8641,2026-01-16 11:38:48,urgent,240,2,B,base,urgent_first,170.08333333333334,True
8642,2026-01-16 11:40:08,normal,1440,2,C,base,urgent_first,23524.633333333335,False
8643,2026-01-16 11:40:41,normal,1440,5,C,base,urgent_first,23532.316666666666,False
8644,2026-01-16 11:41:43,normal,1440,2,A,base,urgent_first,23532.65,False
8645,2026-01-16 11:42:03,urgent,240,2,A,base,urgent_first,168.23333333333332,True
8646,2026-01-16 11:42:32,normal,1440,3,A,base,urgent_first,23533.766666666666,False
8647,2026-01-16 11:48:39,normal,1440,1,A,base,urgent_first,23530.466666666667,False
8648,2026-01-16 11:49:26,normal,1440,2,A,base,urgent_first,23532.15,False
8649,2026-01-16 11:50:27,urgent,240,5,A,base,urgent_first,161.13333333333333,True
8650,2026-01-16 11:50:49,normal,1440,5,B,base,urgent_first,23539.383333333335,False
8651,2026-01-16 11:51:04,normal,1440,4,A,base,urgent_first,23543.016666666666,False
8652,2026-01-16 11:51:27,normal,1440,3,B,base,urgent_first,23547.2,False
8653,2026-01-16 11:51:59,normal,1440,8,B,base,urgent_first,23559.0,False
8654,2026-01-16 11:52:59,normal,1440,5,A,base,urgent_first,23560.75,False
8655,2026-01-16 11:53:45,normal,1440,1,A,base,urgent_first,23560.816666666666,False
8656,2026-01-16 11:54:37,normal,1440,3,B,base,urgent_first,23565.583333333332,False
8657,2026-01-16 11:55:19,normal,1440,2,A,base,urgent_first,23566.583333333332,False
8658,2026-01-16 11:55:32,normal,1440,4,A,base,urgent_first,23572.8,False
8659,2026-01-16 11:55:38,normal,1440,3,A,base,urgent_first,23575.283333333333,False
8660,2026-01-16 11:55:40,normal,1440,2,A,base,urgent_first,23578.316666666666,False
8661,2026-01-16 11:57:17,normal,1440,1,A,base,urgent_first,23578.4,False
8662,2026-01-16 11:57:33,normal,1440,3,B,base,urgent_first,23584.133333333335,False
8663,2026-01-16 11:57:40,normal,1440,3,A,base,urgent_first,23590.866666666665,False
8664,2026-01-16 11:57:48,normal,1440,3,A,base,urgent_first,23595.25,False
8665,2026-01-16 11:59:49,normal,1440,6,A,base,urgent_first,23603.5,False
8666,2026-01-16 12:00:12,normal,1440,2,A,base,urgent_first,23604.316666666666,False
8667,2026-01-16 12:00:32,urgent,240,2,B,base,urgent_first,152.26666666666668,True
8668,2026-01-16 12:01:18,normal,1440,2,B,base,urgent_first,23605.716666666667,False
8669,2026-01-16 12:03:25,normal,1440,16,B,base,urgent_first,23624.633333333335,False
8670,2026-01-16 12:04:27,normal,1440,3,A,base,urgent_first,23625.066666666666,False
8671,2026-01-16 12:08:02,normal,1440,8,C,base,urgent_first,23634.183333333334,False
8672,2026-01-16 12:08:14,normal,1440,4,A,base,urgent_first,23636.55,False
8673,2026-01-16 12:08:27,normal,1440,3,B,base,urgent_first,23638.833333333332,False
8674,2026-01-16 12:09:01,normal,1440,3,B,base,urgent_first,23641.183333333334,False
8675,2026-01-16 12:09:47,normal,1440,6,A,base,urgent_first,23644.866666666665,False
8676,2026-01-16 12:10:09,normal,1440,4,B,base,urgent_first,23645.983333333334,False
8677,2026-01-16 12:10:34,normal,1440,1,A,base,urgent_first,23646.466666666667,False
8678,2026-01-16 12:12:10,normal,1440,3,C,base,urgent_first,23653.533333333333,False
8679,2026-01-16 12:13:04,normal,1440,4,A,base,urgent_first,23655.216666666667,False
8680,2026-01-16 12:13:55,normal,1440,6,A,base,urgent_first,23660.216666666667,False
8681,2026-01-16 12:14:29,normal,1440,3,B,base,urgent_first,23662.833333333332,False
8682,2026-01-16 12:14:59,normal,1440,3,A,base,urgent_first,23665.45,False
8683,2026-01-16 12:16:38,normal,1440,2,C,base,urgent_first,23669.2,False
8684,2026-01-16 12:17:30,normal,1440,1,B,base,urgent_first,23670.916666666668,False
8685,2026-01-16 12:19:16,normal,1440,5,A,base,urgent_first,23675.883333333335,False
8686,2026-01-16 12:19:44,normal,1440,2,A,base,urgent_first,23676.783333333333,False
8687,2026-01-16 12:21:08,normal,1440,4,A,base,urgent_first,23680.433333333334,False
8688,2026-01-16 12:21:23,normal,1440,3,A,base,urgent_first,23684.033333333333,False
8689,2026-01-16 12:23:01,normal,1440,2,A,base,urgent_first,23689.066666666666,False
8690,2026-01-16 12:23:01,normal,1440,2,B,base,urgent_first,23685.416666666668,False
8691,2026-01-16 12:25:46,urgent,240,2,A,base,urgent_first,128.25,True
8692,2026-01-16 12:26:21,urgent,240,6,B,base,urgent_first,129.15,True
8693,2026-01-16 12:26:30,normal,1440,3,A,base,urgent_first,23689.1,False
8694,2026-01-16 12:26:38,normal,1440,3,A,base,urgent_first,23692.883333333335,False
8695,2026-01-16 12:30:36,normal,1440,6,B,base,urgent_first,23698.366666666665,False
8696,2026-01-16 12:31:17,normal,1440,2,A,base,urgent_first,23698.9,False
8697,2026-01-16 12:34:40,normal,1440,4,A,base,urgent_first,23699.95,False
8698,2026-01-16 12:35:49,normal,1440,11,A,base,urgent_first,23710.083333333332,False
8699,2026-01-16 12:35:50,normal,1440,2,C,base,urgent_first,23711.633333333335,False
8700,2026-01-16 12:37:51,normal,1440,6,B,base,urgent_first,23724.416666666668,False
8701,2026-01-16 12:38:52,urgent,240,1,C,base,urgent_first,117.51666666666667,True
8702,2026-01-16 12:38:57,normal,1440,4,A,base,urgent_first,23728.7,False
8703,2026-01-16 12:39:45,normal,1440,3,B,base,urgent_first,23729.933333333334,False
8704,2026-01-16 12:41:03,urgent,240,3,A,base,urgent_first,116.41666666666667,True
8705,2026-01-16 12:41:06,normal,1440,3,A,base,urgent_first,23733.683333333334,False
8706,2026-01-16 12:41:31,normal,1440,3,B,base,urgent_first,23738.05,False
8707,2026-01-16 12:42:02,normal,1440,2,B,base,urgent_first,23742.666666666668,False
8708,2026-01-16 12:43:40,normal,1440,2,B,base,urgent_first,23744.5,False
8709,2026-01-16 12:43:48,normal,1440,5,B,base,urgent_first,23754.45,False
8710,2026-01-16 12:43:51,normal,1440,7,C,base,urgent_first,23769.35,False
8711,2026-01-16 12:44:04,normal,1440,2,A,base,urgent_first,23770.466666666667,False
8712,2026-01-16 12:44:24,normal,1440,4,A,base,urgent_first,23772.816666666666,False
8713,2026-01-16 12:44:30,normal,1440,3,A,base,urgent_first,23774.816666666666,False
8714,2026-01-16 12:44:49,urgent,240,2,A,base,urgent_first,113.83333333333333,True
8715,2026-01-16 12:47:15,normal,1440,2,B,base,urgent_first,23776.1,False
8716,2026-01-16 12:47:25,normal,1440,1,B,base,urgent_first,23778.666666666668,False
8717,2026-01-16 12:49:59,normal,1440,1,A,base,urgent_first,23778.666666666668,False
8718,2026-01-16 12:52:53,normal,1440,12,B,base,urgent_first,23793.416666666668,False
8719,2026-01-16 12:53:26,normal,1440,7,A,base,urgent_first,23797.383333333335,False
8720,2026-01-16 12:55:53,normal,1440,10,B,base,urgent_first,23804.916666666668,False
8721,2026-01-16 12:56:21,normal,1440,7,A,base,urgent_first,23807.916666666668,False
8722,2026-01-16 12:56:42,normal,1440,3,C,base,urgent_first,23810.516666666666,False
8723,2026-01-16 12:56:48,normal,1440,3,A,base,urgent_first,23813.183333333334,False
8724,2026-01-16 12:56:51,normal,1440,3,A,base,urgent_first,23818.433333333334,False
8725,2026-01-16 12:56:53,normal,1440,4,C,base,urgent_first,23824.583333333332,False
8726,2026-01-16 12:58:18,normal,1440,3,C,base,urgent_first,23828.883333333335,False
8727,2026-01-16 12:58:35,normal,1440,5,A,base,urgent_first,23832.466666666667,False
8728,2026-01-16 12:58:43,urgent,240,3,B,base,urgent_first,101.43333333333334,True
8729,2026-01-16 12:58:50,normal,1440,1,A,base,urgent_first,23833.366666666665,False
8730,2026-01-16 13:01:14,normal,1440,1,A,base,urgent_first,23831.816666666666,False
8731,2026-01-16 13:04:09,normal,1440,4,A,base,urgent_first,23834.583333333332,False
8732,2026-01-16 13:06:03,normal,1440,3,A,base,urgent_first,23836.433333333334,False
8733,2026-01-16 13:07:32,normal,1440,2,A,base,urgent_first,23837.966666666667,False
8734,2026-01-16 13:09:11,normal,1440,3,C,base,urgent_first,23843.566666666666,False
8735,2026-01-16 13:13:51,normal,1440,2,A,base,urgent_first,23840.066666666666,False
8736,2026-01-16 13:14:44,normal,1440,2,B,base,urgent_first,23841.65,False
8737,2026-01-16 13:16:27,normal,1440,2,A,base,urgent_first,23841.733333333334,False
8738,2026-01-16 13:16:28,normal,1440,12,A,base,urgent_first,23856.616666666665,False
8739,2026-01-16 13:22:17,normal,1440,3,B,base,urgent_first,23852.183333333334,False
8740,2026-01-16 13:24:03,normal,1440,7,A,base,urgent_first,23857.933333333334,False
8741,2026-01-16 13:24:20,normal,1440,4,A,base,urgent_first,23860.45,False
8742,2026-01-16 13:24:54,normal,1440,1,A,base,urgent_first,23860.8,False
8743,2026-01-16 13:27:03,normal,1440,3,B,base,urgent_first,23864.533333333333,False
8744,2026-01-16 13:30:51,normal,1440,3,A,base,urgent_first,23864.783333333333,False
8745,2026-01-16 13:32:00,normal,1440,3,B,base,urgent_first,23867.116666666665,False
8746,2026-01-16 13:32:00,normal,1440,8,B,base,urgent_first,23881.8,False
8747,2026-01-16 13:32:22,normal,1440,1,B,base,urgent_first,23882.283333333333,False
8748,2026-01-16 13:33:05,normal,1440,6,A,base,urgent_first,23886.366666666665,False
8749,2026-01-16 13:33:26,normal,1440,5,A,base,urgent_first,23892.133333333335,False
8750,2026-01-16 13:34:50,normal,1440,2,C,base,urgent_first,23894.2,False
8751,2026-01-16 13:35:25,normal,1440,6,B,base,urgent_first,23902.516666666666,False
8752,2026-01-16 13:42:40,normal,1440,2,A,base,urgent_first,23896.6,False
8753,2026-01-16 13:48:08,normal,1440,5,C,base,urgent_first,23901.616666666665,False
8754,2026-01-16 13:52:54,normal,1440,4,A,base,urgent_first,23899.45,False
8755,2026-01-16 13:55:29,normal,1440,3,A,base,urgent_first,23900.3,False
8756,2026-01-16 13:55:36,normal,1440,2,C,base,urgent_first,23903.9,False
8757,2026-01-16 13:56:25,normal,1440,2,A,base,urgent_first,23906.333333333332,False
8758,2026-01-16 13:57:43,normal,1440,2,C,base,urgent_first,23910.4,False
8759,2026-01-16 13:57:57,normal,1440,6,B,base,urgent_first,23919.066666666666,False
8760,2026-01-16 13:59:54,normal,1440,4,A,base,urgent_first,23921.4,False
8761,2026-01-16 14:00:00,normal,1440,7,B,base,urgent_first,23928.666666666668,False
8762,2026-01-16 14:03:38,urgent,240,7,A,base,urgent_first,38.333333333333336,True
8763,2026-01-16 14:04:00,urgent,240,1,C,base,urgent_first,39.03333333333333,True
8764,2026-01-16 14:04:36,normal,1440,13,A,base,urgent_first,23940.416666666668,False
8765,2026-01-16 14:06:36,normal,1440,7,A,base,urgent_first,23940.916666666668,False
8766,2026-01-16 14:07:01,normal,1440,3,B,base,urgent_first,23942.566666666666,False
8767,2026-01-16 14:09:39,normal,1440,2,A,base,urgent_first,23941.566666666666,False
8768,2026-01-16 14:13:14,normal,1440,1,A,base,urgent_first,23939.166666666668,False
8769,2026-01-16 14:13:50,normal,1440,2,A,base,urgent_first,23940.833333333332,False
8770,2026-01-16 14:16:03,normal,1440,2,B,base,urgent_first,23943.7,False
8771,2026-01-16 14:18:29,normal,1440,2,A,base,urgent_first,23942.65,False
8772,2026-01-16 14:18:50,normal,1440,2,A,base,urgent_first,23944.95,False
8773,2026-01-16 14:19:59,urgent,240,2,A,base,urgent_first,24.016666666666666,True
8774,2026-01-16 14:20:15,normal,1440,4,A,base,urgent_first,23948.65,False
8775,2026-01-16 14:24:21,normal,1440,10,A,base,urgent_first,23957.383333333335,False
8776,2026-01-16 14:25:28,normal,1440,3,C,base,urgent_first,23959.583333333332,False
8777,2026-01-16 14:25:48,normal,1440,2,C,base,urgent_first,23961.8,False
8778,2026-01-16 14:26:56,normal,1440,3,B,base,urgent_first,23966.566666666666,False
8779,2026-01-16 14:30:15,normal,1440,2,C,base,urgent_first,23969.783333333333,False
8780,2026-01-16 14:30:43,normal,1440,2,A,base,urgent_first,23971.9,False
8781,2026-01-16 14:34:14,normal,1440,3,B,base,urgent_first,23973.216666666667,False
8782,2026-01-16 14:35:22,normal,1440,4,B,base,urgent_first,23977.9,False
8783,2026-01-16 14:36:03,normal,1440,2,A,base,urgent_first,23979.516666666666,False
8784,2026-01-16 14:36:05,normal,1440,6,A,base,urgent_first,23986.216666666667,False
8785,2026-01-16 14:40:17,normal,1440,3,A,base,urgent_first,23985.416666666668,False
8786,2026-01-16 14:41:36,normal,1440,8,A,base,urgent_first,23996.066666666666,False
8787,2026-01-16 14:45:02,normal,1440,7,B,base,urgent_first,24000.85,False
8788,2026-01-16 14:47:42,normal,1440,4,C,base,urgent_first,24000.5,False
8789,2026-01-16 14:47:54,normal,1440,2,C,base,urgent_first,24005.683333333334,False
8790,2026-01-16 14:48:16,normal,1440,6,A,base,urgent_first,24013.55,False
8791,2026-01-16 14:51:44,normal,1440,4,B,base,urgent_first,24015.666666666668,False
8792,2026-01-16 14:55:18,normal,1440,1,B,base,urgent_first,24013.383333333335,False
8793,2026-01-16 14:58:05,urgent,240,4,B,base,urgent_first,18.116666666666667,True
8794,2026-01-16 15:00:01,urgent,240,1,B,base,urgent_first,17.1,True
8795,2026-01-16 15:01:27,normal,1440,5,C,base,urgent_first,24018.85,False
8796,2026-01-16 15:01:31,normal,1440,5,B,base,urgent_first,24021.533333333333,False
8797,2026-01-16 15:02:21,normal,1440,5,B,base,urgent_first,24026.85,False
8798,2026-01-16 15:03:03,normal,1440,2,A,base,urgent_first,24027.716666666667,False
8799,2026-01-16 15:04:12,normal,1440,2,A,base,urgent_first,24028.683333333334,False
8800,2026-01-16 15:04:44,urgent,240,4,B,base,urgent_first,67.11666666666666,True
8801,2026-01-16 15:07:39,normal,1440,3,C,base,urgent_first,24031.983333333334,False
8802,2026-01-16 15:07:52,normal,1440,6,A,base,urgent_first,24038.116666666665,False
8803,2026-01-16 15:10:02,normal,1440,3,A,base,urgent_first,24037.966666666667,False
8804,2026-01-16 15:10:31,normal,1440,3,B,base,urgent_first,24039.583333333332,False
8805,2026-01-16 15:11:44,normal,1440,4,A,base,urgent_first,24042.55,False
8806,2026-01-16 15:14:27,normal,1440,2,C,base,urgent_first,24046.166666666668,False
8807,2026-01-16 15:14:49,urgent,240,3,B,base,urgent_first,58.35,True
8808,2026-01-16 15:16:57,normal,1440,3,A,base,urgent_first,24047.866666666665,False
8809,2026-01-16 15:17:23,normal,1440,5,B,base,urgent_first,24053.333333333332,False
8810,2026-01-16 15:19:10,urgent,240,2,C,base,urgent_first,55.166666666666664,True
8811,2026-01-16 15:20:58,urgent,240,3,B,base,urgent_first,54.85,True
8812,2026-01-16 15:22:14,normal,1440,6,A,base,urgent_first,24058.9,False
8813,2026-01-16 15:23:05,normal,1440,8,A,base,urgent_first,24067.083333333332,False
8814,2026-01-16 15:23:24,normal,1440,3,B,base,urgent_first,24068.15,False
8815,2026-01-16 15:23:29,normal,1440,6,A,base,urgent_first,24076.166666666668,False
8816,2026-01-16 15:24:24,normal,1440,10,A,base,urgent_first,24084.25,False
8817,2026-01-16 15:26:03,normal,1440,7,B,base,urgent_first,24086.85,False
8818,2026-01-16 15:26:13,normal,1440,8,B,base,urgent_first,24095.05,False
8819,2026-01-16 15:27:24,normal,1440,4,A,base,urgent_first,24095.483333333334,False
8820,2026-01-16 15:30:41,normal,1440,2,A,base,urgent_first,24094.716666666667,False
8821,2026-01-16 15:31:38,urgent,240,12,A,base,urgent_first,65.95,True
8822,2026-01-16 15:34:22,normal,1440,5,B,base,urgent_first,24099.583333333332,False
8823,2026-01-16 15:35:17,normal,1440,5,A,base,urgent_first,24108.966666666667,False
8824,2026-01-16 15:36:39,normal,1440,3,A,base,urgent_first,24109.033333333333,False
8825,2026-01-16 15:37:14,normal,1440,2,A,base,urgent_first,24111.85,False
8826,2026-01-16 15:37:15,normal,1440,3,A,base,urgent_first,24117.416666666668,False
8827,2026-01-16 15:37:43,normal,1440,2,A,base,urgent_first,24120.133333333335,False
8828,2026-01-16 15:38:44,urgent,240,3,A,base,urgent_first,60.18333333333333,True
8829,2026-01-16 15:38:55,normal,1440,4,B,base,urgent_first,24124.216666666667,False
8830,2026-01-16 15:38:56,normal,1440,2,A,base,urgent_first,24126.05,False
8831,2026-01-16 15:39:39,normal,1440,2,B,base,urgent_first,24128.95,False
8832,2026-01-16 15:39:46,normal,1440,4,A,base,urgent_first,24132.516666666666,False
8833,2026-01-16 15:44:04,urgent,240,5,B,base,urgent_first,56.56666666666667,True
8834,2026-01-16 15:44:31,normal,1440,13,A,base,urgent_first,24142.533333333333,False
8835,2026-01-16 15:47:30,normal,1440,3,A,base,urgent_first,24140.783333333333,False
8836,2026-01-16 15:47:32,urgent,240,3,A,base,urgent_first,54.35,True
8837,2026-01-16 15:48:43,normal,1440,3,C,base,urgent_first,24144.6,False
8838,2026-01-16 15:48:45,normal,1440,2,B,base,urgent_first,24146.15,False
8839,2026-01-16 15:50:07,urgent,240,5,A,base,urgent_first,53.25,True
8840,2026-01-16 15:51:26,normal,1440,5,A,base,urgent_first,24150.833333333332,False
8841,2026-01-16 15:53:06,normal,1440,16,A,base,urgent_first,24166.333333333332,False
8842,2026-01-16 15:53:22,normal,1440,4,A,base,urgent_first,24167.516666666666,False
8843,2026-01-16 15:53:48,normal,1440,5,A,base,urgent_first,24170.716666666667,False
8844,2026-01-16 15:54:19,normal,1440,3,A,base,urgent_first,24171.683333333334,False
8845,2026-01-16 15:57:41,normal,1440,5,A,base,urgent_first,24175.616666666665,False
8846,2026-01-16 15:58:07,urgent,240,2,A,base,urgent_first,46.46666666666667,True
8847,2026-01-16 15:59:11,normal,1440,5,C,base,urgent_first,24185.75,False
8848,2026-01-16 15:59:33,normal,1440,10,A,base,urgent_first,24192.716666666667,False
8849,2026-01-16 15:59:52,normal,1440,7,B,base,urgent_first,24200.583333333332,False
8850,2026-01-16 16:01:42,normal,1440,2,B,base,urgent_first,24200.2,False
8851,2026-01-16 16:02:05,normal,1440,10,A,base,urgent_first,24210.583333333332,False
8852,2026-01-16 16:02:35,normal,1440,2,A,base,urgent_first,24211.116666666665,False
8853,2026-01-16 16:02:42,normal,1440,5,C,base,urgent_first,24223.6,False
8854,2026-01-16 16:02:50,normal,1440,3,B,base,urgent_first,24225.683333333334,False
8855,2026-01-16 16:03:10,normal,1440,2,A,base,urgent_first,24227.8,False
8856,2026-01-16 16:03:27,normal,1440,8,C,base,urgent_first,24238.016666666666,False
8857,2026-01-16 16:03:57,normal,1440,8,A,base,urgent_first,24245.9,False
8858,2026-01-16 16:07:46,normal,1440,4,B,base,urgent_first,24245.566666666666,False
8859,2026-01-16 16:09:32,normal,1440,4,C,base,urgent_first,24250.133333333335,False
8860,2026-01-16 16:10:23,normal,1440,2,C,base,urgent_first,24252.5,False
8861,2026-01-16 16:10:29,normal,1440,1,B,base,urgent_first,24253.933333333334,False
8862,2026-01-16 16:11:44,normal,1440,3,A,base,urgent_first,24257.766666666666,False
8863,2026-01-16 16:11:47,normal,1440,1,A,base,urgent_first,24259.933333333334,False
8864,2026-01-16 16:12:20,normal,1440,4,A,base,urgent_first,24264.933333333334,False
8865,2026-01-16 16:12:42,normal,1440,6,A,base,urgent_first,24269.816666666666,False
8866,2026-01-16 16:12:49,normal,1440,4,C,base,urgent_first,24277.433333333334,False
8867,2026-01-16 16:13:16,normal,1440,2,B,base,urgent_first,24278.55,False
8868,2026-01-16 16:14:11,normal,1440,2,C,base,urgent_first,24282.85,False
8869,2026-01-16 16:15:30,normal,1440,3,B,base,urgent_first,24283.766666666666,False
8870,2026-01-16 16:17:00,normal,1440,5,A,base,urgent_first,24289.883333333335,False
8871,2026-01-16 16:17:41,normal,1440,2,A,base,urgent_first,24290.366666666665,False
8872,2026-01-16 16:18:34,normal,1440,6,B,base,urgent_first,24301.533333333333,False
8873,2026-01-16 16:19:02,normal,1440,2,B,base,urgent_first,24303.583333333332,False
8874,2026-01-16 16:19:50,normal,1440,3,C,base,urgent_first,24311.75,False
8875,2026-01-16 16:22:24,normal,1440,6,A,base,urgent_first,24313.183333333334,False
8876,2026-01-16 16:22:39,normal,1440,4,B,base,urgent_first,24316.25,False
8877,2026-01-16 16:23:03,normal,1440,7,A,base,urgent_first,24323.116666666665,False
8878,2026-01-16 16:24:28,normal,1440,6,B,base,urgent_first,24329.083333333332,False
8879,2026-01-16 16:26:01,normal,1440,2,A,base,urgent_first,24328.7,False
8880,2026-01-16 16:26:10,normal,1440,5,B,base,urgent_first,24333.816666666666,False
8881,2026-01-16 16:30:13,normal,1440,2,A,base,urgent_first,24332.05,False
8882,2026-01-16 16:32:53,normal,1440,3,B,base,urgent_first,24333.533333333333,False
8883,2026-01-16 16:32:54,normal,1440,7,B,base,urgent_first,24342.016666666666,False
8884,2026-01-16 16:35:37,normal,1440,3,B,base,urgent_first,24341.216666666667,False
8885,2026-01-16 16:36:25,normal,1440,12,A,base,urgent_first,24367.983333333334,False
8886,2026-01-16 16:36:56,normal,1440,2,A,base,urgent_first,24368.433333333334,False
8887,2026-01-16 16:37:10,normal,1440,5,A,base,urgent_first,24371.166666666668,False
8888,2026-01-16 16:40:28,normal,1440,3,C,base,urgent_first,24370.016666666666,False
8889,2026-01-16 16:40:58,normal,1440,2,B,base,urgent_first,24371.183333333334,False
8890,2026-01-16 16:41:41,normal,1440,2,B,base,urgent_first,24373.483333333334,False
8891,2026-01-16 16:41:50,normal,1440,3,B,base,urgent_first,24379.416666666668,False
8892,2026-01-16 16:43:41,normal,1440,13,A,base,urgent_first,24391.483333333334,False
8893,2026-01-16 16:46:24,normal,1440,1,B,base,urgent_first,24389.716666666667,False
8894,2026-01-16 16:47:00,normal,1440,3,A,base,urgent_first,24390.516666666666,False
8895,2026-01-16 16:48:54,normal,1440,4,B,base,urgent_first,24396.983333333334,False
8896,2026-01-16 16:50:01,normal,1440,5,A,base,urgent_first,24400.516666666666,False
8897,2026-01-16 16:50:23,urgent,240,4,A,base,urgent_first,16.6,True
8898,2026-01-16 16:52:11,normal,1440,4,B,base,urgent_first,24401.2,False
8899,2026-01-16 16:54:20,normal,1440,5,B,base,urgent_first,24402.9,False
8900,2026-01-16 16:56:26,normal,1440,1,A,base,urgent_first,24401.833333333332,False
8901,2026-01-16 17:00:40,normal,1440,2,B,base,urgent_first,24400.9,False
8902,2026-01-16 17:02:51,urgent,240,5,B,base,urgent_first,88.58333333333333,True
8903,2026-01-16 17:03:00,normal,1440,3,A,base,urgent_first,24402.0,False
8904,2026-01-16 17:03:34,urgent,240,8,A,base,urgent_first,90.3,True
8905,2026-01-16 17:04:34,normal,1440,6,B,base,urgent_first,24407.816666666666,False
8906,2026-01-16 17:05:20,normal,1440,3,B,base,urgent_first,24409.0,False
8907,2026-01-16 17:06:38,normal,1440,2,A,base,urgent_first,24410.216666666667,False
8908,2026-01-16 17:06:46,normal,1440,9,B,base,urgent_first,24422.8,False
8909,2026-01-16 17:09:02,normal,1440,5,B,base,urgent_first,24425.333333333332,False
8910,2026-01-16 17:09:07,normal,1440,5,A,base,urgent_first,24428.9,False
8911,2026-01-16 17:10:33,normal,1440,6,B,base,urgent_first,24432.583333333332,False
8912,2026-01-16 17:11:02,normal,1440,4,A,base,urgent_first,24434.95,False
8913,2026-01-16 17:12:39,normal,1440,4,A,base,urgent_first,24437.45,False
8914,2026-01-16 17:12:55,normal,1440,3,A,base,urgent_first,24439.316666666666,False
8915,2026-01-16 17:14:35,normal,1440,2,A,base,urgent_first,24443.283333333333,False
8916,2026-01-16 17:15:10,normal,1440,1,B,base,urgent_first,24444.316666666666,False
8917,2026-01-16 17:17:09,normal,1440,4,A,base,urgent_first,24446.6,False
8918,2026-01-16 17:20:14,normal,1440,3,B,base,urgent_first,24452.6,False
8919,2026-01-16 17:21:14,urgent,240,4,B,base,urgent_first,74.05,True
8920,2026-01-16 17:22:49,normal,1440,4,A,base,urgent_first,24456.616666666665,False
8921,2026-01-16 17:23:09,urgent,240,5,C,base,urgent_first,73.66666666666667,True
8922,2026-01-16 17:23:21,urgent,240,4,A,base,urgent_first,74.68333333333334,True
8923,2026-01-16 17:24:16,normal,1440,5,A,base,urgent_first,24459.85,False
8924,2026-01-16 17:25:45,normal,1440,6,A,base,urgent_first,24466.616666666665,False
8925,2026-01-16 17:25:53,normal,1440,2,C,base,urgent_first,24467.816666666666,False
8926,2026-01-16 17:27:19,normal,1440,10,B,base,urgent_first,24475.95,False
8927,2026-01-16 17:28:21,normal,1440,3,B,base,urgent_first,24476.183333333334,False
8928,2026-01-16 17:28:57,normal,1440,2,B,base,urgent_first,24479.983333333334,False
8929,2026-01-16 17:30:18,normal,1440,2,B,base,urgent_first,24481.483333333334,False
8930,2026-01-16 17:30:46,normal,1440,2,A,base,urgent_first,24482.216666666667,False
8931,2026-01-16 17:30:54,normal,1440,3,B,base,urgent_first,24486.016666666666,False
8932,2026-01-16 17:31:21,normal,1440,1,A,base,urgent_first,24486.533333333333,False
8933,2026-01-16 17:31:25,normal,1440,3,A,base,urgent_first,24491.016666666666,False
8934,2026-01-16 17:31:44,urgent,240,6,A,base,urgent_first,68.3,True
8935,2026-01-16 17:33:14,normal,1440,4,A,base,urgent_first,24493.05,False
8936,2026-01-16 17:34:15,normal,1440,3,A,base,urgent_first,24494.383333333335,False
8937,2026-01-16 17:35:01,normal,1440,7,B,base,urgent_first,24503.916666666668,False
8938,2026-01-16 17:35:09,normal,1440,3,B,base,urgent_first,24506.5,False
8939,2026-01-16 17:36:51,normal,1440,3,A,base,urgent_first,24505.733333333334,False
8940,2026-01-16 17:36:56,normal,1440,6,A,base,urgent_first,24514.3,False
8941,2026-01-16 17:38:49,normal,1440,5,A,base,urgent_first,24516.383333333335,False
8942,2026-01-16 17:39:13,normal,1440,7,B,base,urgent_first,24523.25,False
8943,2026-01-16 17:41:21,normal,1440,3,A,base,urgent_first,24523.166666666668,False
8944,2026-01-16 17:42:00,normal,1440,3,A,base,urgent_first,24526.766666666666,False
8945,2026-01-16 17:45:31,normal,1440,5,A,base,urgent_first,24527.866666666665,False
8946,2026-01-16 17:45:41,normal,1440,4,B,base,urgent_first,24533.666666666668,False
8947,2026-01-16 17:48:05,normal,1440,2,B,base,urgent_first,24533.766666666666,False
8948,2026-01-16 17:50:12,normal,1440,4,A,base,urgent_first,24539.233333333334,False
8949,2026-01-16 17:51:00,normal,1440,3,B,base,urgent_first,24541.266666666666,False
8950,2026-01-16 17:54:48,urgent,240,8,B,base,urgent_first,47.1,True
8951,2026-01-16 17:55:30,normal,1440,3,A,base,urgent_first,24539.25,False
8952,2026-01-16 17:56:21,normal,1440,1,A,base,urgent_first,24540.133333333335,False
8953,2026-01-16 17:56:40,normal,1440,4,A,base,urgent_first,24544.633333333335,False
8954,2026-01-16 17:57:47,normal,1440,2,A,base,urgent_first,24545.183333333334,False
8955,2026-01-16 17:59:42,urgent,240,4,A,base,urgent_first,43.7,True
8956,2026-01-16 17:59:55,normal,1440,2,A,base,urgent_first,24545.583333333332,False
8957,2026-01-16 18:00:09,normal,1440,4,A,base,urgent_first,24551.233333333334,False
8958,2026-01-16 18:01:43,normal,1440,4,A,base,urgent_first,24556.383333333335,False
8959,2026-01-16 18:05:29,normal,1440,4,A,base,urgent_first,24557.366666666665,False
8960,2026-01-16 18:06:04,normal,1440,2,B,base,urgent_first,24559.233333333334,False
8961,2026-01-16 18:12:32,normal,1440,8,A,base,urgent_first,24564.016666666666,False
8962,2026-01-16 18:13:04,normal,1440,5,A,base,urgent_first,24567.416666666668,False
8963,2026-01-16 18:13:12,normal,1440,3,A,base,urgent_first,24568.383333333335,False
8964,2026-01-16 18:15:12,normal,1440,3,A,base,urgent_first,24570.083333333332,False
8965,2026-01-16 18:19:47,normal,1440,6,A,base,urgent_first,24573.5,False
8966,2026-01-16 18:19:47,normal,1440,7,C,base,urgent_first,24584.266666666666,False
8967,2026-01-16 18:20:38,normal,1440,7,A,base,urgent_first,24588.0,False
8968,2026-01-16 18:20:59,normal,1440,5,C,base,urgent_first,24590.916666666668,False
8969,2026-01-16 18:22:45,normal,1440,4,C,base,urgent_first,24594.2,False
8970,2026-01-16 18:24:21,normal,1440,2,A,base,urgent_first,24594.55,False
8971,2026-01-16 18:30:02,normal,1440,3,B,base,urgent_first,24592.783333333333,False
8972,2026-01-16 18:30:12,urgent,240,4,A,base,urgent_first,14.85,True
8973,2026-01-16 18:32:19,urgent,240,3,A,base,urgent_first,13.95,True
8974,2026-01-16 18:32:23,normal,1440,4,B,base,urgent_first,24595.95,False
8975,2026-01-16 18:32:39,normal,1440,3,B,base,urgent_first,24599.65,False
8976,2026-01-16 18:34:47,normal,1440,3,C,base,urgent_first,24604.133333333335,False
8977,2026-01-16 18:35:05,normal,1440,2,A,base,urgent_first,24605.45,False
8978,2026-01-16 18:35:33,normal,1440,3,B,base,urgent_first,24608.683333333334,False
8979,2026-01-16 18:37:05,normal,1440,8,A,base,urgent_first,24617.016666666666,False
8980,2026-01-16 18:38:40,normal,1440,1,A,base,urgent_first,24616.416666666668,False
8981,2026-01-16 18:39:33,normal,1440,2,A,base,urgent_first,24616.783333333333,False
8982,2026-01-16 18:41:06,normal,1440,6,B,base,urgent_first,24621.983333333334,False
8983,2026-01-16 18:42:35,normal,1440,2,A,base,urgent_first,24623.416666666668,False
8984,2026-01-16 18:42:58,normal,1440,3,C,base,urgent_first,24628.95,False
8985,2026-01-16 18:47:02,urgent,240,3,A,base,urgent_first,47.483333333333334,True
8986,2026-01-16 18:47:24,normal,1440,4,B,base,urgent_first,24629.55,False
8987,2026-01-16 18:49:18,normal,1440,2,A,base,urgent_first,24628.966666666667,False
8988,2026-01-16 18:50:27,urgent,240,1,A,base,urgent_first,45.0,True
8989,2026-01-16 18:51:30,urgent,240,4,A,base,urgent_first,45.4,True
8990,2026-01-16 18:53:29,urgent,240,7,C,base,urgent_first,57.766666666666666,True
8991,2026-01-16 18:53:43,urgent,240,3,B,base,urgent_first,58.96666666666667,True
8992,2026-01-16 18:55:53,normal,1440,9,B,base,urgent_first,24637.5,False
8993,2026-01-16 18:56:24,normal,1440,4,A,base,urgent_first,24638.1,False
8994,2026-01-16 18:56:27,normal,1440,12,C,base,urgent_first,24653.516666666666,False
8995,2026-01-16 18:57:17,normal,1440,4,A,base,urgent_first,24653.95,False
8996,2026-01-16 18:59:41,normal,1440,8,B,base,urgent_first,24664.616666666665,False
8997,2026-01-16 19:00:49,normal,1440,2,B,base,urgent_first,24664.95,False
8998,2026-01-16 19:06:18,normal,1440,1,A,base,urgent_first,24660.616666666665,False
8999,2026-01-16 19:07:02,normal,1440,4,A,base,urgent_first,24663.95,False
9000,2026-01-16 19:13:34,normal,1440,8,B,base,urgent_first,24666.383333333335,False
9001,2026-01-16 19:14:34,normal,1440,1,A,base,urgent_first,24666.4,False
9002,2026-01-16 19:16:39,normal,1440,11,A,base,urgent_first,24679.083333333332,False
9003,2026-01-16 19:17:11,urgent,240,6,A,base,urgent_first,37.38333333333333,True
9004,2026-01-16 19:17:44,normal,1440,4,B,base,urgent_first,24680.75,False
9005,2026-01-16 19:18:48,normal,1440,2,B,base,urgent_first,24683.333333333332,False
9006,2026-01-16 19:22:37,normal,1440,7,C,base,urgent_first,24693.233333333334,False
9007,2026-01-16 19:35:59,normal,1440,3,B,base,urgent_first,24681.316666666666,False
9008,2026-01-16 19:37:32,normal,1440,1,A,base,urgent_first,24681.0,False
9009,2026-01-16 19:42:11,normal,1440,2,A,base,urgent_first,24678.833333333332,False
9010,2026-01-16 19:43:14,normal,1440,2,C,base,urgent_first,24682.4,False
9011,2026-01-16 19:46:01,normal,1440,1,B,base,urgent_first,24682.35,False
9012,2026-01-16 19:47:20,normal,1440,5,A,base,urgent_first,24689.416666666668,False
9013,2026-01-16 19:48:00,urgent,240,4,C,base,urgent_first,27.916666666666668,True
9014,2026-01-16 19:52:24,normal,1440,9,A,base,urgent_first,24696.116666666665,False
9015,2026-01-16 19:54:58,normal,1440,2,A,base,urgent_first,24694.4,False
9016,2026-01-19 08:01:47,normal,1440,2,A,base,urgent_first,21088.9,False
9017,2026-01-19 08:02:17,normal,1440,6,B,base,urgent_first,21094.666666666668,False
9018,2026-01-19 08:08:54,normal,1440,8,B,base,urgent_first,21105.05,False
9019,2026-01-19 08:09:31,normal,1440,2,A,base,urgent_first,21105.533333333333,False
9020,2026-01-19 08:09:43,normal,1440,5,A,base,urgent_first,21108.5,False
9021,2026-01-19 08:12:18,normal,1440,2,A,base,urgent_first,21107.783333333333,False
9022,2026-01-19 08:12:35,normal,1440,5,A,base,urgent_first,21112.45,False
9023,2026-01-19 08:17:01,normal,1440,5,A,base,urgent_first,21114.216666666667,False
9024,2026-01-19 08:18:29,normal,1440,7,A,base,urgent_first,21121.25,False
9025,2026-01-19 08:20:04,normal,1440,3,A,base,urgent_first,21120.966666666667,False
9026,2026-01-19 08:20:05,normal,1440,6,B,base,urgent_first,21127.033333333333,False
9027,2026-01-19 08:20:27,normal,1440,2,C,base,urgent_first,21128.4,False
9028,2026-01-19 08:21:02,normal,1440,3,A,base,urgent_first,21130.366666666665,False
9029,2026-01-19 08:21:10,normal,1440,1,A,base,urgent_first,21131.916666666668,False
9030,2026-01-19 08:21:59,urgent,240,2,A,base,urgent_first,57.35,True
9031,2026-01-19 08:22:18,normal,1440,4,A,base,urgent_first,21136.583333333332,False
9032,2026-01-19 08:22:20,normal,1440,4,C,base,urgent_first,21142.516666666666,False
9033,2026-01-19 08:22:40,normal,1440,3,A,base,urgent_first,21144.9,False
9034,2026-01-19 08:23:06,urgent,240,1,A,base,urgent_first,57.06666666666667,True
9035,2026-01-19 08:23:30,normal,1440,6,B,base,urgent_first,21154.3,False
9036,2026-01-19 08:26:33,urgent,240,4,B,base,urgent_first,55.5,True
9037,2026-01-19 08:28:12,normal,1440,2,B,base,urgent_first,21150.683333333334,False
9038,2026-01-19 08:28:56,normal,1440,1,B,base,urgent_first,21151.966666666667,False
9039,2026-01-19 08:29:02,normal,1440,1,A,base,urgent_first,21155.383333333335,False
9040,2026-01-19 08:29:56,normal,1440,5,B,base,urgent_first,21162.366666666665,False
9041,2026-01-19 08:30:10,urgent,240,4,A,base,urgent_first,53.4,True
9042,2026-01-19 08:33:43,normal,1440,3,A,base,urgent_first,21161.833333333332,False
9043,2026-01-19 08:33:59,urgent,240,4,B,base,urgent_first,50.78333333333333,True
9044,2026-01-19 08:35:23,normal,1440,2,B,base,urgent_first,21163.966666666667,False
9045,2026-01-19 08:36:21,normal,1440,3,C,base,urgent_first,21172.916666666668,False
9046,2026-01-19 08:37:09,normal,1440,6,C,base,urgent_first,21177.516666666666,False
9047,2026-01-19 08:37:58,normal,1440,1,A,base,urgent_first,21177.683333333334,False
9048,2026-01-19 08:38:19,normal,1440,2,A,base,urgent_first,21183.183333333334,False
9049,2026-01-19 08:42:03,normal,1440,1,A,base,urgent_first,21180.95,False
9050,2026-01-19 08:43:15,urgent,240,4,A,base,urgent_first,42.78333333333333,True
9051,2026-01-19 08:43:49,normal,1440,4,A,base,urgent_first,21184.966666666667,False
9052,2026-01-19 08:45:23,normal,1440,3,A,base,urgent_first,21186.383333333335,False
9053,2026-01-19 08:48:32,normal,1440,6,A,base,urgent_first,21191.116666666665,False
9054,2026-01-19 08:49:16,normal,1440,5,B,base,urgent_first,21194.05,False
9055,2026-01-19 08:57:13,normal,1440,4,C,base,urgent_first,21196.2,False
9056,2026-01-19 08:57:38,normal,1440,9,A,base,urgent_first,21205.4,False
9057,2026-01-19 08:59:09,normal,1440,12,A,base,urgent_first,21214.4,False
9058,2026-01-19 08:59:42,normal,1440,3,A,base,urgent_first,21215.0,False
9059,2026-01-19 09:00:02,normal,1440,3,A,base,urgent_first,21216.116666666665,False
9060,2026-01-19 09:00:33,normal,1440,6,C,base,urgent_first,21226.85,False
9061,2026-01-19 09:00:41,normal,1440,7,A,base,urgent_first,21232.383333333335,False
9062,2026-01-19 09:00:56,normal,1440,14,C,base,urgent_first,21263.416666666668,False
9063,2026-01-19 09:01:58,urgent,240,3,B,base,urgent_first,25.433333333333334,True
9064,2026-01-19 09:02:18,normal,1440,1,A,base,urgent_first,21263.05,False
9065,2026-01-19 09:04:21,normal,1440,1,B,base,urgent_first,21262.033333333333,False
9066,2026-01-19 09:05:10,urgent,240,4,A,base,urgent_first,23.183333333333334,True
9067,2026-01-19 09:05:48,urgent,240,4,B,base,urgent_first,23.916666666666668,True
9068,2026-01-19 09:06:26,normal,1440,8,B,base,urgent_first,21272.216666666667,False
9069,2026-01-19 09:06:39,normal,1440,7,B,base,urgent_first,21278.1,False
9070,2026-01-19 09:06:42,normal,1440,1,C,base,urgent_first,21279.166666666668,False
9071,2026-01-19 09:07:54,normal,1440,4,B,base,urgent_first,21285.216666666667,False
9072,2026-01-19 09:09:26,normal,1440,5,A,base,urgent_first,21287.15,False
9073,2026-01-19 09:09:48,normal,1440,5,A,base,urgent_first,21291.033333333333,False
9074,2026-01-19 09:10:22,normal,1440,1,B,base,urgent_first,21291.4,False
9075,2026-01-19 09:10:25,urgent,240,4,B,base,urgent_first,21.116666666666667,True
9076,2026-01-19 09:10:46,normal,1440,7,C,base,urgent_first,21301.983333333334,False
9077,2026-01-19 09:12:41,normal,1440,4,A,base,urgent_first,21302.5,False
9078,2026-01-19 09:12:53,normal,1440,5,A,base,urgent_first,21307.183333333334,False
9079,2026-01-19 09:13:00,normal,1440,7,B,base,urgent_first,21318.25,False
9080,2026-01-19 09:16:20,normal,1440,1,C,base,urgent_first,21316.383333333335,False
9081,2026-01-19 09:16:26,normal,1440,2,B,base,urgent_first,21318.0,False
9082,2026-01-19 09:17:00,normal,1440,6,C,base,urgent_first,21327.966666666667,False
9083,2026-01-19 09:18:33,normal,1440,7,A,base,urgent_first,21336.283333333333,False
9084,2026-01-19 09:19:30,normal,1440,7,C,base,urgent_first,21350.85,False
9085,2026-01-19 09:19:32,normal,1440,2,B,base,urgent_first,21352.0,False
9086,2026-01-19 09:19:40,normal,1440,2,A,base,urgent_first,21353.033333333333,False
9087,2026-01-19 09:19:57,urgent,240,2,A,base,urgent_first,12.433333333333334,True
9088,2026-01-19 09:20:39,urgent,240,5,A,base,urgent_first,26.016666666666666,True
9089,2026-01-19 09:20:43,normal,1440,3,B,base,urgent_first,21356.55,False
9090,2026-01-19 09:21:10,normal,1440,5,C,base,urgent_first,21366.4,False
9091,2026-01-19 09:23:19,normal,1440,7,A,base,urgent_first,21376.583333333332,False
9092,2026-01-19 09:23:48,normal,1440,3,B,base,urgent_first,21378.116666666665,False
9093,2026-01-19 09:24:13,normal,1440,6,A,base,urgent_first,21385.116666666665,False
9094,2026-01-19 09:25:38,normal,1440,5,A,base,urgent_first,21387.033333333333,False
9095,2026-01-19 09:26:45,normal,1440,2,A,base,urgent_first,21388.366666666665,False
9096,2026-01-19 09:27:17,normal,1440,4,B,base,urgent_first,21394.166666666668,False
9097,2026-01-19 09:28:05,normal,1440,6,C,base,urgent_first,21405.116666666665,False
9098,2026-01-19 09:28:06,normal,1440,5,A,base,urgent_first,21407.7,False
9099,2026-01-19 09:29:45,normal,1440,7,A,base,urgent_first,21411.383333333335,False
9100,2026-01-19 09:29:49,normal,1440,8,A,base,urgent_first,21417.45,False
9101,2026-01-19 09:29:56,normal,1440,2,B,base,urgent_first,21418.583333333332,False
9102,2026-01-19 09:31:39,normal,1440,6,A,base,urgent_first,21423.1,False
9103,2026-01-19 09:31:56,normal,1440,9,A,base,urgent_first,21432.65,False
9104,2026-01-19 09:32:14,normal,1440,5,B,base,urgent_first,21439.066666666666,False
9105,2026-01-19 09:32:48,normal,1440,2,C,base,urgent_first,21442.416666666668,False
9106,2026-01-19 09:32:58,normal,1440,3,C,base,urgent_first,21451.4,False
9107,2026-01-19 09:34:22,normal,1440,4,A,base,urgent_first,21454.25,False
9108,2026-01-19 09:34:33,normal,1440,3,A,base,urgent_first,21457.95,False
9109,2026-01-19 09:37:09,urgent,240,3,B,base,urgent_first,640.1833333333333,False
9110,2026-01-19 09:37:57,urgent,240,5,C,base,urgent_first,641.0166666666667,False
9111,2026-01-19 09:38:08,normal,1440,3,A,base,urgent_first,21459.7,False
9112,2026-01-19 09:38:26,normal,1440,2,B,base,urgent_first,21464.633333333335,False
9113,2026-01-19 09:38:38,normal,1440,4,A,base,urgent_first,21469.666666666668,False
9114,2026-01-19 09:38:51,normal,1440,4,B,base,urgent_first,21474.6,False
9115,2026-01-19 09:39:22,normal,1440,1,B,base,urgent_first,21475.45,False
9116,2026-01-19 09:39:25,normal,1440,5,A,base,urgent_first,21481.2,False
9117,2026-01-19 09:39:29,normal,1440,2,B,base,urgent_first,21484.116666666665,False
9118,2026-01-19 09:39:44,normal,1440,7,B,base,urgent_first,21496.65,False
9119,2026-01-19 09:41:08,normal,1440,2,C,base,urgent_first,21497.283333333333,False
9120,2026-01-19 09:41:47,urgent,240,6,B,base,urgent_first,639.1833333333333,False
9121,2026-01-19 09:42:07,normal,1440,9,A,base,urgent_first,21508.183333333334,False
9122,2026-01-19 09:42:10,normal,1440,6,B,base,urgent_first,21514.75,False
9123,2026-01-19 09:42:39,normal,1440,6,A,base,urgent_first,21522.983333333334,False
9124,2026-01-19 09:43:43,normal,1440,3,A,base,urgent_first,21523.616666666665,False
9125,2026-01-19 09:44:39,normal,1440,2,C,base,urgent_first,21527.283333333333,False
9126,2026-01-19 09:45:10,normal,1440,2,B,base,urgent_first,21529.8,False
9127,2026-01-19 09:45:48,normal,1440,2,B,base,urgent_first,21531.65,False
9128,2026-01-19 09:47:46,normal,1440,4,A,base,urgent_first,21536.2,False
9129,2026-01-19 09:48:23,normal,1440,4,A,base,urgent_first,21541.15,False
9130,2026-01-19 09:48:27,normal,1440,4,A,base,urgent_first,21544.283333333333,False
9131,2026-01-19 09:48:51,urgent,240,6,A,base,urgent_first,633.6333333333333,False
9132,2026-01-19 09:50:31,normal,1440,6,B,base,urgent_first,21550.133333333335,False
9133,2026-01-19 09:50:58,normal,1440,2,B,base,urgent_first,21551.733333333334,False
9134,2026-01-19 09:52:00,normal,1440,10,A,base,urgent_first,21565.233333333334,False
9135,2026-01-19 09:52:10,normal,1440,3,B,base,urgent_first,21566.833333333332,False
9136,2026-01-19 09:53:07,normal,1440,7,B,base,urgent_first,21580.433333333334,False
9137,2026-01-19 09:53:19,normal,1440,2,A,base,urgent_first,21581.5,False
9138,2026-01-19 09:53:55,urgent,240,7,A,base,urgent_first,630.4333333333333,False
9139,2026-01-19 09:54:36,normal,1440,3,B,base,urgent_first,21583.466666666667,False
9140,2026-01-19 09:55:17,urgent,240,7,B,base,urgent_first,630.8833333333333,False
9141,2026-01-19 09:55:18,normal,1440,2,B,base,urgent_first,21586.083333333332,False
9142,2026-01-19 09:56:03,normal,1440,3,C,base,urgent_first,21589.233333333334,False
9143,2026-01-19 09:56:13,normal,1440,2,B,base,urgent_first,21591.933333333334,False
9144,2026-01-19 09:57:06,normal,1440,3,A,base,urgent_first,21594.566666666666,False
9145,2026-01-19 09:57:29,normal,1440,3,A,base,urgent_first,21598.1,False
9146,2026-01-19 09:57:32,urgent,240,3,B,base,urgent_first,630.0833333333334,False
9147,2026-01-19 09:57:51,normal,1440,7,B,base,urgent_first,21604.866666666665,False
9148,2026-01-19 09:57:52,normal,1440,5,A,base,urgent_first,21610.933333333334,False
9149,2026-01-19 09:58:17,normal,1440,1,A,base,urgent_first,21611.516666666666,False
9150,2026-01-19 09:59:30,normal,1440,3,B,base,urgent_first,21615.15,False
9151,2026-01-19 10:00:01,normal,1440,2,B,base,urgent_first,21618.2,False
9152,2026-01-19 10:00:02,normal,1440,4,B,base,urgent_first,21623.333333333332,False
9153,2026-01-19 10:00:03,normal,1440,8,B,base,urgent_first,21635.616666666665,False
9154,2026-01-19 10:00:16,normal,1440,1,A,base,urgent_first,21636.533333333333,False
9155,2026-01-19 10:00:39,normal,1440,3,B,base,urgent_first,21637.8,False
9156,2026-01-19 10:00:49,normal,1440,3,B,base,urgent_first,21642.05,False
9157,2026-01-19 10:01:18,normal,1440,3,B,base,urgent_first,21645.7,False
9158,2026-01-19 10:02:05,normal,1440,2,B,base,urgent_first,21647.966666666667,False
9159,2026-01-19 10:02:14,urgent,240,6,A,base,urgent_first,627.0833333333334,False
9160,2026-01-19 10:02:26,normal,1440,4,A,base,urgent_first,21654.366666666665,False
9161,2026-01-19 10:02:51,normal,1440,9,A,base,urgent_first,21667.916666666668,False
9162,2026-01-19 10:02:55,normal,1440,10,C,base,urgent_first,21685.883333333335,False
9163,2026-01-19 10:03:25,normal,1440,1,A,base,urgent_first,21686.35,False
9164,2026-01-19 10:04:10,normal,1440,12,B,base,urgent_first,21698.333333333332,False
9165,2026-01-19 10:04:21,normal,1440,1,A,base,urgent_first,21699.083333333332,False
9166,2026-01-19 10:05:04,normal,1440,1,B,base,urgent_first,21699.566666666666,False
9167,2026-01-19 10:05:21,normal,1440,4,A,base,urgent_first,21701.833333333332,False
9168,2026-01-19 10:05:27,normal,1440,4,A,base,urgent_first,21704.083333333332,False
9169,2026-01-19 10:05:37,normal,1440,2,A,base,urgent_first,21705.35,False
9170,2026-01-19 10:05:41,normal,1440,2,B,base,urgent_first,21708.116666666665,False
9171,2026-01-19 10:06:04,normal,1440,3,C,base,urgent_first,21716.35,False
9172,2026-01-19 10:06:38,normal,1440,3,B,base,urgent_first,21719.866666666665,False
9173,2026-01-19 10:07:13,urgent,240,5,A,base,urgent_first,623.5666666666667,False
9174,2026-01-19 10:07:23,normal,1440,5,B,base,urgent_first,21725.566666666666,False
9175,2026-01-19 10:07:48,normal,1440,7,B,base,urgent_first,21737.483333333334,False
9176,2026-01-19 10:07:53,normal,1440,10,A,base,urgent_first,21746.966666666667,False
9177,2026-01-19 10:08:00,normal,1440,10,C,base,urgent_first,21759.366666666665,False
9178,2026-01-19 10:08:02,urgent,240,9,A,base,urgent_first,625.4,False
9179,2026-01-19 10:08:14,normal,1440,2,A,base,urgent_first,21760.666666666668,False
9180,2026-01-19 10:08:20,normal,1440,2,A,base,urgent_first,21762.516666666666,False
9181,2026-01-19 10:08:42,normal,1440,5,B,base,urgent_first,21765.4,False
9182,2026-01-19 10:09:25,urgent,240,1,B,base,urgent_first,625.3666666666667,False
9183,2026-01-19 10:09:43,normal,1440,3,C,base,urgent_first,21768.65,False
9184,2026-01-19 10:11:58,normal,1440,3,B,base,urgent_first,21769.033333333333,False
9185,2026-01-19 10:12:00,normal,1440,6,A,base,urgent_first,21774.233333333334,False
9186,2026-01-19 10:12:10,normal,1440,4,C,base,urgent_first,21779.0,False
9187,2026-01-19 10:12:59,normal,1440,3,A,base,urgent_first,21779.983333333334,False
9188,2026-01-19 10:13:40,normal,1440,2,C,base,urgent_first,21782.816666666666,False
9189,2026-01-19 10:13:47,normal,1440,6,B,base,urgent_first,21791.416666666668,False
9190,2026-01-19 10:13:50,normal,1440,4,A,base,urgent_first,21793.883333333335,False
9191,2026-01-19 10:14:02,urgent,240,2,A,base,urgent_first,621.7833333333333,False
9192,2026-01-19 10:14:06,normal,1440,2,B,base,urgent_first,21797.416666666668,False
9193,2026-01-19 10:15:12,normal,1440,4,B,base,urgent_first,21806.583333333332,False
9194,2026-01-19 10:16:06,normal,1440,12,A,base,urgent_first,21821.4,False
9195,2026-01-19 10:16:18,urgent,240,3,A,base,urgent_first,620.85,False
9196,2026-01-19 10:17:03,urgent,240,2,B,base,urgent_first,621.3333333333334,False
9197,2026-01-19 10:17:37,normal,1440,4,B,base,urgent_first,21822.316666666666,False
9198,2026-01-19 10:17:44,normal,1440,4,C,base,urgent_first,21829.416666666668,False
9199,2026-01-19 10:17:46,urgent,240,3,B,base,urgent_first,622.1,False
9200,2026-01-19 10:17:56,normal,1440,6,A,base,urgent_first,21838.866666666665,False
9201,2026-01-19 10:18:15,urgent,240,2,A,base,urgent_first,622.6166666666667,False
9202,2026-01-19 10:18:18,normal,1440,5,B,base,urgent_first,21846.4,False
9203,2026-01-19 10:18:37,normal,1440,5,A,base,urgent_first,21850.1,False
9204,2026-01-19 10:18:59,normal,1440,2,A,base,urgent_first,21851.1,False
9205,2026-01-19 10:19:00,normal,1440,6,B,base,urgent_first,21860.266666666666,False
9206,2026-01-19 10:19:12,normal,1440,4,C,base,urgent_first,21873.1,False
9207,2026-01-19 10:19:16,normal,1440,4,C,base,urgent_first,21879.466666666667,False
9208,2026-01-19 10:19:30,normal,1440,2,A,base,urgent_first,21882.05,False
9209,2026-01-19 10:19:54,normal,1440,6,B,base,urgent_first,21890.783333333333,False
9210,2026-01-19 10:20:26,normal,1440,3,C,base,urgent_first,21894.133333333335,False
9211,2026-01-19 10:20:34,normal,1440,2,C,base,urgent_first,21897.933333333334,False
9212,2026-01-19 10:20:50,normal,1440,5,A,base,urgent_first,21909.233333333334,False
9213,2026-01-19 10:20:50,normal,1440,3,B,base,urgent_first,21904.083333333332,False
9214,2026-01-19 10:21:29,normal,1440,7,A,base,urgent_first,21913.066666666666,False
9215,2026-01-19 10:21:36,normal,1440,5,C,base,urgent_first,21921.333333333332,False
9216,2026-01-19 10:21:46,normal,1440,2,A,base,urgent_first,21923.533333333333,False
9217,2026-01-19 10:22:05,normal,1440,2,B,base,urgent_first,21926.066666666666,False
9218,2026-01-19 10:22:13,normal,1440,7,C,base,urgent_first,21945.9,False
9219,2026-01-19 10:22:33,normal,1440,4,B,base,urgent_first,21949.716666666667,False
9220,2026-01-19 10:22:40,normal,1440,3,C,base,urgent_first,21955.25,False
9221,2026-01-19 10:22:53,normal,1440,2,B,base,urgent_first,21956.4,False
9222,2026-01-19 10:24:02,normal,1440,1,B,base,urgent_first,21957.933333333334,False
9223,2026-01-19 10:24:14,normal,1440,1,B,base,urgent_first,21961.233333333334,False
9224,2026-01-19 10:24:48,normal,1440,3,A,base,urgent_first,21968.033333333333,False
9225,2026-01-19 10:25:15,normal,1440,1,C,base,urgent_first,21970.033333333333,False
9226,2026-01-19 10:25:31,normal,1440,3,A,base,urgent_first,21973.983333333334,False
9227,2026-01-19 10:26:07,normal,1440,3,B,base,urgent_first,21976.633333333335,False
9228,2026-01-19 10:26:21,normal,1440,2,A,base,urgent_first,21978.783333333333,False
9229,2026-01-19 10:26:44,normal,1440,9,A,base,urgent_first,21992.916666666668,False
9230,2026-01-19 10:27:24,normal,1440,3,A,base,urgent_first,21994.05,False
9231,2026-01-19 10:27:40,normal,1440,5,A,base,urgent_first,21998.483333333334,False
9232,2026-01-19 10:28:47,normal,1440,2,A,base,urgent_first,21998.833333333332,False
9233,2026-01-19 10:28:49,normal,1440,4,A,base,urgent_first,22004.033333333333,False
9234,2026-01-19 10:29:06,normal,1440,17,B,base,urgent_first,22022.733333333334,False
9235,2026-01-19 10:29:06,urgent,240,4,A,base,urgent_first,613.55,False
9236,2026-01-19 10:29:42,normal,1440,2,B,base,urgent_first,22023.216666666667,False
9237,2026-01-19 10:30:14,normal,1440,2,B,base,urgent_first,22023.966666666667,False
9238,2026-01-19 10:30:45,normal,1440,11,B,base,urgent_first,22039.083333333332,False
9239,2026-01-19 10:31:28,normal,1440,7,B,base,urgent_first,22043.8,False
9240,2026-01-19 10:31:31,normal,1440,4,A,base,urgent_first,22045.283333333333,False
9241,2026-01-19 10:31:55,normal,1440,2,A,base,urgent_first,22046.983333333334,False
9242,2026-01-19 10:32:06,normal,1440,5,A,base,urgent_first,22052.45,False
9243,2026-01-19 10:32:37,normal,1440,5,A,base,urgent_first,22058.533333333333,False
9244,2026-01-19 10:32:57,normal,1440,1,A,base,urgent_first,22059.25,False
9245,2026-01-19 10:33:25,normal,1440,2,A,base,urgent_first,22061.183333333334,False
9246,2026-01-19 10:33:53,normal,1440,2,A,base,urgent_first,22066.5,False
9247,2026-01-19 10:34:46,normal,1440,5,B,base,urgent_first,22073.25,False
9248,2026-01-19 10:35:54,normal,1440,16,A,base,urgent_first,22091.85,False
9249,2026-01-19 10:35:58,normal,1440,3,A,base,urgent_first,22092.733333333334,False
9250,2026-01-19 10:36:24,normal,1440,3,B,base,urgent_first,22093.466666666667,False
9251,2026-01-19 10:38:34,normal,1440,1,A,base,urgent_first,22092.55,False
9252,2026-01-19 10:39:44,normal,1440,2,B,base,urgent_first,22093.766666666666,False
9253,2026-01-19 10:40:36,normal,1440,5,B,base,urgent_first,22098.9,False
9254,2026-01-19 10:40:39,normal,1440,1,B,base,urgent_first,22100.116666666665,False
9255,2026-01-19 10:40:41,normal,1440,2,A,base,urgent_first,22102.366666666665,False
9256,2026-01-19 10:40:45,normal,1440,2,A,base,urgent_first,22104.783333333333,False
9257,2026-01-19 10:41:00,normal,1440,4,C,base,urgent_first,22118.216666666667,False
9258,2026-01-19 10:41:22,normal,1440,3,B,base,urgent_first,22119.7,False
9259,2026-01-19 10:41:42,normal,1440,2,B,base,urgent_first,22122.766666666666,False
9260,2026-01-19 10:41:48,normal,1440,3,A,base,urgent_first,22125.516666666666,False
9261,2026-01-19 10:43:02,normal,1440,5,C,base,urgent_first,22132.85,False
9262,2026-01-19 10:43:43,normal,1440,5,C,base,urgent_first,22142.166666666668,False
9263,2026-01-19 10:44:03,normal,1440,1,A,base,urgent_first,22142.916666666668,False
9264,2026-01-19 10:44:23,normal,1440,6,A,base,urgent_first,22147.833333333332,False
9265,2026-01-19 10:44:24,normal,1440,4,B,base,urgent_first,22151.7,False
9266,2026-01-19 10:44:25,urgent,240,1,B,base,urgent_first,599.4166666666666,False
9267,2026-01-19 10:45:03,urgent,240,4,A,base,urgent_first,600.3666666666667,False
9268,2026-01-19 10:46:29,normal,1440,3,A,base,urgent_first,22154.616666666665,False
9269,2026-01-19 10:47:10,normal,1440,2,A,base,urgent_first,22156.233333333334,False
9270,2026-01-19 10:47:27,normal,1440,1,A,base,urgent_first,22157.933333333334,False
9271,2026-01-19 10:47:42,normal,1440,2,B,base,urgent_first,22161.566666666666,False
9272,2026-01-19 10:49:10,normal,1440,2,B,base,urgent_first,22163.616666666665,False
9273,2026-01-19 10:49:18,normal,1440,4,A,base,urgent_first,22168.316666666666,False
9274,2026-01-19 10:49:59,normal,1440,2,B,base,urgent_first,22169.833333333332,False
9275,2026-01-19 10:50:02,normal,1440,1,A,base,urgent_first,22170.716666666667,False
9276,2026-01-19 10:50:21,normal,1440,3,A,base,urgent_first,22175.366666666665,False
9277,2026-01-19 10:51:41,normal,1440,2,B,base,urgent_first,22179.533333333333,False
9278,2026-01-19 10:52:17,normal,1440,5,C,base,urgent_first,22187.183333333334,False
9279,2026-01-19 10:52:30,normal,1440,3,B,base,urgent_first,22189.433333333334,False
9280,2026-01-19 10:52:53,normal,1440,2,C,base,urgent_first,22193.516666666666,False
9281,2026-01-19 10:53:00,normal,1440,2,B,base,urgent_first,22195.183333333334,False
9282,2026-01-19 10:53:21,normal,1440,1,A,base,urgent_first,22196.1,False
9283,2026-01-19 10:53:33,urgent,240,3,B,base,urgent_first,593.2833333333333,False
9284,2026-01-19 10:53:33,normal,1440,4,B,base,urgent_first,22200.716666666667,False
9285,2026-01-19 10:53:44,normal,1440,4,B,base,urgent_first,22207.833333333332,False
9286,2026-01-19 10:54:25,normal,1440,1,A,base,urgent_first,22208.15,False
9287,2026-01-19 10:54:42,normal,1440,2,A,base,urgent_first,22211.133333333335,False
9288,2026-01-19 10:54:45,normal,1440,3,B,base,urgent_first,22216.016666666666,False
9289,2026-01-19 10:55:15,normal,1440,14,A,base,urgent_first,22230.75,False
9290,2026-01-19 10:57:20,normal,1440,4,A,base,urgent_first,22231.4,False
9291,2026-01-19 10:57:25,normal,1440,3,C,base,urgent_first,22234.35,False
9292,2026-01-19 10:57:30,normal,1440,2,B,base,urgent_first,22236.433333333334,False
9293,2026-01-19 10:57:46,normal,1440,5,A,base,urgent_first,22239.35,False
9294,2026-01-19 10:57:47,normal,1440,6,B,base,urgent_first,22248.083333333332,False
9295,2026-01-19 10:59:54,urgent,240,3,C,base,urgent_first,588.4666666666667,False
9296,2026-01-19 11:01:06,normal,1440,2,A,base,urgent_first,22246.25,False
9297,2026-01-19 11:01:31,normal,1440,2,A,base,urgent_first,22247.4,False
9298,2026-01-19 11:02:46,normal,1440,4,B,base,urgent_first,22249.466666666667,False
9299,2026-01-19 11:03:13,normal,1440,1,A,base,urgent_first,22249.9,False
9300,2026-01-19 11:03:29,normal,1440,6,A,base,urgent_first,22257.0,False
9301,2026-01-19 11:03:32,normal,1440,2,C,base,urgent_first,22262.033333333333,False
9302,2026-01-19 11:03:51,normal,1440,5,A,base,urgent_first,22269.666666666668,False
9303,2026-01-19 11:04:22,normal,1440,5,C,base,urgent_first,22277.883333333335,False
9304,2026-01-19 11:06:20,normal,1440,4,A,base,urgent_first,22278.666666666668,False
9305,2026-01-19 11:06:27,normal,1440,4,B,base,urgent_first,22284.683333333334,False
9306,2026-01-19 11:07:01,normal,1440,3,B,base,urgent_first,22286.116666666665,False
9307,2026-01-19 11:07:16,normal,1440,3,B,base,urgent_first,22291.633333333335,False
9308,2026-01-19 11:07:29,normal,1440,7,A,base,urgent_first,22299.35,False
9309,2026-01-19 11:07:59,normal,1440,2,A,base,urgent_first,22300.583333333332,False
9310,2026-01-19 11:08:01,normal,1440,4,A,base,urgent_first,22305.15,False
9311,2026-01-19 11:08:33,normal,1440,3,A,base,urgent_first,22307.233333333334,False
9312,2026-01-19 11:08:55,normal,1440,6,A,base,urgent_first,22312.95,False
9313,2026-01-19 11:09:02,normal,1440,5,B,base,urgent_first,22317.966666666667,False
9314,2026-01-19 11:10:29,normal,1440,2,B,base,urgent_first,22320.933333333334,False
9315,2026-01-19 11:10:48,normal,1440,2,A,base,urgent_first,22322.966666666667,False
9316,2026-01-19 11:11:15,normal,1440,5,B,base,urgent_first,22327.833333333332,False
9317,2026-01-19 11:11:18,normal,1440,2,A,base,urgent_first,22330.366666666665,False
9318,2026-01-19 11:11:32,normal,1440,2,B,base,urgent_first,22332.766666666666,False
9319,2026-01-19 11:11:33,urgent,240,5,A,base,urgent_first,578.3833333333333,False
9320,2026-01-19 11:11:36,normal,1440,2,A,base,urgent_first,22335.066666666666,False
9321,2026-01-19 11:12:38,normal,1440,2,A,base,urgent_first,22337.116666666665,False
9322,2026-01-19 11:12:46,normal,1440,1,B,base,urgent_first,22339.3,False
9323,2026-01-19 11:13:11,normal,1440,7,C,base,urgent_first,22353.65,False
9324,2026-01-19 11:13:45,normal,1440,1,A,base,urgent_first,22354.0,False
9325,2026-01-19 11:13:50,urgent,240,15,A,base,urgent_first,579.4333333333333,False
9326,2026-01-19 11:13:59,normal,1440,2,A,base,urgent_first,22356.133333333335,False
9327,2026-01-19 11:14:00,normal,1440,1,B,base,urgent_first,22357.916666666668,False
9328,2026-01-19 11:14:11,normal,1440,2,A,base,urgent_first,22361.2,False
9329,2026-01-19 11:14:36,normal,1440,4,A,base,urgent_first,22367.1,False
9330,2026-01-19 11:14:44,normal,1440,2,B,base,urgent_first,22368.566666666666,False
9331,2026-01-19 11:16:26,normal,1440,3,B,base,urgent_first,22371.516666666666,False
9332,2026-01-19 11:17:26,normal,1440,4,A,base,urgent_first,22374.433333333334,False
9333,2026-01-19 11:17:39,normal,1440,1,B,base,urgent_first,22375.016666666666,False
9334,2026-01-19 11:17:53,normal,1440,1,C,base,urgent_first,22379.116666666665,False
9335,2026-01-19 11:18:14,normal,1440,6,A,base,urgent_first,22390.033333333333,False
9336,2026-01-19 11:18:33,urgent,240,9,A,base,urgent_first,576.6333333333333,False
9337,2026-01-19 11:18:40,normal,1440,4,A,base,urgent_first,22391.25,False
9338,2026-01-19 11:19:01,normal,1440,8,B,base,urgent_first,22405.816666666666,False
9339,2026-01-19 11:19:39,normal,1440,4,A,base,urgent_first,22408.716666666667,False
9340,2026-01-19 11:20:31,normal,1440,7,B,base,urgent_first,22416.516666666666,False
9341,2026-01-19 11:20:40,normal,1440,3,B,base,urgent_first,22418.033333333333,False
9342,2026-01-19 11:21:53,normal,1440,3,C,base,urgent_first,22423.75,False
9343,2026-01-19 11:21:55,urgent,240,4,B,base,urgent_first,575.3666666666667,False
9344,2026-01-19 11:21:56,normal,1440,2,B,base,urgent_first,22427.45,False
9345,2026-01-19 11:23:27,urgent,240,3,A,base,urgent_first,575.1333333333333,False
9346,2026-01-19 11:24:31,normal,1440,4,A,base,urgent_first,22431.4,False
9347,2026-01-19 11:25:03,normal,1440,2,B,base,urgent_first,22433.633333333335,False
9348,2026-01-19 11:25:11,normal,1440,2,A,base,urgent_first,22435.95,False
9349,2026-01-19 11:25:18,normal,1440,3,B,base,urgent_first,22441.283333333333,False
9350,2026-01-19 11:25:26,normal,1440,7,A,base,urgent_first,22449.933333333334,False
9351,2026-01-19 11:25:36,normal,1440,3,B,base,urgent_first,22452.883333333335,False
9352,2026-01-19 11:25:42,normal,1440,5,B,base,urgent_first,22458.1,False
9353,2026-01-19 11:26:03,normal,1440,4,C,base,urgent_first,22463.083333333332,False
9354,2026-01-19 11:26:21,normal,1440,2,A,base,urgent_first,22464.316666666666,False
9355,2026-01-19 11:26:23,normal,1440,3,C,base,urgent_first,22472.666666666668,False
9356,2026-01-19 11:26:31,normal,1440,4,A,base,urgent_first,22476.816666666666,False
9357,2026-01-19 11:27:07,urgent,240,2,B,base,urgent_first,572.6833333333333,False
9358,2026-01-19 11:28:22,normal,1440,1,A,base,urgent_first,22475.75,False
9359,2026-01-19 11:28:42,normal,1440,12,B,base,urgent_first,22495.466666666667,False
9360,2026-01-19 11:29:14,urgent,240,2,B,base,urgent_first,571.6333333333333,False
9361,2026-01-19 11:29:15,urgent,240,2,B,base,urgent_first,572.75,False
9362,2026-01-19 11:30:00,normal,1440,7,A,base,urgent_first,22497.7,False
9363,2026-01-19 11:30:29,normal,1440,7,A,base,urgent_first,22501.766666666666,False
9364,2026-01-19 11:31:22,normal,1440,2,C,base,urgent_first,22504.433333333334,False
9365,2026-01-19 11:31:45,normal,1440,5,A,base,urgent_first,22509.716666666667,False
9366,2026-01-19 11:31:49,normal,1440,6,A,base,urgent_first,22516.333333333332,False
9367,2026-01-19 11:32:13,normal,1440,1,A,base,urgent_first,22516.55,False
9368,2026-01-19 11:32:13,urgent,240,3,B,base,urgent_first,571.0833333333334,False
9369,2026-01-19 11:32:53,urgent,240,4,A,base,urgent_first,572.3666666666667,False
9370,2026-01-19 11:34:18,normal,1440,2,C,base,urgent_first,22516.8,False
9371,2026-01-19 11:34:40,normal,1440,17,B,base,urgent_first,22535.35,False
9372,2026-01-19 11:34:43,normal,1440,5,A,base,urgent_first,22537.35,False
9373,2026-01-19 11:34:49,urgent,240,4,A,base,urgent_first,572.2833333333333,False
9374,2026-01-19 11:35:03,normal,1440,3,A,base,urgent_first,22538.316666666666,False
9375,2026-01-19 11:36:04,normal,1440,4,B,base,urgent_first,22544.466666666667,False
9376,2026-01-19 11:36:11,normal,1440,2,A,base,urgent_first,22545.8,False
9377,2026-01-19 11:36:26,normal,1440,3,B,base,urgent_first,22551.266666666666,False
9378,2026-01-19 11:36:28,normal,1440,1,C,base,urgent_first,22554.016666666666,False
9379,2026-01-19 11:37:17,normal,1440,5,C,base,urgent_first,22566.35,False
9380,2026-01-19 11:38:46,normal,1440,3,B,base,urgent_first,22566.516666666666,False
9381,2026-01-19 11:39:39,normal,1440,2,B,base,urgent_first,22570.8,False
9382,2026-01-19 11:40:01,normal,1440,3,B,base,urgent_first,22575.633333333335,False
9383,2026-01-19 11:41:33,normal,1440,3,A,base,urgent_first,22577.5,False
9384,2026-01-19 11:42:14,normal,1440,4,B,base,urgent_first,22583.416666666668,False
9385,2026-01-19 11:42:33,normal,1440,4,A,base,urgent_first,22587.683333333334,False
9386,2026-01-19 11:42:58,normal,1440,6,A,base,urgent_first,22592.216666666667,False
9387,2026-01-19 11:43:41,normal,1440,3,B,base,urgent_first,22594.266666666666,False
9388,2026-01-19 11:44:18,normal,1440,3,B,base,urgent_first,22596.616666666665,False
9389,2026-01-19 11:44:40,normal,1440,6,A,base,urgent_first,22604.566666666666,False
9390,2026-01-19 11:45:44,normal,1440,6,A,base,urgent_first,22609.566666666666,False
9391,2026-01-19 11:45:54,urgent,240,2,B,base,urgent_first,562.5,False
9392,2026-01-19 11:47:02,normal,1440,1,A,base,urgent_first,22609.316666666666,False
9393,2026-01-19 11:47:23,normal,1440,2,A,base,urgent_first,22615.016666666666,False
9394,2026-01-19 11:47:23,normal,1440,4,A,base,urgent_first,22612.783333333333,False
9395,2026-01-19 11:48:01,normal,1440,2,A,base,urgent_first,22618.483333333334,False
9396,2026-01-19 11:48:03,normal,1440,3,B,base,urgent_first,22624.983333333334,False
9397,2026-01-19 11:48:51,normal,1440,4,A,base,urgent_first,22629.55,False
9398,2026-01-19 11:49:28,normal,1440,3,C,base,urgent_first,22637.7,False
9399,2026-01-19 11:49:45,normal,1440,3,A,base,urgent_first,22640.2,False
9400,2026-01-19 11:50:15,normal,1440,5,C,base,urgent_first,22647.0,False
9401,2026-01-19 11:50:28,normal,1440,2,C,base,urgent_first,22656.983333333334,False
9402,2026-01-19 11:50:28,normal,1440,3,A,base,urgent_first,22648.733333333334,False
9403,2026-01-19 11:50:42,normal,1440,3,A,base,urgent_first,22660.45,False
9404,2026-01-19 11:50:57,normal,1440,1,A,base,urgent_first,22661.133333333335,False
9405,2026-01-19 11:51:00,normal,1440,5,B,base,urgent_first,22668.516666666666,False
9406,2026-01-19 11:51:32,normal,1440,6,A,base,urgent_first,22672.8,False
9407,2026-01-19 11:51:53,normal,1440,8,B,base,urgent_first,22681.066666666666,False
9408,2026-01-19 11:52:25,urgent,240,2,B,base,urgent_first,557.0333333333333,False
9409,2026-01-19 11:52:31,normal,1440,8,B,base,urgent_first,22690.683333333334,False
9410,2026-01-19 11:52:47,normal,1440,3,A,base,urgent_first,22692.5,False
9411,2026-01-19 11:53:21,normal,1440,3,A,base,urgent_first,22692.966666666667,False
9412,2026-01-19 11:53:49,urgent,240,2,B,base,urgent_first,556.8,False
9413,2026-01-19 11:54:48,normal,1440,3,A,base,urgent_first,22697.733333333334,False
9414,2026-01-19 11:55:45,normal,1440,5,A,base,urgent_first,22703.75,False
9415,2026-01-19 11:57:50,normal,1440,3,A,base,urgent_first,22703.816666666666,False
9416,2026-01-19 11:58:40,normal,1440,2,B,base,urgent_first,22705.016666666666,False
9417,2026-01-19 11:59:32,urgent,240,5,A,base,urgent_first,552.45,False
9418,2026-01-19 11:59:46,normal,1440,3,C,base,urgent_first,22712.516666666666,False
9419,2026-01-19 11:59:58,normal,1440,13,A,base,urgent_first,22723.1,False
9420,2026-01-19 12:00:32,urgent,240,3,A,base,urgent_first,552.7666666666667,False
9421,2026-01-19 12:01:19,urgent,240,8,B,base,urgent_first,554.25,False
9422,2026-01-19 12:01:45,normal,1440,3,A,base,urgent_first,22722.433333333334,False
9423,2026-01-19 12:03:00,normal,1440,3,A,base,urgent_first,22723.3,False
9424,2026-01-19 12:03:14,urgent,240,1,B,base,urgent_first,553.2333333333333,False
9425,2026-01-19 12:05:50,normal,1440,3,A,base,urgent_first,22722.3,False
9426,2026-01-19 12:05:54,normal,1440,5,A,base,urgent_first,22728.633333333335,False
9427,2026-01-19 12:06:06,normal,1440,6,C,base,urgent_first,22740.016666666666,False
9428,2026-01-19 12:07:02,urgent,240,3,A,base,urgent_first,550.6833333333333,False
9429,2026-01-19 12:07:17,normal,1440,7,B,base,urgent_first,22743.383333333335,False
9430,2026-01-19 12:08:54,urgent,240,6,C,base,urgent_first,550.8,False
9431,2026-01-19 12:09:00,normal,1440,5,C,base,urgent_first,22747.783333333333,False
9432,2026-01-19 12:09:47,normal,1440,2,B,base,urgent_first,22747.8,False
9433,2026-01-19 12:10:42,urgent,240,4,B,base,urgent_first,550.35,False
9434,2026-01-19 12:11:08,urgent,240,7,B,base,urgent_first,551.8333333333334,False
9435,2026-01-19 12:11:13,normal,1440,7,B,base,urgent_first,22757.716666666667,False
9436,2026-01-19 12:11:17,normal,1440,3,B,base,urgent_first,22759.65,False
9437,2026-01-19 12:12:41,normal,1440,3,C,base,urgent_first,22765.416666666668,False
9438,2026-01-19 12:12:41,normal,1440,3,B,base,urgent_first,22769.166666666668,False
9439,2026-01-19 12:15:44,normal,1440,4,C,base,urgent_first,22774.7,False
9440,2026-01-19 12:16:31,urgent,240,1,B,base,urgent_first,547.4,False
9441,2026-01-19 12:18:33,normal,1440,1,B,base,urgent_first,22773.133333333335,False
9442,2026-01-19 12:19:22,urgent,240,2,C,base,urgent_first,545.6666666666666,False
9443,2026-01-19 12:20:37,normal,1440,3,B,base,urgent_first,22778.2,False
9444,2026-01-19 12:23:31,normal,1440,3,A,base,urgent_first,22780.1,False
9445,2026-01-19 12:25:29,normal,1440,2,A,base,urgent_first,22781.25,False
9446,2026-01-19 12:25:32,normal,1440,2,B,base,urgent_first,22785.866666666665,False
9447,2026-01-19 12:25:54,normal,1440,4,A,base,urgent_first,22789.85,False
9448,2026-01-19 12:26:13,normal,1440,2,B,base,urgent_first,22792.383333333335,False
9449,2026-01-19 12:26:51,normal,1440,11,C,base,urgent_first,22810.416666666668,False
9450,2026-01-19 12:27:23,normal,1440,7,A,base,urgent_first,22813.083333333332,False
9451,2026-01-19 12:28:16,normal,1440,2,A,base,urgent_first,22813.316666666666,False
9452,2026-01-19 12:28:24,normal,1440,2,A,base,urgent_first,22814.366666666665,False
9453,2026-01-19 12:29:05,urgent,240,8,B,base,urgent_first,538.2333333333333,False
9454,2026-01-19 12:29:05,normal,1440,8,A,base,urgent_first,22822.083333333332,False
9455,2026-01-19 12:30:18,normal,1440,3,C,base,urgent_first,22826.05,False
9456,2026-01-19 12:30:41,normal,1440,5,B,base,urgent_first,22831.433333333334,False
9457,2026-01-19 12:31:00,normal,1440,6,A,base,urgent_first,22836.983333333334,False
9458,2026-01-19 12:31:06,normal,1440,6,B,base,urgent_first,22844.75,False
9459,2026-01-19 12:34:11,normal,1440,1,A,base,urgent_first,22842.533333333333,False
9460,2026-01-19 12:34:18,normal,1440,6,A,base,urgent_first,22851.133333333335,False
9461,2026-01-19 12:34:42,normal,1440,2,B,base,urgent_first,22852.15,False
9462,2026-01-19 12:34:45,normal,1440,6,A,base,urgent_first,22859.95,False
9463,2026-01-19 12:35:16,urgent,240,5,B,base,urgent_first,533.7,False
9464,2026-01-19 12:35:56,normal,1440,3,C,base,urgent_first,22864.433333333334,False
9465,2026-01-19 12:35:59,normal,1440,3,B,base,urgent_first,22868.083333333332,False
9466,2026-01-19 12:36:25,urgent,240,1,A,base,urgent_first,533.8333333333334,False
9467,2026-01-19 12:36:30,normal,1440,7,A,base,urgent_first,22875.133333333335,False
9468,2026-01-19 12:36:46,normal,1440,1,C,base,urgent_first,22875.8,False
9469,2026-01-19 12:36:55,normal,1440,3,A,base,urgent_first,22879.95,False
9470,2026-01-19 12:38:31,normal,1440,2,A,base,urgent_first,22881.033333333333,False
9471,2026-01-19 12:38:36,normal,1440,2,B,base,urgent_first,22884.25,False
9472,2026-01-19 12:38:55,normal,1440,2,B,base,urgent_first,22888.533333333333,False
9473,2026-01-19 12:38:59,normal,1440,2,B,base,urgent_first,22891.716666666667,False
9474,2026-01-19 12:39:39,normal,1440,8,A,base,urgent_first,22901.933333333334,False
9475,2026-01-19 12:40:10,normal,1440,5,B,base,urgent_first,22904.316666666666,False
9476,2026-01-19 12:40:11,normal,1440,5,A,base,urgent_first,22906.6,False
9477,2026-01-19 12:40:13,normal,1440,2,A,base,urgent_first,22908.5,False
9478,2026-01-19 12:40:17,normal,1440,2,B,base,urgent_first,22912.266666666666,False
9479,2026-01-19 12:40:49,normal,1440,1,A,base,urgent_first,22912.816666666666,False
9480,2026-01-19 12:42:25,normal,1440,2,B,base,urgent_first,22915.033333333333,False
9481,2026-01-19 12:42:25,normal,1440,3,B,base,urgent_first,22919.183333333334,False
9482,2026-01-19 12:43:55,normal,1440,6,B,base,urgent_first,22927.0,False
9483,2026-01-19 12:45:28,urgent,240,6,B,base,urgent_first,526.65,False
9484,2026-01-19 12:45:53,normal,1440,6,A,base,urgent_first,22929.516666666666,False
9485,2026-01-19 12:46:55,normal,1440,5,B,base,urgent_first,22933.366666666665,False
9486,2026-01-19 12:48:03,urgent,240,4,B,base,urgent_first,525.2833333333333,False
9487,2026-01-19 12:51:37,normal,1440,1,B,base,urgent_first,22929.7,False
9488,2026-01-19 12:51:47,normal,1440,6,A,base,urgent_first,22935.55,False
9489,2026-01-19 12:54:56,normal,1440,3,C,base,urgent_first,22937.6,False
9490,2026-01-19 12:55:32,normal,1440,4,A,base,urgent_first,22941.95,False
9491,2026-01-19 12:56:22,urgent,240,2,A,base,urgent_first,517.9833333333333,False
9492,2026-01-19 12:56:23,normal,1440,2,A,base,urgent_first,22942.833333333332,False
9493,2026-01-19 12:56:36,normal,1440,8,B,base,urgent_first,22954.916666666668,False
9494,2026-01-19 12:56:37,normal,1440,5,A,base,urgent_first,22957.433333333334,False
9495,2026-01-19 12:57:50,urgent,240,5,B,base,urgent_first,517.95,False
9496,2026-01-19 12:58:15,normal,1440,5,B,base,urgent_first,22963.35,False
9497,2026-01-19 12:58:37,normal,1440,9,A,base,urgent_first,22972.016666666666,False
9498,2026-01-19 12:58:58,normal,1440,6,A,base,urgent_first,22976.283333333333,False
9499,2026-01-19 12:59:02,normal,1440,5,A,base,urgent_first,22980.65,False
9500,2026-01-19 12:59:31,normal,1440,2,B,base,urgent_first,22982.783333333333,False
9501,2026-01-19 13:00:41,normal,1440,2,A,base,urgent_first,22982.616666666665,False
9502,2026-01-19 13:03:21,normal,1440,8,B,base,urgent_first,22991.8,False
9503,2026-01-19 13:04:54,normal,1440,1,B,base,urgent_first,22991.2,False
9504,2026-01-19 13:10:35,normal,1440,4,A,base,urgent_first,22989.666666666668,False
9505,2026-01-19 13:11:07,normal,1440,4,B,base,urgent_first,22992.8,False
9506,2026-01-19 13:11:41,normal,1440,2,A,base,urgent_first,22994.1,False
9507,2026-01-19 13:14:38,normal,1440,3,A,base,urgent_first,22995.633333333335,False
9508,2026-01-19 13:15:10,normal,1440,13,C,base,urgent_first,23031.2,False
9509,2026-01-19 13:15:36,normal,1440,3,A,base,urgent_first,23032.1,False
9510,2026-01-19 13:15:59,normal,1440,8,B,base,urgent_first,23037.816666666666,False
9511,2026-01-19 13:16:39,normal,1440,3,A,base,urgent_first,23039.083333333332,False
9512,2026-01-19 13:19:16,normal,1440,1,A,base,urgent_first,23037.483333333334,False
9513,2026-01-19 13:22:58,normal,1440,3,B,base,urgent_first,23036.1,False
9514,2026-01-19 13:23:26,urgent,240,2,A,base,urgent_first,493.3666666666667,False
9515,2026-01-19 13:23:42,urgent,240,10,A,base,urgent_first,495.1166666666667,False
9516,2026-01-19 13:26:19,normal,1440,2,A,base,urgent_first,23033.616666666665,False
9517,2026-01-19 13:26:20,urgent,240,2,B,base,urgent_first,493.46666666666664,False
9518,2026-01-19 13:28:04,normal,1440,1,A,base,urgent_first,23033.2,False
9519,2026-01-19 13:29:46,normal,1440,2,A,base,urgent_first,23032.916666666668,False
9520,2026-01-19 13:29:52,normal,1440,7,A,base,urgent_first,23045.916666666668,False
9521,2026-01-19 13:34:15,urgent,240,4,C,base,urgent_first,487.2,False
9522,2026-01-19 13:38:10,normal,1440,2,A,base,urgent_first,23038.9,False
9523,2026-01-19 13:38:46,normal,1440,5,C,base,urgent_first,23047.416666666668,False
9524,2026-01-19 13:40:17,normal,1440,4,A,base,urgent_first,23050.033333333333,False
9525,2026-01-19 13:41:16,normal,1440,8,B,base,urgent_first,23057.666666666668,False
9526,2026-01-19 13:44:13,normal,1440,2,C,base,urgent_first,23056.233333333334,False
9527,2026-01-19 13:46:27,urgent,240,2,C,base,urgent_first,476.1166666666667,False
9528,2026-01-19 13:47:03,normal,1440,2,B,base,urgent_first,23055.966666666667,False
9529,2026-01-19 13:47:14,normal,1440,1,C,base,urgent_first,23057.316666666666,False
9530,2026-01-19 13:48:47,normal,1440,8,B,base,urgent_first,23067.433333333334,False
9531,2026-01-19 13:50:54,urgent,240,5,C,base,urgent_first,473.81666666666666,False
9532,2026-01-19 13:50:57,normal,1440,1,B,base,urgent_first,23066.283333333333,False
9533,2026-01-19 13:52:50,normal,1440,5,B,base,urgent_first,23071.4,False
9534,2026-01-19 13:53:39,urgent,240,2,A,base,urgent_first,472.05,False
9535,2026-01-19 13:53:48,normal,1440,11,C,base,urgent_first,23097.216666666667,False
9536,2026-01-19 13:53:48,normal,1440,3,B,base,urgent_first,23074.65,False
9537,2026-01-19 13:56:08,normal,1440,3,B,base,urgent_first,23096.083333333332,False
9538,2026-01-19 13:58:46,normal,1440,2,A,base,urgent_first,23095.05,False
9539,2026-01-19 14:01:17,normal,1440,2,B,base,urgent_first,23094.683333333334,False
9540,2026-01-19 14:01:49,normal,1440,8,A,base,urgent_first,23105.816666666666,False
9541,2026-01-19 14:02:43,normal,1440,2,A,base,urgent_first,23106.95,False
9542,2026-01-19 14:03:31,normal,1440,2,C,base,urgent_first,23109.266666666666,False
9543,2026-01-19 14:05:41,normal,1440,5,B,base,urgent_first,23113.6,False
9544,2026-01-19 14:05:56,urgent,240,2,A,base,urgent_first,461.03333333333336,False
9545,2026-01-19 14:06:12,normal,1440,2,A,base,urgent_first,23115.083333333332,False
9546,2026-01-19 14:09:10,normal,1440,3,B,base,urgent_first,23116.933333333334,False
9547,2026-01-19 14:10:24,normal,1440,2,A,base,urgent_first,23117.283333333333,False
9548,2026-01-19 14:10:50,urgent,240,3,C,base,urgent_first,457.28333333333336,False
9549,2026-01-19 14:13:20,normal,1440,1,B,base,urgent_first,23117.516666666666,False
9550,2026-01-19 14:15:28,normal,1440,3,B,base,urgent_first,23121.083333333332,False
9551,2026-01-19 14:17:46,normal,1440,3,B,base,urgent_first,23122.266666666666,False
9552,2026-01-19 14:18:23,normal,1440,3,B,base,urgent_first,23128.583333333332,False
9553,2026-01-19 14:19:33,normal,1440,3,A,base,urgent_first,23132.25,False
9554,2026-01-19 14:20:30,urgent,240,1,A,base,urgent_first,448.4166666666667,False
9555,2026-01-19 14:20:55,normal,1440,3,A,base,urgent_first,23134.65,False
9556,2026-01-19 14:21:03,normal,1440,5,C,base,urgent_first,23144.3,False
9557,2026-01-19 14:24:09,urgent,240,3,A,base,urgent_first,446.3,False
9558,2026-01-19 14:24:13,normal,1440,3,A,base,urgent_first,23142.716666666667,False
9559,2026-01-19 14:26:32,normal,1440,3,B,base,urgent_first,23143.55,False
9560,2026-01-19 14:27:09,normal,1440,2,A,base,urgent_first,23145.816666666666,False
9561,2026-01-19 14:27:31,normal,1440,5,A,base,urgent_first,23155.25,False
9562,2026-01-19 14:28:03,normal,1440,1,A,base,urgent_first,23155.75,False
9563,2026-01-19 14:29:46,normal,1440,3,A,base,urgent_first,23156.816666666666,False
9564,2026-01-19 14:30:06,normal,1440,2,B,base,urgent_first,23161.866666666665,False
9565,2026-01-19 14:32:14,normal,1440,2,C,base,urgent_first,23164.066666666666,False
9566,2026-01-19 14:32:20,normal,1440,5,B,base,urgent_first,23171.05,False
9567,2026-01-19 14:35:07,normal,1440,1,A,base,urgent_first,23169.45,False
9568,2026-01-19 14:35:48,normal,1440,2,A,base,urgent_first,23169.933333333334,False
9569,2026-01-19 14:37:14,normal,1440,3,C,base,urgent_first,23175.566666666666,False
9570,2026-01-19 14:39:11,normal,1440,3,B,base,urgent_first,23177.616666666665,False
9571,2026-01-19 14:39:14,normal,1440,4,A,base,urgent_first,23182.916666666668,False
9572,2026-01-19 14:41:57,normal,1440,4,B,base,urgent_first,23187.166666666668,False
9573,2026-01-19 14:43:31,urgent,240,6,A,base,urgent_first,428.5833333333333,False
9574,2026-01-19 14:43:35,normal,1440,9,A,base,urgent_first,23198.183333333334,False
9575,2026-01-19 14:44:49,normal,1440,3,B,base,urgent_first,23198.2,False
9576,2026-01-19 14:45:41,normal,1440,2,A,base,urgent_first,23199.7,False
9577,2026-01-19 14:46:23,normal,1440,6,C,base,urgent_first,23210.533333333333,False
9578,2026-01-19 14:46:57,normal,1440,4,B,base,urgent_first,23211.3,False
9579,2026-01-19 14:53:09,normal,1440,4,A,base,urgent_first,23208.716666666667,False
9580,2026-01-19 14:53:55,normal,1440,4,B,base,urgent_first,23216.133333333335,False
9581,2026-01-19 14:54:40,normal,1440,1,C,base,urgent_first,23217.533333333333,False
9582,2026-01-19 14:54:41,normal,1440,8,B,base,urgent_first,23234.216666666667,False
9583,2026-01-19 14:55:04,normal,1440,4,A,base,urgent_first,23235.25,False
9584,2026-01-19 14:57:40,normal,1440,1,A,base,urgent_first,23233.666666666668,False
9585,2026-01-19 14:57:55,normal,1440,2,A,base,urgent_first,23235.666666666668,False
9586,2026-01-19 15:01:51,normal,1440,2,A,base,urgent_first,23234.716666666667,False
9587,2026-01-19 15:03:14,normal,1440,3,B,base,urgent_first,23238.183333333334,False
9588,2026-01-19 15:03:29,urgent,240,3,C,base,urgent_first,409.9166666666667,False
9589,2026-01-19 15:04:13,normal,1440,4,A,base,urgent_first,23241.766666666666,False
9590,2026-01-19 15:05:27,normal,1440,7,B,base,urgent_first,23251.283333333333,False
9591,2026-01-19 15:05:35,urgent,240,2,C,base,urgent_first,408.9,False
9592,2026-01-19 15:07:36,normal,1440,4,A,base,urgent_first,23256.4,False
9593,2026-01-19 15:08:45,normal,1440,5,B,base,urgent_first,23263.366666666665,False
9594,2026-01-19 15:08:51,normal,1440,3,A,base,urgent_first,23265.616666666665,False
9595,2026-01-19 15:08:57,normal,1440,4,B,base,urgent_first,23271.5,False
9596,2026-01-19 15:09:13,normal,1440,1,A,base,urgent_first,23272.283333333333,False
9597,2026-01-19 15:10:14,normal,1440,2,A,base,urgent_first,23275.233333333334,False
9598,2026-01-19 15:10:58,normal,1440,6,A,base,urgent_first,23283.466666666667,False
9599,2026-01-19 15:11:29,normal,1440,2,A,base,urgent_first,23285.433333333334,False
9600,2026-01-19 15:11:38,normal,1440,7,A,base,urgent_first,23292.383333333335,False
9601,2026-01-19 15:12:04,normal,1440,3,C,base,urgent_first,23295.1,False
9602,2026-01-19 15:12:48,normal,1440,5,A,base,urgent_first,23299.233333333334,False
9603,2026-01-19 15:13:25,urgent,240,3,A,base,urgent_first,402.55,False
9604,2026-01-19 15:13:54,normal,1440,4,B,base,urgent_first,23301.55,False
9605,2026-01-19 15:15:03,normal,1440,2,B,base,urgent_first,23304.966666666667,False
9606,2026-01-19 15:15:11,normal,1440,10,A,base,urgent_first,23318.566666666666,False
9607,2026-01-19 15:15:41,normal,1440,4,B,base,urgent_first,23319.783333333333,False
9608,2026-01-19 15:16:56,normal,1440,2,B,base,urgent_first,23320.166666666668,False
9609,2026-01-19 15:19:48,normal,1440,4,C,base,urgent_first,23324.4,False
9610,2026-01-19 15:20:22,urgent,240,4,A,base,urgent_first,397.05,False
9611,2026-01-19 15:22:58,urgent,240,7,B,base,urgent_first,396.48333333333335,False
9612,2026-01-19 15:23:15,normal,1440,4,B,base,urgent_first,23328.45,False
9613,2026-01-19 15:23:22,normal,1440,6,B,base,urgent_first,23337.6,False
9614,2026-01-19 15:23:46,urgent,240,15,A,base,urgent_first,399.05,False
9615,2026-01-19 15:24:13,normal,1440,4,B,base,urgent_first,23339.966666666667,False
9616,2026-01-19 15:24:29,normal,1440,2,B,base,urgent_first,23343.933333333334,False
9617,2026-01-19 15:24:57,normal,1440,8,B,base,urgent_first,23356.083333333332,False
9618,2026-01-19 15:24:59,urgent,240,1,B,base,urgent_first,399.0,False
9619,2026-01-19 15:25:02,urgent,240,3,A,base,urgent_first,399.95,False
9620,2026-01-19 15:25:40,normal,1440,2,B,base,urgent_first,23356.8,False
9621,2026-01-19 15:25:43,normal,1440,3,A,base,urgent_first,23360.566666666666,False
9622,2026-01-19 15:25:47,normal,1440,7,B,base,urgent_first,23370.9,False
9623,2026-01-19 15:25:54,normal,1440,4,B,base,urgent_first,23375.166666666668,False
9624,2026-01-19 15:26:52,normal,1440,1,B,base,urgent_first,23376.133333333335,False
9625,2026-01-19 15:27:52,urgent,240,4,B,base,urgent_first,398.46666666666664,False
9626,2026-01-19 15:28:38,normal,1440,3,A,base,urgent_first,23378.183333333334,False
9627,2026-01-19 15:28:41,urgent,240,3,C,base,urgent_first,398.9166666666667,False
9628,2026-01-19 15:30:08,normal,1440,4,C,base,urgent_first,23387.033333333333,False
9629,2026-01-19 15:30:10,normal,1440,5,B,base,urgent_first,23390.816666666666,False
9630,2026-01-19 15:30:30,normal,1440,2,A,base,urgent_first,23392.766666666666,False
9631,2026-01-19 15:31:49,normal,1440,2,A,base,urgent_first,23392.966666666667,False
9632,2026-01-19 15:33:40,urgent,240,4,A,base,urgent_first,395.35,False
9633,2026-01-19 15:33:53,normal,1440,2,A,base,urgent_first,23392.883333333335,False
9634,2026-01-19 15:34:06,normal,1440,3,A,base,urgent_first,23397.766666666666,False
9635,2026-01-19 15:34:28,normal,1440,2,C,base,urgent_first,23404.066666666666,False
9636,2026-01-19 15:34:47,normal,1440,3,A,base,urgent_first,23406.483333333334,False
9637,2026-01-19 15:36:26,urgent,240,4,B,base,urgent_first,394.3333333333333,False
9638,2026-01-19 15:36:37,urgent,240,2,B,base,urgent_first,395.5,False
9639,2026-01-19 15:36:59,normal,1440,4,A,base,urgent_first,23410.183333333334,False
9640,2026-01-19 15:37:35,normal,1440,2,B,base,urgent_first,23413.083333333332,False
9641,2026-01-19 15:37:57,normal,1440,3,B,base,urgent_first,23420.2,False
9642,2026-01-19 15:38:09,normal,1440,2,A,base,urgent_first,23423.2,False
9643,2026-01-19 15:39:18,normal,1440,8,A,base,urgent_first,23430.45,False
9644,2026-01-19 15:40:22,normal,1440,5,B,base,urgent_first,23434.166666666668,False
9645,2026-01-19 15:40:28,normal,1440,4,B,base,urgent_first,23437.516666666666,False
9646,2026-01-19 15:41:19,normal,1440,7,A,base,urgent_first,23440.2,False
9647,2026-01-19 15:42:07,normal,1440,3,A,base,urgent_first,23441.816666666666,False
9648,2026-01-19 15:43:46,normal,1440,4,B,base,urgent_first,23446.633333333335,False
9649,2026-01-19 15:44:26,normal,1440,2,C,base,urgent_first,23448.883333333335,False
9650,2026-01-19 15:46:00,normal,1440,3,B,base,urgent_first,23452.166666666668,False
9651,2026-01-19 15:46:18,normal,1440,4,B,base,urgent_first,23456.3,False
9652,2026-01-19 15:46:31,urgent,240,4,A,base,urgent_first,387.26666666666665,False
9653,2026-01-19 15:46:40,normal,1440,4,B,base,urgent_first,23461.0,False
9654,2026-01-19 15:48:02,normal,1440,8,C,base,urgent_first,23476.383333333335,False
9655,2026-01-19 15:48:25,normal,1440,5,B,base,urgent_first,23479.35,False
9656,2026-01-19 15:48:40,normal,1440,3,A,base,urgent_first,23480.283333333333,False
9657,2026-01-19 15:49:10,normal,1440,3,C,base,urgent_first,23484.733333333334,False
9658,2026-01-19 15:49:35,normal,1440,2,C,base,urgent_first,23489.783333333333,False
9659,2026-01-19 15:50:19,normal,1440,3,B,base,urgent_first,23495.25,False
9660,2026-01-19 15:50:56,normal,1440,4,C,base,urgent_first,23505.95,False
9661,2026-01-19 15:52:34,normal,1440,12,B,base,urgent_first,23524.116666666665,False
9662,2026-01-19 15:55:03,normal,1440,2,B,base,urgent_first,23522.8,False
9663,2026-01-19 15:55:04,urgent,240,2,B,base,urgent_first,379.96666666666664,False
9664,2026-01-19 15:55:43,normal,1440,4,A,base,urgent_first,23524.283333333333,False
9665,2026-01-19 15:56:11,normal,1440,2,A,base,urgent_first,23525.366666666665,False
9666,2026-01-19 15:56:12,normal,1440,2,C,base,urgent_first,23529.666666666668,False
9667,2026-01-19 15:56:47,normal,1440,3,A,base,urgent_first,23533.766666666666,False
9668,2026-01-19 15:57:17,normal,1440,4,B,base,urgent_first,23540.533333333333,False
9669,2026-01-19 15:58:37,normal,1440,2,A,base,urgent_first,23541.5,False
9670,2026-01-19 15:59:04,normal,1440,3,A,base,urgent_first,23544.366666666665,False
9671,2026-01-19 16:00:24,normal,1440,4,B,base,urgent_first,23548.783333333333,False
9672,2026-01-19 16:00:53,normal,1440,3,A,base,urgent_first,23552.933333333334,False
9673,2026-01-19 16:01:00,urgent,240,8,A,base,urgent_first,376.28333333333336,False
9674,2026-01-19 16:04:59,normal,1440,2,A,base,urgent_first,23551.75,False
9675,2026-01-19 16:04:59,normal,1440,4,A,base,urgent_first,23555.966666666667,False
9676,2026-01-19 16:05:34,normal,1440,5,B,base,urgent_first,23559.716666666667,False
9677,2026-01-19 16:06:10,normal,1440,3,A,base,urgent_first,23562.616666666665,False
9678,2026-01-19 16:06:42,normal,1440,3,C,base,urgent_first,23569.683333333334,False
9679,2026-01-19 16:07:46,urgent,240,5,A,base,urgent_first,371.15,False
9680,2026-01-19 16:07:49,normal,1440,2,A,base,urgent_first,23570.433333333334,False
9681,2026-01-19 16:08:34,normal,1440,1,B,base,urgent_first,23571.883333333335,False
9682,2026-01-19 16:08:40,normal,1440,9,A,base,urgent_first,23585.616666666665,False
9683,2026-01-19 16:09:26,normal,1440,2,A,base,urgent_first,23586.0,False
9684,2026-01-19 16:10:25,normal,1440,15,C,base,urgent_first,23606.05,False
9685,2026-01-19 16:11:36,normal,1440,5,B,base,urgent_first,23606.933333333334,False
9686,2026-01-19 16:11:36,normal,1440,4,B,base,urgent_first,23609.65,False
9687,2026-01-19 16:11:53,normal,1440,4,C,base,urgent_first,23614.333333333332,False
9688,2026-01-19 16:12:43,normal,1440,2,C,base,urgent_first,23616.25,False
9689,2026-01-19 16:13:10,normal,1440,3,A,base,urgent_first,23618.066666666666,False
9690,2026-01-19 16:13:16,normal,1440,5,A,base,urgent_first,23626.233333333334,False
9691,2026-01-19 16:13:17,normal,1440,2,A,base,urgent_first,23628.15,False
9692,2026-01-19 16:13:38,normal,1440,9,A,base,urgent_first,23639.35,False
9693,2026-01-19 16:15:46,normal,1440,5,A,base,urgent_first,23639.716666666667,False
9694,2026-01-19 16:16:35,normal,1440,1,B,base,urgent_first,23639.866666666665,False
9695,2026-01-19 16:17:23,normal,1440,5,A,base,urgent_first,23648.3,False
9696,2026-01-19 16:17:39,normal,1440,5,A,base,urgent_first,23653.85,False
9697,2026-01-19 16:17:47,normal,1440,4,B,base,urgent_first,23662.266666666666,False
9698,2026-01-19 16:18:02,normal,1440,1,A,base,urgent_first,23662.966666666667,False
9699,2026-01-19 16:19:23,normal,1440,5,A,base,urgent_first,23668.616666666665,False
9700,2026-01-19 16:19:40,normal,1440,4,A,base,urgent_first,23671.1,False
9701,2026-01-19 16:19:45,normal,1440,2,B,base,urgent_first,23673.45,False
9702,2026-01-19 16:20:10,normal,1440,3,A,base,urgent_first,23674.916666666668,False
9703,2026-01-19 16:20:45,normal,1440,6,B,base,urgent_first,23685.3,False
9704,2026-01-19 16:25:18,normal,1440,3,C,base,urgent_first,23685.55,False
9705,2026-01-19 16:25:30,normal,1440,2,B,base,urgent_first,23688.333333333332,False
9706,2026-01-19 16:26:43,normal,1440,4,A,base,urgent_first,23694.716666666667,False
9707,2026-01-19 16:26:43,normal,1440,2,B,base,urgent_first,23690.616666666665,False
9708,2026-01-19 16:27:51,normal,1440,7,A,base,urgent_first,23701.833333333332,False
9709,2026-01-19 16:27:59,normal,1440,2,B,base,urgent_first,23704.166666666668,False
9710,2026-01-19 16:28:27,normal,1440,6,A,base,urgent_first,23712.716666666667,False
9711,2026-01-19 16:28:55,normal,1440,3,C,base,urgent_first,23717.466666666667,False
9712,2026-01-19 16:29:02,normal,1440,2,A,base,urgent_first,23719.483333333334,False
9713,2026-01-19 16:29:06,normal,1440,2,B,base,urgent_first,23722.316666666666,False
9714,2026-01-19 16:29:07,normal,1440,5,B,base,urgent_first,23731.116666666665,False
9715,2026-01-19 16:29:57,urgent,240,6,C,base,urgent_first,351.23333333333335,False
9716,2026-01-19 16:30:08,normal,1440,5,B,base,urgent_first,23738.583333333332,False
9717,2026-01-19 16:30:50,urgent,240,2,B,base,urgent_first,351.85,False
9718,2026-01-19 16:31:01,normal,1440,2,C,base,urgent_first,23741.116666666665,False
9719,2026-01-19 16:31:15,normal,1440,8,A,base,urgent_first,23752.6,False
9720,2026-01-19 16:31:33,normal,1440,3,A,base,urgent_first,23753.6,False
9721,2026-01-19 16:32:01,normal,1440,5,A,base,urgent_first,23757.733333333334,False
9722,2026-01-19 16:32:35,normal,1440,3,A,base,urgent_first,23759.05,False
9723,2026-01-19 16:33:23,normal,1440,2,A,base,urgent_first,23762.933333333334,False
9724,2026-01-19 16:33:28,normal,1440,4,B,base,urgent_first,23766.966666666667,False
9725,2026-01-19 16:33:36,urgent,240,2,C,base,urgent_first,350.51666666666665,False
9726,2026-01-19 16:34:13,normal,1440,2,A,base,urgent_first,23767.6,False
9727,2026-01-19 16:34:19,normal,1440,1,A,base,urgent_first,23768.783333333333,False
9728,2026-01-19 16:35:06,normal,1440,10,A,base,urgent_first,23778.483333333334,False
9729,2026-01-19 16:36:29,normal,1440,2,B,base,urgent_first,23778.116666666665,False
9730,2026-01-19 16:36:31,normal,1440,5,A,base,urgent_first,23782.033333333333,False
9731,2026-01-19 16:36:58,normal,1440,2,B,base,urgent_first,23783.483333333334,False
9732,2026-01-19 16:37:00,normal,1440,4,A,base,urgent_first,23787.266666666666,False
9733,2026-01-19 16:38:00,urgent,240,1,A,base,urgent_first,347.26666666666665,False
9734,2026-01-19 16:39:16,normal,1440,1,C,base,urgent_first,23787.933333333334,False
9735,2026-01-19 16:40:10,normal,1440,2,C,base,urgent_first,23792.716666666667,False
9736,2026-01-19 16:40:42,normal,1440,3,B,base,urgent_first,23796.4,False
9737,2026-01-19 16:41:22,urgent,240,3,B,base,urgent_first,345.43333333333334,False
9738,2026-01-19 16:41:27,normal,1440,2,A,base,urgent_first,23797.75,False
9739,2026-01-19 16:41:42,normal,1440,3,A,base,urgent_first,23801.2,False
9740,2026-01-19 16:41:52,normal,1440,1,A,base,urgent_first,23802.333333333332,False
9741,2026-01-19 16:42:20,normal,1440,3,A,base,urgent_first,23804.9,False
9742,2026-01-19 16:42:56,normal,1440,2,B,base,urgent_first,23809.133333333335,False
9743,2026-01-19 16:43:04,urgent,240,1,C,base,urgent_first,344.8833333333333,False
9744,2026-01-19 16:43:20,normal,1440,2,C,base,urgent_first,23812.6,False
9745,2026-01-19 16:43:49,normal,1440,6,C,base,urgent_first,23825.1,False
9746,2026-01-19 16:45:01,normal,1440,6,A,base,urgent_first,23827.166666666668,False
9747,2026-01-19 16:45:11,urgent,240,2,A,base,urgent_first,343.8,False
9748,2026-01-19 16:45:28,normal,1440,6,B,base,urgent_first,23836.216666666667,False
9749,2026-01-19 16:46:07,normal,1440,2,A,base,urgent_first,23837.216666666667,False
9750,2026-01-19 16:47:02,normal,1440,5,B,base,urgent_first,23841.166666666668,False
9751,2026-01-19 16:47:26,normal,1440,6,B,base,urgent_first,23848.016666666666,False
9752,2026-01-19 16:47:37,normal,1440,9,A,base,urgent_first,23855.083333333332,False
9753,2026-01-19 16:48:00,normal,1440,2,B,base,urgent_first,23856.816666666666,False
9754,2026-01-19 16:48:00,normal,1440,4,C,base,urgent_first,23866.45,False
9755,2026-01-19 16:48:28,normal,1440,3,C,base,urgent_first,23871.616666666665,False
9756,2026-01-19 16:49:32,normal,1440,3,B,base,urgent_first,23874.35,False
9757,2026-01-19 16:49:39,normal,1440,5,A,base,urgent_first,23879.733333333334,False
9758,2026-01-19 16:50:04,normal,1440,3,C,base,urgent_first,23882.066666666666,False
9759,2026-01-19 16:50:23,normal,1440,5,A,base,urgent_first,23888.2,False
9760,2026-01-19 16:50:52,normal,1440,3,A,base,urgent_first,23890.566666666666,False
9761,2026-01-19 16:51:33,normal,1440,1,B,base,urgent_first,23891.066666666666,False
9762,2026-01-19 16:51:38,normal,1440,7,B,base,urgent_first,23902.883333333335,False
9763,2026-01-19 16:52:33,normal,1440,7,B,base,urgent_first,23905.866666666665,False
9764,2026-01-19 16:52:37,normal,1440,3,A,base,urgent_first,23907.033333333333,False
9765,2026-01-19 16:52:46,normal,1440,1,A,base,urgent_first,23907.933333333334,False
9766,2026-01-19 16:52:59,normal,1440,6,C,base,urgent_first,23919.316666666666,False
9767,2026-01-19 16:53:27,normal,1440,3,B,base,urgent_first,23923.183333333334,False
9768,2026-01-19 16:53:44,normal,1440,2,A,base,urgent_first,23924.516666666666,False
9769,2026-01-19 16:54:30,normal,1440,4,A,base,urgent_first,23927.166666666668,False
9770,2026-01-19 16:54:52,normal,1440,1,A,base,urgent_first,23927.65,False
9771,2026-01-19 16:56:04,normal,1440,3,A,base,urgent_first,23930.333333333332,False
9772,2026-01-19 16:57:21,normal,1440,3,A,base,urgent_first,23933.516666666666,False
9773,2026-01-19 16:57:45,urgent,240,2,A,base,urgent_first,332.46666666666664,False
9774,2026-01-19 16:58:29,normal,1440,2,A,base,urgent_first,23935.483333333334,False
9775,2026-01-19 16:59:41,normal,1440,4,C,base,urgent_first,23943.6,False
9776,2026-01-19 17:01:28,normal,1440,2,A,base,urgent_first,23942.816666666666,False
9777,2026-01-19 17:02:23,normal,1440,3,C,base,urgent_first,23946.416666666668,False
9778,2026-01-19 17:02:30,normal,1440,4,A,base,urgent_first,23949.05,False
9779,2026-01-19 17:02:35,normal,1440,2,C,base,urgent_first,23953.6,False
9780,2026-01-19 17:04:39,urgent,240,2,B,base,urgent_first,326.65,False
9781,2026-01-19 17:06:03,normal,1440,1,C,base,urgent_first,23952.616666666665,False
9782,2026-01-19 17:06:46,normal,1440,3,A,base,urgent_first,23957.35,False
9783,2026-01-19 17:08:56,normal,1440,2,B,base,urgent_first,23958.133333333335,False
9784,2026-01-19 17:09:24,normal,1440,2,A,base,urgent_first,23960.4,False
9785,2026-01-19 17:09:59,normal,1440,1,A,base,urgent_first,23962.8,False
9786,2026-01-19 17:10:01,normal,1440,2,B,base,urgent_first,23966.066666666666,False
9787,2026-01-19 17:11:20,normal,1440,5,C,base,urgent_first,23973.633333333335,False
9788,2026-01-19 17:11:33,normal,1440,16,C,base,urgent_first,24006.183333333334,False
9789,2026-01-19 17:12:18,normal,1440,7,A,base,urgent_first,24008.666666666668,False
9790,2026-01-19 17:13:31,urgent,240,3,A,base,urgent_first,318.9166666666667,False
9791,2026-01-19 17:14:14,normal,1440,4,B,base,urgent_first,24008.25,False
9792,2026-01-19 17:14:42,normal,1440,8,B,base,urgent_first,24011.85,False
9793,2026-01-19 17:15:44,normal,1440,2,B,base,urgent_first,24011.983333333334,False
9794,2026-01-19 17:17:06,normal,1440,4,A,base,urgent_first,24015.633333333335,False
9795,2026-01-19 17:18:17,urgent,240,4,C,base,urgent_first,315.76666666666665,False
9796,2026-01-19 17:18:52,normal,1440,4,A,base,urgent_first,24017.833333333332,False
9797,2026-01-19 17:19:08,urgent,240,4,A,base,urgent_first,316.2,False
9798,2026-01-19 17:19:35,normal,1440,3,C,base,urgent_first,24023.5,False
9799,2026-01-19 17:20:23,normal,1440,6,A,base,urgent_first,24030.216666666667,False
9800,2026-01-19 17:23:11,urgent,240,10,A,base,urgent_first,314.6,False
9801,2026-01-19 17:23:55,normal,1440,8,A,base,urgent_first,24035.2,False
9802,2026-01-19 17:25:14,normal,1440,4,B,base,urgent_first,24038.35,False
9803,2026-01-19 17:25:17,normal,1440,3,A,base,urgent_first,24041.05,False
9804,2026-01-19 17:25:35,normal,1440,2,A,base,urgent_first,24042.916666666668,False
9805,2026-01-19 17:26:01,normal,1440,4,A,base,urgent_first,24046.466666666667,False
9806,2026-01-19 17:27:56,normal,1440,3,B,base,urgent_first,24049.183333333334,False
9807,2026-01-19 17:29:31,normal,1440,2,A,base,urgent_first,24049.716666666667,False
9808,2026-01-19 17:29:37,normal,1440,3,C,base,urgent_first,24058.033333333333,False
9809,2026-01-19 17:30:00,normal,1440,2,B,base,urgent_first,24059.733333333334,False
9810,2026-01-19 17:30:04,normal,1440,2,B,base,urgent_first,24063.066666666666,False
9811,2026-01-19 17:30:23,urgent,240,10,A,base,urgent_first,309.46666666666664,False
9812,2026-01-19 17:30:27,normal,1440,5,B,base,urgent_first,24070.516666666666,False
9813,2026-01-19 17:33:04,normal,1440,5,C,base,urgent_first,24073.483333333334,False
9814,2026-01-19 17:33:16,normal,1440,5,B,base,urgent_first,24080.9,False
9815,2026-01-19 17:34:08,normal,1440,1,A,base,urgent_first,24080.983333333334,False
9816,2026-01-19 17:34:48,urgent,240,3,A,base,urgent_first,306.45,False
9817,2026-01-19 17:35:06,normal,1440,7,A,base,urgent_first,24087.683333333334,False
9818,2026-01-19 17:35:13,urgent,240,5,A,base,urgent_first,307.95,False
9819,2026-01-19 17:36:22,normal,1440,3,A,base,urgent_first,24087.883333333335,False
9820,2026-01-19 17:38:10,normal,1440,17,A,base,urgent_first,24114.066666666666,False
9821,2026-01-19 17:38:52,normal,1440,3,B,base,urgent_first,24115.1,False
9822,2026-01-19 17:40:08,normal,1440,12,A,base,urgent_first,24121.716666666667,False
9823,2026-01-19 17:40:55,normal,1440,4,A,base,urgent_first,24122.966666666667,False
9824,2026-01-19 17:41:10,urgent,240,3,B,base,urgent_first,303.3833333333333,False
9825,2026-01-19 17:43:37,normal,1440,8,B,base,urgent_first,24128.066666666666,False
9826,2026-01-19 17:43:57,normal,1440,1,A,base,urgent_first,24128.516666666666,False
9827,2026-01-19 17:46:26,normal,1440,3,A,base,urgent_first,24129.183333333334,False
9828,2026-01-19 17:46:29,normal,1440,2,C,base,urgent_first,24132.916666666668,False
9829,2026-01-19 17:46:59,normal,1440,4,A,base,urgent_first,24138.216666666667,False
9830,2026-01-19 17:47:33,normal,1440,6,B,base,urgent_first,24146.616666666665,False
9831,2026-01-19 17:48:03,urgent,240,2,B,base,urgent_first,297.68333333333334,False
9832,2026-01-19 17:49:44,normal,1440,1,B,base,urgent_first,24146.4,False
9833,2026-01-19 17:49:56,urgent,240,4,A,base,urgent_first,297.18333333333334,False
9834,2026-01-19 17:50:12,normal,1440,3,B,base,urgent_first,24150.533333333333,False
9835,2026-01-19 17:50:15,normal,1440,3,A,base,urgent_first,24153.283333333333,False
9836,2026-01-19 17:50:48,normal,1440,4,A,base,urgent_first,24156.533333333333,False
9837,2026-01-19 17:50:50,urgent,240,3,B,base,urgent_first,297.8833333333333,False
9838,2026-01-19 17:52:33,normal,1440,7,C,base,urgent_first,24164.883333333335,False
9839,2026-01-19 17:53:35,urgent,240,3,A,base,urgent_first,296.45,False
9840,2026-01-19 17:54:08,normal,1440,4,A,base,urgent_first,24167.216666666667,False
9841,2026-01-19 17:54:16,normal,1440,3,C,base,urgent_first,24171.966666666667,False
9842,2026-01-19 17:55:58,normal,1440,2,A,base,urgent_first,24174.05,False
9843,2026-01-19 17:58:47,normal,1440,5,A,base,urgent_first,24178.783333333333,False
9844,2026-01-19 17:59:04,normal,1440,3,C,base,urgent_first,24184.083333333332,False
9845,2026-01-19 17:59:50,urgent,240,2,A,base,urgent_first,291.0833333333333,False
9846,2026-01-19 18:00:46,urgent,240,3,A,base,urgent_first,291.35,False
9847,2026-01-19 18:02:14,normal,1440,4,B,base,urgent_first,24188.55,False
9848,2026-01-19 18:02:41,normal,1440,5,A,base,urgent_first,24195.066666666666,False
9849,2026-01-19 18:02:56,normal,1440,1,A,base,urgent_first,24195.816666666666,False
9850,2026-01-19 18:04:38,normal,1440,2,A,base,urgent_first,24195.616666666665,False
9851,2026-01-19 18:04:45,normal,1440,4,B,base,urgent_first,24201.933333333334,False
9852,2026-01-19 18:05:27,normal,1440,3,B,base,urgent_first,24207.466666666667,False
9853,2026-01-19 18:06:03,normal,1440,3,A,base,urgent_first,24208.833333333332,False
9854,2026-01-19 18:06:19,normal,1440,4,A,base,urgent_first,24215.55,False
9855,2026-01-19 18:06:46,normal,1440,3,A,base,urgent_first,24223.016666666666,False
9856,2026-01-19 18:07:00,normal,1440,5,B,base,urgent_first,24228.666666666668,False
9857,2026-01-19 18:08:49,normal,1440,7,A,base,urgent_first,24235.433333333334,False
9858,2026-01-19 18:10:45,normal,1440,4,A,base,urgent_first,24237.95,False
9859,2026-01-19 18:10:47,normal,1440,3,A,base,urgent_first,24239.55,False
9860,2026-01-19 18:11:08,normal,1440,3,C,base,urgent_first,24246.35,False
9861,2026-01-19 18:11:14,normal,1440,3,B,base,urgent_first,24250.3,False
9862,2026-01-19 18:15:12,normal,1440,6,B,base,urgent_first,24254.433333333334,False
9863,2026-01-19 18:16:27,normal,1440,3,B,base,urgent_first,24258.266666666666,False
9864,2026-01-19 18:18:07,normal,1440,1,A,base,urgent_first,24257.516666666666,False
9865,2026-01-19 18:18:14,normal,1440,3,B,base,urgent_first,24260.9,False
9866,2026-01-19 18:18:40,normal,1440,2,B,base,urgent_first,24264.616666666665,False
9867,2026-01-19 18:19:23,normal,1440,5,B,base,urgent_first,24271.833333333332,False
9868,2026-01-19 18:20:18,normal,1440,1,B,base,urgent_first,24271.883333333335,False
9869,2026-01-19 18:21:54,normal,1440,6,B,base,urgent_first,24276.733333333334,False
9870,2026-01-19 18:25:30,normal,1440,2,A,base,urgent_first,24274.85,False
9871,2026-01-19 18:26:16,normal,1440,3,A,base,urgent_first,24278.933333333334,False
9872,2026-01-19 18:27:06,normal,1440,1,A,base,urgent_first,24279.433333333334,False
9873,2026-01-19 18:31:43,normal,1440,2,C,base,urgent_first,24282.25,False
9874,2026-01-19 18:35:26,normal,1440,5,A,base,urgent_first,24289.533333333333,False
9875,2026-01-19 18:36:32,urgent,240,4,C,base,urgent_first,257.1166666666667,False
9876,2026-01-19 18:36:53,normal,1440,2,A,base,urgent_first,24290.033333333333,False
9877,2026-01-19 18:37:08,normal,1440,6,B,base,urgent_first,24302.866666666665,False
9878,2026-01-19 18:37:25,normal,1440,3,A,base,urgent_first,24304.9,False
9879,2026-01-19 18:38:07,normal,1440,4,C,base,urgent_first,24313.033333333333,False
9880,2026-01-19 18:38:25,normal,1440,2,B,base,urgent_first,24315.25,False
9881,2026-01-19 18:39:15,normal,1440,4,B,base,urgent_first,24318.05,False
9882,2026-01-19 18:41:29,normal,1440,6,A,base,urgent_first,24319.8,False
9883,2026-01-19 18:41:36,normal,1440,4,C,base,urgent_first,24324.316666666666,False
9884,2026-01-19 18:42:12,normal,1440,2,B,base,urgent_first,24326.516666666666,False
9885,2026-01-19 18:42:36,normal,1440,3,B,base,urgent_first,24329.966666666667,False
9886,2026-01-19 18:42:43,normal,1440,5,A,base,urgent_first,24333.266666666666,False
9887,2026-01-19 18:43:48,normal,1440,3,A,base,urgent_first,24335.816666666666,False
9888,2026-01-19 18:43:52,normal,1440,2,A,base,urgent_first,24338.216666666667,False
9889,2026-01-19 18:44:14,normal,1440,8,C,base,urgent_first,24358.233333333334,False
9890,2026-01-19 18:44:14,normal,1440,3,B,base,urgent_first,24359.75,False
9891,2026-01-19 18:45:37,normal,1440,3,A,base,urgent_first,24361.766666666666,False
9892,2026-01-19 18:55:13,normal,1440,25,B,base,urgent_first,24398.383333333335,False
9893,2026-01-19 18:55:31,normal,1440,3,B,base,urgent_first,24399.166666666668,False
9894,2026-01-19 18:56:50,normal,1440,4,A,base,urgent_first,24399.266666666666,False
9895,2026-01-19 18:57:42,normal,1440,8,B,base,urgent_first,24403.433333333334,False
9896,2026-01-19 18:58:40,urgent,240,5,A,base,urgent_first,236.86666666666667,True
9897,2026-01-19 18:59:23,normal,1440,1,B,base,urgent_first,24402.65,False
9898,2026-01-19 19:01:08,normal,1440,3,B,base,urgent_first,24404.833333333332,False
9899,2026-01-19 19:03:49,normal,1440,3,A,base,urgent_first,24404.5,False
9900,2026-01-19 19:05:37,urgent,240,2,C,base,urgent_first,231.2,True
9901,2026-01-19 19:12:30,normal,1440,2,A,base,urgent_first,24398.233333333334,False
9902,2026-01-19 19:12:53,normal,1440,1,B,base,urgent_first,24399.016666666666,False
9903,2026-01-19 19:16:27,normal,1440,5,C,base,urgent_first,24409.166666666668,False
9904,2026-01-19 19:24:46,normal,1440,2,A,base,urgent_first,24402.116666666665,False
9905,2026-01-19 19:32:58,normal,1440,5,B,base,urgent_first,24399.733333333334,False
9906,2026-01-19 19:41:15,normal,1440,3,A,base,urgent_first,24394.166666666668,False
9907,2026-01-19 19:42:32,normal,1440,5,A,base,urgent_first,24397.916666666668,False
9908,2026-01-20 08:00:39,normal,1440,2,A,base,urgent_first,23662.416666666668,False
9909,2026-01-20 08:01:53,normal,1440,4,B,base,urgent_first,23666.783333333333,False
9910,2026-01-20 08:03:33,normal,1440,5,A,base,urgent_first,23672.066666666666,False
9911,2026-01-20 08:06:06,normal,1440,4,B,base,urgent_first,23673.183333333334,False
9912,2026-01-20 08:07:58,normal,1440,6,B,base,urgent_first,23678.066666666666,False
9913,2026-01-20 08:13:22,normal,1440,4,B,base,urgent_first,23675.266666666666,False
9914,2026-01-20 08:14:10,normal,1440,4,B,base,urgent_first,23683.45,False
9915,2026-01-20 08:14:15,normal,1440,2,B,base,urgent_first,23684.466666666667,False
9916,2026-01-20 08:15:39,normal,1440,4,B,base,urgent_first,23688.733333333334,False
9917,2026-01-20 08:18:43,normal,1440,8,C,base,urgent_first,23697.883333333335,False
9918,2026-01-20 08:19:06,urgent,240,6,B,base,urgent_first,82.5,True
9919,2026-01-20 08:22:46,normal,1440,2,B,base,urgent_first,23695.133333333335,False
9920,2026-01-20 08:24:22,urgent,240,6,A,base,urgent_first,79.3,True
9921,2026-01-20 08:24:36,normal,1440,7,A,base,urgent_first,23700.233333333334,False
9922,2026-01-20 08:25:37,normal,1440,13,B,base,urgent_first,23714.983333333334,False
9923,2026-01-20 08:28:17,normal,1440,15,B,base,urgent_first,23729.3,False
9924,2026-01-20 08:31:55,normal,1440,1,B,base,urgent_first,23726.716666666667,False
9925,2026-01-20 08:32:08,urgent,240,7,A,base,urgent_first,73.21666666666667,True
9926,2026-01-20 08:35:43,urgent,240,3,A,base,urgent_first,70.76666666666667,True
9927,2026-01-20 08:36:17,normal,1440,3,C,base,urgent_first,23726.316666666666,False
9928,2026-01-20 08:36:56,normal,1440,2,A,base,urgent_first,23727.583333333332,False
9929,2026-01-20 08:37:22,normal,1440,7,B,base,urgent_first,23738.3,False
9930,2026-01-20 08:39:23,normal,1440,8,C,base,urgent_first,23747.0,False
9931,2026-01-20 08:39:28,normal,1440,4,B,base,urgent_first,23748.083333333332,False
9932,2026-01-20 08:39:30,normal,1440,1,A,base,urgent_first,23750.266666666666,False
9933,2026-01-20 08:40:55,normal,1440,5,B,base,urgent_first,23756.983333333334,False
9934,2026-01-20 08:41:28,normal,1440,2,A,base,urgent_first,23757.35,False
9935,2026-01-20 08:42:47,normal,1440,3,C,base,urgent_first,23761.916666666668,False
9936,2026-01-20 08:44:37,normal,1440,4,A,base,urgent_first,23763.533333333333,False
9937,2026-01-20 08:47:09,normal,1440,1,A,base,urgent_first,23761.916666666668,False
9938,2026-01-20 08:47:48,normal,1440,3,B,base,urgent_first,23765.45,False
9939,2026-01-20 08:48:21,normal,1440,5,A,base,urgent_first,23767.95,False
9940,2026-01-20 08:48:55,normal,1440,3,A,base,urgent_first,23772.65,False
9941,2026-01-20 08:49:37,normal,1440,2,B,base,urgent_first,23774.783333333333,False
9942,2026-01-20 08:50:58,normal,1440,6,B,base,urgent_first,23782.933333333334,False
9943,2026-01-20 08:55:07,urgent,240,3,C,base,urgent_first,53.016666666666666,True
9944,2026-01-20 08:55:15,normal,1440,3,C,base,urgent_first,23782.7,False
9945,2026-01-20 08:55:53,normal,1440,6,C,base,urgent_first,23790.85,False
9946,2026-01-20 08:56:08,normal,1440,2,A,base,urgent_first,23791.616666666665,False
9947,2026-01-20 08:57:47,normal,1440,3,B,base,urgent_first,23793.066666666666,False
9948,2026-01-20 08:57:52,normal,1440,1,B,base,urgent_first,23794.1,False
9949,2026-01-20 08:58:37,normal,1440,2,A,base,urgent_first,23797.516666666666,False
9950,2026-01-20 09:00:50,normal,1440,7,A,base,urgent_first,23805.4,False
9951,2026-01-20 09:01:33,normal,1440,2,B,base,urgent_first,23805.7,False
9952,2026-01-20 09:02:36,normal,1440,2,A,base,urgent_first,23806.65,False
9953,2026-01-20 09:04:25,normal,1440,5,A,base,urgent_first,23814.016666666666,False
9954,2026-01-20 09:05:20,normal,1440,3,A,base,urgent_first,23816.283333333333,False
9955,2026-01-20 09:07:25,urgent,240,4,B,base,urgent_first,42.4,True
9956,2026-01-20 09:09:48,normal,1440,1,A,base,urgent_first,23813.716666666667,False
9957,2026-01-20 09:10:32,urgent,240,5,C,base,urgent_first,40.766666666666666,True
9958,2026-01-20 09:11:43,normal,1440,9,A,base,urgent_first,23822.483333333334,False
9959,2026-01-20 09:12:32,normal,1440,2,A,base,urgent_first,23822.9,False
9960,2026-01-20 09:13:13,normal,1440,2,B,base,urgent_first,23824.233333333334,False
9961,2026-01-20 09:13:34,normal,1440,3,A,base,urgent_first,23828.266666666666,False
9962,2026-01-20 09:15:51,normal,1440,3,A,base,urgent_first,23831.25,False
9963,2026-01-20 09:15:53,normal,1440,2,A,base,urgent_first,23833.25,False
9964,2026-01-20 09:16:40,normal,1440,2,A,base,urgent_first,23835.833333333332,False
9965,2026-01-20 09:16:40,normal,1440,3,B,base,urgent_first,23841.483333333334,False
9966,2026-01-20 09:17:13,normal,1440,8,A,base,urgent_first,23850.133333333335,False
9967,2026-01-20 09:18:58,urgent,240,4,B,base,urgent_first,34.2,True
9968,2026-01-20 09:20:24,normal,1440,5,A,base,urgent_first,23849.7,False
9969,2026-01-20 09:20:48,normal,1440,5,B,base,urgent_first,23861.15,False
9970,2026-01-20 09:20:57,normal,1440,1,A,base,urgent_first,23861.883333333335,False
9971,2026-01-20 09:21:31,normal,1440,8,A,base,urgent_first,23870.016666666666,False
9972,2026-01-20 09:21:54,normal,1440,6,A,base,urgent_first,23875.833333333332,False
9973,2026-01-20 09:23:46,urgent,240,13,B,base,urgent_first,32.35,True
9974,2026-01-20 09:24:36,normal,1440,2,A,base,urgent_first,23874.383333333335,False
9975,2026-01-20 09:24:42,normal,1440,3,B,base,urgent_first,23882.25,False
9976,2026-01-20 09:24:53,normal,1440,4,A,base,urgent_first,23885.9,False
9977,2026-01-20 09:25:34,normal,1440,4,A,base,urgent_first,23890.333333333332,False
9978,2026-01-20 09:25:42,normal,1440,3,B,base,urgent_first,23896.05,False
9979,2026-01-20 09:25:58,normal,1440,4,A,base,urgent_first,23898.95,False
9980,2026-01-20 09:26:08,normal,1440,3,A,base,urgent_first,23902.583333333332,False
9981,2026-01-20 09:27:22,normal,1440,2,A,base,urgent_first,23905.05,False
9982,2026-01-20 09:27:23,normal,1440,2,B,base,urgent_first,23907.7,False
9983,2026-01-20 09:27:58,normal,1440,6,A,base,urgent_first,23918.083333333332,False
9984,2026-01-20 09:29:09,normal,1440,2,C,base,urgent_first,23918.583333333332,False
9985,2026-01-20 09:29:15,normal,1440,8,B,base,urgent_first,23931.2,False
9986,2026-01-20 09:30:35,normal,1440,1,A,base,urgent_first,23930.916666666668,False
9987,2026-01-20 09:30:48,normal,1440,2,A,base,urgent_first,23932.15,False
9988,2026-01-20 09:31:08,normal,1440,2,C,base,urgent_first,23935.683333333334,False
9989,2026-01-20 09:31:10,normal,1440,2,B,base,urgent_first,23938.45,False
9990,2026-01-20 09:31:50,urgent,240,6,A,base,urgent_first,25.866666666666667,True
9991,2026-01-20 09:32:20,normal,1440,7,C,base,urgent_first,23951.633333333335,False
9992,2026-01-20 09:33:00,normal,1440,3,B,base,urgent_first,23955.95,False
9993,2026-01-20 09:33:34,normal,1440,4,A,base,urgent_first,23960.283333333333,False
9994,2026-01-20 09:33:38,normal,1440,4,C,base,urgent_first,23972.083333333332,False
9995,2026-01-20 09:34:34,normal,1440,4,A,base,urgent_first,23973.75,False
9996,2026-01-20 09:36:02,normal,1440,2,A,base,urgent_first,23973.55,False
9997,2026-01-20 09:36:14,normal,1440,4,A,base,urgent_first,23977.566666666666,False
9998,2026-01-20 09:36:45,normal,1440,7,A,base,urgent_first,23982.65,False
9999,2026-01-20 09:36:59,normal,1440,4,B,base,urgent_first,23984.183333333334,False
10000,2026-01-20 09:39:07,normal,1440,3,A,base,urgent_first,23985.616666666665,False
